datetime,load_kw,pv_kw,charge_kw,discharge_kw,soc_kwh,net_with_kw,net_without_kw
2025-01-01 00:00:00,22.68,0.0,0.0,0.0,325.0,22.68,22.68
2025-01-01 01:00:00,22.14,0.0,0.0,0.0,325.0,22.14,22.14
2025-01-01 02:00:00,24.48,0.0,0.0,0.0,325.0,24.48,24.48
2025-01-01 03:00:00,22.62,0.0,0.0,0.0,325.0,22.62,22.62
2025-01-01 04:00:00,22.38,0.0,0.0,0.0,325.0,22.38,22.38
2025-01-01 05:00:00,22.56,0.0,0.0,0.0,325.0,22.56,22.56
2025-01-01 06:00:00,22.92,0.0,0.0,0.0,325.0,22.92,22.92
2025-01-01 07:00:00,23.82,0.0,0.0,0.0,325.0,23.82,23.82
2025-01-01 08:00:00,24.9,2.7903501311138506,0.0,0.0,325.0,22.109649868886148,22.109649868886148
2025-01-01 09:00:00,23.88,5.38363220562845,0.0,0.0,325.0,18.49636779437155,18.49636779437155
2025-01-01 10:00:00,22.68,7.21735954604724,0.0,0.0,325.0,15.462640453952758,15.462640453952758
2025-01-01 11:00:00,22.08,8.166566664498395,0.0,0.0,325.0,13.913433335501603,13.913433335501603
2025-01-01 12:00:00,21.6,8.166566664498395,0.0,0.0,325.0,13.433433335501606,13.433433335501606
2025-01-01 13:00:00,22.68,7.21735954604724,0.0,0.0,325.0,15.462640453952758,15.462640453952758
2025-01-01 14:00:00,21.9,5.38363220562845,0.0,0.0,325.0,16.516367794371547,16.516367794371547
2025-01-01 15:00:00,29.7,2.7903501311138506,0.0,0.0,325.0,26.90964986888615,26.90964986888615
2025-01-01 16:00:00,31.38,0.0,0.0,0.0,325.0,31.38,31.38
2025-01-01 17:00:00,31.38,0.0,0.0,0.0,325.0,31.38,31.38
2025-01-01 18:00:00,31.32,0.0,0.0,0.0,325.0,31.32,31.32
2025-01-01 19:00:00,35.76,0.0,0.0,0.0,325.0,35.76,35.76
2025-01-01 20:00:00,32.04,0.0,0.0,0.0,325.0,32.04,32.04
2025-01-01 21:00:00,31.08,0.0,0.0,0.0,325.0,31.08,31.08
2025-01-01 22:00:00,34.2,0.0,0.0,0.0,325.0,34.2,34.2
2025-01-01 23:00:00,24.24,0.0,0.0,0.0,325.0,24.24,24.24
2025-01-02 00:00:00,22.62,0.0,0.0,0.0,325.0,22.62,22.62
2025-01-02 01:00:00,23.88,0.0,0.0,0.0,325.0,23.88,23.88
2025-01-02 02:00:00,22.26,0.0,0.0,0.0,325.0,22.26,22.26
2025-01-02 03:00:00,23.4,0.0,0.0,0.0,325.0,23.4,23.4
2025-01-02 04:00:00,22.2,0.0,0.0,0.0,325.0,22.2,22.2
2025-01-02 05:00:00,22.32,0.0,63.8802124651705,0.0,381.21458696935,86.2002124651705,22.32
2025-01-02 06:00:00,23.34,0.0,0.0,0.0,381.21458696935,23.34,23.34
2025-01-02 07:00:00,23.04,0.0,0.0,23.04,358.17458696935,0.0,23.04
2025-01-02 08:00:00,22.02,2.814689792103548,0.0,19.2053102078965,338.969276761454,-4.618527782440651e-14,19.205310207896453
2025-01-02 09:00:00,22.38,5.409528132765291,0.0,16.9704718672347,321.998804894219,7.105427357601002e-15,16.970471867234707
2025-01-02 10:00:00,22.62,7.244355919530059,0.0,15.3756440804699,306.623160813749,4.263256414560601e-14,15.375644080469943
2025-01-02 11:00:00,22.56,8.194132670926114,0.0,14.3658673290739,292.257293484675,-1.5987211554602254e-14,14.365867329073884
2025-01-02 12:00:00,22.02,8.194132670926114,0.0,13.8258673290739,278.431426155601,-1.4210854715202004e-14,13.825867329073885
2025-01-02 13:00:00,23.34,7.244355919530059,0.0,16.0956440804699,262.335782075131,4.263256414560601e-14,16.095644080469942
2025-01-02 14:00:00,22.02,5.409528132765291,0.0,16.6104718672347,245.725310207896,7.105427357601002e-15,16.610471867234708
2025-01-02 15:00:00,31.5,2.814689792103548,0.0,28.6853102078965,217.04,-4.618527782440651e-14,28.685310207896453
2025-01-02 16:00:00,50.4,0.0,0.0,50.4,166.64,0.0,50.4
2025-01-02 17:00:00,53.64,0.0,0.0,53.64,113.0,0.0,53.64
2025-01-02 18:00:00,48.0,0.0,0.0,48.0,65.0,0.0,48.0
2025-01-02 19:00:00,45.78,0.0,68.9631090850996,0.0,125.687535994888,114.7431090850996,45.78
2025-01-02 20:00:00,35.64,0.0,0.0,0.0,125.687535994888,35.64,35.64
2025-01-02 21:00:00,25.92,0.0,0.0,0.0,125.687535994888,25.92,25.92
2025-01-02 22:00:00,23.64,0.0,0.0,0.0,125.687535994888,23.64,23.64
2025-01-02 23:00:00,23.1,0.0,0.0,0.0,125.687535994888,23.1,23.1
2025-01-03 00:00:00,22.8,0.0,0.0,0.0,125.687535994888,22.8,22.8
2025-01-03 01:00:00,22.32,0.0,0.0,0.0,125.687535994888,22.32,22.32
2025-01-03 02:00:00,22.56,0.0,75.0,0.0,191.687535994888,97.56,22.56
2025-01-03 03:00:00,22.26,0.0,75.0,0.0,257.687535994888,97.26,22.26
2025-01-03 04:00:00,22.56,0.0,75.0,0.0,323.687535994888,97.56,22.56
2025-01-03 05:00:00,22.74,0.0,75.0,0.0,389.687535994888,97.74,22.74
2025-01-03 06:00:00,22.74,0.0,75.0,0.0,455.687535994888,97.74,22.74
2025-01-03 07:00:00,22.14,0.0,0.0,22.14,433.547535994888,0.0,22.14
2025-01-03 08:00:00,22.26,2.8410625116741666,0.0,19.4189374883258,414.128598506562,3.552713678800501e-14,19.418937488325835
2025-01-03 09:00:00,22.86,5.437581648841178,0.0,17.4224183511588,396.706180155403,2.1316282072803006e-14,17.42241835115882
2025-01-03 10:00:00,22.38,7.2735979382126175,0.0,15.1064020617874,381.599778093616,-1.7763568394002505e-14,15.106402061787382
2025-01-03 11:00:00,30.36,8.223989903828194,0.0,22.1360100961718,359.463767997444,7.105427357601002e-15,22.136010096171805
2025-01-03 12:00:00,45.9,8.223989903828194,0.0,37.6760100961718,321.787757901272,7.105427357601002e-15,37.67601009617181
2025-01-03 13:00:00,48.6,7.2735979382126175,0.0,41.3264020617874,280.461355839485,-1.4210854715202004e-14,41.326402061787384
2025-01-03 14:00:00,46.98,5.437581648841178,0.0,41.5424183511588,238.918937488326,1.4210854715202004e-14,41.542418351158815
2025-01-03 15:00:00,50.04,2.8410625116741666,0.0,47.1989374883258,191.72,3.552713678800501e-14,47.19893748832583
2025-01-03 16:00:00,41.4,0.0,0.0,41.4,150.32,0.0,41.4
2025-01-03 17:00:00,45.6,0.0,0.0,45.6,104.72,0.0,45.6
2025-01-03 18:00:00,39.72,0.0,0.0,39.72,65.0,0.0,39.72
2025-01-03 19:00:00,39.72,0.0,0.0,0.0,65.0,39.72,39.72
2025-01-03 20:00:00,38.16,0.0,0.0,0.0,65.0,38.16,38.16
2025-01-03 21:00:00,36.42,0.0,0.0,0.0,65.0,36.42,36.42
2025-01-03 22:00:00,37.14,0.0,0.0,0.0,65.0,37.14,37.14
2025-01-03 23:00:00,36.84,0.0,0.0,0.0,65.0,36.84,36.84
2025-01-04 00:00:00,36.72,0.0,0.0,0.0,65.0,36.72,36.72
2025-01-04 01:00:00,35.4,0.0,0.0,0.0,65.0,35.4,35.4
2025-01-04 02:00:00,23.04,0.0,0.0,0.0,65.0,23.04,23.04
2025-01-04 03:00:00,38.64,0.0,0.0,0.0,65.0,38.64,38.64
2025-01-04 04:00:00,39.18,0.0,0.0,0.0,65.0,39.18,39.18
2025-01-04 05:00:00,39.12,0.0,0.0,0.0,65.0,39.12,39.12
2025-01-04 06:00:00,39.42,0.0,0.0,0.0,65.0,39.42,39.42
2025-01-04 07:00:00,30.24,0.0,0.0,0.0,65.0,30.24,30.24
2025-01-04 08:00:00,25.86,2.869458872267481,0.0,0.0,65.0,22.99054112773252,22.99054112773252
2025-01-04 09:00:00,35.76,5.467781420551653,0.0,0.0,65.0,30.292218579448345,30.292218579448345
2025-01-04 10:00:00,41.16,7.3050729141533,0.0,0.0,65.0,33.8549270858467,33.8549270858467
2025-01-04 11:00:00,52.14,8.256124974051225,0.0,0.0,65.0,43.883875025948775,43.883875025948775
2025-01-04 12:00:00,47.64,8.256124974051225,0.0,0.0,65.0,39.383875025948775,39.383875025948775
2025-01-04 13:00:00,42.9,7.3050729141533,0.0,0.0,65.0,35.5949270858467,35.5949270858467
2025-01-04 14:00:00,41.22,5.467781420551653,0.0,0.0,65.0,35.752218579448346,35.752218579448346
2025-01-04 15:00:00,39.18,2.869458872267481,0.0,0.0,65.0,36.31054112773252,36.31054112773252
2025-01-04 16:00:00,31.44,0.0,0.0,0.0,65.0,31.44,31.44
2025-01-04 17:00:00,23.52,0.0,0.0,0.0,65.0,23.52,23.52
2025-01-04 18:00:00,22.2,0.0,0.0,0.0,65.0,22.2,22.2
2025-01-04 19:00:00,22.5,0.0,0.0,0.0,65.0,22.5,22.5
2025-01-04 20:00:00,22.5,0.0,0.0,0.0,65.0,22.5,22.5
2025-01-04 21:00:00,22.26,0.0,0.0,0.0,65.0,22.26,22.26
2025-01-04 22:00:00,29.58,0.0,0.0,0.0,65.0,29.58,29.58
2025-01-04 23:00:00,38.82,0.0,0.0,0.0,65.0,38.82,38.82
2025-01-05 00:00:00,38.58,0.0,0.0,0.0,65.0,38.58,38.58
2025-01-05 01:00:00,28.44,0.0,0.0,0.0,65.0,28.44,28.44
2025-01-05 02:00:00,22.2,0.0,0.0,0.0,65.0,22.2,22.2
2025-01-05 03:00:00,23.4,0.0,0.0,0.0,65.0,23.4,23.4
2025-01-05 04:00:00,22.26,0.0,0.0,0.0,65.0,22.26,22.26
2025-01-05 05:00:00,22.14,0.0,0.0,0.0,65.0,22.14,22.14
2025-01-05 06:00:00,22.38,0.0,0.0,0.0,65.0,22.38,22.38
2025-01-05 07:00:00,22.02,0.0,0.0,0.0,65.0,22.02,22.02
2025-01-05 08:00:00,35.16,2.8998687131934164,0.0,0.0,65.0,32.26013128680658,32.26013128680658
2025-01-05 09:00:00,50.22,5.500115230334687,0.0,0.0,65.0,44.71988476966531,44.71988476966531
2025-01-05 10:00:00,49.2,7.338767175361982,0.0,0.0,65.0,41.86123282463802,41.86123282463802
2025-01-05 11:00:00,46.98,8.290523456737695,0.0,0.0,65.0,38.6894765432623,38.6894765432623
2025-01-05 12:00:00,45.96,8.290523456737695,0.0,0.0,65.0,37.669476543262306,37.669476543262306
2025-01-05 13:00:00,46.92,7.338767175361982,0.0,0.0,65.0,39.58123282463802,39.58123282463802
2025-01-05 14:00:00,41.94,5.500115230334687,0.0,0.0,65.0,36.43988476966531,36.43988476966531
2025-01-05 15:00:00,40.08,2.8998687131934164,65.207529383757,0.0,122.382625857706,102.38766067056359,37.180131286806585
2025-01-05 16:00:00,23.34,0.0,0.0,0.0,122.382625857706,23.34,23.34
2025-01-05 17:00:00,23.28,0.0,0.0,0.0,122.382625857706,23.28,23.28
2025-01-05 18:00:00,22.44,0.0,0.0,0.0,122.382625857706,22.44,22.44
2025-01-05 19:00:00,32.34,0.0,0.0,0.0,122.382625857706,32.34,32.34
2025-01-05 20:00:00,38.82,0.0,0.0,0.0,122.382625857706,38.82,38.82
2025-01-05 21:00:00,44.64,0.0,0.0,0.0,122.382625857706,44.64,44.64
2025-01-05 22:00:00,42.72,0.0,0.0,0.0,122.382625857706,42.72,42.72
2025-01-05 23:00:00,41.04,0.0,0.0,0.0,122.382625857706,41.04,41.04
2025-01-06 00:00:00,38.58,0.0,0.0,0.0,122.382625857706,38.58,38.58
2025-01-06 01:00:00,29.76,0.0,75.0,0.0,188.382625857706,104.76,29.76
2025-01-06 02:00:00,21.66,0.0,75.0,0.0,254.382625857706,96.66,21.66
2025-01-06 03:00:00,22.02,0.0,75.0,0.0,320.382625857706,97.02,22.02
2025-01-06 04:00:00,22.8,0.0,75.0,0.0,386.382625857706,97.8,22.8
2025-01-06 05:00:00,21.9,0.0,75.0,0.0,452.382625857706,96.9,21.9
2025-01-06 06:00:00,31.92,0.0,75.0,0.0,518.382625857706,106.92,31.92
2025-01-06 07:00:00,38.58,0.0,0.0,38.58,479.802625857706,0.0,38.58
2025-01-06 08:00:00,38.76,2.93228112992398,0.0,35.827718870076,443.97490698763,2.1316282072803006e-14,35.82771887007602
2025-01-06 09:00:00,49.26,5.534569977724034,0.0,43.725430022276,400.249476965354,-3.552713678800501e-14,43.725430022275965
2025-01-06 10:00:00,46.86,7.37466606860958,0.0,39.4853339313904,360.764143033964,2.1316282072803006e-14,39.48533393139042
2025-01-06 11:00:00,46.74,8.327169894889337,0.0,38.4128301051107,322.351312928853,-3.552713678800501e-14,38.412830105110665
2025-01-06 12:00:00,45.9,8.327169894889337,0.0,37.5728301051107,284.778482823742,-3.552713678800501e-14,37.57283010511066
2025-01-06 13:00:00,34.8,7.37466606860958,0.0,27.4253339313904,257.353148892352,1.7763568394002505e-14,27.42533393139042
2025-01-06 14:00:00,28.74,5.534569977724034,0.0,23.205430022276,234.147718870076,-3.552713678800501e-14,23.205430022275966
2025-01-06 15:00:00,41.28,2.93228112992398,0.0,38.347718870076,195.8,2.1316282072803006e-14,38.34771887007602
2025-01-06 16:00:00,45.66,0.0,0.0,45.66,150.14,0.0,45.66
2025-01-06 17:00:00,43.56,0.0,0.0,43.56,106.58,0.0,43.56
2025-01-06 18:00:00,41.58,0.0,0.0,41.58,65.0,0.0,41.58
2025-01-06 19:00:00,39.0,0.0,75.0,0.0,131.0,114.0,39.0
2025-01-06 20:00:00,44.34,0.0,51.9849592722775,0.0,176.746764159604,96.32495927227751,44.34
2025-01-06 21:00:00,47.7,0.0,0.0,0.0,176.746764159604,47.7,47.7
2025-01-06 22:00:00,51.6,0.0,0.0,0.0,176.746764159604,51.6,51.6
2025-01-06 23:00:00,34.08,0.0,0.0,0.0,176.746764159604,34.08,34.08
2025-01-07 00:00:00,24.66,0.0,0.0,0.0,176.746764159604,24.66,24.66
2025-01-07 01:00:00,22.14,0.0,75.0,0.0,242.746764159604,97.14,22.14
2025-01-07 02:00:00,27.36,0.0,75.0,0.0,308.746764159604,102.36,27.36
2025-01-07 03:00:00,36.24,0.0,75.0,0.0,374.746764159604,111.24000000000001,36.24
2025-01-07 04:00:00,29.16,0.0,75.0,0.0,440.746764159604,104.16,29.16
2025-01-07 05:00:00,37.92,0.0,75.0,0.0,506.746764159604,112.92,37.92
2025-01-07 06:00:00,38.28,0.0,75.0,0.0,572.746764159604,113.28,38.28
2025-01-07 07:00:00,48.66,0.0,0.0,48.66,524.086764159604,0.0,48.66
2025-01-07 08:00:00,61.2,2.966684473446821,0.0,58.2333155265532,465.853448633051,-1.4210854715202004e-14,58.233315526553184
2025-01-07 09:00:00,58.38,5.571131680908946,0.0,52.8088683190911,413.04458031396,-4.263256414560601e-14,52.808868319091054
2025-01-07 10:00:00,49.26,7.412753962547781,0.0,41.8472460374522,371.197334276508,1.4210854715202004e-14,41.847246037452216
2025-01-07 11:00:00,44.88,8.366047803294363,0.0,36.5139521967056,334.683382079802,3.552713678800501e-14,36.51395219670564
2025-01-07 12:00:00,40.38,8.366047803294363,0.0,32.0139521967056,302.669429883096,3.552713678800501e-14,32.01395219670564
2025-01-07 13:00:00,38.1,7.412753962547781,0.0,30.6872460374522,271.982183845644,1.7763568394002505e-14,30.68724603745222
2025-01-07 14:00:00,38.16,5.571131680908946,0.0,32.588868319091,239.393315526553,4.973799150320701e-14,32.58886831909105
2025-01-07 15:00:00,38.04,2.966684473446821,0.0,35.0733155265532,204.32,-2.1316282072803006e-14,35.07331552655318
2025-01-07 16:00:00,45.96,0.0,0.0,45.96,158.36,0.0,45.96
2025-01-07 17:00:00,48.0,0.0,0.0,48.0,110.36,0.0,48.0
2025-01-07 18:00:00,45.36,0.0,0.0,45.36,65.0,0.0,45.36
2025-01-07 19:00:00,45.96,0.0,75.0,0.0,131.0,120.96000000000001,45.96
2025-01-07 20:00:00,50.34,0.0,16.0386232904067,0.0,145.113988495558,66.37862329040671,50.34
2025-01-07 21:00:00,47.88,0.0,0.0,0.0,145.113988495558,47.88,47.88
2025-01-07 22:00:00,42.36,0.0,0.0,0.0,145.113988495558,42.36,42.36
2025-01-07 23:00:00,41.1,0.0,0.0,0.0,145.113988495558,41.1,41.1
2025-01-08 00:00:00,38.46,0.0,0.0,0.0,145.113988495558,38.46,38.46
2025-01-08 01:00:00,25.68,0.0,75.0,0.0,211.113988495558,100.68,25.68
2025-01-08 02:00:00,22.14,0.0,75.0,0.0,277.113988495558,97.14,22.14
2025-01-08 03:00:00,22.56,0.0,75.0,0.0,343.113988495558,97.56,22.56
2025-01-08 04:00:00,36.84,0.0,75.0,0.0,409.113988495558,111.84,36.84
2025-01-08 05:00:00,37.68,0.0,75.0,0.0,475.113988495558,112.68,37.68
2025-01-08 06:00:00,38.04,0.0,75.0,0.0,541.113988495558,113.03999999999999,38.04
2025-01-08 07:00:00,37.74,0.0,0.0,37.74,503.373988495558,0.0,37.74
2025-01-08 08:00:00,37.62,3.0030663497005645,0.0,34.6169336502994,468.757054845259,2.842170943040401e-14,34.61693365029943
2025-01-08 09:00:00,49.56,5.609785478521646,0.0,43.9502145214784,424.80684032378,-4.263256414560601e-14,43.95021452147836
2025-01-08 10:00:00,46.74,7.453014251159724,0.0,39.2869857488403,385.51985457494,-2.1316282072803006e-14,39.28698574884028
2025-01-08 11:00:00,45.66,8.40713967283908,0.0,37.2528603271609,348.266994247779,1.4210854715202004e-14,37.25286032716092
2025-01-08 12:00:00,43.5,8.40713967283908,0.0,35.0928603271609,313.174133920618,2.1316282072803006e-14,35.09286032716092
2025-01-08 13:00:00,41.58,7.453014251159724,0.0,34.1269857488403,279.047148171778,-2.1316282072803006e-14,34.126985748840276
2025-01-08 14:00:00,38.46,5.609785478521646,0.0,32.8502145214784,246.196933650299,-4.263256414560601e-14,32.85021452147836
2025-01-08 15:00:00,38.94,3.0030663497005645,0.0,35.9369336502994,210.26,2.842170943040401e-14,35.93693365029943
2025-01-08 16:00:00,52.26,0.0,0.0,52.26,158.0,0.0,52.26
2025-01-08 17:00:00,48.12,0.0,0.0,48.12,109.88,0.0,48.12
2025-01-08 18:00:00,44.88,0.0,0.0,44.88,65.0,0.0,44.88
2025-01-08 19:00:00,43.86,0.0,75.0,0.0,131.0,118.86,43.86
2025-01-08 20:00:00,41.4,0.0,36.5277600373226,0.0,163.144428832844,77.9277600373226,41.4
2025-01-08 21:00:00,37.92,0.0,0.0,0.0,163.144428832844,37.92,37.92
2025-01-08 22:00:00,39.0,0.0,0.0,0.0,163.144428832844,39.0,39.0
2025-01-08 23:00:00,38.52,0.0,0.0,0.0,163.144428832844,38.52,38.52
2025-01-09 00:00:00,37.8,0.0,0.0,0.0,163.144428832844,37.8,37.8
2025-01-09 01:00:00,38.58,0.0,75.0,0.0,229.144428832844,113.58,38.58
2025-01-09 02:00:00,38.7,0.0,75.0,0.0,295.144428832844,113.7,38.7
2025-01-09 03:00:00,38.04,0.0,75.0,0.0,361.144428832844,113.03999999999999,38.04
2025-01-09 04:00:00,38.46,0.0,75.0,0.0,427.144428832844,113.46000000000001,38.46
2025-01-09 05:00:00,38.82,0.0,75.0,0.0,493.144428832844,113.82,38.82
2025-01-09 06:00:00,38.58,0.0,75.0,0.0,559.144428832844,113.58,38.58
2025-01-09 07:00:00,38.04,0.0,0.0,38.04,521.104428832844,0.0,38.04
2025-01-09 08:00:00,38.4,3.041413619114917,0.0,35.3585863808851,485.745842451959,-2.1316282072803006e-14,35.35858638088508
2025-01-09 09:00:00,38.52,5.650515631674712,0.0,32.8694843683253,452.876358083633,-1.4210854715202004e-14,32.86948436832529
2025-01-09 10:00:00,38.22,7.495429357563214,0.0,30.7245706424368,422.151787441197,-1.4210854715202004e-14,30.724570642436785
2025-01-09 11:00:00,38.16,8.450426975225206,0.0,29.7095730247748,392.442214416422,-1.0658141036401503e-14,29.70957302477479
2025-01-09 12:00:00,38.46,8.450426975225206,0.0,30.0095730247748,362.432641391647,-3.552713678800501e-15,30.009573024774795
2025-01-09 13:00:00,38.7,7.495429357563214,0.0,31.2045706424368,331.22807074921,-1.0658141036401503e-14,31.20457064243679
2025-01-09 14:00:00,45.9,5.650515631674712,0.0,40.2494843683253,290.978586380885,-1.4210854715202004e-14,40.249484368325284
2025-01-09 15:00:00,51.3,3.041413619114917,0.0,48.258586380885,242.72,7.815970093361102e-14,48.25858638088508
2025-01-09 16:00:00,55.08,0.0,0.0,55.08,187.64,0.0,55.08
2025-01-09 17:00:00,61.44,0.0,0.0,61.44,126.2,0.0,61.44
2025-01-09 18:00:00,61.2,0.0,0.0,61.2,65.0,0.0,61.2
2025-01-09 19:00:00,55.92,0.0,70.74,0.0,127.2512,126.66,55.92
2025-01-09 20:00:00,55.38,0.0,36.0307072071472,0.0,158.95822234229,91.4107072071472,55.38
2025-01-09 21:00:00,55.14,0.0,0.0,0.0,158.95822234229,55.14,55.14
2025-01-09 22:00:00,53.22,0.0,0.0,0.0,158.95822234229,53.22,53.22
2025-01-09 23:00:00,53.1,0.0,0.0,0.0,158.95822234229,53.1,53.1
2025-01-10 00:00:00,49.2,0.0,0.0,0.0,158.95822234229,49.2,49.2
2025-01-10 01:00:00,38.46,0.0,75.0,0.0,224.95822234229,113.46000000000001,38.46
2025-01-10 02:00:00,39.36,0.0,75.0,0.0,290.95822234229,114.36,39.36
2025-01-10 03:00:00,39.24,0.0,75.0,0.0,356.95822234229,114.24000000000001,39.24
2025-01-10 04:00:00,39.3,0.0,75.0,0.0,422.95822234229,114.3,39.3
2025-01-10 05:00:00,28.26,0.0,75.0,0.0,488.95822234229,103.26,28.26
2025-01-10 06:00:00,21.6,0.0,75.0,0.0,554.95822234229,96.6,21.6
2025-01-10 07:00:00,22.14,0.0,0.0,22.14,532.81822234229,0.0,22.14
2025-01-10 08:00:00,27.54,3.0817123962797432,0.0,24.4582876037203,508.359934738569,-4.618527782440651e-14,24.458287603720255
2025-01-10 09:00:00,50.58,5.693305526271574,0.0,44.8866944737284,463.473240264841,2.842170943040401e-14,44.886694473728426
2025-01-10 10:00:00,57.78,7.539980738188999,0.0,50.240019261811,413.23322100303,0.0,50.240019261811
2025-01-10 11:00:00,60.66,8.495890168114924,0.0,52.1641098318851,361.069111171145,-2.842170943040401e-14,52.16410983188507
2025-01-10 12:00:00,58.14,8.495890168114924,0.0,49.6441098318851,311.42500133926,-2.842170943040401e-14,49.644109831885075
2025-01-10 13:00:00,49.38,7.539980738188999,0.0,41.840019261811,269.584982077449,0.0,41.840019261811
2025-01-10 14:00:00,42.42,5.693305526271574,0.0,36.7266944737285,232.85828760372,-7.105427357601002e-14,36.72669447372843
2025-01-10 15:00:00,45.66,3.0817123962797432,0.0,42.5782876037203,190.28,-4.263256414560601e-14,42.578287603720256
2025-01-10 16:00:00,44.94,0.0,0.0,44.94,145.34,0.0,44.94
2025-01-10 17:00:00,40.56,0.0,0.0,40.56,104.78,0.0,40.56
2025-01-10 18:00:00,39.78,0.0,0.0,39.78,65.0,0.0,39.78
2025-01-10 19:00:00,39.42,0.0,0.0,0.0,65.0,39.42,39.42
2025-01-10 20:00:00,37.8,0.0,0.0,0.0,65.0,37.8,37.8
2025-01-10 21:00:00,37.08,0.0,0.0,0.0,65.0,37.08,37.08
2025-01-10 22:00:00,20.88,0.0,0.0,0.0,65.0,20.88,20.88
2025-01-10 23:00:00,20.76,0.0,0.0,0.0,65.0,20.76,20.76
2025-01-11 00:00:00,22.14,0.0,0.0,0.0,65.0,22.14,22.14
2025-01-11 01:00:00,37.32,0.0,0.0,0.0,65.0,37.32,37.32
2025-01-11 02:00:00,38.34,0.0,0.0,0.0,65.0,38.34,38.34
2025-01-11 03:00:00,36.3,0.0,0.0,0.0,65.0,36.3,36.3
2025-01-11 04:00:00,33.42,0.0,0.0,0.0,65.0,33.42,33.42
2025-01-11 05:00:00,22.2,0.0,0.0,0.0,65.0,22.2,22.2
2025-01-11 06:00:00,21.18,0.0,0.0,0.0,65.0,21.18,21.18
2025-01-11 07:00:00,21.0,0.0,0.0,0.0,65.0,21.0,21.0
2025-01-11 08:00:00,27.24,3.123948049767977,0.0,0.0,65.0,24.11605195023202,24.11605195023202
2025-01-11 09:00:00,48.84,5.738137675613901,0.0,0.0,65.0,43.101862324386104,43.101862324386104
2025-01-11 10:00:00,53.58,7.586648887357075,0.0,0.0,65.0,45.99335111264293,45.99335111264293
2025-01-11 11:00:00,48.0,8.543508700726417,0.0,0.0,65.0,39.45649129927358,39.45649129927358
2025-01-11 12:00:00,43.26,8.543508700726417,0.0,0.0,65.0,34.716491299273585,34.716491299273585
2025-01-11 13:00:00,39.54,7.586648887357075,0.0,0.0,65.0,31.953351112642924,31.953351112642924
2025-01-11 14:00:00,46.86,5.738137675613901,0.0,0.0,65.0,41.1218623243861,41.1218623243861
2025-01-11 15:00:00,36.78,3.123948049767977,0.0,0.0,65.0,33.656051950232026,33.656051950232026
2025-01-11 16:00:00,35.1,0.0,0.0,0.0,65.0,35.1,35.1
2025-01-11 17:00:00,36.42,0.0,0.0,0.0,65.0,36.42,36.42
2025-01-11 18:00:00,35.7,0.0,0.0,0.0,65.0,35.7,35.7
2025-01-11 19:00:00,36.42,0.0,0.0,0.0,65.0,36.42,36.42
2025-01-11 20:00:00,35.88,0.0,0.0,0.0,65.0,35.88,35.88
2025-01-11 21:00:00,43.74,0.0,0.0,0.0,65.0,43.74,43.74
2025-01-11 22:00:00,38.34,0.0,0.0,0.0,65.0,38.34,38.34
2025-01-11 23:00:00,37.32,0.0,0.0,0.0,65.0,37.32,37.32
2025-01-12 00:00:00,34.38,0.0,0.0,0.0,65.0,34.38,34.38
2025-01-12 01:00:00,21.12,0.0,0.0,0.0,65.0,21.12,21.12
2025-01-12 02:00:00,21.72,0.0,0.0,0.0,65.0,21.72,21.72
2025-01-12 03:00:00,21.12,0.0,0.0,0.0,65.0,21.12,21.12
2025-01-12 04:00:00,21.78,0.0,0.0,0.0,65.0,21.78,21.78
2025-01-12 05:00:00,27.42,0.0,0.0,0.0,65.0,27.42,27.42
2025-01-12 06:00:00,39.48,0.0,0.0,0.0,65.0,39.48,39.48
2025-01-12 07:00:00,40.2,0.0,0.0,0.0,65.0,40.2,40.2
2025-01-12 08:00:00,47.34,3.168105202138264,0.0,0.0,65.0,44.17189479786174,44.17189479786174
2025-01-12 09:00:00,38.1,5.784993723330594,0.0,0.0,65.0,32.31500627666941,32.31500627666941
2025-01-12 10:00:00,47.4,7.63541334227493,0.0,0.0,65.0,39.76458665772507,39.76458665772507
2025-01-12 11:00:00,46.74,8.593261019903217,0.0,0.0,65.0,38.146738980096785,38.146738980096785
2025-01-12 12:00:00,43.14,8.593261019903217,0.0,0.0,65.0,34.546738980096784,34.546738980096784
2025-01-12 13:00:00,40.14,7.63541334227493,0.0,0.0,65.0,32.50458665772507,32.50458665772507
2025-01-12 14:00:00,31.98,5.784993723330594,0.0,0.0,65.0,26.195006276669407,26.195006276669407
2025-01-12 15:00:00,21.78,3.168105202138264,0.0,0.0,65.0,18.611894797861737,18.611894797861737
2025-01-12 16:00:00,20.94,0.0,75.0,0.0,131.0,95.94,20.94
2025-01-12 17:00:00,25.32,0.0,41.1701834058967,0.0,167.229761397189,66.4901834058967,25.32
2025-01-12 18:00:00,33.78,0.0,0.0,0.0,167.229761397189,33.78,33.78
2025-01-12 19:00:00,40.92,0.0,0.0,0.0,167.229761397189,40.92,40.92
2025-01-12 20:00:00,45.6,0.0,0.0,0.0,167.229761397189,45.6,45.6
2025-01-12 21:00:00,45.84,0.0,0.0,0.0,167.229761397189,45.84,45.84
2025-01-12 22:00:00,42.96,0.0,0.0,0.0,167.229761397189,42.96,42.96
2025-01-12 23:00:00,29.16,0.0,0.0,0.0,167.229761397189,29.16,29.16
2025-01-13 00:00:00,24.06,0.0,0.0,0.0,167.229761397189,24.06,24.06
2025-01-13 01:00:00,22.38,0.0,0.0,0.0,167.229761397189,22.38,22.38
2025-01-13 02:00:00,22.62,0.0,75.0,0.0,233.229761397189,97.62,22.62
2025-01-13 03:00:00,37.44,0.0,75.0,0.0,299.229761397189,112.44,37.44
2025-01-13 04:00:00,36.96,0.0,75.0,0.0,365.229761397189,111.96000000000001,36.96
2025-01-13 05:00:00,41.58,0.0,75.0,0.0,431.229761397189,116.58,41.58
2025-01-13 06:00:00,51.66,0.0,75.0,0.0,497.229761397189,126.66,51.66
2025-01-13 07:00:00,40.92,0.0057198594456817,0.0,40.9142801405543,456.315481256635,2.1316282072803006e-14,40.91428014055432
2025-01-13 08:00:00,39.3,3.2141677301436555,0.0,36.0858322698563,420.229648986778,4.263256414560601e-14,36.08583226985634
2025-01-13 09:00:00,38.28,5.833854446653393,0.0,32.4461455533466,387.783503433432,1.4210854715202004e-14,32.44614555334661
2025-01-13 10:00:00,45.6,7.686252688481749,0.0,37.9137473115183,349.869756121914,-4.973799150320701e-14,37.91374731151825
2025-01-13 11:00:00,44.64,8.645124576680958,0.0,35.994875423319,313.874880698595,4.263256414560601e-14,35.994875423319044
2025-01-13 12:00:00,42.66,8.645124576680958,0.0,34.014875423319,279.860005275276,4.263256414560601e-14,34.01487542331904
2025-01-13 13:00:00,38.46,7.686252688481749,0.0,30.7737473115183,249.086257963757,-4.618527782440651e-14,30.773747311518253
2025-01-13 14:00:00,37.08,5.833854446653393,0.0,31.2461455533466,217.840112410411,3.552713678800501e-15,31.246145553346604
2025-01-13 15:00:00,36.72,3.2141677301436555,0.0,33.5058322698563,184.334280140554,4.263256414560601e-14,33.50583226985634
2025-01-13 16:00:00,37.62,0.0057198594456817,0.0,37.6142801405543,146.72,1.4210854715202004e-14,37.614280140554314
2025-01-13 17:00:00,37.98,0.0,0.0,37.98,108.74,0.0,37.98
2025-01-13 18:00:00,43.74,0.0,0.0,43.74,65.0,0.0,43.74
2025-01-13 19:00:00,45.24,0.0,75.0,0.0,131.0,120.24000000000001,45.24
2025-01-13 20:00:00,48.42,0.0,52.8064430312525,0.0,177.469669867502,101.2264430312525,48.42
2025-01-13 21:00:00,48.06,0.0,0.0,0.0,177.469669867502,48.06,48.06
2025-01-13 22:00:00,50.64,0.0,0.0,0.0,177.469669867502,50.64,50.64
2025-01-13 23:00:00,40.02,0.0,0.0,0.0,177.469669867502,40.02,40.02
2025-01-14 00:00:00,40.08,0.0,0.0,0.0,177.469669867502,40.08,40.08
2025-01-14 01:00:00,39.12,0.0,0.0,0.0,177.469669867502,39.12,39.12
2025-01-14 02:00:00,36.66,0.0,75.0,0.0,243.469669867502,111.66,36.66
2025-01-14 03:00:00,37.26,0.0,75.0,0.0,309.469669867502,112.25999999999999,37.26
2025-01-14 04:00:00,36.9,0.0,75.0,0.0,375.469669867502,111.9,36.9
2025-01-14 05:00:00,37.74,0.0,75.0,0.0,441.469669867502,112.74000000000001,37.74
2025-01-14 06:00:00,37.02,0.0,75.0,0.0,507.469669867502,112.02000000000001,37.02
2025-01-14 07:00:00,36.84,0.0501261418715538,0.0,36.7898738581285,470.679796009374,-4.973799150320701e-14,36.78987385812845
2025-01-14 08:00:00,43.26,3.262118765173577,0.0,39.9978812348264,430.681914774547,2.1316282072803006e-14,39.99788123482642
2025-01-14 09:00:00,47.4,5.884699760064756,0.0,41.5153002399352,389.166614534612,4.263256414560601e-14,41.51530023993524
2025-01-14 10:00:00,46.26,7.739144565763272,0.0,38.5208554342367,350.645759100375,2.1316282072803006e-14,38.52085543423672
2025-01-14 11:00:00,44.64,8.69907583337571,0.0,35.9409241666243,314.704834933751,-7.105427357601002e-15,35.94092416662429
2025-01-14 12:00:00,42.3,8.69907583337571,0.0,33.6009241666243,281.103910767127,-1.4210854715202004e-14,33.60092416662429
2025-01-14 13:00:00,38.64,7.739144565763272,0.0,30.9008554342367,250.20305533289,2.842170943040401e-14,30.90085543423673
2025-01-14 14:00:00,37.68,5.884699760064756,0.0,31.7953002399352,218.407755092955,4.263256414560601e-14,31.795300239935244
2025-01-14 15:00:00,36.96,3.262118765173577,0.0,33.6978812348264,184.709873858128,2.842170943040401e-14,33.697881234826426
2025-01-14 16:00:00,37.8,0.0501261418715538,0.0,37.7498738581284,146.96,4.263256414560601e-14,37.749873858128446
2025-01-14 17:00:00,38.88,0.0,0.0,38.88,108.08,0.0,38.88
2025-01-14 18:00:00,43.08,0.0,0.0,43.08,65.0,0.0,43.08
2025-01-14 19:00:00,51.48,0.0,0.0,0.0,65.0,51.48,51.48
2025-01-14 20:00:00,54.72,0.0,49.0797839103313,0.0,108.190209841092,103.7997839103313,54.72
2025-01-14 21:00:00,46.98,0.0,0.0,0.0,108.190209841092,46.98,46.98
2025-01-14 22:00:00,27.54,0.0,0.0,0.0,108.190209841092,27.54,27.54
2025-01-14 23:00:00,24.6,0.0,0.0,0.0,108.190209841092,24.6,24.6
2025-01-15 00:00:00,24.9,0.0,0.0,0.0,108.190209841092,24.9,24.9
2025-01-15 01:00:00,23.04,0.0,0.0,0.0,108.190209841092,23.04,23.04
2025-01-15 02:00:00,21.72,0.0,0.0,0.0,108.190209841092,21.72,21.72
2025-01-15 03:00:00,21.96,0.0,0.0,0.0,108.190209841092,21.96,21.96
2025-01-15 04:00:00,22.14,0.0,75.0,0.0,174.190209841092,97.14,22.14
2025-01-15 05:00:00,21.78,0.0,75.0,0.0,240.190209841092,96.78,21.78
2025-01-15 06:00:00,21.3,0.0,75.0,0.0,306.190209841091,96.3,21.3
2025-01-15 07:00:00,21.18,0.0962897203735103,0.0,21.0837102796265,285.106499561465,-1.0658141036401503e-14,21.08371027962649
2025-01-15 08:00:00,22.32,3.3119406939565588,0.0,19.0080593060434,266.098440255422,4.263256414560601e-14,19.008059306043442
2025-01-15 09:00:00,21.06,5.937508719344029,0.0,15.122491280656,250.975948974766,-3.019806626980426e-14,15.12249128065597
2025-01-15 10:00:00,21.72,7.794065674562085,0.0,13.9259343254379,237.050014649328,1.4210854715202004e-14,13.925934325437915
2025-01-15 11:00:00,21.6,8.755090271218045,0.0,12.844909728782,224.205104920546,-4.263256414560601e-14,12.844909728781957
2025-01-15 12:00:00,21.84,8.755090271218045,0.0,13.084909728782,211.120195191764,-4.440892098500626e-14,13.084909728781955
2025-01-15 13:00:00,21.24,7.794065674562085,0.0,13.4459343254379,197.674260866326,1.4210854715202004e-14,13.445934325437914
2025-01-15 14:00:00,21.36,5.937508719344029,0.0,15.422491280656,182.25176958567,-3.019806626980426e-14,15.42249128065597
2025-01-15 15:00:00,23.58,3.3119406939565588,0.0,20.2680593060434,161.983710279626,3.907985046680551e-14,20.26805930604344
2025-01-15 16:00:00,35.22,0.0962897203735103,0.0,35.1237102796265,126.86,-1.4210854715202004e-14,35.123710279626486
2025-01-15 17:00:00,31.14,0.0,0.0,31.14,95.72,0.0,31.14
2025-01-15 18:00:00,30.72,0.0,0.0,30.72,65.0,0.0,30.72
2025-01-15 19:00:00,34.02,0.0,0.0,0.0,65.0,34.02,34.02
2025-01-15 20:00:00,38.46,0.0,0.0,0.0,65.0,38.46,38.46
2025-01-15 21:00:00,39.48,0.0,0.0,0.0,65.0,39.48,39.48
2025-01-15 22:00:00,25.62,0.0,64.490442454453,0.0,121.751589359919,90.11044245445301,25.62
2025-01-15 23:00:00,22.8,0.0,0.0,0.0,121.751589359919,22.8,22.8
2025-01-16 00:00:00,21.72,0.0,0.0,0.0,121.751589359919,21.72,21.72
2025-01-16 01:00:00,22.02,0.0,0.0,0.0,121.751589359919,22.02,22.02
2025-01-16 02:00:00,22.38,0.0,0.0,0.0,121.751589359919,22.38,22.38
2025-01-16 03:00:00,21.84,0.0,0.0,0.0,121.751589359919,21.84,21.84
2025-01-16 04:00:00,22.02,0.0,75.0,0.0,187.751589359919,97.02,22.02
2025-01-16 05:00:00,21.96,0.0,75.0,0.0,253.751589359919,96.96000000000001,21.96
2025-01-16 06:00:00,21.78,0.0,75.0,0.0,319.751589359919,96.78,21.78
2025-01-16 07:00:00,22.14,0.1441964529852656,0.0,21.9958035470147,297.755785812904,3.552713678800501e-14,21.995803547014734
2025-01-16 08:00:00,21.6,3.363615159551768,0.0,18.2363848404482,279.519400972456,3.552713678800501e-14,18.236384840448235
2025-01-16 09:00:00,21.24,5.992259526038079,0.0,15.2477404739619,264.271660498494,1.9539925233402755e-14,15.247740473961919
2025-01-16 10:00:00,21.24,7.850991782908365,0.0,13.3890082170916,250.882652281402,3.197442310920451e-14,13.389008217091632
2025-01-16 11:00:00,21.84,8.813142398557208,0.0,13.0268576014428,237.855794679959,-7.105427357601002e-15,13.026857601442792
2025-01-16 12:00:00,21.66,8.813142398557208,0.0,12.8468576014428,225.008937078517,-7.105427357601002e-15,12.846857601442792
2025-01-16 13:00:00,21.06,7.850991782908365,0.0,13.2090082170916,211.799928861425,3.197442310920451e-14,13.209008217091633
2025-01-16 14:00:00,21.42,5.992259526038079,0.0,15.4277404739619,196.372188387463,2.1316282072803006e-14,15.427740473961922
2025-01-16 15:00:00,29.46,3.363615159551768,0.0,26.0963848404482,170.275803547015,3.552713678800501e-14,26.096384840448234
2025-01-16 16:00:00,35.4,0.1441964529852656,0.0,35.2558035470147,135.02,3.552713678800501e-14,35.255803547014736
2025-01-16 17:00:00,36.72,0.0,0.0,36.72,98.3,0.0,36.72
2025-01-16 18:00:00,33.3,0.0,0.0,33.3,65.0,0.0,33.3
2025-01-16 19:00:00,24.66,0.0,75.0,0.0,131.0,99.66,24.66
2025-01-16 20:00:00,35.1,0.0,75.0,0.0,197.0,110.1,35.1
2025-01-16 21:00:00,40.26,0.0,16.4023007387217,0.0,211.434024650075,56.6623007387217,40.26
2025-01-16 22:00:00,38.22,0.0,0.0,0.0,211.434024650075,38.22,38.22
2025-01-16 23:00:00,23.7,0.0,0.0,0.0,211.434024650075,23.7,23.7
2025-01-17 00:00:00,21.24,0.0,0.0,0.0,211.434024650075,21.24,21.24
2025-01-17 01:00:00,21.72,0.0,0.0,0.0,211.434024650075,21.72,21.72
2025-01-17 02:00:00,21.78,0.0,0.0,0.0,211.434024650075,21.78,21.78
2025-01-17 03:00:00,27.06,0.0,75.0,0.0,277.434024650075,102.06,27.06
2025-01-17 04:00:00,37.14,0.0,75.0,0.0,343.434024650075,112.14,37.14
2025-01-17 05:00:00,37.32,0.0,75.0,0.0,409.434024650075,112.32,37.32
2025-01-17 06:00:00,38.4,0.0,75.0,0.0,475.434024650075,113.4,38.4
2025-01-17 07:00:00,32.22,0.1938315863665,0.0,32.0261684136335,443.407856236442,0.0,32.0261684136335
2025-01-17 08:00:00,21.0,3.417123062657572,0.0,17.5828769373424,425.824979299099,2.4868995751603507e-14,17.582876937342427
2025-01-17 09:00:00,21.0,6.048929532382718,0.0,14.9510704676173,410.873908831482,-1.7763568394002505e-14,14.951070467617281
2025-01-17 10:00:00,21.24,7.909897733895992,0.0,13.330102266104,397.543806565378,7.105427357601002e-15,13.330102266104007
2025-01-17 11:00:00,32.16,8.873205759659637,0.0,23.2867942403404,374.257012325038,-3.907985046680551e-14,23.28679424034036
2025-01-17 12:00:00,36.9,8.873205759659637,0.0,28.0267942403404,346.230218084697,-3.907985046680551e-14,28.02679424034036
2025-01-17 13:00:00,41.7,7.909897733895992,0.0,33.790102266104,312.440115818593,1.4210854715202004e-14,33.790102266104014
2025-01-17 14:00:00,48.54,6.048929532382718,0.0,42.4910704676173,269.949045350976,-1.4210854715202004e-14,42.491070467617284
2025-01-17 15:00:00,62.7,3.417123062657572,0.0,59.2828769373424,210.666168413633,2.842170943040401e-14,59.28287693734243
2025-01-17 16:00:00,59.94,0.1938315863665,0.0,59.7461684136335,150.92,0.0,59.7461684136335
2025-01-17 17:00:00,44.58,0.0,0.0,44.58,106.34,0.0,44.58
2025-01-17 18:00:00,41.34,0.0,0.0,41.34,65.0,0.0,41.34
2025-01-17 19:00:00,27.96,0.0,0.0,0.0,65.0,27.96,27.96
2025-01-17 20:00:00,23.34,0.0,0.0,0.0,65.0,23.34,23.34
2025-01-17 21:00:00,21.24,0.0,0.0,0.0,65.0,21.24,21.24
2025-01-17 22:00:00,22.5,0.0,0.0,0.0,65.0,22.5,22.5
2025-01-17 23:00:00,21.42,0.0,0.0,0.0,65.0,21.42,21.42
2025-01-18 00:00:00,21.24,0.0,0.0,0.0,65.0,21.24,21.24
2025-01-18 01:00:00,21.24,0.0,0.0,0.0,65.0,21.24,21.24
2025-01-18 02:00:00,22.08,0.0,0.0,0.0,65.0,22.08,22.08
2025-01-18 03:00:00,21.42,0.0,0.0,0.0,65.0,21.42,21.42
2025-01-18 04:00:00,22.5,0.0,0.0,0.0,65.0,22.5,22.5
2025-01-18 05:00:00,21.36,0.0,0.0,0.0,65.0,21.36,21.36
2025-01-18 06:00:00,22.08,0.0,0.0,0.0,65.0,22.08,22.08
2025-01-18 07:00:00,21.48,0.2451797528708893,0.0,0.0,65.0,21.23482024712911,21.23482024712911
2025-01-18 08:00:00,24.72,3.4724445632656837,0.0,0.0,65.0,21.247555436734316,21.247555436734316
2025-01-18 09:00:00,34.56,6.1074952467014,0.0,0.0,65.0,28.4525047532986,28.4525047532986
2025-01-18 10:00:00,44.88,7.970757453729042,0.0,0.0,65.0,36.90924254627096,36.90924254627096
2025-01-18 11:00:00,37.74,8.93525294412606,0.0,0.0,65.0,28.804747055873943,28.804747055873943
2025-01-18 12:00:00,28.32,8.93525294412606,0.0,0.0,65.0,19.38474705587394,19.38474705587394
2025-01-18 13:00:00,25.38,7.970757453729042,0.0,0.0,65.0,17.409242546270956,17.409242546270956
2025-01-18 14:00:00,24.54,6.1074952467014,0.0,0.0,65.0,18.4325047532986,18.4325047532986
2025-01-18 15:00:00,23.34,3.4724445632656837,0.0,0.0,65.0,19.867555436734317,19.867555436734317
2025-01-18 16:00:00,21.12,0.2451797528708893,0.0,0.0,65.0,20.87482024712911,20.87482024712911
2025-01-18 17:00:00,21.84,0.0,0.0,0.0,65.0,21.84,21.84
2025-01-18 18:00:00,22.2,0.0,0.0,0.0,65.0,22.2,22.2
2025-01-18 19:00:00,21.66,0.0,0.0,0.0,65.0,21.66,21.66
2025-01-18 20:00:00,22.02,0.0,0.0,0.0,65.0,22.02,22.02
2025-01-18 21:00:00,21.48,0.0,0.0,0.0,65.0,21.48,21.48
2025-01-18 22:00:00,21.66,0.0,0.0,0.0,65.0,21.66,21.66
2025-01-18 23:00:00,21.42,0.0,0.0,0.0,65.0,21.42,21.42
2025-01-19 00:00:00,22.5,0.0,0.0,0.0,65.0,22.5,22.5
2025-01-19 01:00:00,22.02,0.0,0.0,0.0,65.0,22.02,22.02
2025-01-19 02:00:00,21.18,0.0,0.0,0.0,65.0,21.18,21.18
2025-01-19 03:00:00,21.72,0.0,0.0,0.0,65.0,21.72,21.72
2025-01-19 04:00:00,22.44,0.0,0.0,0.0,65.0,22.44,22.44
2025-01-19 05:00:00,21.54,0.0,0.0,0.0,65.0,21.54,21.54
2025-01-19 06:00:00,21.48,0.0,0.0,0.0,65.0,21.48,21.48
2025-01-19 07:00:00,21.48,0.2982249678296698,0.0,0.0,65.0,21.181775032170332,21.181775032170332
2025-01-19 08:00:00,27.42,3.529559082689328,0.0,0.0,65.0,23.890440917310674,23.890440917310674
2025-01-19 09:00:00,31.56,6.16793233930736,0.0,0.0,65.0,25.39206766069264,25.39206766069264
2025-01-19 10:00:00,30.3,8.033543960363206,0.0,0.0,65.0,22.266456039636793,22.266456039636793
2025-01-19 11:00:00,30.18,8.999255596950883,0.0,0.0,65.0,21.18074440304912,21.18074440304912
2025-01-19 12:00:00,26.16,8.999255596950883,0.0,0.0,65.0,17.160744403049115,17.160744403049115
2025-01-19 13:00:00,23.28,8.033543960363206,0.0,0.0,65.0,15.246456039636795,15.246456039636795
2025-01-19 14:00:00,21.72,6.16793233930736,0.0,0.0,65.0,15.55206766069264,15.55206766069264
2025-01-19 15:00:00,22.14,3.529559082689328,0.0,0.0,65.0,18.610440917310672,18.610440917310672
2025-01-19 16:00:00,25.38,0.2982249678296698,0.0,0.0,65.0,25.08177503217033,25.08177503217033
2025-01-19 17:00:00,22.14,0.0,0.0,0.0,65.0,22.14,22.14
2025-01-19 18:00:00,21.48,0.0,0.0,0.0,65.0,21.48,21.48
2025-01-19 19:00:00,35.7,0.0,0.0,0.0,65.0,35.7,35.7
2025-01-19 20:00:00,38.04,0.0,0.0,0.0,65.0,38.04,38.04
2025-01-19 21:00:00,36.6,0.0,0.0,0.0,65.0,36.6,36.6
2025-01-19 22:00:00,35.88,0.0,0.0,0.0,65.0,35.88,35.88
2025-01-19 23:00:00,26.28,0.0,0.0,0.0,65.0,26.28,26.28
2025-01-20 00:00:00,25.44,0.0,0.0,0.0,65.0,25.44,25.44
2025-01-20 01:00:00,24.66,0.0,0.0,0.0,65.0,24.66,24.66
2025-01-20 02:00:00,21.36,0.0,0.0,0.0,65.0,21.36,21.36
2025-01-20 03:00:00,22.98,0.0,0.0,0.0,65.0,22.98,22.98
2025-01-20 04:00:00,21.42,0.0,0.0,0.0,65.0,21.42,21.42
2025-01-20 05:00:00,22.02,0.0,0.0,0.0,65.0,22.02,22.02
2025-01-20 06:00:00,22.08,0.0,0.0,0.0,65.0,22.08,22.08
2025-01-20 07:00:00,21.84,0.3529506270823611,0.0,0.0,65.0,21.48704937291764,21.48704937291764
2025-01-20 08:00:00,25.68,3.588445305994066,0.0,0.0,65.0,22.091554694005932,22.091554694005932
2025-01-20 09:00:00,21.6,6.230215648935323,0.0,0.0,65.0,15.369784351064679,15.369784351064679
2025-01-20 10:00:00,21.96,8.098229372766601,0.0,0.0,65.0,13.8617706272334,13.8617706272334
2025-01-20 11:00:00,21.54,9.065184429247427,0.0,0.0,65.0,12.474815570752572,12.474815570752572
2025-01-20 12:00:00,21.72,9.065184429247427,0.0,0.0,65.0,12.654815570752572,12.654815570752572
2025-01-20 13:00:00,21.78,8.098229372766601,0.0,0.0,65.0,13.6817706272334,13.6817706272334
2025-01-20 14:00:00,21.72,6.230215648935323,0.0,0.0,65.0,15.489784351064676,15.489784351064676
2025-01-20 15:00:00,21.6,3.588445305994066,0.0,0.0,65.0,18.011554694005934,18.011554694005934
2025-01-20 16:00:00,21.48,0.3529506270823611,0.0,0.0,65.0,21.12704937291764,21.12704937291764
2025-01-20 17:00:00,33.36,0.0,0.0,0.0,65.0,33.36,33.36
2025-01-20 18:00:00,31.14,0.0,0.0,0.0,65.0,31.14,31.14
2025-01-20 19:00:00,35.46,0.0,0.0,0.0,65.0,35.46,35.46
2025-01-20 20:00:00,52.14,0.0,0.0,0.0,65.0,52.14,52.14
2025-01-20 21:00:00,53.52,0.0,0.0,0.0,65.0,53.52,53.52
2025-01-20 22:00:00,43.62,0.0,0.0,0.0,65.0,43.62,43.62
2025-01-20 23:00:00,25.38,0.0,0.0,0.0,65.0,25.38,25.38
2025-01-21 00:00:00,24.78,0.0,0.0,0.0,65.0,24.78,24.78
2025-01-21 01:00:00,22.14,0.0,0.0,0.0,65.0,22.14,22.14
2025-01-21 02:00:00,22.8,0.0,0.0,0.0,65.0,22.8,22.8
2025-01-21 03:00:00,22.38,0.0,70.69216428749,0.0,127.209104572991,93.07216428749,22.38
2025-01-21 04:00:00,22.08,0.0,75.0,0.0,193.209104572991,97.08,22.08
2025-01-21 05:00:00,21.78,0.0,75.0,0.0,259.209104572991,96.78,21.78
2025-01-21 06:00:00,22.02,0.0,75.0,0.0,325.209104572991,97.02,22.02
2025-01-21 07:00:00,22.5,0.4093395047861558,0.0,22.0906604952138,303.118444077777,4.263256414560601e-14,22.090660495213843
2025-01-21 08:00:00,25.38,3.649081184859517,0.0,21.7309188151405,281.387525262637,-1.7763568394002505e-14,21.730918815140484
2025-01-21 09:00:00,34.32,6.294319189728463,0.0,28.0256808102715,253.361844452365,3.907985046680551e-14,28.02568081027154
2025-01-21 10:00:00,31.08,8.164784920823669,0.0,22.9152150791763,230.446629373189,2.842170943040401e-14,22.915215079176328
2025-01-21 11:00:00,30.6,9.133009229661766,0.0,21.4669907703382,208.979638602851,3.552713678800501e-14,21.466990770338235
2025-01-21 12:00:00,29.1,9.133009229661766,0.0,19.9669907703382,189.012647832513,3.552713678800501e-14,19.966990770338235
2025-01-21 13:00:00,26.1,8.164784920823669,0.0,17.9352150791763,171.077432753336,3.197442310920451e-14,17.93521507917633
2025-01-21 14:00:00,22.26,6.294319189728463,0.0,15.9656808102715,155.111751943065,3.907985046680551e-14,15.96568081027154
2025-01-21 15:00:00,22.38,3.649081184859517,0.0,18.7309188151405,136.380833127924,-1.7763568394002505e-14,18.730918815140484
2025-01-21 16:00:00,21.66,0.4093395047861558,0.0,21.2506604952138,115.13017263271,4.263256414560601e-14,21.250660495213843
2025-01-21 17:00:00,21.84,0.0,0.0,21.84,93.2901726327104,0.0,21.84
2025-01-21 18:00:00,26.46,0.0,0.0,26.46,66.8301726327103,0.0,26.46
2025-01-21 19:00:00,36.96,0.0,0.0,0.0,66.8301726327103,36.96,36.96
2025-01-21 20:00:00,38.64,0.0,0.0,0.0,66.8301726327103,38.64,38.64
2025-01-21 21:00:00,36.9,0.0,0.0,0.0,66.8301726327103,36.9,36.9
2025-01-21 22:00:00,32.04,0.0,0.0,0.0,66.8301726327103,32.04,32.04
2025-01-21 23:00:00,42.3,0.0,0.0,0.0,66.8301726327103,42.3,42.3
2025-01-22 00:00:00,40.56,0.0,0.0,0.0,66.8301726327103,40.56,40.56
2025-01-22 01:00:00,34.86,0.0,0.0,0.0,66.8301726327103,34.86,34.86
2025-01-22 02:00:00,21.78,0.0,0.0,0.0,66.8301726327103,21.78,21.78
2025-01-22 03:00:00,22.02,0.0,75.0,0.0,132.83017263271,97.02,22.02
2025-01-22 04:00:00,22.2,0.0,75.0,0.0,198.83017263271,97.2,22.2
2025-01-22 05:00:00,21.24,0.0,75.0,0.0,264.83017263271,96.24,21.24
2025-01-22 06:00:00,21.72,0.0,75.0,0.0,330.83017263271,96.72,21.72
2025-01-22 07:00:00,21.6,0.4673737515356366,0.0,21.1326262484644,309.697546384246,-3.552713678800501e-14,21.132626248464366
2025-01-22 08:00:00,21.54,3.7114439409001903,0.0,17.8285560590998,291.868990325146,1.0658141036401503e-14,17.82855605909981
2025-01-22 09:00:00,28.68,6.360216158805911,0.0,22.3197838411941,269.549206483952,-1.0658141036401503e-14,22.319783841194088
2025-01-22 10:00:00,37.14,8.233180955905576,0.0,28.9068190440944,240.642387439858,2.4868995751603507e-14,28.906819044094426
2025-01-22 11:00:00,37.08,9.20269887649752,0.0,27.8773011235025,212.765086316355,-2.4868995751603507e-14,27.877301123502477
2025-01-22 12:00:00,23.04,9.20269887649752,0.0,13.8373011235025,198.927785192853,-2.1316282072803006e-14,13.83730112350248
2025-01-22 13:00:00,21.54,8.233180955905576,0.0,13.3068190440944,185.620966148758,2.3092638912203256e-14,13.306819044094423
2025-01-22 14:00:00,22.14,6.360216158805911,0.0,15.7797838411941,169.841182307564,-1.0658141036401503e-14,15.779783841194089
2025-01-22 15:00:00,26.82,3.7114439409001903,0.0,23.1085560590998,146.732626248464,1.0658141036401503e-14,23.10855605909981
2025-01-22 16:00:00,22.14,0.4673737515356366,0.0,21.6726262484644,125.06,-3.552713678800501e-14,21.672626248464365
2025-01-22 17:00:00,21.36,0.0,0.0,21.36,103.7,0.0,21.36
2025-01-22 18:00:00,38.7,0.0,0.0,38.7,65.0,0.0,38.7
2025-01-22 19:00:00,45.9,0.0,0.0,0.0,65.0,45.9,45.9
2025-01-22 20:00:00,44.22,0.0,0.0,0.0,65.0,44.22,44.22
2025-01-22 21:00:00,29.04,0.0,0.0,0.0,65.0,29.04,29.04
2025-01-22 22:00:00,24.48,0.0,69.0953813194652,0.0,125.803935561129,93.57538131946521,24.48
2025-01-22 23:00:00,21.42,0.0,0.0,0.0,125.803935561129,21.42,21.42
2025-01-23 00:00:00,22.32,0.0,0.0,0.0,125.803935561129,22.32,22.32
2025-01-23 01:00:00,21.72,0.0,0.0,0.0,125.803935561129,21.72,21.72
2025-01-23 02:00:00,22.14,0.0,0.0,0.0,125.803935561129,22.14,22.14
2025-01-23 03:00:00,22.38,0.0,0.0,0.0,125.803935561129,22.38,22.38
2025-01-23 04:00:00,21.78,0.0,75.0,0.0,191.803935561129,96.78,21.78
2025-01-23 05:00:00,21.96,0.0,75.0,0.0,257.803935561129,96.96000000000001,21.96
2025-01-23 06:00:00,22.44,0.0,75.0,0.0,323.803935561129,97.44,22.44
2025-01-23 07:00:00,21.54,0.5270348928242475,0.0,21.0129651071758,302.790970453954,-4.618527782440651e-14,21.012965107175752
2025-01-23 08:00:00,21.36,3.7755100694731065,0.0,17.5844899305269,285.206480523427,-7.105427357601002e-15,17.584489930526892
2025-01-23 09:00:00,22.44,6.427878944435493,0.0,16.0121210555645,269.194359467862,7.105427357601002e-15,16.012121055564506
2025-01-23 10:00:00,21.78,8.30338696212953,0.0,13.4766130378705,255.717746429992,-2.842170943040401e-14,13.476613037870472
2025-01-23 11:00:00,21.54,9.274221350572914,0.0,12.2657786494271,243.451967780565,-1.4210854715202004e-14,12.265778649427086
2025-01-23 12:00:00,21.96,9.274221350572914,0.0,12.6857786494271,230.766189131138,-1.2434497875801753e-14,12.685778649427087
2025-01-23 13:00:00,21.78,8.30338696212953,0.0,13.4766130378705,217.289576093267,-2.842170943040401e-14,13.476613037870472
2025-01-23 14:00:00,22.08,6.427878944435493,0.0,15.6521210555645,201.637455037703,5.329070518200751e-15,15.652121055564505
2025-01-23 15:00:00,31.32,3.7755100694731065,0.0,27.5444899305269,174.092965107176,-7.105427357601002e-15,27.544489930526893
2025-01-23 16:00:00,37.74,0.5270348928242475,0.0,37.2129651071758,136.88,-4.263256414560601e-14,37.212965107175755
2025-01-23 17:00:00,39.12,0.0,0.0,39.12,97.76,0.0,39.12
2025-01-23 18:00:00,32.76,0.0,0.0,32.76,65.0,0.0,32.76
2025-01-23 19:00:00,29.16,0.0,13.5005599457426,0.0,76.8804927522535,42.6605599457426,29.16
2025-01-23 20:00:00,26.58,0.0,0.0,0.0,76.8804927522535,26.58,26.58
2025-01-23 21:00:00,26.46,0.0,0.0,0.0,76.8804927522535,26.46,26.46
2025-01-23 22:00:00,25.02,0.0,0.0,0.0,76.8804927522535,25.02,25.02
2025-01-23 23:00:00,22.98,0.0,0.0,0.0,76.8804927522535,22.98,22.98
2025-01-24 00:00:00,23.04,0.0,0.0,0.0,76.8804927522535,23.04,23.04
2025-01-24 01:00:00,22.98,0.0,0.0,0.0,76.8804927522535,22.98,22.98
2025-01-24 02:00:00,22.02,0.0,0.0,0.0,76.8804927522535,22.02,22.02
2025-01-24 03:00:00,23.16,0.0,75.0,0.0,142.880492752253,98.16,23.16
2025-01-24 04:00:00,22.2,0.0,75.0,0.0,208.880492752253,97.2,22.2
2025-01-24 05:00:00,23.1,0.0,75.0,0.0,274.880492752253,98.1,23.1
2025-01-24 06:00:00,22.8,0.0,75.0,0.0,340.880492752253,97.8,22.8
2025-01-24 07:00:00,22.26,0.5883038278787533,0.0,21.6716961721212,319.208796580132,4.618527782440651e-14,21.671696172121248
2025-01-24 08:00:00,22.56,3.841255343999455,0.0,18.7187446560005,300.490051924132,4.618527782440651e-14,18.718744656000545
2025-01-24 09:00:00,31.14,6.497279134835667,0.0,24.6427208651643,275.847331058967,3.552713678800501e-14,24.642720865164335
2025-01-24 10:00:00,30.78,8.375371568328758,0.0,22.4046284316712,253.442702627296,4.263256414560601e-14,22.40462843167124
2025-01-24 11:00:00,30.66,9.34754374883066,0.0,21.3124562511693,232.130246376127,3.907985046680551e-14,21.31245625116934
2025-01-24 12:00:00,30.6,9.34754374883066,0.0,21.2524562511693,210.877790124957,4.263256414560601e-14,21.252456251169342
2025-01-24 13:00:00,28.38,8.375371568328758,0.0,20.0046284316712,190.873161693286,4.263256414560601e-14,20.004628431671243
2025-01-24 14:00:00,22.98,6.497279134835667,0.0,16.4827208651643,174.390440828122,3.197442310920451e-14,16.48272086516433
2025-01-24 15:00:00,29.7,3.841255343999455,0.0,25.8587446560005,148.531696172121,4.618527782440651e-14,25.858744656000546
2025-01-24 16:00:00,31.62,0.5883038278787533,0.0,31.0316961721212,117.5,4.618527782440651e-14,31.031696172121247
2025-01-24 17:00:00,27.6,0.0,0.0,27.6,89.9,0.0,27.6
2025-01-24 18:00:00,24.9,0.0,0.0,24.9,65.0,0.0,24.9
2025-01-24 19:00:00,28.8,0.0,0.0,0.0,65.0,28.8,28.8
2025-01-24 20:00:00,32.58,0.0,0.0,0.0,65.0,32.58,32.58
2025-01-24 21:00:00,31.08,0.0,0.0,0.0,65.0,31.08,31.08
2025-01-24 22:00:00,30.84,0.0,0.0,0.0,65.0,30.84,30.84
2025-01-24 23:00:00,28.86,0.0,0.0,0.0,65.0,28.86,28.86
2025-01-25 00:00:00,24.48,0.0,0.0,0.0,65.0,24.48,24.48
2025-01-25 01:00:00,23.04,0.0,0.0,0.0,65.0,23.04,23.04
2025-01-25 02:00:00,21.78,0.0,0.0,0.0,65.0,21.78,21.78
2025-01-25 03:00:00,21.9,0.0,0.0,0.0,65.0,21.9,21.9
2025-01-25 04:00:00,22.5,0.0,0.0,0.0,65.0,22.5,22.5
2025-01-25 05:00:00,22.08,0.0,0.0,0.0,65.0,22.08,22.08
2025-01-25 06:00:00,21.9,0.0,0.0,0.0,65.0,21.9,21.9
2025-01-25 07:00:00,21.78,0.6511608288975554,0.0,0.0,65.0,21.128839171102445,21.128839171102445
2025-01-25 08:00:00,21.96,3.9086548208269134,0.0,0.0,65.0,18.051345179173087,18.051345179173087
2025-01-25 09:00:00,26.7,6.568387527629848,0.0,0.0,65.0,20.13161247237015,20.13161247237015
2025-01-25 10:00:00,30.24,8.449102560753852,0.0,0.0,65.0,21.790897439246145,21.790897439246145
2025-01-25 11:00:00,30.06,9.422632298720073,0.0,0.0,65.0,20.637367701279928,20.637367701279928
2025-01-25 12:00:00,27.24,9.422632298720073,0.0,0.0,65.0,17.817367701279927,17.817367701279927
2025-01-25 13:00:00,24.66,8.449102560753852,0.0,0.0,65.0,16.210897439246146,16.210897439246146
2025-01-25 14:00:00,24.36,6.568387527629848,0.0,0.0,65.0,17.79161247237015,17.79161247237015
2025-01-25 15:00:00,23.1,3.9086548208269134,0.0,0.0,65.0,19.191345179173087,19.191345179173087
2025-01-25 16:00:00,21.84,0.6511608288975554,0.0,0.0,65.0,21.188839171102444,21.188839171102444
2025-01-25 17:00:00,22.2,0.0,0.0,0.0,65.0,22.2,22.2
2025-01-25 18:00:00,21.66,0.0,0.0,0.0,65.0,21.66,21.66
2025-01-25 19:00:00,22.44,0.0,0.0,0.0,65.0,22.44,22.44
2025-01-25 20:00:00,22.14,0.0,0.0,0.0,65.0,22.14,22.14
2025-01-25 21:00:00,22.08,0.0,0.0,0.0,65.0,22.08,22.08
2025-01-25 22:00:00,22.5,0.0,0.0,0.0,65.0,22.5,22.5
2025-01-25 23:00:00,22.68,0.0,0.0,0.0,65.0,22.68,22.68
2025-01-26 00:00:00,21.84,0.0,0.0,0.0,65.0,21.84,21.84
2025-01-26 01:00:00,22.26,0.0,0.0,0.0,65.0,22.26,22.26
2025-01-26 02:00:00,21.96,0.0,0.0,0.0,65.0,21.96,21.96
2025-01-26 03:00:00,22.44,0.0,0.0,0.0,65.0,22.44,22.44
2025-01-26 04:00:00,22.8,0.0,0.0,0.0,65.0,22.8,22.8
2025-01-26 05:00:00,22.08,0.0,0.0,0.0,65.0,22.08,22.08
2025-01-26 06:00:00,22.08,0.0,0.0,0.0,65.0,22.08,22.08
2025-01-26 07:00:00,21.84,0.7155855407233468,0.0,0.0,65.0,21.124414459276654,21.124414459276654
2025-01-26 08:00:00,22.56,3.977682844658613,0.0,0.0,65.0,18.582317155341386,18.582317155341386
2025-01-26 09:00:00,21.96,6.641174139975313,0.0,0.0,65.0,15.318825860024688,15.318825860024688
2025-01-26 10:00:00,25.62,8.524546896525091,0.0,0.0,65.0,17.09545310347491,17.09545310347491
2025-01-26 11:00:00,24.48,9.499452373369724,0.0,0.0,65.0,14.980547626630276,14.980547626630276
2025-01-26 12:00:00,21.6,9.499452373369724,0.0,0.0,65.0,12.100547626630277,12.100547626630277
2025-01-26 13:00:00,23.28,8.524546896525091,0.0,0.0,65.0,14.75545310347491,14.75545310347491
2025-01-26 14:00:00,21.6,6.641174139975313,0.0,0.0,65.0,14.958825860024689,14.958825860024689
2025-01-26 15:00:00,21.48,3.977682844658613,0.0,0.0,65.0,17.502317155341387,17.502317155341387
2025-01-26 16:00:00,21.84,0.7155855407233468,0.0,0.0,65.0,21.124414459276654,21.124414459276654
2025-01-26 17:00:00,29.4,0.0,0.0,0.0,65.0,29.4,29.4
2025-01-26 18:00:00,33.06,0.0,0.0,0.0,65.0,33.06,33.06
2025-01-26 19:00:00,36.9,0.0,0.0,0.0,65.0,36.9,36.9
2025-01-26 20:00:00,38.94,0.0,29.3974602719018,0.0,90.8697650392736,68.33746027190179,38.94
2025-01-26 21:00:00,36.66,0.0,0.0,0.0,90.8697650392736,36.66,36.66
2025-01-26 22:00:00,30.12,0.0,0.0,0.0,90.8697650392736,30.12,30.12
2025-01-26 23:00:00,25.26,0.0,0.0,0.0,90.8697650392736,25.26,25.26
2025-01-27 00:00:00,25.62,0.0,0.0,0.0,90.8697650392736,25.62,25.62
2025-01-27 01:00:00,23.94,0.0,0.0,0.0,90.8697650392736,23.94,23.94
2025-01-27 02:00:00,21.78,0.0,0.0,0.0,90.8697650392736,21.78,21.78
2025-01-27 03:00:00,22.86,0.0,0.0,0.0,90.8697650392736,22.86,22.86
2025-01-27 04:00:00,22.14,0.0,75.0,0.0,156.869765039274,97.14,22.14
2025-01-27 05:00:00,21.72,0.0,75.0,0.0,222.869765039274,96.72,21.72
2025-01-27 06:00:00,22.86,0.0,75.0,0.0,288.869765039274,97.86,22.86
2025-01-27 07:00:00,21.96,0.7815569809799096,0.0,21.1784430190201,267.691322020253,-1.0658141036401503e-14,21.17844301902009
2025-01-27 08:00:00,21.6,4.048313054573699,0.0,17.5516869454263,250.139635074827,3.552713678800501e-15,17.551686945426304
2025-01-27 09:00:00,22.32,6.715608219387913,0.0,15.6043917806121,234.535243294215,-1.4210854715202004e-14,15.604391780612087
2025-01-27 10:00:00,24.24,8.601670717854132,0.0,15.6383292821459,218.896914012069,-3.375077994860476e-14,15.638329282145866
2025-01-27 11:00:00,24.78,9.577968507567537,0.0,15.2020314924325,203.694882519637,-3.552713678800501e-14,15.202031492432464
2025-01-27 12:00:00,24.24,9.577968507567537,0.0,14.6620314924325,189.032851027204,-3.907985046680551e-14,14.662031492432462
2025-01-27 13:00:00,23.64,8.601670717854132,0.0,15.0383292821459,173.994521745058,-3.197442310920451e-14,15.038329282145869
2025-01-27 14:00:00,24.12,6.715608219387913,0.0,17.4043917806121,156.590129964446,-1.4210854715202004e-14,17.404391780612087
2025-01-27 15:00:00,21.12,4.048313054573699,0.0,17.0716869454263,139.51844301902,0.0,17.0716869454263
2025-01-27 16:00:00,22.2,0.7815569809799096,0.0,21.4184430190201,118.1,-1.0658141036401503e-14,21.41844301902009
2025-01-27 17:00:00,21.3,0.0,0.0,21.3,96.8,0.0,21.3
2025-01-27 18:00:00,31.8,0.0,0.0,31.8,65.0,0.0,31.8
2025-01-27 19:00:00,32.88,0.0,0.0,0.0,65.0,32.88,32.88
2025-01-27 20:00:00,39.72,0.0,0.0,0.0,65.0,39.72,39.72
2025-01-27 21:00:00,39.9,0.0,0.0,0.0,65.0,39.9,39.9
2025-01-27 22:00:00,34.02,0.0,0.0,0.0,65.0,34.02,34.02
2025-01-27 23:00:00,30.72,0.0,0.0,0.0,65.0,30.72,30.72
2025-01-28 00:00:00,24.66,0.0,0.0,0.0,65.0,24.66,24.66
2025-01-28 01:00:00,25.62,0.0,0.0,0.0,65.0,25.62,25.62
2025-01-28 02:00:00,23.88,0.0,0.0,0.0,65.0,23.88,23.88
2025-01-28 03:00:00,22.26,0.0,57.3186046175797,0.0,115.44037206347,79.5786046175797,22.26
2025-01-28 04:00:00,22.44,0.0,75.0,0.0,181.44037206347,97.44,22.44
2025-01-28 05:00:00,22.2,0.0,75.0,0.0,247.44037206347,97.2,22.2
2025-01-28 06:00:00,22.08,0.0,75.0,0.0,313.44037206347,97.08,22.08
2025-01-28 07:00:00,22.44,0.8490535407023617,0.0,21.5909464592976,291.849425604172,3.907985046680551e-14,21.59094645929764
2025-01-28 08:00:00,28.08,4.120518390663809,0.0,23.9594816093362,267.889943994836,-1.4210854715202004e-14,23.959481609336187
2025-01-28 09:00:00,27.78,6.791658255282569,0.0,20.9883417447174,246.901602250119,3.197442310920451e-14,20.98834174471743
2025-01-28 10:00:00,25.38,8.680439367052209,0.0,16.6995606329478,230.202041617171,-1.0658141036401503e-14,16.69956063294779
2025-01-28 11:00:00,24.72,9.658144414564,0.0,15.061855585436,215.140186031735,0.0,15.061855585436
2025-01-28 12:00:00,25.44,9.658144414564,0.0,15.781855585436,199.358330446299,1.7763568394002505e-15,15.781855585436002
2025-01-28 13:00:00,22.56,8.680439367052209,0.0,13.8795606329478,185.478769813351,-1.0658141036401503e-14,13.87956063294779
2025-01-28 14:00:00,22.08,6.791658255282569,0.0,15.2883417447174,170.190428068634,2.842170943040401e-14,15.288341744717428
2025-01-28 15:00:00,22.26,4.120518390663809,0.0,18.1394816093362,152.050946459298,-7.105427357601002e-15,18.139481609336194
2025-01-28 16:00:00,21.66,0.8490535407023617,0.0,20.8109464592976,131.24,3.907985046680551e-14,20.81094645929764
2025-01-28 17:00:00,30.48,0.0,0.0,30.48,100.76,0.0,30.48
2025-01-28 18:00:00,35.76,0.0,0.0,35.76,65.0,0.0,35.76
2025-01-28 19:00:00,31.44,0.0,0.0,0.0,65.0,31.44,31.44
2025-01-28 20:00:00,38.76,0.0,29.3127807179575,0.0,90.7952470318026,68.0727807179575,38.76
2025-01-28 21:00:00,39.54,0.0,0.0,0.0,90.7952470318026,39.54,39.54
2025-01-28 22:00:00,33.24,0.0,0.0,0.0,90.7952470318026,33.24,33.24
2025-01-28 23:00:00,28.86,0.0,0.0,0.0,90.7952470318026,28.86,28.86
2025-01-29 00:00:00,24.66,0.0,0.0,0.0,90.7952470318026,24.66,24.66
2025-01-29 01:00:00,25.02,0.0,0.0,0.0,90.7952470318026,25.02,25.02
2025-01-29 02:00:00,23.1,0.0,0.0,0.0,90.7952470318026,23.1,23.1
2025-01-29 03:00:00,21.54,0.0,0.0,0.0,90.7952470318026,21.54,21.54
2025-01-29 04:00:00,22.92,0.0,75.0,0.0,156.795247031803,97.92,22.92
2025-01-29 05:00:00,21.78,0.0,75.0,0.0,222.795247031803,96.78,21.78
2025-01-29 06:00:00,22.14,0.0,75.0,0.0,288.795247031803,97.14,22.14
2025-01-29 07:00:00,21.96,0.9180529854891856,0.0,21.0419470145108,267.753300017292,1.4210854715202004e-14,21.041947014510814
2025-01-29 08:00:00,25.02,4.194271101308392,0.0,20.8257288986916,246.9275711186,7.105427357601002e-15,20.825728898691608
2025-01-29 09:00:00,23.7,6.86929199124825,0.0,16.8307080087517,230.096863109848,4.973799150320701e-14,16.83070800875175
2025-01-29 10:00:00,21.54,8.760817402340399,0.0,12.7791825976596,217.317680512189,0.0,12.7791825976596
2025-01-29 11:00:00,22.02,9.739943003712444,0.0,12.2800569962876,205.037623515901,-4.440892098500626e-14,12.280056996287556
2025-01-29 12:00:00,24.12,9.739943003712444,0.0,14.3800569962876,190.657566519614,-4.263256414560601e-14,14.380056996287557
2025-01-29 13:00:00,21.54,8.760817402340399,0.0,12.7791825976596,177.878383921954,0.0,12.7791825976596
2025-01-29 14:00:00,21.06,6.86929199124825,0.0,14.1907080087517,163.687675913202,4.796163466380676e-14,14.190708008751749
2025-01-29 15:00:00,22.02,4.194271101308392,0.0,17.8257288986916,145.861947014511,7.105427357601002e-15,17.825728898691608
2025-01-29 16:00:00,21.42,0.9180529854891856,0.0,20.5019470145108,125.36,1.4210854715202004e-14,20.501947014510815
2025-01-29 17:00:00,27.9,0.0,0.0,27.9,97.46,0.0,27.9
2025-01-29 18:00:00,32.46,0.0,0.0,32.46,65.0,0.0,32.46
2025-01-29 19:00:00,33.12,0.0,75.0,0.0,131.0,108.12,33.12
2025-01-29 20:00:00,32.7,0.0,5.44853031858126,0.0,135.794706680352,38.148530318581265,32.7
2025-01-29 21:00:00,32.46,0.0,0.0,0.0,135.794706680352,32.46,32.46
2025-01-29 22:00:00,32.76,0.0,0.0,0.0,135.794706680352,32.76,32.76
2025-01-29 23:00:00,32.64,0.0,0.0,0.0,135.794706680352,32.64,32.64
2025-01-30 00:00:00,32.88,0.0,0.0,0.0,135.794706680352,32.88,32.88
2025-01-30 01:00:00,32.88,0.0,0.0,0.0,135.794706680352,32.88,32.88
2025-01-30 02:00:00,32.7,0.0,0.0,0.0,135.794706680352,32.7,32.7
2025-01-30 03:00:00,12.96,0.0,75.0,0.0,201.794706680352,87.96000000000001,12.96
2025-01-30 04:00:00,19.32,0.0,75.0,0.0,267.794706680352,94.32,19.32
2025-01-30 05:00:00,31.62,0.0,75.0,0.0,333.794706680352,106.62,31.62
2025-01-30 06:00:00,31.5,0.0,75.0,0.0,399.794706680352,106.5,31.5
2025-01-30 07:00:00,31.8,0.9885324572036976,0.0,30.8114675427963,368.983239137555,3.552713678800501e-15,30.811467542796304
2025-01-30 08:00:00,30.9,4.269542751110901,0.0,26.6304572488891,342.352781888666,-3.552713678800501e-15,26.630457248889098
2025-01-30 09:00:00,30.3,6.948476438074807,0.0,23.3515235619252,319.001258326741,-7.105427357601002e-15,23.351523561925195
2025-01-30 10:00:00,30.48,8.842768614476064,0.0,21.6372313855239,297.364026941217,3.552713678800501e-14,21.637231385523936
2025-01-30 11:00:00,30.0,9.823326398958764,0.0,20.1766736010412,277.187353340176,3.907985046680551e-14,20.176673601041237
2025-01-30 12:00:00,29.4,9.823326398958764,0.0,19.5766736010412,257.610679739134,3.552713678800501e-14,19.576673601041236
2025-01-30 13:00:00,29.52,8.842768614476064,0.0,20.6772313855239,236.933448353611,3.552713678800501e-14,20.677231385523935
2025-01-30 14:00:00,30.9,6.948476438074807,0.0,23.9515235619252,212.981924791685,-7.105427357601002e-15,23.951523561925192
2025-01-30 15:00:00,33.54,4.269542751110901,0.0,29.2704572488891,183.711467542796,-3.552713678800501e-15,29.270457248889098
2025-01-30 16:00:00,42.9,0.9885324572036976,0.0,41.9114675427962,141.8,9.947598300641403e-14,41.9114675427963
2025-01-30 17:00:00,41.4,0.0,0.0,41.4,100.4,0.0,41.4
2025-01-30 18:00:00,35.4,0.0,0.0,35.4,65.0,0.0,35.4
2025-01-30 19:00:00,26.7,0.0,73.3398577370126,0.0,129.539074808571,100.0398577370126,26.7
2025-01-30 20:00:00,23.64,0.0,0.0,0.0,129.539074808571,23.64,23.64
2025-01-30 21:00:00,24.48,0.0,0.0,0.0,129.539074808571,24.48,24.48
2025-01-30 22:00:00,23.52,0.0,0.0,0.0,129.539074808571,23.52,23.52
2025-01-30 23:00:00,20.34,0.0,0.0,0.0,129.539074808571,20.34,20.34
2025-01-31 00:00:00,21.12,0.0,0.0,0.0,129.539074808571,21.12,21.12
2025-01-31 01:00:00,21.18,0.0,0.0,0.0,129.539074808571,21.18,21.18
2025-01-31 02:00:00,20.7,0.0,0.0,0.0,129.539074808571,20.7,20.7
2025-01-31 03:00:00,20.82,0.0,0.0,0.0,129.539074808571,20.82,20.82
2025-01-31 04:00:00,21.66,0.0,75.0,0.0,195.539074808571,96.66,21.66
2025-01-31 05:00:00,20.88,0.0,75.0,0.0,261.539074808571,95.88,20.88
2025-01-31 06:00:00,20.4,0.0,75.0,0.0,327.539074808571,95.4,20.4
2025-01-31 07:00:00,21.3,1.060468476251447,0.0,20.2395315237486,307.299543284822,-4.618527782440651e-14,20.239531523748553
2025-01-31 08:00:00,20.82,4.346304229516459,0.0,16.4736957704835,290.825847514339,4.263256414560601e-14,16.47369577048354
2025-01-31 09:00:00,20.88,7.029177887547421,0.0,13.8508221124526,276.975025401886,-2.1316282072803006e-14,13.850822112452578
2025-01-31 10:00:00,20.34,8.926256044207872,0.0,11.4137439557921,265.561281446094,2.842170943040401e-14,11.413743955792128
2025-01-31 11:00:00,26.04,9.90825595819129,0.0,16.1317440418087,249.429537404286,7.105427357601002e-15,16.13174404180871
2025-01-31 12:00:00,30.72,9.90825595819129,0.0,20.8117440418087,228.617793362477,7.105427357601002e-15,20.81174404180871
2025-01-31 13:00:00,30.72,8.926256044207872,0.0,21.7937439557921,206.824049406685,2.842170943040401e-14,21.793743955792127
2025-01-31 14:00:00,30.9,7.029177887547421,0.0,23.8708221124526,182.953227294232,-2.1316282072803006e-14,23.87082211245258
2025-01-31 15:00:00,36.9,4.346304229516459,0.0,32.5536957704835,150.399531523749,4.263256414560601e-14,32.55369577048354
2025-01-31 16:00:00,33.48,1.060468476251447,0.0,32.4195315237486,117.98,-4.973799150320701e-14,32.41953152374855
2025-01-31 17:00:00,27.18,0.0,0.0,27.18,90.8,0.0,27.18
2025-01-31 18:00:00,25.8,0.0,0.0,25.8,65.0,0.0,25.8
2025-01-31 19:00:00,25.38,0.0,70.4545454545455,0.0,127.0,95.83454545454549,25.38
2025-01-31 20:00:00,23.7,0.0,75.0,0.0,193.0,98.7,23.7
2025-01-31 21:00:00,23.52,0.0,75.0,0.0,259.0,98.52,23.52
2025-01-31 22:00:00,22.68,0.0,75.0,0.0,325.0,97.68,22.68
2025-01-31 23:00:00,22.98,0.0,0.0,0.0,325.0,22.98,22.98
2025-02-01 00:00:00,24.18,0.0,0.0,0.0,325.0,24.18,24.18
2025-02-01 01:00:00,22.8,0.0,0.0,0.0,325.0,22.8,22.8
2025-02-01 02:00:00,23.1,0.0,0.0,0.0,325.0,23.1,23.1
2025-02-01 03:00:00,23.1,0.0,0.0,0.0,325.0,23.1,23.1
2025-02-01 04:00:00,23.76,0.0,0.0,0.0,325.0,23.76,23.76
2025-02-01 05:00:00,23.34,0.0,0.0,0.0,325.0,23.34,23.34
2025-02-01 06:00:00,23.16,0.0,0.0,0.0,325.0,23.16,23.16
2025-02-01 07:00:00,23.04,1.5621753456991814,0.0,0.0,325.0,21.477824654300818,21.477824654300818
2025-02-01 08:00:00,22.98,6.096013269512861,0.0,0.0,325.0,16.883986730487138,16.883986730487138
2025-02-01 09:00:00,22.92,9.797876432787188,0.0,0.0,325.0,13.122123567212814,13.122123567212814
2025-02-01 10:00:00,23.16,12.415488978563152,0.0,0.0,325.0,10.744511021436848,10.744511021436848
2025-02-01 11:00:00,23.28,13.770464937655378,0.0,0.0,325.0,9.509535062344623,9.509535062344623
2025-02-01 12:00:00,22.8,13.770464937655378,0.0,0.0,325.0,9.029535062344623,9.029535062344623
2025-02-01 13:00:00,22.44,12.415488978563152,0.0,0.0,325.0,10.02451102143685,10.02451102143685
2025-02-01 14:00:00,22.5,9.797876432787188,0.0,0.0,325.0,12.702123567212812,12.702123567212812
2025-02-01 15:00:00,22.74,6.096013269512861,0.0,0.0,325.0,16.643986730487136,16.643986730487136
2025-02-01 16:00:00,22.98,1.5621753456991814,0.0,0.0,325.0,21.41782465430082,21.41782465430082
2025-02-01 17:00:00,22.8,0.0,0.0,0.0,325.0,22.8,22.8
2025-02-01 18:00:00,22.44,0.0,0.0,0.0,325.0,22.44,22.44
2025-02-01 19:00:00,22.98,0.0,0.0,0.0,325.0,22.98,22.98
2025-02-01 20:00:00,23.58,0.0,0.0,0.0,325.0,23.58,23.58
2025-02-01 21:00:00,22.8,0.0,0.0,0.0,325.0,22.8,22.8
2025-02-01 22:00:00,23.58,0.0,0.0,0.0,325.0,23.58,23.58
2025-02-01 23:00:00,25.08,0.0,0.0,0.0,325.0,25.08,25.08
2025-02-02 00:00:00,24.3,0.0,0.0,0.0,325.0,24.3,24.3
2025-02-02 01:00:00,23.58,0.0,0.0,0.0,325.0,23.58,23.58
2025-02-02 02:00:00,22.98,0.0,0.0,0.0,325.0,22.98,22.98
2025-02-02 03:00:00,23.04,0.0,0.0,0.0,325.0,23.04,23.04
2025-02-02 04:00:00,23.04,0.0,0.0,0.0,325.0,23.04,23.04
2025-02-02 05:00:00,23.1,0.0,0.0,0.0,325.0,23.1,23.1
2025-02-02 06:00:00,23.1,0.0,0.0,0.0,325.0,23.1,23.1
2025-02-02 07:00:00,24.24,1.665200338042143,0.0,0.0,325.0,22.574799661957854,22.574799661957854
2025-02-02 08:00:00,28.26,6.205754854817736,0.0,0.0,325.0,22.054245145182264,22.054245145182264
2025-02-02 09:00:00,27.06,9.913102093280951,0.0,0.0,325.0,17.146897906719047,17.146897906719047
2025-02-02 10:00:00,25.92,12.534592465811512,0.0,0.0,325.0,13.38540753418849,13.38540753418849
2025-02-02 11:00:00,25.56,13.891575735739137,0.0,0.0,325.0,11.668424264260862,11.668424264260862
2025-02-02 12:00:00,24.12,13.891575735739137,0.0,0.0,325.0,10.228424264260864,10.228424264260864
2025-02-02 13:00:00,24.84,12.534592465811512,0.0,0.0,325.0,12.305407534188488,12.305407534188488
2025-02-02 14:00:00,23.88,9.913102093280951,0.0,0.0,325.0,13.966897906719048,13.966897906719048
2025-02-02 15:00:00,22.62,6.205754854817736,0.0,0.0,325.0,16.414245145182264,16.414245145182264
2025-02-02 16:00:00,31.8,1.665200338042143,0.0,0.0,325.0,30.134799661957857,30.134799661957857
2025-02-02 17:00:00,30.9,0.0,0.0,0.0,325.0,30.9,30.9
2025-02-02 18:00:00,30.96,0.0,0.0,0.0,325.0,30.96,30.96
2025-02-02 19:00:00,29.82,0.0,0.0,0.0,325.0,29.82,29.82
2025-02-02 20:00:00,34.8,0.0,0.0,0.0,325.0,34.8,34.8
2025-02-02 21:00:00,33.36,0.0,0.0,0.0,325.0,33.36,33.36
2025-02-02 22:00:00,28.74,0.0,0.0,0.0,325.0,28.74,28.74
2025-02-02 23:00:00,25.5,0.0,0.0,0.0,325.0,25.5,25.5
2025-02-03 00:00:00,25.5,0.0,0.0,0.0,325.0,25.5,25.5
2025-02-03 01:00:00,15.4282,0.0,0.0,0.0,325.0,15.4282,15.4282
2025-02-03 02:00:00,6.2564,0.0,0.0,0.0,325.0,6.2564,6.2564
2025-02-03 03:00:00,6.2564,0.0,0.0,0.0,325.0,6.2564,6.2564
2025-02-03 04:00:00,6.2564,0.0,0.0,0.0,325.0,6.2564,6.2564
2025-02-03 05:00:00,6.2564,0.0,0.0,0.0,325.0,6.2564,6.2564
2025-02-03 06:00:00,6.2564,0.0,0.0,0.0,325.0,6.2564,6.2564
2025-02-03 07:00:00,6.2564,1.7701299865653646,0.0,4.48627001343464,320.513729986565,-4.440892098500626e-15,4.486270013434636
2025-02-03 08:00:00,6.2564,6.317423321289016,0.0,0.0,320.513729986565,-0.06102332128901544,-0.06102332128901544
2025-02-03 09:00:00,6.2564,10.030272781566316,0.0,0.0,320.513729986565,-3.7738727815663156,-3.7738727815663156
2025-02-03 10:00:00,6.2564,12.655653812453208,0.0,0.0,320.513729986565,-6.399253812453208,-6.399253812453208
2025-02-03 11:00:00,6.2564,14.01465103534204,0.0,0.0,320.513729986565,-7.758251035342039,-7.758251035342039
2025-02-03 12:00:00,6.2564,14.01465103534204,0.0,0.0,320.513729986565,-7.758251035342039,-7.758251035342039
2025-02-03 13:00:00,6.2564,12.655653812453208,0.0,0.0,320.513729986565,-6.399253812453208,-6.399253812453208
2025-02-03 14:00:00,6.2564,10.030272781566316,0.0,0.0,320.513729986565,-3.7738727815663156,-3.7738727815663156
2025-02-03 15:00:00,6.2564,6.317423321289016,0.0,0.0,320.513729986565,-0.06102332128901544,-0.06102332128901544
2025-02-03 16:00:00,6.2564,1.7701299865653646,0.0,4.48627001343464,316.027459973131,-4.440892098500626e-15,4.486270013434636
2025-02-03 17:00:00,6.2564,0.0,0.0,6.2564,309.771059973131,0.0,6.2564
2025-02-03 18:00:00,6.2564,0.0,0.0,6.2564,303.514659973131,0.0,6.2564
2025-02-03 19:00:00,6.2564,0.0,0.0,0.0,303.514659973131,6.2564,6.2564
2025-02-03 20:00:00,6.2564,0.0,0.0,0.0,303.514659973131,6.2564,6.2564
2025-02-03 21:00:00,6.2564,0.0,0.0,0.0,303.514659973131,6.2564,6.2564
2025-02-03 22:00:00,6.2564,0.0,0.0,0.0,303.514659973131,6.2564,6.2564
2025-02-03 23:00:00,6.2564,0.0,0.0,0.0,303.514659973131,6.2564,6.2564
2025-02-04 00:00:00,47.42,0.0,62.26,0.0,358.303459973131,109.68,47.42
2025-02-04 01:00:00,47.42,0.0,62.26,0.0,413.092259973131,109.68,47.42
2025-02-04 02:00:00,47.42,0.0,0.0,0.0,413.092259973131,47.42,47.42
2025-02-04 03:00:00,47.42,0.0,0.0,0.0,413.092259973131,47.42,47.42
2025-02-04 04:00:00,47.42,0.0,62.26,0.0,467.881059973131,109.68,47.42
2025-02-04 05:00:00,47.42,0.0,27.6307007034605,0.0,492.196076592176,75.0507007034605,47.42
2025-02-04 06:00:00,47.42,0.0,62.26,0.0,546.984876592176,109.68,47.42
2025-02-04 07:00:00,47.42,1.876928565125028,0.0,45.543071434875,501.441805157301,-2.842170943040401e-14,45.543071434874975
2025-02-04 08:00:00,47.42,6.4309749785760815,0.0,40.9890250214239,460.452780135877,2.1316282072803006e-14,40.98902502142392
2025-02-04 09:00:00,47.42,10.149338304545038,0.0,37.270661695455,423.182118440422,-3.552713678800501e-14,37.27066169545496
2025-02-04 10:00:00,47.42,12.778618227253052,0.0,34.641381772747,388.540736667675,-4.973799150320701e-14,34.64138177274695
2025-02-04 11:00:00,47.42,14.139633665058088,0.0,33.2803663349419,355.260370332733,1.4210854715202004e-14,33.28036633494192
2025-02-04 12:00:00,47.42,14.139633665058088,0.0,33.2803663349419,321.980003997791,1.4210854715202004e-14,33.28036633494192
2025-02-04 13:00:00,47.42,12.778618227253052,0.0,34.641381772747,287.338622225044,-4.973799150320701e-14,34.64138177274695
2025-02-04 14:00:00,47.42,10.149338304545038,0.0,37.270661695455,250.067960529589,-3.552713678800501e-14,37.27066169545496
2025-02-04 15:00:00,47.42,6.4309749785760815,0.0,40.9890250214239,209.078935508165,2.1316282072803006e-14,40.98902502142392
2025-02-04 16:00:00,47.42,1.876928565125028,0.0,45.543071434875,163.53586407329,-2.842170943040401e-14,45.543071434874975
2025-02-04 17:00:00,47.42,0.0,0.0,47.42,116.11586407329,0.0,47.42
2025-02-04 18:00:00,47.42,0.0,0.0,47.42,68.6958640732904,0.0,47.42
2025-02-04 19:00:00,47.42,0.0,0.0,0.0,68.6958640732904,47.42,47.42
2025-02-04 20:00:00,47.42,0.0,0.0,0.0,68.6958640732904,47.42,47.42
2025-02-04 21:00:00,47.42,0.0,0.0,0.0,68.6958640732904,47.42,47.42
2025-02-04 22:00:00,47.42,0.0,0.0,0.0,68.6958640732904,47.42,47.42
2025-02-04 23:00:00,47.42,0.0,0.0,0.0,68.6958640732904,47.42,47.42
2025-02-05 00:00:00,24.84,0.0,0.0,0.0,68.6958640732904,24.84,24.84
2025-02-05 01:00:00,22.32,0.0,0.0,0.0,68.6958640732904,22.32,22.32
2025-02-05 02:00:00,23.76,0.0,0.0,0.0,68.6958640732904,23.76,23.76
2025-02-05 03:00:00,22.56,0.0,75.0,0.0,134.69586407329,97.56,22.56
2025-02-05 04:00:00,23.4,0.0,75.0,0.0,200.69586407329,98.4,23.4
2025-02-05 05:00:00,23.28,0.0,75.0,0.0,266.69586407329,98.28,23.28
2025-02-05 06:00:00,22.56,0.0,75.0,0.0,332.69586407329,97.56,22.56
2025-02-05 07:00:00,23.4,1.9855595201076888,0.0,21.4144404798923,311.281423593398,1.0658141036401503e-14,21.41444047989231
2025-02-05 08:00:00,24.48,6.546365280416662,0.0,17.9336347195833,293.347788873815,3.907985046680551e-14,17.93363471958334
2025-02-05 09:00:00,23.64,10.270247589984416,0.0,13.3697524100156,279.978036463799,-1.5987211554602254e-14,13.369752410015584
2025-02-05 10:00:00,22.08,12.9034300234204,0.0,9.1765699765796,270.801466487219,-1.7763568394002505e-15,9.176569976579598
2025-02-05 11:00:00,22.56,14.266465549425662,0.0,8.29353445057434,262.507932036645,-3.552713678800501e-15,8.293534450574336
2025-02-05 12:00:00,22.68,14.266465549425662,0.0,8.41353445057434,254.094397586071,-3.552713678800501e-15,8.413534450574337
2025-02-05 13:00:00,22.2,12.9034300234204,0.0,9.2965699765796,244.797827609491,0.0,9.2965699765796
2025-02-05 14:00:00,22.68,10.270247589984416,0.0,12.4097524100156,232.388075199476,-1.5987211554602254e-14,12.409752410015583
2025-02-05 15:00:00,33.96,6.546365280416662,0.0,27.4136347195833,204.974440479892,3.907985046680551e-14,27.41363471958334
2025-02-05 16:00:00,48.0,1.9855595201076888,0.0,46.0144404798923,158.96,1.4210854715202004e-14,46.014440479892315
2025-02-05 17:00:00,47.52,0.0,0.0,47.52,111.44,0.0,47.52
2025-02-05 18:00:00,46.44,0.0,0.0,46.44,65.0,0.0,46.44
2025-02-05 19:00:00,37.44,0.0,0.0,0.0,65.0,37.44,37.44
2025-02-05 20:00:00,30.48,0.0,0.0,0.0,65.0,30.48,30.48
2025-02-05 21:00:00,32.88,0.0,0.0,0.0,65.0,32.88,32.88
2025-02-05 22:00:00,32.16,0.0,0.0,0.0,65.0,32.16,32.16
2025-02-05 23:00:00,26.04,0.0,0.0,0.0,65.0,26.04,26.04
2025-02-06 00:00:00,25.32,0.0,0.0,0.0,65.0,25.32,25.32
2025-02-06 01:00:00,23.52,0.0,0.0,0.0,65.0,23.52,23.52
2025-02-06 02:00:00,23.04,0.0,53.1418103945483,0.0,111.764793147203,76.18181039454831,23.04
2025-02-06 03:00:00,22.32,0.0,75.0,0.0,177.764793147203,97.32,22.32
2025-02-06 04:00:00,22.68,0.0,75.0,0.0,243.764793147203,97.68,22.68
2025-02-06 05:00:00,23.04,0.0,75.0,0.0,309.764793147203,98.03999999999999,23.04
2025-02-06 06:00:00,23.64,0.0,75.0,0.0,375.764793147203,98.64,23.64
2025-02-06 07:00:00,23.64,2.0959854790047427,0.0,21.5440145209953,354.220778626207,-4.263256414560601e-14,21.54401452099526
2025-02-06 08:00:00,23.64,6.663548842626073,0.0,16.9764511573739,337.244327468833,2.4868995751603507e-14,16.976451157373926
2025-02-06 09:00:00,21.96,10.392948712193636,0.0,11.5670512878064,325.677276181027,-3.552713678800501e-14,11.567051287806365
2025-02-06 10:00:00,22.32,13.030032649721086,0.0,9.28996735027891,316.387308830748,3.552713678800501e-15,9.289967350278914
2025-02-06 11:00:00,21.84,14.395087742853184,0.0,7.44491225714682,308.942396573601,-3.552713678800501e-15,7.444912257146816
2025-02-06 12:00:00,23.04,14.395087742853184,0.0,8.64491225714682,300.297484316454,-5.329070518200751e-15,8.644912257146816
2025-02-06 13:00:00,22.2,13.030032649721086,0.0,9.16996735027891,291.127516966176,3.552713678800501e-15,9.169967350278913
2025-02-06 14:00:00,33.84,10.392948712193636,0.0,23.4470512878064,267.680465678369,-3.197442310920451e-14,23.447051287806367
2025-02-06 15:00:00,49.08,6.663548842626073,0.0,42.4164511573739,225.264014520995,2.842170943040401e-14,42.41645115737393
2025-02-06 16:00:00,55.2,2.0959854790047427,0.0,53.1040145209953,172.16,-4.263256414560601e-14,53.10401452099526
2025-02-06 17:00:00,55.32,0.0,0.0,55.32,116.84,0.0,55.32
2025-02-06 18:00:00,51.84,0.0,0.0,51.84,65.0,0.0,51.84
2025-02-06 19:00:00,45.84,0.0,0.0,0.0,65.0,45.84,45.84
2025-02-06 20:00:00,28.56,0.0,0.0,0.0,65.0,28.56,28.56
2025-02-06 21:00:00,25.44,0.0,0.0,0.0,65.0,25.44,25.44
2025-02-06 22:00:00,22.8,0.0,0.0,0.0,65.0,22.8,22.8
2025-02-06 23:00:00,23.52,0.0,0.0,0.0,65.0,23.52,23.52
2025-02-07 00:00:00,22.32,0.0,0.0,0.0,65.0,22.32,22.32
2025-02-07 01:00:00,23.4,0.0,0.0,0.0,65.0,23.4,23.4
2025-02-07 02:00:00,23.4,0.0,0.0,0.0,65.0,23.4,23.4
2025-02-07 03:00:00,22.56,0.0,64.0185322079036,0.0,121.336308342955,86.5785322079036,22.56
2025-02-07 04:00:00,22.92,0.0,75.0,0.0,187.336308342955,97.92,22.92
2025-02-07 05:00:00,23.4,0.0,75.0,0.0,253.336308342955,98.4,23.4
2025-02-07 06:00:00,23.4,0.0,75.0,0.0,319.336308342955,98.4,23.4
2025-02-07 07:00:00,22.68,2.208168259987373,0.0,20.4718317400126,298.864476602943,2.4868995751603507e-14,20.471831740012625
2025-02-07 08:00:00,23.4,6.782479462164407,0.0,16.6175205378356,282.246956065107,-7.105427357601002e-15,16.617520537835592
2025-02-07 09:00:00,22.92,10.517388918841348,0.0,12.4026110811587,269.844344983948,-4.618527782440651e-14,12.402611081158653
2025-02-07 10:00:00,28.44,13.15836872277538,0.0,15.2816312772246,254.562713706724,2.1316282072803006e-14,15.281631277224621
2025-02-07 11:00:00,31.92,14.525440464753874,0.0,17.3945595352461,237.168154171478,2.842170943040401e-14,17.394559535246128
2025-02-07 12:00:00,31.68,14.525440464753874,0.0,17.1545595352461,220.013594636231,2.4868995751603507e-14,17.154559535246126
2025-02-07 13:00:00,32.04,13.15836872277538,0.0,18.8816312772246,201.131963359007,2.1316282072803006e-14,18.88163127722462
2025-02-07 14:00:00,31.56,10.517388918841348,0.0,21.0426110811587,180.089352277848,-4.973799150320701e-14,21.04261108115865
2025-02-07 15:00:00,35.4,6.782479462164407,0.0,28.6175205378356,151.471831740013,-7.105427357601002e-15,28.617520537835592
2025-02-07 16:00:00,32.88,2.208168259987373,0.0,30.6718317400126,120.8,2.842170943040401e-14,30.671831740012628
2025-02-07 17:00:00,27.0,0.0,0.0,27.0,93.8,0.0,27.0
2025-02-07 18:00:00,28.8,0.0,0.0,28.8,65.0,0.0,28.8
2025-02-07 19:00:00,37.92,0.0,0.0,0.0,65.0,37.92,37.92
2025-02-07 20:00:00,33.6,0.0,0.0,0.0,65.0,33.6,33.6
2025-02-07 21:00:00,33.12,0.0,0.0,0.0,65.0,33.12,33.12
2025-02-07 22:00:00,33.24,0.0,0.0,0.0,65.0,33.24,33.24
2025-02-07 23:00:00,29.64,0.0,0.0,0.0,65.0,29.64,29.64
2025-02-08 00:00:00,24.72,0.0,0.0,0.0,65.0,24.72,24.72
2025-02-08 01:00:00,26.16,0.0,0.0,0.0,65.0,26.16,26.16
2025-02-08 02:00:00,24.6,0.0,0.0,0.0,65.0,24.6,24.6
2025-02-08 03:00:00,25.44,0.0,0.0,0.0,65.0,25.44,25.44
2025-02-08 04:00:00,24.6,0.0,0.0,0.0,65.0,24.6,24.6
2025-02-08 05:00:00,24.36,0.0,0.0,0.0,65.0,24.36,24.36
2025-02-08 06:00:00,25.32,0.0,0.0,0.0,65.0,25.32,25.32
2025-02-08 07:00:00,24.84,2.322068882502728,0.0,0.0,65.0,22.517931117497273,22.517931117497273
2025-02-08 08:00:00,24.12,6.903110137291273,0.0,0.0,65.0,17.216889862708726,17.216889862708726
2025-02-08 09:00:00,29.16,10.643514658914984,0.0,0.0,65.0,18.516485341085016,18.516485341085016
2025-02-08 10:00:00,32.88,13.288380060535928,0.0,0.0,65.0,19.591619939464074,19.591619939464074
2025-02-08 11:00:00,30.72,14.657463135880386,0.0,0.0,65.0,16.062536864119615,16.062536864119615
2025-02-08 12:00:00,27.12,14.657463135880386,0.0,0.0,65.0,12.462536864119615,12.462536864119615
2025-02-08 13:00:00,26.76,13.288380060535928,0.0,0.0,65.0,13.471619939464073,13.471619939464073
2025-02-08 14:00:00,24.0,10.643514658914984,0.0,0.0,65.0,13.356485341085016,13.356485341085016
2025-02-08 15:00:00,24.84,6.903110137291273,0.0,0.0,65.0,17.936889862708725,17.936889862708725
2025-02-08 16:00:00,24.24,2.322068882502728,0.0,0.0,65.0,21.91793111749727,21.91793111749727
2025-02-08 17:00:00,22.68,0.0,0.0,0.0,65.0,22.68,22.68
2025-02-08 18:00:00,22.68,0.0,0.0,0.0,65.0,22.68,22.68
2025-02-08 19:00:00,22.68,0.0,0.0,0.0,65.0,22.68,22.68
2025-02-08 20:00:00,22.68,0.0,0.0,0.0,65.0,22.68,22.68
2025-02-08 21:00:00,22.8,0.0,0.0,0.0,65.0,22.8,22.8
2025-02-08 22:00:00,24.12,0.0,0.0,0.0,65.0,24.12,24.12
2025-02-08 23:00:00,22.92,0.0,0.0,0.0,65.0,22.92,22.92
2025-02-09 00:00:00,22.92,0.0,0.0,0.0,65.0,22.92,22.92
2025-02-09 01:00:00,23.04,0.0,0.0,0.0,65.0,23.04,23.04
2025-02-09 02:00:00,23.76,0.0,0.0,0.0,65.0,23.76,23.76
2025-02-09 03:00:00,23.04,0.0,0.0,0.0,65.0,23.04,23.04
2025-02-09 04:00:00,23.28,0.0,0.0,0.0,65.0,23.28,23.28
2025-02-09 05:00:00,23.76,0.0,0.0,0.0,65.0,23.76,23.76
2025-02-09 06:00:00,22.92,0.0,0.0,0.0,65.0,22.92,22.92
2025-02-09 07:00:00,23.28,2.437647578909982,0.0,0.0,65.0,20.84235242109002,20.84235242109002
2025-02-09 08:00:00,24.24,7.025393088815261,0.0,0.0,65.0,17.214606911184738,17.214606911184738
2025-02-09 09:00:00,22.68,10.771271611819447,0.0,0.0,65.0,11.908728388180553,11.908728388180553
2025-02-09 10:00:00,22.68,13.420007716936755,0.0,0.0,65.0,9.259992283063244,9.259992283063244
2025-02-09 11:00:00,23.4,14.791094415846825,0.0,0.0,65.0,8.608905584153174,8.608905584153174
2025-02-09 12:00:00,22.68,14.791094415846825,0.0,0.0,65.0,7.888905584153175,7.888905584153175
2025-02-09 13:00:00,22.8,13.420007716936755,0.0,0.0,65.0,9.379992283063245,9.379992283063245
2025-02-09 14:00:00,22.32,10.771271611819447,0.0,0.0,65.0,11.548728388180553,11.548728388180553
2025-02-09 15:00:00,22.92,7.025393088815261,0.0,0.0,65.0,15.894606911184741,15.894606911184741
2025-02-09 16:00:00,22.68,2.437647578909982,0.0,0.0,65.0,20.24235242109002,20.24235242109002
2025-02-09 17:00:00,22.56,0.0,0.0,0.0,65.0,22.56,22.56
2025-02-09 18:00:00,36.36,0.0,0.0,0.0,65.0,36.36,36.36
2025-02-09 19:00:00,33.0,0.0,0.0,0.0,65.0,33.0,33.0
2025-02-09 20:00:00,40.68,0.0,0.0,0.0,65.0,40.68,40.68
2025-02-09 21:00:00,40.68,0.0,0.0,0.0,65.0,40.68,40.68
2025-02-09 22:00:00,32.64,0.0,0.0,0.0,65.0,32.64,32.64
2025-02-09 23:00:00,25.92,0.0,0.0,0.0,65.0,25.92,25.92
2025-02-10 00:00:00,25.8,0.0,0.0,0.0,65.0,25.8,25.8
2025-02-10 01:00:00,23.4,0.0,0.0,0.0,65.0,23.4,23.4
2025-02-10 02:00:00,23.04,0.0,29.3086078028495,0.0,90.7915748665075,52.3486078028495,23.04
2025-02-10 03:00:00,22.8,0.0,75.0,0.0,156.791574866508,97.8,22.8
2025-02-10 04:00:00,23.04,0.0,75.0,0.0,222.791574866508,98.03999999999999,23.04
2025-02-10 05:00:00,22.68,0.0,75.0,0.0,288.791574866508,97.68,22.68
2025-02-10 06:00:00,22.8,0.0,75.0,0.0,354.791574866508,97.8,22.8
2025-02-10 07:00:00,23.16,2.554863807171985,0.0,20.605136192828,334.18643867368,1.7763568394002505e-14,20.605136192828017
2025-02-10 08:00:00,22.32,7.149279782441906,0.0,15.1707202175581,319.015718456121,-5.329070518200751e-15,15.170720217558095
2025-02-10 09:00:00,28.56,10.900604717609523,0.0,17.6593952823905,301.356323173731,-2.1316282072803006e-14,17.659395282390477
2025-02-10 10:00:00,26.76,13.55319201770073,0.0,13.2068079822993,288.149515191432,-2.842170943040401e-14,13.20680798229927
2025-02-10 11:00:00,24.72,14.926272241822089,0.0,9.79372775817791,278.355787433254,0.0,9.79372775817791
2025-02-10 12:00:00,26.04,14.926272241822089,0.0,11.1137277581779,267.242059675076,1.0658141036401503e-14,11.11372775817791
2025-02-10 13:00:00,25.08,13.55319201770073,0.0,11.5268079822993,255.715251692777,-3.197442310920451e-14,11.526807982299268
2025-02-10 14:00:00,28.68,10.900604717609523,0.0,17.7793952823905,237.935856410386,-2.4868995751603507e-14,17.779395282390475
2025-02-10 15:00:00,43.8,7.149279782441906,0.0,36.6507202175581,201.285136192828,-1.4210854715202004e-14,36.65072021755809
2025-02-10 16:00:00,46.92,2.554863807171985,0.0,44.365136192828,156.92,2.1316282072803006e-14,44.36513619282802
2025-02-10 17:00:00,47.04,0.0,0.0,47.04,109.88,0.0,47.04
2025-02-10 18:00:00,44.88,0.0,0.0,44.88,65.0,0.0,44.88
2025-02-10 19:00:00,42.0,0.0,0.0,0.0,65.0,42.0,42.0
2025-02-10 20:00:00,45.36,0.0,0.0,0.0,65.0,45.36,45.36
2025-02-10 21:00:00,48.84,0.0,0.0,0.0,65.0,48.84,48.84
2025-02-10 22:00:00,46.92,0.0,0.0,0.0,65.0,46.92,46.92
2025-02-10 23:00:00,32.52,0.0,0.0,0.0,65.0,32.52,32.52
2025-02-11 00:00:00,25.68,0.0,0.0,0.0,65.0,25.68,25.68
2025-02-11 01:00:00,23.28,0.0,0.0,0.0,65.0,23.28,23.28
2025-02-11 02:00:00,22.92,0.0,70.9357684298886,0.0,127.423476218302,93.8557684298886,22.92
2025-02-11 03:00:00,34.8,0.0,74.88,0.0,193.317876218302,109.67999999999999,34.8
2025-02-11 04:00:00,39.6,0.0,70.08,0.0,254.988276218302,109.68,39.6
2025-02-11 05:00:00,38.4,0.0,71.28,0.0,317.714676218302,109.68,38.4
2025-02-11 06:00:00,35.88,0.0,73.8,0.0,382.658676218302,109.68,35.88
2025-02-11 07:00:00,22.92,2.67367626461582,0.0,20.2463237353842,362.412352482918,-1.7763568394002505e-14,20.24632373538418
2025-02-11 08:00:00,30.84,7.274720952221404,0.0,23.5652790477786,338.847073435139,-3.552713678800501e-15,23.565279047778596
2025-02-11 09:00:00,45.24,11.031458208347042,0.0,34.208541791653,304.638531643486,-3.552713678800501e-14,34.20854179165296
2025-02-11 10:00:00,53.4,13.687872597289624,0.0,39.7121274027104,264.926404240776,-2.842170943040401e-14,39.71212740271037
2025-02-11 11:00:00,46.8,15.062933868375058,0.0,31.7370661316249,233.189338109151,3.907985046680551e-14,31.73706613162494
2025-02-11 12:00:00,43.56,15.062933868375058,0.0,28.4970661316249,204.692271977526,4.263256414560601e-14,28.497066131624944
2025-02-11 13:00:00,40.68,13.687872597289624,0.0,26.9921274027104,177.700144574816,-2.4868995751603507e-14,26.992127402710373
2025-02-11 14:00:00,39.6,11.031458208347042,0.0,28.568541791653,149.131602783163,-3.907985046680551e-14,28.56854179165296
2025-02-11 15:00:00,26.88,7.274720952221404,0.0,19.6052790477786,129.526323735384,-3.552713678800501e-15,19.605279047778595
2025-02-11 16:00:00,22.32,2.67367626461582,0.0,19.6463237353842,109.88,-2.1316282072803006e-14,19.64632373538418
2025-02-11 17:00:00,22.44,0.0,0.0,22.44,87.44,0.0,22.44
2025-02-11 18:00:00,22.44,0.0,0.0,22.44,65.0,0.0,22.44
2025-02-11 19:00:00,24.24,0.0,0.0,0.0,65.0,24.24,24.24
2025-02-11 20:00:00,48.36,0.0,0.0,0.0,65.0,48.36,48.36
2025-02-11 21:00:00,48.72,0.0,0.0,0.0,65.0,48.72,48.72
2025-02-11 22:00:00,47.16,0.0,0.0,0.0,65.0,47.16,47.16
2025-02-11 23:00:00,31.68,0.0,0.0,0.0,65.0,31.68,31.68
2025-02-12 00:00:00,23.64,0.0,0.0,0.0,65.0,23.64,23.64
2025-02-12 01:00:00,23.16,0.0,0.0,0.0,65.0,23.16,23.16
2025-02-12 02:00:00,22.08,0.0,26.762523832128,0.0,88.5510209722727,48.842523832127995,22.08
2025-02-12 03:00:00,22.8,0.0,75.0,0.0,154.551020972273,97.8,22.8
2025-02-12 04:00:00,22.32,0.0,75.0,0.0,220.551020972273,97.32,22.32
2025-02-12 05:00:00,22.44,0.0,75.0,0.0,286.551020972273,97.44,22.44
2025-02-12 06:00:00,22.68,0.0,75.0,0.0,352.551020972273,97.68,22.68
2025-02-12 07:00:00,22.32,2.79404290277269,0.0,19.5259570972273,333.025063875045,7.105427357601002e-15,19.52595709722731
2025-02-12 08:00:00,22.44,7.401666625094013,0.0,15.038333374906,317.986730500139,-1.0658141036401503e-14,15.038333374905989
2025-02-12 09:00:00,22.92,11.163775640570854,0.0,11.7562243594291,306.23050614071,4.796163466380676e-14,11.756224359429147
2025-02-12 10:00:00,24.84,13.823988436977574,0.0,11.0160115630224,295.214494577688,2.6645352591003757e-14,11.016011563022426
2025-02-12 11:00:00,21.72,15.20101590844856,0.0,6.51898409155144,288.695510486136,-1.7763568394002505e-15,6.518984091551438
2025-02-12 12:00:00,22.92,15.20101590844856,0.0,7.71898409155144,280.976526394585,8.881784197001252e-16,7.718984091551441
2025-02-12 13:00:00,36.6,13.823988436977574,0.0,22.7760115630224,258.200514831562,2.842170943040401e-14,22.77601156302243
2025-02-12 14:00:00,39.36,11.163775640570854,0.0,28.1962243594291,230.004290472133,4.618527782440651e-14,28.196224359429145
2025-02-12 15:00:00,39.72,7.401666625094013,0.0,32.318333374906,197.685957097227,-7.105427357601002e-15,32.31833337490599
2025-02-12 16:00:00,46.8,2.79404290277269,0.0,44.0059570972273,153.68,7.105427357601002e-15,44.00595709722731
2025-02-12 17:00:00,45.12,0.0,0.0,45.12,108.56,0.0,45.12
2025-02-12 18:00:00,43.56,0.0,0.0,43.56,65.0,0.0,43.56
2025-02-12 19:00:00,42.0,0.0,0.0,0.0,65.0,42.0,42.0
2025-02-12 20:00:00,41.52,0.0,0.0,0.0,65.0,41.52,41.52
2025-02-12 21:00:00,32.64,0.0,0.0,0.0,65.0,32.64,32.64
2025-02-12 22:00:00,22.32,0.0,0.0,0.0,65.0,22.32,22.32
2025-02-12 23:00:00,23.04,0.0,0.0,0.0,65.0,23.04,23.04
2025-02-13 00:00:00,22.92,0.0,0.0,0.0,65.0,22.92,22.92
2025-02-13 01:00:00,22.2,0.0,0.0,0.0,65.0,22.2,22.2
2025-02-13 02:00:00,23.64,0.0,38.2149561405537,0.0,98.6291614036872,61.8549561405537,23.64
2025-02-13 03:00:00,23.88,0.0,75.0,0.0,164.629161403687,98.88,23.88
2025-02-13 04:00:00,22.32,0.0,75.0,0.0,230.629161403687,97.32,22.32
2025-02-13 05:00:00,22.68,0.0,75.0,0.0,296.629161403687,97.68,22.68
2025-02-13 06:00:00,22.2,0.0,75.0,0.0,362.629161403687,97.2,22.2
2025-02-13 07:00:00,22.92,2.915920943304605,0.0,20.0040790566954,342.625082346992,-3.552713678800501e-15,20.004079056695396
2025-02-13 08:00:00,22.8,7.530066146527887,0.0,15.2699338534721,327.35514849352,1.4210854715202004e-14,15.269933853472114
2025-02-13 09:00:00,24.0,11.297499928863768,0.0,12.7025000711362,314.652648422383,3.197442310920451e-14,12.702500071136232
2025-02-13 10:00:00,22.92,13.961477904024749,0.0,8.95852209597525,305.694126326408,3.552713678800501e-15,8.958522095975253
2025-02-13 11:00:00,22.56,15.340454375435373,0.0,7.21954562456463,298.474580701844,-4.440892098500626e-15,7.219545624564626
2025-02-13 12:00:00,22.8,15.340454375435373,0.0,7.45954562456463,291.015035077279,-1.7763568394002505e-15,7.459545624564628
2025-02-13 13:00:00,29.28,13.961477904024749,0.0,15.3185220959753,275.696512981304,-4.796163466380676e-14,15.318522095975252
2025-02-13 14:00:00,42.24,11.297499928863768,0.0,30.9425000711362,244.754012910167,3.197442310920451e-14,30.942500071136234
2025-02-13 15:00:00,46.44,7.530066146527887,0.0,38.9099338534721,205.844079056695,1.4210854715202004e-14,38.90993385347211
2025-02-13 16:00:00,50.28,2.915920943304605,0.0,47.3640790566954,158.48,-7.105427357601002e-15,47.364079056695395
2025-02-13 17:00:00,50.16,0.0,0.0,50.16,108.32,0.0,50.16
2025-02-13 18:00:00,43.32,0.0,0.0,43.32,65.0,0.0,43.32
2025-02-13 19:00:00,41.4,0.0,0.0,0.0,65.0,41.4,41.4
2025-02-13 20:00:00,40.44,0.0,0.0,0.0,65.0,40.44,40.44
2025-02-13 21:00:00,31.08,0.0,0.0,0.0,65.0,31.08,31.08
2025-02-13 22:00:00,22.68,0.0,0.0,0.0,65.0,22.68,22.68
2025-02-13 23:00:00,22.32,0.0,0.0,0.0,65.0,22.32,22.32
2025-02-14 00:00:00,22.56,0.0,0.0,0.0,65.0,22.56,22.56
2025-02-14 01:00:00,22.44,0.0,38.3773363613332,0.0,98.7720559979732,60.817336361333204,22.44
2025-02-14 02:00:00,34.8,0.0,74.88,0.0,164.666455997973,109.67999999999999,34.8
2025-02-14 03:00:00,38.76,0.0,70.92,0.0,227.076055997973,109.68,38.76
2025-02-14 04:00:00,38.16,0.0,71.52,0.0,290.013655997973,109.67999999999999,38.16
2025-02-14 05:00:00,28.2,0.0,75.0,0.0,356.013655997973,103.2,28.2
2025-02-14 06:00:00,22.32,0.0,75.0,0.0,422.013655997973,97.32,22.32
2025-02-14 07:00:00,21.96,3.039266895022751,0.0,18.9207331049772,403.092922892996,4.973799150320701e-14,18.92073310497725
2025-02-14 08:00:00,21.96,7.659868207241312,0.0,14.3001317927587,388.792791100237,-1.0658141036401503e-14,14.30013179275869
2025-02-14 09:00:00,27.12,11.43257338049793,0.0,15.6874266195021,373.105364480735,-2.842170943040401e-14,15.687426619502071
2025-02-14 10:00:00,39.48,14.100278791925254,0.0,25.3797212080747,347.72564327266,4.263256414560601e-14,25.37972120807474
2025-02-14 11:00:00,39.96,15.48118472632615,0.0,24.4788152736739,323.246827998987,-4.618527782440651e-14,24.478815273673852
2025-02-14 12:00:00,44.16,15.48118472632615,0.0,28.6788152736738,294.568012725313,4.973799150320701e-14,28.678815273673848
2025-02-14 13:00:00,44.88,14.100278791925254,0.0,30.7797212080747,263.788291517238,4.618527782440651e-14,30.779721208074747
2025-02-14 14:00:00,41.28,11.43257338049793,0.0,29.8474266195021,233.940864897736,-2.842170943040401e-14,29.847426619502073
2025-02-14 15:00:00,48.36,7.659868207241312,0.0,40.7001317927587,193.240733104977,-7.105427357601002e-15,40.70013179275869
2025-02-14 16:00:00,49.56,3.039266895022751,0.0,46.5207331049773,146.72,-4.973799150320701e-14,46.52073310497725
2025-02-14 17:00:00,41.16,0.0,0.0,41.16,105.56,0.0,41.16
2025-02-14 18:00:00,40.56,0.0,0.0,40.56,65.0,0.0,40.56
2025-02-14 19:00:00,40.56,0.0,0.0,0.0,65.0,40.56,40.56
2025-02-14 20:00:00,39.12,0.0,0.0,0.0,65.0,39.12,39.12
2025-02-14 21:00:00,36.84,0.0,0.0,0.0,65.0,36.84,36.84
2025-02-14 22:00:00,22.2,0.0,0.0,0.0,65.0,22.2,22.2
2025-02-14 23:00:00,22.92,0.0,0.0,0.0,65.0,22.92,22.92
2025-02-15 00:00:00,22.44,0.0,0.0,0.0,65.0,22.44,22.44
2025-02-15 01:00:00,21.96,0.0,0.0,0.0,65.0,21.96,21.96
2025-02-15 02:00:00,22.68,0.0,0.0,0.0,65.0,22.68,22.68
2025-02-15 03:00:00,22.44,0.0,0.0,0.0,65.0,22.44,22.44
2025-02-15 04:00:00,22.2,0.0,0.0,0.0,65.0,22.2,22.2
2025-02-15 05:00:00,22.92,0.0,0.0,0.0,65.0,22.92,22.92
2025-02-15 06:00:00,27.24,0.0,0.0,0.0,65.0,27.24,27.24
2025-02-15 07:00:00,39.12,3.1640365719990213,0.0,0.0,65.0,35.95596342800098,35.95596342800098
2025-02-15 08:00:00,49.08,7.791020870997505,0.0,0.0,65.0,41.28897912900249,41.28897912900249
2025-02-15 09:00:00,50.28,11.56893773113604,0.0,0.0,65.0,38.71106226886396,38.71106226886396
2025-02-15 10:00:00,53.76,14.240328361698984,0.0,0.0,65.0,39.51967163830101,39.51967163830101
2025-02-15 11:00:00,45.72,15.623141905895231,0.0,0.0,65.0,30.096858094104768,30.096858094104768
2025-02-15 12:00:00,42.24,15.623141905895231,0.0,0.0,65.0,26.61685809410477,26.61685809410477
2025-02-15 13:00:00,41.16,14.240328361698984,0.0,0.0,65.0,26.91967163830101,26.91967163830101
2025-02-15 14:00:00,39.72,11.56893773113604,0.0,0.0,65.0,28.15106226886396,28.15106226886396
2025-02-15 15:00:00,38.76,7.791020870997505,0.0,0.0,65.0,30.96897912900249,30.96897912900249
2025-02-15 16:00:00,38.16,3.1640365719990213,0.0,0.0,65.0,34.99596342800098,34.99596342800098
2025-02-15 17:00:00,39.72,0.0,0.0,0.0,65.0,39.72,39.72
2025-02-15 18:00:00,38.4,0.0,0.0,0.0,65.0,38.4,38.4
2025-02-15 19:00:00,38.4,0.0,0.0,0.0,65.0,38.4,38.4
2025-02-15 20:00:00,38.64,0.0,0.0,0.0,65.0,38.64,38.64
2025-02-15 21:00:00,38.76,0.0,0.0,0.0,65.0,38.76,38.76
2025-02-15 22:00:00,26.76,0.0,0.0,0.0,65.0,26.76,26.76
2025-02-15 23:00:00,22.56,0.0,0.0,0.0,65.0,22.56,22.56
2025-02-16 00:00:00,22.32,0.0,0.0,0.0,65.0,22.32,22.32
2025-02-16 01:00:00,22.32,0.0,0.0,0.0,65.0,22.32,22.32
2025-02-16 02:00:00,23.4,0.0,0.0,0.0,65.0,23.4,23.4
2025-02-16 03:00:00,39.12,0.0,0.0,0.0,65.0,39.12,39.12
2025-02-16 04:00:00,38.88,0.0,0.0,0.0,65.0,38.88,38.88
2025-02-16 05:00:00,38.28,0.0,0.0,0.0,65.0,38.28,38.28
2025-02-16 06:00:00,26.64,0.0,0.0,0.0,65.0,26.64,26.64
2025-02-16 07:00:00,22.32,3.290185112769627,0.0,0.0,65.0,19.029814887230373,19.029814887230373
2025-02-16 08:00:00,21.96,7.923471603457609,0.0,0.0,65.0,14.03652839654239,14.03652839654239
2025-02-16 09:00:00,24.0,11.706534181562974,0.0,0.0,65.0,12.293465818437026,12.293465818437026
2025-02-16 10:00:00,37.68,14.381563384194338,0.0,0.0,65.0,23.298436615805663,23.298436615805663
2025-02-16 11:00:00,38.4,15.766260391887151,0.0,0.0,65.0,22.633739608112847,22.633739608112847
2025-02-16 12:00:00,37.2,15.766260391887151,0.0,0.0,65.0,21.43373960811285,21.43373960811285
2025-02-16 13:00:00,37.68,14.381563384194338,0.0,0.0,65.0,23.298436615805663,23.298436615805663
2025-02-16 14:00:00,37.92,11.706534181562974,0.0,0.0,65.0,26.21346581843703,26.21346581843703
2025-02-16 15:00:00,39.6,7.923471603457609,0.0,0.0,65.0,31.67652839654239,31.67652839654239
2025-02-16 16:00:00,43.56,3.290185112769627,0.0,0.0,65.0,40.269814887230375,40.269814887230375
2025-02-16 17:00:00,40.56,0.0,0.0,0.0,65.0,40.56,40.56
2025-02-16 18:00:00,42.72,0.0,0.0,0.0,65.0,42.72,42.72
2025-02-16 19:00:00,57.0,0.0,0.0,0.0,65.0,57.0,57.0
2025-02-16 20:00:00,60.24,0.0,0.0,0.0,65.0,60.24,60.24
2025-02-16 21:00:00,53.52,0.0,0.0,0.0,65.0,53.52,53.52
2025-02-16 22:00:00,45.12,0.0,0.0,0.0,65.0,45.12,45.12
2025-02-16 23:00:00,42.0,0.0,0.0,0.0,65.0,42.0,42.0
2025-02-17 00:00:00,41.4,0.0,0.0,0.0,65.0,41.4,41.4
2025-02-17 01:00:00,39.96,0.0,0.0,0.0,65.0,39.96,39.96
2025-02-17 02:00:00,39.36,0.0,0.0,0.0,65.0,39.36,39.36
2025-02-17 03:00:00,38.28,0.0,0.0,0.0,65.0,38.28,38.28
2025-02-17 04:00:00,38.76,0.0,0.0,0.0,65.0,38.76,38.76
2025-02-17 05:00:00,39.0,0.0,0.0,0.0,65.0,39.0,39.0
2025-02-17 06:00:00,37.92,0.0,0.0,0.0,65.0,37.92,37.92
2025-02-17 07:00:00,38.4,3.417667000626202,0.0,0.0,65.0,34.982332999373796,34.982332999373796
2025-02-17 08:00:00,38.04,8.057167302073612,0.0,0.0,65.0,29.982832697926387,29.982832697926387
2025-02-17 09:00:00,43.68,11.845303435418575,0.0,0.0,65.0,31.834696564581424,31.834696564581424
2025-02-17 10:00:00,41.88,14.52392018336459,0.0,0.0,65.0,27.356079816635415,27.356079816635415
2025-02-17 11:00:00,39.24,15.910474241162603,0.0,0.0,65.0,23.3295257588374,23.3295257588374
2025-02-17 12:00:00,37.92,15.910474241162603,0.0,0.0,65.0,22.0095257588374,22.0095257588374
2025-02-17 13:00:00,38.16,14.52392018336459,0.0,0.0,65.0,23.63607981663541,23.63607981663541
2025-02-17 14:00:00,38.64,11.845303435418575,0.0,0.0,65.0,26.794696564581425,26.794696564581425
2025-02-17 15:00:00,43.8,8.057167302073612,0.0,0.0,65.0,35.74283269792639,35.74283269792639
2025-02-17 16:00:00,58.08,3.417667000626202,0.0,0.0,65.0,54.662332999373795,54.662332999373795
2025-02-17 17:00:00,62.76,0.0,0.0,0.0,65.0,62.76,62.76
2025-02-17 18:00:00,61.2,0.0,0.0,0.0,65.0,61.2,61.2
2025-02-17 19:00:00,55.68,0.0,0.0,0.0,65.0,55.68,55.68
2025-02-17 20:00:00,51.48,0.0,0.0,0.0,65.0,51.48,51.48
2025-02-17 21:00:00,48.0,0.0,0.0,0.0,65.0,48.0,48.0
2025-02-17 22:00:00,48.0,0.0,0.0,0.0,65.0,48.0,48.0
2025-02-17 23:00:00,41.52,0.0,0.0,0.0,65.0,41.52,41.52
2025-02-18 00:00:00,41.64,0.0,0.0,0.0,65.0,41.64,41.64
2025-02-18 01:00:00,38.76,0.0,29.7319818929011,0.0,91.164144065753,68.4919818929011,38.76
2025-02-18 02:00:00,38.28,0.0,71.4,0.0,153.996144065753,109.68,38.28
2025-02-18 03:00:00,38.04,0.0,71.64,0.0,217.039344065753,109.68,38.04
2025-02-18 04:00:00,38.28,0.0,71.4,0.0,279.871344065753,109.68,38.28
2025-02-18 05:00:00,37.8,0.0,71.88,0.0,343.125744065753,109.67999999999999,37.8
2025-02-18 06:00:00,38.52,0.0,71.16,0.0,405.746544065753,109.68,38.52
2025-02-18 07:00:00,28.8,3.5464360849870475,0.0,25.253563915013,380.49298015074,-4.618527782440651e-14,25.253563915012954
2025-02-18 08:00:00,21.96,8.192054327000086,0.0,13.7679456729999,366.72503447774,1.4210854715202004e-14,13.767945672999915
2025-02-18 09:00:00,24.72,11.985185737899206,0.0,12.7348142621008,353.990220215639,-7.105427357601002e-15,12.734814262100793
2025-02-18 10:00:00,32.04,14.667334680477673,0.0,17.3726653195223,336.617554896117,2.4868995751603507e-14,17.372665319522326
2025-02-18 11:00:00,39.12,16.05571713675946,0.0,23.0642828632405,313.553272032877,3.907985046680551e-14,23.06428286324054
2025-02-18 12:00:00,38.4,16.05571713675946,0.0,22.3442828632405,291.208989169636,3.907985046680551e-14,22.34428286324054
2025-02-18 13:00:00,38.04,14.667334680477673,0.0,23.3726653195223,267.836323850114,2.4868995751603507e-14,23.372665319522326
2025-02-18 14:00:00,38.52,11.985185737899206,0.0,26.5348142621008,241.301509588013,-3.552713678800501e-15,26.534814262100795
2025-02-18 15:00:00,44.28,8.192054327000086,0.0,36.0879456729999,205.213563915013,1.4210854715202004e-14,36.087945672999915
2025-02-18 16:00:00,50.4,3.5464360849870475,0.0,46.8535639150129,158.36,4.973799150320701e-14,46.85356391501295
2025-02-18 17:00:00,47.16,0.0,0.0,47.16,111.2,0.0,47.16
2025-02-18 18:00:00,46.2,0.0,0.0,46.2,65.0,0.0,46.2
2025-02-18 19:00:00,44.28,0.0,0.0,0.0,65.0,44.28,44.28
2025-02-18 20:00:00,40.08,0.0,0.0,0.0,65.0,40.08,40.08
2025-02-18 21:00:00,23.04,0.0,0.0,0.0,65.0,23.04,23.04
2025-02-18 22:00:00,22.44,0.0,0.0,0.0,65.0,22.44,22.44
2025-02-18 23:00:00,22.68,0.0,0.0,0.0,65.0,22.68,22.68
2025-02-19 00:00:00,21.96,0.0,0.0,0.0,65.0,21.96,21.96
2025-02-19 01:00:00,33.36,0.0,0.0,0.0,65.0,33.36,33.36
2025-02-19 02:00:00,39.0,0.0,55.6483865289385,0.0,113.970580145466,94.6483865289385,39.0
2025-02-19 03:00:00,38.52,0.0,71.16,0.0,176.591380145466,109.68,38.52
2025-02-19 04:00:00,29.28,0.0,75.0,0.0,242.591380145466,104.28,29.28
2025-02-19 05:00:00,22.68,0.0,75.0,0.0,308.591380145466,97.68,22.68
2025-02-19 06:00:00,22.32,0.0,75.0,0.0,374.591380145466,97.32,22.32
2025-02-19 07:00:00,21.84,3.676445603837958,0.0,18.163554396162,356.427825749304,4.263256414560601e-14,18.16355439616204
2025-02-19 08:00:00,21.72,8.32807853300036,0.0,13.3919214669996,343.035904282304,3.907985046680551e-14,13.391921466999639
2025-02-19 09:00:00,32.04,12.126120915392285,0.0,19.9138790846077,323.122025197696,1.4210854715202004e-14,19.913879084607714
2025-02-19 10:00:00,39.96,14.811742439215523,0.0,25.1482575607845,297.973767636912,-2.1316282072803006e-14,25.14825756078448
2025-02-19 11:00:00,37.92,16.201922435820943,0.0,21.7180775641791,276.255690072733,-4.263256414560601e-14,21.718077564179058
2025-02-19 12:00:00,38.52,16.201922435820943,0.0,22.3180775641791,253.937612508554,-3.907985046680551e-14,22.31807756417906
2025-02-19 13:00:00,37.44,14.811742439215523,0.0,22.6282575607845,231.309354947769,-2.4868995751603507e-14,22.628257560784476
2025-02-19 14:00:00,38.04,12.126120915392285,0.0,25.9138790846077,205.395475863162,1.4210854715202004e-14,25.913879084607714
2025-02-19 15:00:00,37.68,8.32807853300036,0.0,29.3519214669996,176.043554396162,4.263256414560601e-14,29.35192146699964
2025-02-19 16:00:00,38.04,3.676445603837958,0.0,34.363554396162,141.68,4.263256414560601e-14,34.363554396162044
2025-02-19 17:00:00,38.28,0.0,0.0,38.28,103.4,0.0,38.28
2025-02-19 18:00:00,38.4,0.0,0.0,38.4,65.0,0.0,38.4
2025-02-19 19:00:00,38.16,0.0,0.0,0.0,65.0,38.16,38.16
2025-02-19 20:00:00,36.72,0.0,0.0,0.0,65.0,36.72,36.72
2025-02-19 21:00:00,21.96,0.0,0.0,0.0,65.0,21.96,21.96
2025-02-19 22:00:00,21.84,0.0,0.0,0.0,65.0,21.84,21.84
2025-02-19 23:00:00,22.2,0.0,0.0,0.0,65.0,22.2,22.2
2025-02-20 00:00:00,38.4,0.0,0.0,0.0,65.0,38.4,38.4
2025-02-20 01:00:00,38.04,0.0,65.4603691176948,0.0,122.605124823571,103.50036911769479,38.04
2025-02-20 02:00:00,38.4,0.0,71.28,0.0,185.331524823571,109.68,38.4
2025-02-20 03:00:00,38.04,0.0,71.64,0.0,248.374724823571,109.68,38.04
2025-02-20 04:00:00,38.64,0.0,71.04,0.0,310.889924823571,109.68,38.64
2025-02-20 05:00:00,38.28,0.0,71.4,0.0,373.721924823571,109.68,38.28
2025-02-20 06:00:00,26.52,0.0,75.0,0.0,439.721924823571,101.52,26.52
2025-02-20 07:00:00,21.72,3.807648207228729,0.0,17.9123517927713,421.8095730308,-3.197442310920451e-14,17.91235179277127
2025-02-20 08:00:00,21.6,8.46518530231916,0.0,13.1348146976808,408.674758333119,4.085620730620576e-14,13.134814697680842
2025-02-20 09:00:00,36.48,12.268048416004556,0.0,24.2119515839954,384.462806749124,4.263256414560601e-14,24.211951583995443
2025-02-20 10:00:00,40.8,14.957078711615686,0.0,25.8429212883843,358.61988546074,1.0658141036401503e-14,25.84292128838431
2025-02-20 11:00:00,38.52,16.349023218339333,0.0,22.1709767816607,336.448908679079,-2.842170943040401e-14,22.17097678166067
2025-02-20 12:00:00,38.52,16.349023218339333,0.0,22.1709767816607,314.277931897418,-2.842170943040401e-14,22.17097678166067
2025-02-20 13:00:00,38.04,14.957078711615686,0.0,23.0829212883843,291.195010609034,1.4210854715202004e-14,23.082921288384313
2025-02-20 14:00:00,39.6,12.268048416004556,0.0,27.3319515839954,263.863059025038,4.618527782440651e-14,27.331951583995448
2025-02-20 15:00:00,50.4,8.46518530231916,0.0,41.9348146976808,221.928244327358,3.552713678800501e-14,41.934814697680835
2025-02-20 16:00:00,53.04,3.807648207228729,0.0,49.2323517927713,172.695892534586,-2.842170943040401e-14,49.23235179277127
2025-02-20 17:00:00,52.56,0.0,0.0,52.56,120.135892534586,0.0,52.56
2025-02-20 18:00:00,48.6,0.0,0.0,48.6,71.5358925345863,0.0,48.6
2025-02-20 19:00:00,42.12,0.0,0.0,0.0,71.5358925345863,42.12,42.12
2025-02-20 20:00:00,41.76,0.0,0.0,0.0,71.5358925345863,41.76,41.76
2025-02-20 21:00:00,40.56,0.0,0.0,0.0,71.5358925345863,40.56,40.56
2025-02-20 22:00:00,31.68,0.0,0.0,0.0,71.5358925345863,31.68,31.68
2025-02-20 23:00:00,21.72,0.0,0.0,0.0,71.5358925345863,21.72,21.72
2025-02-21 00:00:00,23.16,0.0,75.0,0.0,137.535892534586,98.16,23.16
2025-02-21 01:00:00,25.8,0.0,0.0,0.0,137.535892534586,25.8,25.8
2025-02-21 02:00:00,38.88,0.0,70.8,0.0,199.839892534586,109.68,38.88
2025-02-21 03:00:00,38.16,0.0,71.52,0.0,262.777492534586,109.67999999999999,38.16
2025-02-21 04:00:00,39.0,0.0,70.68,0.0,324.975892534586,109.68,39.0
2025-02-21 05:00:00,38.64,0.0,71.04,0.0,387.491092534586,109.68,38.64
2025-02-21 06:00:00,34.68,0.0,75.0,0.0,453.491092534586,109.68,34.68
2025-02-21 07:00:00,22.08,3.939995981808678,0.0,18.1400040181913,435.351088516395,2.1316282072803006e-14,18.14000401819132
2025-02-21 08:00:00,24.12,8.603319578491046,0.0,15.516680421509,419.834408094886,-4.440892098500626e-14,15.516680421508955
2025-02-21 09:00:00,25.8,12.410907350941788,0.0,13.3890926490582,406.445315445828,1.2434497875801753e-14,13.389092649058213
2025-02-21 10:00:00,40.92,15.103278484804688,0.0,25.8167215151953,380.628593930632,1.0658141036401503e-14,25.81672151519531
2025-02-21 11:00:00,44.76,16.49695233666066,0.0,28.2630476633393,352.365546267293,3.907985046680551e-14,28.26304766333934
2025-02-21 12:00:00,48.12,16.49695233666066,0.0,31.6230476633393,320.742498603954,3.907985046680551e-14,31.62304766333934
2025-02-21 13:00:00,48.36,15.103278484804688,0.0,33.2567215151953,287.485777088758,7.105427357601002e-15,33.25672151519531
2025-02-21 14:00:00,48.12,12.410907350941788,0.0,35.7090926490582,251.7766844397,7.105427357601002e-15,35.709092649058206
2025-02-21 15:00:00,54.24,8.603319578491046,0.0,45.636680421509,206.140004018191,-4.263256414560601e-14,45.636680421508956
2025-02-21 16:00:00,53.4,3.939995981808678,0.0,49.4600040181913,156.68,2.1316282072803006e-14,49.46000401819132
2025-02-21 17:00:00,48.72,0.0,0.0,48.72,107.96,0.0,48.72
2025-02-21 18:00:00,42.96,0.0,0.0,42.96,65.0,0.0,42.96
2025-02-21 19:00:00,40.8,0.0,0.0,0.0,65.0,40.8,40.8
2025-02-21 20:00:00,39.72,0.0,0.0,0.0,65.0,39.72,39.72
2025-02-21 21:00:00,39.0,0.0,0.0,0.0,65.0,39.0,39.0
2025-02-21 22:00:00,38.28,0.0,0.0,0.0,65.0,38.28,38.28
2025-02-21 23:00:00,24.0,0.0,0.0,0.0,65.0,24.0,24.0
2025-02-22 00:00:00,22.56,0.0,0.0,0.0,65.0,22.56,22.56
2025-02-22 01:00:00,21.6,0.0,0.0,0.0,65.0,21.6,21.6
2025-02-22 02:00:00,26.76,0.0,0.0,0.0,65.0,26.76,26.76
2025-02-22 03:00:00,38.64,0.0,0.0,0.0,65.0,38.64,38.64
2025-02-22 04:00:00,37.68,0.0,0.0,0.0,65.0,37.68,37.68
2025-02-22 05:00:00,37.68,0.0,0.0,0.0,65.0,37.68,37.68
2025-02-22 06:00:00,37.8,0.0,0.0,0.0,65.0,37.8,37.8
2025-02-22 07:00:00,37.92,4.073440476381031,0.0,0.0,65.0,33.84655952361897,33.84655952361897
2025-02-22 08:00:00,30.96,8.742425901050318,0.0,0.0,65.0,22.217574098949683,22.217574098949683
2025-02-22 09:00:00,21.84,12.55463653669418,0.0,0.0,65.0,9.28536346330582,9.28536346330582
2025-02-22 10:00:00,21.96,15.250276528469431,0.0,0.0,65.0,6.70972347153057,6.70972347153057
2025-02-22 11:00:00,30.6,16.64564246569231,0.0,0.0,65.0,13.954357534307693,13.954357534307693
2025-02-22 12:00:00,37.2,16.64564246569231,0.0,0.0,65.0,20.554357534307695,20.554357534307695
2025-02-22 13:00:00,37.08,15.250276528469431,0.0,0.0,65.0,21.829723471530567,21.829723471530567
2025-02-22 14:00:00,37.92,12.55463653669418,0.0,0.0,65.0,25.365363463305822,25.365363463305822
2025-02-22 15:00:00,36.96,8.742425901050318,0.0,0.0,65.0,28.217574098949683,28.217574098949683
2025-02-22 16:00:00,37.44,4.073440476381031,0.0,0.0,65.0,33.36655952361897,33.36655952361897
2025-02-22 17:00:00,38.28,0.0,0.0,0.0,65.0,38.28,38.28
2025-02-22 18:00:00,38.52,0.0,0.0,0.0,65.0,38.52,38.52
2025-02-22 19:00:00,38.04,0.0,0.0,0.0,65.0,38.04,38.04
2025-02-22 20:00:00,38.52,0.0,0.0,0.0,65.0,38.52,38.52
2025-02-22 21:00:00,37.8,0.0,0.0,0.0,65.0,37.8,37.8
2025-02-22 22:00:00,38.64,0.0,0.0,0.0,65.0,38.64,38.64
2025-02-22 23:00:00,38.4,0.0,0.0,0.0,65.0,38.4,38.4
2025-02-23 00:00:00,26.04,0.0,0.0,0.0,65.0,26.04,26.04
2025-02-23 01:00:00,22.32,0.0,0.0,0.0,65.0,22.32,22.32
2025-02-23 02:00:00,21.84,0.0,0.0,0.0,65.0,21.84,21.84
2025-02-23 03:00:00,22.56,0.0,0.0,0.0,65.0,22.56,22.56
2025-02-23 04:00:00,34.2,0.0,0.0,0.0,65.0,34.2,34.2
2025-02-23 05:00:00,39.24,0.0,0.0,0.0,65.0,39.24,39.24
2025-02-23 06:00:00,38.88,0.0,0.0,0.0,65.0,38.88,38.88
2025-02-23 07:00:00,37.92,4.2079327284532,0.0,0.0,65.0,33.7120672715468,33.7120672715468
2025-02-23 08:00:00,26.76,8.882448441105403,0.0,0.0,65.0,17.8775515588946,17.8775515588946
2025-02-23 09:00:00,25.68,12.69917453797886,0.0,0.0,65.0,12.980825462021139,12.980825462021139
2025-02-23 10:00:00,24.72,15.398007443009746,0.0,0.0,65.0,9.321992556990253,9.321992556990253
2025-02-23 11:00:00,22.92,16.795026153752456,0.0,0.0,65.0,6.124973846247546,6.124973846247546
2025-02-23 12:00:00,29.76,16.795026153752456,0.0,0.0,65.0,12.964973846247545,12.964973846247545
2025-02-23 13:00:00,39.84,15.398007443009746,0.0,0.0,65.0,24.441992556990257,24.441992556990257
2025-02-23 14:00:00,39.72,12.69917453797886,0.0,0.0,65.0,27.020825462021136,27.020825462021136
2025-02-23 15:00:00,45.24,8.882448441105403,0.0,0.0,65.0,36.3575515588946,36.3575515588946
2025-02-23 16:00:00,47.76,4.2079327284532,0.0,0.0,65.0,43.5520672715468,43.5520672715468
2025-02-23 17:00:00,47.52,0.0,0.0,0.0,65.0,47.52,47.52
2025-02-23 18:00:00,32.16,0.0,0.0,0.0,65.0,32.16,32.16
2025-02-23 19:00:00,29.28,0.0,0.0,0.0,65.0,29.28,29.28
2025-02-23 20:00:00,33.84,0.0,0.0,0.0,65.0,33.84,33.84
2025-02-23 21:00:00,32.52,0.0,0.0,0.0,65.0,32.52,32.52
2025-02-23 22:00:00,25.44,0.0,0.0,0.0,65.0,25.44,25.44
2025-02-23 23:00:00,25.56,0.0,0.0,0.0,65.0,25.56,25.56
2025-02-24 00:00:00,24.12,0.0,0.0,0.0,65.0,24.12,24.12
2025-02-24 01:00:00,24.12,0.0,0.0,0.0,65.0,24.12,24.12
2025-02-24 02:00:00,23.64,0.0,0.0,0.0,65.0,23.64,23.64
2025-02-24 03:00:00,22.08,0.0,0.0,0.0,65.0,22.08,22.08
2025-02-24 04:00:00,22.44,0.0,58.8576008563858,0.0,116.79468875362,81.2976008563858,22.44
2025-02-24 05:00:00,22.92,0.0,75.0,0.0,182.79468875362,97.92,22.92
2025-02-24 06:00:00,23.28,0.0,75.0,0.0,248.79468875362,98.28,23.28
2025-02-24 07:00:00,22.56,4.343423291756574,0.0,18.2165767082434,230.578112045376,2.1316282072803006e-14,18.216576708243423
2025-02-24 08:00:00,22.44,9.023331037737142,0.0,13.4166689622629,217.161443083113,-4.085620730620576e-14,13.41666896226286
2025-02-24 09:00:00,22.44,12.84445971138746,0.0,9.59554028861254,207.565902794501,1.7763568394002505e-15,9.595540288612542
2025-02-24 10:00:00,22.32,15.546405708311958,0.0,6.77359429168804,200.792308502813,1.7763568394002505e-15,6.773594291688042
2025-02-24 11:00:00,22.32,16.94503587399711,0.0,5.37496412600289,195.41734437681,0.0,5.37496412600289
2025-02-24 12:00:00,22.68,16.94503587399711,0.0,5.73496412600289,189.682380250807,0.0,5.73496412600289
2025-02-24 13:00:00,22.08,15.546405708311958,0.0,6.53359429168804,183.148785959119,0.0,6.53359429168804
2025-02-24 14:00:00,22.44,12.84445971138746,0.0,9.59554028861254,173.553245670506,1.7763568394002505e-15,9.595540288612542
2025-02-24 15:00:00,21.96,9.023331037737142,0.0,12.9366689622629,160.616576708243,-4.085620730620576e-14,12.936668962262859
2025-02-24 16:00:00,21.72,4.343423291756574,0.0,17.3765767082434,143.24,2.4868995751603507e-14,17.376576708243427
2025-02-24 17:00:00,31.08,0.0,0.0,31.08,112.16,0.0,31.08
2025-02-24 18:00:00,47.16,0.0,0.0,47.16,65.0,0.0,47.16
2025-02-24 19:00:00,47.64,0.0,0.0,0.0,65.0,47.64,47.64
2025-02-24 20:00:00,54.84,0.0,0.0,0.0,65.0,54.84,54.84
2025-02-24 21:00:00,53.4,0.0,0.0,0.0,65.0,53.4,53.4
2025-02-24 22:00:00,48.72,0.0,0.0,0.0,65.0,48.72,48.72
2025-02-24 23:00:00,30.48,0.0,0.0,0.0,65.0,30.48,30.48
2025-02-25 00:00:00,25.68,0.0,0.0,0.0,65.0,25.68,25.68
2025-02-25 01:00:00,24.6,0.0,0.0,0.0,65.0,24.6,24.6
2025-02-25 02:00:00,23.04,0.0,64.8492737295276,0.0,122.067360881984,87.88927372952759,23.04
2025-02-25 03:00:00,22.44,0.0,75.0,0.0,188.067360881984,97.44,22.44
2025-02-25 04:00:00,22.56,0.0,75.0,0.0,254.067360881984,97.56,22.56
2025-02-25 05:00:00,22.2,0.0,75.0,0.0,320.067360881984,97.2,22.2
2025-02-25 06:00:00,22.44,0.0,75.0,0.0,386.067360881984,97.44,22.44
2025-02-25 07:00:00,35.4,4.479862264706829,0.0,30.9201377352932,355.147223146691,-2.842170943040401e-14,30.92013773529317
2025-02-25 08:00:00,39.72,9.165017235178013,0.0,30.554982764822,324.592240381869,-1.4210854715202004e-14,30.554982764821986
2025-02-25 09:00:00,38.4,12.990430249684271,0.0,25.4095697503157,299.182670631553,2.4868995751603507e-14,25.409569750315725
2025-02-25 10:00:00,38.04,15.695405733080923,0.0,22.3445942669191,276.838076364634,-2.4868995751603507e-14,22.344594266919074
2025-02-25 11:00:00,40.8,17.095604076357827,0.0,23.7043959236422,253.133680440992,-2.842170943040401e-14,23.70439592364217
2025-02-25 12:00:00,27.72,17.095604076357827,0.0,10.6243959236422,242.50928451735,-2.842170943040401e-14,10.624395923642172
2025-02-25 13:00:00,21.84,15.695405733080923,0.0,6.14459426691908,236.364690250431,-3.552713678800501e-15,6.144594266919077
2025-02-25 14:00:00,22.08,12.990430249684271,0.0,9.08956975031573,227.275120500115,-3.552713678800501e-15,9.089569750315727
2025-02-25 15:00:00,34.08,9.165017235178013,0.0,24.914982764822,202.360137735293,-1.4210854715202004e-14,24.914982764821985
2025-02-25 16:00:00,47.04,4.479862264706829,0.0,42.5601377352932,159.8,-3.552713678800501e-14,42.56013773529317
2025-02-25 17:00:00,47.64,0.0,0.0,47.64,112.16,0.0,47.64
2025-02-25 18:00:00,47.16,0.0,0.0,47.16,65.0,0.0,47.16
2025-02-25 19:00:00,46.56,0.0,0.0,0.0,65.0,46.56,46.56
2025-02-25 20:00:00,52.68,0.0,0.0,0.0,65.0,52.68,52.68
2025-02-25 21:00:00,42.6,0.0,0.0,0.0,65.0,42.6,42.6
2025-02-25 22:00:00,27.6,0.0,0.0,0.0,65.0,27.6,27.6
2025-02-25 23:00:00,25.8,0.0,0.0,0.0,65.0,25.8,25.8
2025-02-26 00:00:00,25.08,0.0,0.0,0.0,65.0,25.08,25.08
2025-02-26 01:00:00,23.16,0.0,0.0,0.0,65.0,23.16,23.16
2025-02-26 02:00:00,22.92,0.0,22.5607295186825,0.0,84.8534419764406,45.4807295186825,22.92
2025-02-26 03:00:00,23.04,0.0,75.0,0.0,150.853441976441,98.03999999999999,23.04
2025-02-26 04:00:00,22.44,0.0,75.0,0.0,216.853441976441,97.44,22.44
2025-02-26 05:00:00,23.4,0.0,75.0,0.0,282.853441976441,98.4,23.4
2025-02-26 06:00:00,23.04,0.0,75.0,0.0,348.853441976441,98.03999999999999,23.04
2025-02-26 07:00:00,22.68,4.617199319772221,0.0,18.0628006802278,330.790641296213,-2.1316282072803006e-14,18.062800680227777
2025-02-26 08:00:00,22.92,9.307450320725737,0.0,13.6125496792743,317.178091616939,-3.552713678800501e-14,13.612549679274265
2025-02-26 09:00:00,22.2,13.137024226697129,0.0,9.06297577330287,308.115115843636,0.0,9.06297577330287
2025-02-26 10:00:00,22.44,15.844941904664552,0.0,6.59505809533545,301.5200577483,0.0,6.59505809533545
2025-02-26 11:00:00,23.04,17.24666323992008,0.0,5.79333676007992,295.72672098822,8.881784197001252e-16,5.793336760079921
2025-02-26 12:00:00,25.08,17.24666323992008,0.0,7.83333676007992,287.89338422814,0.0,7.83333676007992
2025-02-26 13:00:00,39.12,15.844941904664552,0.0,23.2750580953354,264.618326132805,4.618527782440651e-14,23.275058095335446
2025-02-26 14:00:00,41.28,13.137024226697129,0.0,28.1429757733029,236.475350359502,-2.842170943040401e-14,28.142975773302872
2025-02-26 15:00:00,41.4,9.307450320725737,0.0,32.0925496792743,204.382800680228,-3.552713678800501e-14,32.09254967927426
2025-02-26 16:00:00,49.32,4.617199319772221,0.0,44.7028006802278,159.68,-2.1316282072803006e-14,44.70280068022778
2025-02-26 17:00:00,46.92,0.0,0.0,46.92,112.76,0.0,46.92
2025-02-26 18:00:00,47.76,0.0,0.0,47.76,65.0,0.0,47.76
2025-02-26 19:00:00,47.4,0.0,0.0,0.0,65.0,47.4,47.4
2025-02-26 20:00:00,45.24,0.0,0.0,0.0,65.0,45.24,45.24
2025-02-26 21:00:00,28.68,0.0,0.0,0.0,65.0,28.68,28.68
2025-02-26 22:00:00,25.2,0.0,0.0,0.0,65.0,25.2,25.2
2025-02-26 23:00:00,24.36,0.0,0.0,0.0,65.0,24.36,24.36
2025-02-27 00:00:00,21.96,0.0,0.0,0.0,65.0,21.96,21.96
2025-02-27 01:00:00,22.56,0.0,62.0835652164287,0.0,119.633537390457,84.6435652164287,22.56
2025-02-27 02:00:00,22.44,0.0,75.0,0.0,185.633537390457,97.44,22.44
2025-02-27 03:00:00,22.68,0.0,75.0,0.0,251.633537390457,97.68,22.68
2025-02-27 04:00:00,22.08,0.0,75.0,0.0,317.633537390457,97.08,22.08
2025-02-27 05:00:00,22.56,0.0,75.0,0.0,383.633537390457,97.56,22.56
2025-02-27 06:00:00,22.32,0.0,75.0,0.0,449.633537390457,97.32,22.32
2025-02-27 07:00:00,21.96,4.755383733714952,0.0,17.2046162662851,432.428921124172,-4.973799150320701e-14,17.20461626628505
2025-02-27 08:00:00,22.56,9.450573363342611,0.0,13.1094266366574,419.319494487515,-1.2434497875801753e-14,13.109426636657387
2025-02-27 09:00:00,22.44,13.284179642740911,0.0,9.15582035725909,410.163674130256,0.0,9.15582035725909
2025-02-27 10:00:00,25.92,15.99494863930278,0.0,9.92505136069722,400.238622769559,1.7763568394002505e-15,9.925051360697221
2025-02-27 11:00:00,36.96,17.3981459256701,0.0,19.5618540743299,380.676768695229,0.0,19.5618540743299
2025-02-27 12:00:00,38.04,17.3981459256701,0.0,20.6418540743299,360.034914620899,0.0,20.6418540743299
2025-02-27 13:00:00,37.8,15.99494863930278,0.0,21.8050513606972,338.229863260202,1.7763568394002505e-14,21.805051360697217
2025-02-27 14:00:00,46.8,13.284179642740911,0.0,33.5158203572591,304.714042902942,-1.4210854715202004e-14,33.51582035725909
2025-02-27 15:00:00,60.84,9.450573363342611,0.0,51.3894266366574,253.324616266285,-7.105427357601002e-15,51.38942663665739
2025-02-27 16:00:00,67.8,4.755383733714952,0.0,63.044616266285,190.28,4.973799150320701e-14,63.04461626628505
2025-02-27 17:00:00,67.08,0.0,0.0,67.08,123.2,0.0,67.08
2025-02-27 18:00:00,58.2,0.0,0.0,58.2,65.0,0.0,58.2
2025-02-27 19:00:00,46.56,0.0,0.0,0.0,65.0,46.56,46.56
2025-02-27 20:00:00,41.76,0.0,0.0,0.0,65.0,41.76,41.76
2025-02-27 21:00:00,40.8,0.0,0.0,0.0,65.0,40.8,40.8
2025-02-27 22:00:00,39.48,0.0,0.0,0.0,65.0,39.48,39.48
2025-02-27 23:00:00,39.0,0.0,0.0,0.0,65.0,39.0,39.0
2025-02-28 00:00:00,39.0,0.0,0.0,0.0,65.0,39.0,39.0
2025-02-28 01:00:00,38.4,0.0,40.6548331719744,0.0,100.776253191337,79.0548331719744,38.4
2025-02-28 02:00:00,38.64,0.0,71.04,0.0,163.291453191337,109.68,38.64
2025-02-28 03:00:00,38.16,0.0,71.52,0.0,226.229053191337,109.67999999999999,38.16
2025-02-28 04:00:00,37.8,0.0,71.88,0.0,289.483453191337,109.67999999999999,37.8
2025-02-28 05:00:00,39.36,0.0,70.32,0.0,351.365053191337,109.67999999999999,39.36
2025-02-28 06:00:00,37.8,0.0,71.88,0.0,414.619453191337,109.67999999999999,37.8
2025-02-28 07:00:00,37.68,4.89436441866731,0.0,32.7856355813327,381.833817610005,-7.105427357601002e-15,32.78563558133269
2025-02-28 08:00:00,38.04,9.59432925288847,0.0,28.4456707471115,353.388146862893,2.842170943040401e-14,28.445670747111528
2025-02-28 09:00:00,23.4,13.431834470510598,0.0,9.9681655294894,343.419981333404,0.0,9.9681655294894
2025-02-28 10:00:00,21.36,16.14536043272996,0.0,5.21463956727004,338.205341766134,8.881784197001252e-16,5.214639567270041
2025-02-28 11:00:00,32.64,17.549984829534985,0.0,15.090015170465,323.115326595669,1.5987211554602254e-14,15.090015170465016
2025-02-28 12:00:00,37.92,17.549984829534985,0.0,20.370015170465,302.745311425204,1.7763568394002505e-14,20.370015170465017
2025-02-28 13:00:00,42.48,16.14536043272996,0.0,26.33463956727,276.410671857934,3.907985046680551e-14,26.334639567270038
2025-02-28 14:00:00,46.92,13.431834470510598,0.0,33.4881655294894,242.922506328444,7.105427357601002e-15,33.48816552948941
2025-02-28 15:00:00,53.28,9.59432925288847,0.0,43.6856707471115,199.236835581333,2.842170943040401e-14,43.68567074711153
2025-02-28 16:00:00,50.52,4.89436441866731,0.0,45.6256355813327,153.6112,-7.105427357601002e-15,45.625635581332695
2025-02-28 17:00:00,44.76,0.0,0.0,44.76,108.8512,0.0,44.76
2025-02-28 18:00:00,42.36,0.0,0.0,42.36,66.4912,0.0,42.36
2025-02-28 19:00:00,40.92,0.0,68.7599999999999,0.0,127.0,109.67999999999991,40.92
2025-02-28 20:00:00,32.04,0.0,75.0,0.0,193.0,107.03999999999999,32.04
2025-02-28 21:00:00,21.96,0.0,75.0,0.0,259.0,96.96000000000001,21.96
2025-02-28 22:00:00,22.2,0.0,75.0,0.0,325.0,97.2,22.2
2025-02-28 23:00:00,22.32,0.0,0.0,0.0,325.0,22.32,22.32
2025-03-01 00:00:00,21.84,0.0,0.0,0.0,325.0,21.84,21.84
2025-03-01 01:00:00,22.08,0.0,0.0,0.0,325.0,22.08,22.08
2025-03-01 02:00:00,22.8,0.0,0.0,0.0,325.0,22.8,22.8
2025-03-01 03:00:00,21.96,0.0,0.0,0.0,325.0,21.96,21.96
2025-03-01 04:00:00,22.2,0.0,0.0,0.0,325.0,22.2,22.2
2025-03-01 05:00:00,22.56,0.0,0.0,0.0,325.0,22.56,22.56
2025-03-01 06:00:00,22.56,0.0,0.0,0.0,325.0,22.56,22.56
2025-03-01 07:00:00,22.68,7.145159934712334,0.0,0.0,325.0,15.534840065287666,15.534840065287666
2025-03-01 08:00:00,27.6,13.82261524377614,0.0,0.0,325.0,13.777384756223862,13.777384756223862
2025-03-01 09:00:00,34.8,19.274734672924428,0.0,0.0,325.0,15.52526532707557,15.52526532707557
2025-03-01 10:00:00,39.24,23.129965293114115,0.0,0.0,325.0,16.110034706885887,16.110034706885887
2025-03-01 11:00:00,32.04,25.1255795086491,0.0,0.0,325.0,6.914420491350899,6.914420491350899
2025-03-01 12:00:00,28.92,25.1255795086491,0.0,0.0,325.0,3.794420491350902,3.794420491350902
2025-03-01 13:00:00,33.6,23.129965293114115,0.0,0.0,325.0,10.470034706885887,10.470034706885887
2025-03-01 14:00:00,42.48,19.274734672924428,0.0,0.0,325.0,23.20526532707557,23.20526532707557
2025-03-01 15:00:00,42.0,13.82261524377614,0.0,0.0,325.0,28.17738475622386,28.17738475622386
2025-03-01 16:00:00,39.36,7.145159934712334,0.0,0.0,325.0,32.21484006528767,32.21484006528767
2025-03-01 17:00:00,40.68,0.0,0.0,0.0,325.0,40.68,40.68
2025-03-01 18:00:00,39.12,0.0,0.0,0.0,325.0,39.12,39.12
2025-03-01 19:00:00,35.88,0.0,0.0,0.0,325.0,35.88,35.88
2025-03-01 20:00:00,23.04,0.0,0.0,0.0,325.0,23.04,23.04
2025-03-01 21:00:00,22.92,0.0,0.0,0.0,325.0,22.92,22.92
2025-03-01 22:00:00,22.08,0.0,0.0,0.0,325.0,22.08,22.08
2025-03-01 23:00:00,22.8,0.0,0.0,0.0,325.0,22.8,22.8
2025-03-02 00:00:00,22.8,0.0,0.0,0.0,325.0,22.8,22.8
2025-03-02 01:00:00,22.56,0.0,0.0,0.0,325.0,22.56,22.56
2025-03-02 02:00:00,22.92,0.0,0.0,0.0,325.0,22.92,22.92
2025-03-02 03:00:00,22.92,0.0,0.0,0.0,325.0,22.92,22.92
2025-03-02 04:00:00,22.8,0.0,0.0,0.0,325.0,22.8,22.8
2025-03-02 05:00:00,23.4,0.0,0.0,0.0,325.0,23.4,23.4
2025-03-02 06:00:00,22.68,0.0,0.0,0.0,325.0,22.68,22.68
2025-03-02 07:00:00,22.2,7.344463846254692,0.0,0.0,325.0,14.855536153745307,14.855536153745307
2025-03-02 08:00:00,22.56,14.028208417678655,0.0,0.0,325.0,8.531791582321343,8.531791582321343
2025-03-02 09:00:00,23.4,19.48546300804057,0.0,0.0,325.0,3.91453699195943,3.91453699195943
2025-03-02 10:00:00,25.68,23.34432473554689,0.0,0.0,325.0,2.3356752644531085,2.3356752644531085
2025-03-02 11:00:00,25.32,25.341818550538598,0.0,0.0,325.0,-0.021818550538597492,-0.021818550538597492
2025-03-02 12:00:00,24.24,25.341818550538598,0.0,0.0,325.0,-1.1018185505385993,-1.1018185505385993
2025-03-02 13:00:00,24.36,23.34432473554689,0.0,0.0,325.0,1.0156752644531082,1.0156752644531082
2025-03-02 14:00:00,21.84,19.48546300804057,0.0,0.0,325.0,2.3545369919594314,2.3545369919594314
2025-03-02 15:00:00,23.88,14.028208417678655,0.0,0.0,325.0,9.851791582321344,9.851791582321344
2025-03-02 16:00:00,32.4,7.344463846254692,0.0,0.0,325.0,25.055536153745308,25.055536153745308
2025-03-02 17:00:00,46.8,0.0,0.0,0.0,325.0,46.8,46.8
2025-03-02 18:00:00,45.48,0.0,0.0,0.0,325.0,45.48,45.48
2025-03-02 19:00:00,43.92,0.0,0.0,0.0,325.0,43.92,43.92
2025-03-02 20:00:00,46.8,0.0,0.0,0.0,325.0,46.8,46.8
2025-03-02 21:00:00,31.68,0.0,0.0,0.0,325.0,31.68,31.68
2025-03-02 22:00:00,25.32,0.0,0.0,0.0,325.0,25.32,25.32
2025-03-02 23:00:00,23.88,0.0,0.0,0.0,325.0,23.88,23.88
2025-03-03 00:00:00,23.28,0.0,0.0,0.0,325.0,23.28,23.28
2025-03-03 01:00:00,21.6,0.0,0.0,0.0,325.0,21.6,21.6
2025-03-03 02:00:00,21.12,0.0,0.0,0.0,325.0,21.12,21.12
2025-03-03 03:00:00,22.32,0.0,0.0,0.0,325.0,22.32,22.32
2025-03-03 04:00:00,21.0,0.0,0.0,0.0,325.0,21.0,21.0
2025-03-03 05:00:00,21.6,0.0,15.4201380284498,0.0,338.569721465036,37.0201380284498,21.6
2025-03-03 06:00:00,21.12,0.0832000291286998,0.0,0.0,338.569721465036,21.0367999708713,21.0367999708713
2025-03-03 07:00:00,21.12,7.544677765846809,0.0,13.5753222341532,324.994399230883,-8.881784197001252e-15,13.575322234153191
2025-03-03 08:00:00,26.4,14.234455690716272,0.0,12.1655443092837,312.828854921599,2.6645352591003757e-14,12.165544309283726
2025-03-03 09:00:00,22.08,19.69663649353797,0.0,2.38336350646203,310.445491415137,-1.3322676295501878e-15,2.383363506462029
2025-03-03 10:00:00,21.12,23.558981579280164,0.0,0.0,310.445491415137,-2.4389815792801635,-2.4389815792801635
2025-03-03 11:00:00,26.88,25.55827851317659,0.0,1.32172148682341,309.123769928313,2.220446049250313e-16,1.3217214868234102
2025-03-03 12:00:00,36.36,25.55827851317659,0.0,10.8017214868234,298.32204844149,1.0658141036401503e-14,10.80172148682341
2025-03-03 13:00:00,40.2,23.558981579280164,0.0,16.6410184207198,281.68103002077,3.907985046680551e-14,16.64101842071984
2025-03-03 14:00:00,45.0,19.69663649353797,0.0,25.303363506462,256.377666514308,3.197442310920451e-14,25.30336350646203
2025-03-03 15:00:00,48.48,14.234455690716272,0.0,34.2455443092837,222.132122205025,2.1316282072803006e-14,34.24554430928372
2025-03-03 16:00:00,51.24,7.544677765846809,0.0,43.6953222341532,178.436799970871,-7.105427357601002e-15,43.695322234153195
2025-03-03 17:00:00,57.12,0.0832000291286998,0.0,57.0367999708713,121.4,0.0,57.0367999708713
2025-03-03 18:00:00,56.4,0.0,0.0,56.4,65.0,0.0,56.4
2025-03-03 19:00:00,51.84,0.0,40.6754835632519,0.0,100.794425535662,92.5154835632519,51.84
2025-03-03 20:00:00,54.72,0.0,0.0,0.0,100.794425535662,54.72,54.72
2025-03-03 21:00:00,51.6,0.0,0.0,0.0,100.794425535662,51.6,51.6
2025-03-03 22:00:00,49.2,0.0,0.0,0.0,100.794425535662,49.2,49.2
2025-03-03 23:00:00,45.36,0.0,0.0,0.0,100.794425535662,45.36,45.36
2025-03-04 00:00:00,28.92,0.0,0.0,0.0,100.794425535662,28.92,28.92
2025-03-04 01:00:00,22.2,0.0,0.0,0.0,100.794425535662,22.2,22.2
2025-03-04 02:00:00,22.32,0.0,75.0,0.0,166.794425535662,97.32,22.32
2025-03-04 03:00:00,22.92,0.0,75.0,0.0,232.794425535662,97.92,22.92
2025-03-04 04:00:00,22.56,0.0,75.0,0.0,298.794425535662,97.56,22.56
2025-03-04 05:00:00,27.0,0.0,75.0,0.0,364.794425535662,102.0,27.0
2025-03-04 06:00:00,38.76,0.2778141723346387,75.0,0.0,430.794425535662,113.48218582766536,38.48218582766536
2025-03-04 07:00:00,39.36,7.745727574190882,0.0,31.6142724258091,399.180153109853,1.7763568394002505e-14,31.61427242580912
2025-03-04 08:00:00,39.72,14.44127555857028,0.0,25.2787244414297,373.901428668423,1.7763568394002505e-14,25.278724441429716
2025-03-04 09:00:00,39.36,19.908167595253584,0.0,19.4518324047464,354.449596263676,1.4210854715202004e-14,19.451832404746416
2025-03-04 10:00:00,24.84,23.773844026407083,0.0,1.06615597359292,353.383440290083,-3.3306690738754696e-15,1.0661559735929167
2025-03-04 11:00:00,27.96,25.774865391580025,0.0,2.18513460841998,351.198305681663,-4.440892098500626e-15,2.1851346084199754
2025-03-04 12:00:00,39.12,25.774865391580025,0.0,13.34513460842,337.853171073244,-2.842170943040401e-14,13.345134608419972
2025-03-04 13:00:00,48.12,23.773844026407083,0.0,24.3461559735929,313.507015099651,1.4210854715202004e-14,24.346155973592914
2025-03-04 14:00:00,51.48,19.908167595253584,0.0,31.5718324047464,281.935182694904,1.4210854715202004e-14,31.571832404746413
2025-03-04 15:00:00,54.0,14.44127555857028,0.0,39.5587244414297,242.376458253474,1.4210854715202004e-14,39.55872444142972
2025-03-04 16:00:00,64.32,7.745727574190882,0.0,56.5742724258091,185.802185827665,1.4210854715202004e-14,56.57427242580911
2025-03-04 17:00:00,61.92,0.2778141723346387,0.0,61.6421858276654,124.16,-3.552713678800501e-14,61.642185827665365
2025-03-04 18:00:00,59.16,0.0,0.0,59.16,65.0,0.0,59.16
2025-03-04 19:00:00,51.0,0.0,52.9246666423883,0.0,111.573706645302,103.9246666423883,51.0
2025-03-04 20:00:00,53.88,0.0,0.0,0.0,111.573706645302,53.88,53.88
2025-03-04 21:00:00,54.72,0.0,0.0,0.0,111.573706645302,54.72,54.72
2025-03-04 22:00:00,46.92,0.0,0.0,0.0,111.573706645302,46.92,46.92
2025-03-04 23:00:00,45.48,0.0,0.0,0.0,111.573706645302,45.48,45.48
2025-03-05 00:00:00,43.68,0.0,0.0,0.0,111.573706645302,43.68,43.68
2025-03-05 01:00:00,34.68,0.0,0.0,0.0,111.573706645302,34.68,34.68
2025-03-05 02:00:00,22.08,0.0,0.0,0.0,111.573706645302,22.08,22.08
2025-03-05 03:00:00,22.56,0.0,75.0,0.0,177.573706645302,97.56,22.56
2025-03-05 04:00:00,28.8,0.0,75.0,0.0,243.573706645302,103.8,28.8
2025-03-05 05:00:00,37.32,0.0,75.0,0.0,309.573706645302,112.32,37.32
2025-03-05 06:00:00,37.8,0.4734913539944168,75.0,0.0,375.573706645302,112.32650864600558,37.32650864600558
2025-03-05 07:00:00,37.68,7.947538870603674,0.0,29.7324611293963,345.841245515905,2.842170943040401e-14,29.732461129396327
2025-03-05 08:00:00,38.04,14.648586551814088,0.0,23.3914134481859,322.44983206772,1.0658141036401503e-14,23.39141344818591
2025-03-05 09:00:00,39.0,20.119969072156056,0.0,18.8800309278439,303.569801139876,4.263256414560601e-14,18.880030927843944
2025-03-05 10:00:00,38.52,23.988820754755405,0.0,14.5311792452446,289.038621894631,-1.7763568394002505e-15,14.531179245244598
2025-03-05 11:00:00,37.2,25.99148575102269,0.0,11.2085142489773,277.830107645654,1.2434497875801753e-14,11.208514248977313
2025-03-05 12:00:00,37.56,25.99148575102269,0.0,11.5685142489773,266.261593396676,1.2434497875801753e-14,11.568514248977312
2025-03-05 13:00:00,38.16,23.988820754755405,0.0,14.1711792452446,252.090414151432,-8.881784197001252e-15,14.171179245244591
2025-03-05 14:00:00,40.2,20.119969072156056,0.0,20.0800309278439,232.010383223588,4.618527782440651e-14,20.080030927843946
2025-03-05 15:00:00,49.2,14.648586551814088,0.0,34.5514134481859,197.458969775402,1.4210854715202004e-14,34.55141344818591
2025-03-05 16:00:00,48.12,7.947538870603674,0.0,40.1724611293963,157.286508646006,2.842170943040401e-14,40.172461129396325
2025-03-05 17:00:00,47.4,0.4734913539944168,0.0,46.9265086460056,110.36,-2.1316282072803006e-14,46.92650864600558
2025-03-05 18:00:00,45.36,0.0,0.0,45.36,65.0,0.0,45.36
2025-03-05 19:00:00,46.44,0.0,61.3517082140723,0.0,118.989503228384,107.7917082140723,46.44
2025-03-05 20:00:00,46.92,0.0,0.0,0.0,118.989503228384,46.92,46.92
2025-03-05 21:00:00,50.04,0.0,0.0,0.0,118.989503228384,50.04,50.04
2025-03-05 22:00:00,49.68,0.0,0.0,0.0,118.989503228384,49.68,49.68
2025-03-05 23:00:00,47.4,0.0,0.0,0.0,118.989503228384,47.4,47.4
2025-03-06 00:00:00,39.6,0.0,0.0,0.0,118.989503228384,39.6,39.6
2025-03-06 01:00:00,37.92,0.0,0.0,0.0,118.989503228384,37.92,37.92
2025-03-06 02:00:00,38.16,0.0,0.0,0.0,118.989503228384,38.16,38.16
2025-03-06 03:00:00,37.92,0.0,75.0,0.0,184.989503228384,112.92,37.92
2025-03-06 04:00:00,30.36,0.0,75.0,0.0,250.989503228384,105.36,30.36
2025-03-06 05:00:00,21.84,0.0,75.0,0.0,316.989503228384,96.84,21.84
2025-03-06 06:00:00,21.96,0.670164462738176,75.0,0.0,382.989503228384,96.28983553726182,21.289835537261826
2025-03-06 07:00:00,25.68,8.150037022887215,0.0,17.5299629771128,365.459540251271,-1.4210854715202004e-14,17.529962977112785
2025-03-06 08:00:00,39.24,14.856307295259704,0.0,24.3836927047403,341.07584754653,-3.552713678800501e-15,24.383692704740298
2025-03-06 09:00:00,39.36,20.331954043429093,0.0,19.0280459565709,322.04780158996,7.105427357601002e-15,19.028045956570907
2025-03-06 10:00:00,39.6,24.20382099044173,0.0,15.3961790095583,306.651622580401,-3.019806626980426e-14,15.39617900955827
2025-03-06 11:00:00,41.04,26.208046802421386,0.0,14.8319531975786,291.819669382823,1.4210854715202004e-14,14.831953197578613
2025-03-06 12:00:00,41.52,26.208046802421386,0.0,15.3119531975786,276.507716185244,1.7763568394002505e-14,15.311953197578617
2025-03-06 13:00:00,38.88,24.20382099044173,0.0,14.6761790095583,261.831537175686,-2.842170943040401e-14,14.676179009558272
2025-03-06 14:00:00,43.56,20.331954043429093,0.0,23.2280459565709,238.603491219115,1.0658141036401503e-14,23.22804595657091
2025-03-06 15:00:00,47.16,14.856307295259704,0.0,32.3036927047403,206.299798514375,-7.105427357601002e-15,32.30369270474029
2025-03-06 16:00:00,53.52,8.150037022887215,0.0,45.3699629771128,160.929835537262,-7.105427357601002e-15,45.36996297711279
2025-03-06 17:00:00,51.12,0.670164462738176,0.0,50.4498355372618,110.48,2.1316282072803006e-14,50.44983553726182
2025-03-06 18:00:00,45.48,0.0,0.0,45.48,65.0,0.0,45.48
2025-03-06 19:00:00,42.36,0.0,75.0,0.0,131.0,117.36,42.36
2025-03-06 20:00:00,41.52,0.0,73.1849231479974,0.0,195.402732370238,114.70492314799739,41.52
2025-03-06 21:00:00,40.68,0.0,0.0,0.0,195.402732370238,40.68,40.68
2025-03-06 22:00:00,38.64,0.0,0.0,0.0,195.402732370238,38.64,38.64
2025-03-06 23:00:00,38.28,0.0,0.0,0.0,195.402732370238,38.28,38.28
2025-03-07 00:00:00,39.12,0.0,0.0,0.0,195.402732370238,39.12,39.12
2025-03-07 01:00:00,38.28,0.0,0.0,0.0,195.402732370238,38.28,38.28
2025-03-07 02:00:00,38.64,0.0,75.0,0.0,261.402732370238,113.64,38.64
2025-03-07 03:00:00,38.52,0.0,75.0,0.0,327.402732370238,113.52000000000001,38.52
2025-03-07 04:00:00,38.88,0.0,75.0,0.0,393.402732370238,113.88,38.88
2025-03-07 05:00:00,39.0,0.0,75.0,0.0,459.402732370238,114.0,39.0
2025-03-07 06:00:00,39.0,0.8677658328142439,75.0,0.0,525.402732370238,113.13223416718576,38.13223416718576
2025-03-07 07:00:00,38.16,8.353147217902727,0.0,29.8068527820973,495.59587958814,-3.197442310920451e-14,29.80685278209727
2025-03-07 08:00:00,38.4,15.064356567596388,0.0,23.3356434324036,472.260236155737,1.0658141036401503e-14,23.33564343240361
2025-03-07 09:00:00,40.8,20.54403605551145,0.0,20.2559639444885,452.004272211248,4.618527782440651e-14,20.255963944488546
2025-03-07 10:00:00,55.56,24.418754580145027,0.0,31.141245419855,420.863026791393,-2.4868995751603507e-14,31.141245419854975
2025-03-07 11:00:00,62.52,26.42445647731844,0.0,36.0955435226816,384.767483268712,-3.552713678800501e-14,36.09554352268157
2025-03-07 12:00:00,62.16,26.42445647731844,0.0,35.7355435226816,349.03193974603,-4.973799150320701e-14,35.73554352268155
2025-03-07 13:00:00,58.92,24.418754580145027,0.0,34.501245419855,314.530694326175,-2.842170943040401e-14,34.501245419854975
2025-03-07 14:00:00,56.28,20.54403605551145,0.0,35.7359639444885,278.794730381687,4.263256414560601e-14,35.735963944488546
2025-03-07 15:00:00,61.2,15.064356567596388,0.0,46.1356434324036,232.659086949283,1.4210854715202004e-14,46.13564343240361
2025-03-07 16:00:00,63.24,8.353147217902727,0.0,54.8868527820973,177.772234167186,-2.1316282072803006e-14,54.88685278209728
2025-03-07 17:00:00,57.84,0.8677658328142439,0.0,56.9722341671858,120.8,-4.263256414560601e-14,56.97223416718576
2025-03-07 18:00:00,55.8,0.0,0.0,55.8,65.0,0.0,55.8
2025-03-07 19:00:00,55.56,0.0,0.0,0.0,65.0,55.56,55.56
2025-03-07 20:00:00,52.92,0.0,0.0,0.0,65.0,52.92,52.92
2025-03-07 21:00:00,50.04,0.0,0.0,0.0,65.0,50.04,50.04
2025-03-07 22:00:00,44.88,0.0,0.0,0.0,65.0,44.88,44.88
2025-03-07 23:00:00,47.88,0.0,0.0,0.0,65.0,47.88,47.88
2025-03-08 00:00:00,42.36,0.0,0.0,0.0,65.0,42.36,42.36
2025-03-08 01:00:00,42.36,0.0,0.0,0.0,65.0,42.36,42.36
2025-03-08 02:00:00,42.12,0.0,0.0,0.0,65.0,42.12,42.12
2025-03-08 03:00:00,42.48,0.0,0.0,0.0,65.0,42.48,42.48
2025-03-08 04:00:00,41.88,0.0,0.0,0.0,65.0,41.88,41.88
2025-03-08 05:00:00,42.48,0.0,0.0,0.0,65.0,42.48,42.48
2025-03-08 06:00:00,43.56,1.066227285651199,0.0,0.0,65.0,42.4937727143488,42.4937727143488
2025-03-08 07:00:00,53.28,8.556794512766853,0.0,0.0,65.0,44.723205487233145,44.723205487233145
2025-03-08 08:00:00,54.12,15.272653361224618,0.0,0.0,65.0,38.84734663877538,38.84734663877538
2025-03-08 09:00:00,58.2,20.756129148983604,0.0,0.0,65.0,37.4438708510164,37.4438708510164
2025-03-08 10:00:00,53.88,24.63353206298023,0.0,0.0,65.0,29.246467937019773,29.246467937019773
2025-03-08 11:00:00,48.24,26.640623502336897,0.0,0.0,65.0,21.599376497663105,21.599376497663105
2025-03-08 12:00:00,45.36,26.640623502336897,0.0,0.0,65.0,18.719376497663102,18.719376497663102
2025-03-08 13:00:00,44.4,24.63353206298023,0.0,0.0,65.0,19.76646793701977,19.76646793701977
2025-03-08 14:00:00,43.2,20.756129148983604,0.0,0.0,65.0,22.4438708510164,22.4438708510164
2025-03-08 15:00:00,44.04,15.272653361224618,0.0,0.0,65.0,28.76734663877538,28.76734663877538
2025-03-08 16:00:00,49.56,8.556794512766853,0.0,0.0,65.0,41.003205487233146,41.003205487233146
2025-03-08 17:00:00,48.48,1.066227285651199,0.0,0.0,65.0,47.413772714348795,47.413772714348795
2025-03-08 18:00:00,46.44,0.0,0.0,0.0,65.0,46.44,46.44
2025-03-08 19:00:00,43.08,0.0,0.0,0.0,65.0,43.08,43.08
2025-03-08 20:00:00,42.12,0.0,0.0,0.0,65.0,42.12,42.12
2025-03-08 21:00:00,42.12,0.0,0.0,0.0,65.0,42.12,42.12
2025-03-08 22:00:00,42.36,0.0,0.0,0.0,65.0,42.36,42.36
2025-03-08 23:00:00,42.0,0.0,0.0,0.0,65.0,42.0,42.0
2025-03-09 00:00:00,42.48,0.0,0.0,0.0,65.0,42.48,42.48
2025-03-09 01:00:00,42.6,0.0,0.0,0.0,65.0,42.6,42.6
2025-03-09 02:00:00,41.4,0.0,0.0,0.0,65.0,41.4,41.4
2025-03-09 03:00:00,42.0,0.0,0.0,0.0,65.0,42.0,42.0
2025-03-09 04:00:00,42.6,0.0,0.0,0.0,65.0,42.6,42.6
2025-03-09 05:00:00,42.24,0.0,0.0,0.0,65.0,42.24,42.24
2025-03-09 06:00:00,41.76,1.2654801724505178,0.0,0.0,65.0,40.49451982754948,40.49451982754948
2025-03-09 07:00:00,41.88,8.760903886585218,0.0,0.0,65.0,33.119096113414784,33.119096113414784
2025-03-09 08:00:00,45.72,15.481116942185164,0.0,0.0,65.0,30.238883057814835,30.238883057814835
2025-03-09 09:00:00,44.88,20.968147925188383,0.0,0.0,65.0,23.91185207481162,23.91185207481162
2025-03-09 10:00:00,42.24,24.848064741850653,0.0,0.0,65.0,17.39193525814935,17.39193525814935
2025-03-09 11:00:00,41.88,26.85645747298213,0.0,0.0,65.0,15.023542527017874,15.023542527017874
2025-03-09 12:00:00,41.88,26.85645747298213,0.0,0.0,65.0,15.023542527017874,15.023542527017874
2025-03-09 13:00:00,45.0,24.848064741850653,0.0,0.0,65.0,20.151935258149347,20.151935258149347
2025-03-09 14:00:00,55.56,20.968147925188383,0.0,0.0,65.0,34.59185207481162,34.59185207481162
2025-03-09 15:00:00,64.08,15.481116942185164,0.0,0.0,65.0,48.59888305781483,48.59888305781483
2025-03-09 16:00:00,62.4,8.760903886585218,75.0,0.0,131.0,128.63909611341478,53.63909611341478
2025-03-09 17:00:00,79.32,1.2654801724505178,65.9090909090909,0.0,189.0,143.96361073664036,78.05451982754947
2025-03-09 18:00:00,92.88,0.0,0.0,0.0,189.0,92.88,92.88
2025-03-09 19:00:00,92.64,0.0,0.0,0.0,189.0,92.64,92.64
2025-03-09 20:00:00,78.48,0.0,0.0,0.0,189.0,78.48,78.48
2025-03-09 21:00:00,63.0,0.0,0.0,0.0,189.0,63.0,63.0
2025-03-09 22:00:00,61.44,0.0,0.0,0.0,189.0,61.44,61.44
2025-03-09 23:00:00,60.0,0.0,0.0,0.0,189.0,60.0,60.0
2025-03-10 00:00:00,52.68,0.0,0.0,0.0,189.0,52.68,52.68
2025-03-10 01:00:00,48.84,0.0,75.0,0.0,255.0,123.84,48.84
2025-03-10 02:00:00,47.16,0.0,75.0,0.0,321.0,122.16,47.16
2025-03-10 03:00:00,45.72,0.0,75.0,0.0,387.0,120.72,45.72
2025-03-10 04:00:00,45.24,0.0,75.0,0.0,453.0,120.24000000000001,45.24
2025-03-10 05:00:00,46.2,0.0,75.0,0.0,519.0,121.2,46.2
2025-03-10 06:00:00,44.64,1.46545541774038,75.0,0.0,585.0,118.17454458225961,43.17454458225962
2025-03-10 07:00:00,46.92,8.965400292637632,0.0,37.9545997073624,547.045400292638,-2.842170943040401e-14,37.95459970736237
2025-03-10 08:00:00,49.68,15.689666910083009,0.0,33.990333089917,513.055067202721,-1.4210854715202004e-14,33.99033308991699
2025-03-10 09:00:00,50.28,21.18000761247361,0.0,29.0999923875264,483.955074815194,-7.105427357601002e-15,29.09999238752639
2025-03-10 10:00:00,54.48,25.06226475415851,0.0,29.4177352458415,454.537339569353,-1.0658141036401503e-14,29.417735245841488
2025-03-10 11:00:00,59.16,27.071868926665168,0.0,32.0881310733348,422.449208496018,2.842170943040401e-14,32.08813107333483
2025-03-10 12:00:00,57.36,27.071868926665168,0.0,30.2881310733348,392.161077422683,3.197442310920451e-14,30.28813107333483
2025-03-10 13:00:00,59.28,25.06226475415851,0.0,34.2177352458415,357.943342176842,-7.105427357601002e-15,34.217735245841496
2025-03-10 14:00:00,56.88,21.18000761247361,0.0,35.6999923875264,322.243349789315,-7.105427357601002e-15,35.69999238752639
2025-03-10 15:00:00,69.48,15.689666910083009,0.0,53.790333089917,268.453016699398,0.0,53.790333089917
2025-03-10 16:00:00,78.12,8.965400292637632,0.0,62.9584721171386,205.49454458226,6.196127590223767,69.15459970736237
2025-03-10 17:00:00,72.36,1.46545541774038,0.0,70.8945445822596,134.6,1.4210854715202004e-14,70.89454458225961
2025-03-10 18:00:00,69.6,0.0,0.0,69.6,65.0,0.0,69.6
2025-03-10 19:00:00,67.44,0.0,75.0,0.0,131.0,142.44,67.44
2025-03-10 20:00:00,64.08,0.0,4.87292627443458,0.0,135.288175121502,68.95292627443457,64.08
2025-03-10 21:00:00,60.96,0.0,0.0,0.0,135.288175121502,60.96,60.96
2025-03-10 22:00:00,53.52,0.0,0.0,0.0,135.288175121502,53.52,53.52
2025-03-10 23:00:00,49.8,0.0,0.0,0.0,135.288175121502,49.8,49.8
2025-03-11 00:00:00,45.0,0.0,0.0,0.0,135.288175121502,45.0,45.0
2025-03-11 01:00:00,43.56,0.0,0.0,0.0,135.288175121502,43.56,43.56
2025-03-11 02:00:00,42.24,0.0,75.0,0.0,201.288175121502,117.24000000000001,42.24
2025-03-11 03:00:00,41.4,0.0,75.0,0.0,267.288175121502,116.4,41.4
2025-03-11 04:00:00,42.24,0.0,75.0,0.0,333.288175121502,117.24000000000001,42.24
2025-03-11 05:00:00,41.4,0.0,75.0,0.0,399.288175121502,116.4,41.4
2025-03-11 06:00:00,41.64,1.6660835638163656,75.0,0.0,465.288175121502,114.97391643618363,39.973916436183636
2025-03-11 07:00:00,52.8,9.17020871092526,0.0,43.6297912890747,421.658383832428,3.552713678800501e-14,43.62979128907474
2025-03-11 08:00:00,51.24,15.898223257902576,0.0,35.3417767420974,386.31660709033,2.1316282072803006e-14,35.34177674209742
2025-03-11 09:00:00,51.72,21.39162413194157,0.0,30.3283758680584,355.988231222272,2.842170943040401e-14,30.32837586805843
2025-03-11 10:00:00,48.72,25.276045141750643,0.0,23.4439548582494,332.544276364022,-4.263256414560601e-14,23.443954858249356
2025-03-11 11:00:00,46.2,27.286769414820547,0.0,18.9132305851795,313.631045778843,-4.618527782440651e-14,18.913230585179456
2025-03-11 12:00:00,43.44,27.286769414820547,0.0,16.1532305851795,297.477815193664,-4.973799150320701e-14,16.15323058517945
2025-03-11 13:00:00,42.12,25.276045141750643,0.0,16.8439548582494,280.633860335414,-4.618527782440651e-14,16.843954858249354
2025-03-11 14:00:00,42.0,21.39162413194157,0.0,20.6083758680584,260.025484467356,3.197442310920451e-14,20.60837586805843
2025-03-11 15:00:00,48.12,15.898223257902576,0.0,32.2217767420974,227.803707725258,2.1316282072803006e-14,32.22177674209742
2025-03-11 16:00:00,57.24,9.17020871092526,0.0,48.0697912890747,179.733916436184,4.263256414560601e-14,48.06979128907474
2025-03-11 17:00:00,59.28,1.6660835638163656,0.0,57.6139164361836,122.12,3.552713678800501e-14,57.61391643618364
2025-03-11 18:00:00,57.12,0.0,0.0,57.12,65.0,0.0,57.12
2025-03-11 19:00:00,59.88,0.0,19.4342870519035,0.0,82.1021726056751,79.3142870519035,59.88
2025-03-11 20:00:00,58.32,0.0,0.0,0.0,82.1021726056751,58.32,58.32
2025-03-11 21:00:00,47.16,0.0,0.0,0.0,82.1021726056751,47.16,47.16
2025-03-11 22:00:00,44.64,0.0,0.0,0.0,82.1021726056751,44.64,44.64
2025-03-11 23:00:00,42.84,0.0,0.0,0.0,82.1021726056751,42.84,42.84
2025-03-12 00:00:00,41.76,0.0,0.0,0.0,82.1021726056751,41.76,41.76
2025-03-12 01:00:00,42.24,0.0,0.0,0.0,82.1021726056751,42.24,42.24
2025-03-12 02:00:00,41.4,0.0,0.0,0.0,82.1021726056751,41.4,41.4
2025-03-12 03:00:00,42.12,0.0,75.0,0.0,148.102172605675,117.12,42.12
2025-03-12 04:00:00,41.16,0.0,75.0,0.0,214.102172605675,116.16,41.16
2025-03-12 05:00:00,31.8,0.0,75.0,0.0,280.102172605675,106.8,31.8
2025-03-12 06:00:00,22.2,1.86729481599378,75.0,0.0,346.102172605675,95.33270518400622,20.33270518400622
2025-03-12 07:00:00,23.64,9.37525420098988,0.0,14.2647457990101,331.837426806665,1.9539925233402755e-14,14.26474579901012
2025-03-12 08:00:00,44.28,16.10670643161133,0.0,28.1732935683887,303.664133238276,-2.842170943040401e-14,28.173293568388672
2025-03-12 09:00:00,47.88,21.60291416259206,0.0,26.2770858374079,277.387047400868,4.263256414560601e-14,26.27708583740794
2025-03-12 10:00:00,46.68,25.48931991997846,0.0,21.1906800800215,256.196367320847,3.907985046680551e-14,21.19068008002154
2025-03-12 11:00:00,44.4,27.50107157399383,0.0,16.8989284260062,239.297438894841,-3.197442310920451e-14,16.89892842600617
2025-03-12 12:00:00,40.2,27.50107157399383,0.0,12.6989284260062,226.598510468834,-2.6645352591003757e-14,12.698928426006173
2025-03-12 13:00:00,43.56,25.48931991997846,0.0,18.0706800800215,208.527830388813,4.263256414560601e-14,18.070680080021543
2025-03-12 14:00:00,44.64,21.60291416259206,0.0,23.0370858374079,185.490744551405,3.907985046680551e-14,23.03708583740794
2025-03-12 15:00:00,42.0,16.10670643161133,0.0,25.8932935683887,159.597450983016,-2.842170943040401e-14,25.89329356838867
2025-03-12 16:00:00,34.8,9.37525420098988,0.0,25.4247457990101,134.172705184006,1.7763568394002505e-14,25.424745799010118
2025-03-12 17:00:00,36.48,1.86729481599378,0.0,34.6127051840062,99.56,1.4210854715202004e-14,34.61270518400622
2025-03-12 18:00:00,34.56,0.0,0.0,34.56,65.0,0.0,34.56
2025-03-12 19:00:00,34.8,0.0,60.8625058274516,0.0,118.559005128157,95.6625058274516,34.8
2025-03-12 20:00:00,35.64,0.0,0.0,0.0,118.559005128157,35.64,35.64
2025-03-12 21:00:00,35.16,0.0,0.0,0.0,118.559005128157,35.16,35.16
2025-03-12 22:00:00,35.16,0.0,0.0,0.0,118.559005128157,35.16,35.16
2025-03-12 23:00:00,34.8,0.0,0.0,0.0,118.559005128157,34.8,34.8
2025-03-13 00:00:00,19.92,0.0,0.0,0.0,118.559005128157,19.92,19.92
2025-03-13 01:00:00,18.72,0.0,0.0,0.0,118.559005128157,18.72,18.72
2025-03-13 02:00:00,18.96,0.0,0.0,0.0,118.559005128157,18.96,18.96
2025-03-13 03:00:00,18.96,0.0,75.0,0.0,184.559005128157,93.96000000000001,18.96
2025-03-13 04:00:00,19.8,0.0,75.0,0.0,250.559005128157,94.8,19.8
2025-03-13 05:00:00,18.84,0.0,75.0,0.0,316.559005128157,93.84,18.84
2025-03-13 06:00:00,19.08,2.069019088592396,75.0,0.0,382.559005128157,92.0109809114076,17.010980911407604
2025-03-13 07:00:00,30.0,9.580461954912384,0.0,20.4195380450876,362.13946708307,1.7763568394002505e-14,20.419538045087616
2025-03-13 08:00:00,38.64,16.315037389446587,0.0,22.3249626105534,339.814504472516,1.4210854715202004e-14,22.324962610553413
2025-03-13 09:00:00,39.96,21.813795205743613,0.0,18.1462047942564,321.66829967826,-1.0658141036401503e-14,18.146204794256388
2025-03-13 10:00:00,43.2,25.70200414574978,0.0,17.4979958542502,304.17030382401,2.4868995751603507e-14,17.497995854250224
2025-03-13 11:00:00,46.8,27.71468919577273,0.0,19.0853108042273,285.084993019782,-3.552713678800501e-14,19.085310804227266
2025-03-13 12:00:00,45.72,27.71468919577273,0.0,18.0053108042273,267.079682215555,-3.197442310920451e-14,18.005310804227268
2025-03-13 13:00:00,48.24,25.70200414574978,0.0,22.5379958542502,244.541686361305,2.1316282072803006e-14,22.537995854250223
2025-03-13 14:00:00,47.16,21.813795205743613,0.0,25.3462047942564,219.195481567049,-1.7763568394002505e-14,25.346204794256384
2025-03-13 15:00:00,48.48,16.315037389446587,0.0,32.1649626105534,187.030518956495,7.105427357601002e-15,32.16496261055341
2025-03-13 16:00:00,47.88,9.580461954912384,0.0,38.2995380450876,148.730980911408,1.4210854715202004e-14,38.299538045087616
2025-03-13 17:00:00,44.4,2.069019088592396,0.0,42.3309809114076,106.4,0.0,42.3309809114076
2025-03-13 18:00:00,41.4,0.0,0.0,41.4,65.0,0.0,41.4
2025-03-13 19:00:00,40.8,0.0,0.0,0.0,65.0,40.8,40.8
2025-03-13 20:00:00,38.04,0.0,0.0,0.0,65.0,38.04,38.04
2025-03-13 21:00:00,39.24,0.0,0.0,0.0,65.0,39.24,39.24
2025-03-13 22:00:00,38.28,0.0,0.0,0.0,65.0,38.28,38.28
2025-03-13 23:00:00,38.76,0.0,0.0,0.0,65.0,38.76,38.76
2025-03-14 00:00:00,38.04,0.0,0.0,0.0,65.0,38.04,38.04
2025-03-14 01:00:00,38.52,0.0,0.0,0.0,65.0,38.52,38.52
2025-03-14 02:00:00,38.76,0.0,0.0,0.0,65.0,38.76,38.76
2025-03-14 03:00:00,38.64,0.0,72.5927867578312,0.0,128.881652346891,111.2327867578312,38.64
2025-03-14 04:00:00,38.16,0.0,75.0,0.0,194.881652346891,113.16,38.16
2025-03-14 05:00:00,38.76,0.0,75.0,0.0,260.881652346891,113.75999999999999,38.76
2025-03-14 06:00:00,38.4,2.2711860515726703,75.0,0.0,326.881652346891,111.12881394842734,36.12881394842733
2025-03-14 07:00:00,40.44,9.785757350396787,0.0,30.6542426496032,296.227409697288,1.0658141036401503e-14,30.654242649603212
2025-03-14 08:00:00,34.56,16.52313766078052,0.0,18.0368623392195,278.190547358069,-1.7763568394002505e-14,18.036862339219482
2025-03-14 09:00:00,21.84,22.024185648618623,0.184185648618623,0.0,278.352630728853,-8.326672684688674e-17,-0.18418564861862308
2025-03-14 10:00:00,28.44,25.91401398445156,0.0,2.52598601554844,275.826644713305,4.440892098500626e-16,2.5259860155484404
2025-03-14 11:00:00,32.76,27.92753729543757,0.0,4.83246270456243,270.994182008742,-2.6645352591003757e-15,4.8324627045624275
2025-03-14 12:00:00,48.72,27.92753729543757,0.0,20.7924627045624,250.20171930418,2.842170943040401e-14,20.79246270456243
2025-03-14 13:00:00,46.68,25.91401398445156,0.0,20.7659860155484,229.435733288631,3.907985046680551e-14,20.76598601554844
2025-03-14 14:00:00,51.0,22.024185648618623,0.0,28.9758143513814,200.45991893725,-2.1316282072803006e-14,28.975814351381377
2025-03-14 15:00:00,46.56,16.52313766078052,0.0,30.0368623392195,170.423056598031,-1.7763568394002505e-14,30.036862339219482
2025-03-14 16:00:00,41.04,9.785757350396787,0.0,31.2542426496032,139.168813948427,1.4210854715202004e-14,31.254242649603214
2025-03-14 17:00:00,38.88,2.2711860515726703,0.0,36.6088139484273,102.56,3.552713678800501e-14,36.60881394842733
2025-03-14 18:00:00,37.56,0.0,0.0,37.56,65.0,0.0,37.56
2025-03-14 19:00:00,38.64,0.0,0.0,0.0,65.0,38.64,38.64
2025-03-14 20:00:00,38.88,0.0,0.0,0.0,65.0,38.88,38.88
2025-03-14 21:00:00,38.52,0.0,0.0,0.0,65.0,38.52,38.52
2025-03-14 22:00:00,39.12,0.0,0.0,0.0,65.0,39.12,39.12
2025-03-14 23:00:00,26.4,0.0,0.0,0.0,65.0,26.4,26.4
2025-03-15 00:00:00,21.48,0.0,0.0,0.0,65.0,21.48,21.48
2025-03-15 01:00:00,22.32,0.0,0.0,0.0,65.0,22.32,22.32
2025-03-15 02:00:00,22.68,0.0,0.0,0.0,65.0,22.68,22.68
2025-03-15 03:00:00,22.08,0.0,0.0,0.0,65.0,22.08,22.08
2025-03-15 04:00:00,26.88,0.0,0.0,0.0,65.0,26.88,26.88
2025-03-15 05:00:00,39.0,0.0,0.0,0.0,65.0,39.0,39.0
2025-03-15 06:00:00,39.24,2.473725177740397,0.0,0.0,65.0,36.766274822259604,36.766274822259604
2025-03-15 07:00:00,42.84,9.991066003844988,0.0,0.0,65.0,32.84893399615501,32.84893399615501
2025-03-15 08:00:00,53.64,16.730929404457896,0.0,0.0,65.0,36.909070595542104,36.909070595542104
2025-03-15 09:00:00,56.76,22.234004826978257,0.0,0.0,65.0,34.52599517302174,34.52599517302174
2025-03-15 10:00:00,50.64,26.125266775623423,0.0,0.0,65.0,24.514733224376577,24.514733224376577
2025-03-15 11:00:00,46.68,28.139532179207656,0.0,0.0,65.0,18.540467820792344,18.540467820792344
2025-03-15 12:00:00,44.28,28.139532179207656,0.0,0.0,65.0,16.140467820792345,16.140467820792345
2025-03-15 13:00:00,41.16,26.125266775623423,0.0,0.0,65.0,15.034733224376573,15.034733224376573
2025-03-15 14:00:00,40.92,22.234004826978257,0.0,0.0,65.0,18.685995173021745,18.685995173021745
2025-03-15 15:00:00,37.8,16.730929404457896,0.0,0.0,65.0,21.0690705955421,21.0690705955421
2025-03-15 16:00:00,40.44,9.991066003844988,0.0,0.0,65.0,30.44893399615501,30.44893399615501
2025-03-15 17:00:00,37.8,2.473725177740397,0.0,0.0,65.0,35.3262748222596,35.3262748222596
2025-03-15 18:00:00,38.76,0.0,0.0,0.0,65.0,38.76,38.76
2025-03-15 19:00:00,38.52,0.0,0.0,0.0,65.0,38.52,38.52
2025-03-15 20:00:00,38.88,0.0,0.0,0.0,65.0,38.88,38.88
2025-03-15 21:00:00,41.76,0.0,0.0,0.0,65.0,41.76,41.76
2025-03-15 22:00:00,43.44,0.0,0.0,0.0,65.0,43.44,43.44
2025-03-15 23:00:00,46.08,0.0,0.0,0.0,65.0,46.08,46.08
2025-03-16 00:00:00,48.12,0.0,0.0,0.0,65.0,48.12,48.12
2025-03-16 01:00:00,49.68,0.0,0.0,0.0,65.0,49.68,49.68
2025-03-16 02:00:00,50.52,0.0,0.0,0.0,65.0,50.52,50.52
2025-03-16 03:00:00,49.2,0.0,0.0,0.0,65.0,49.2,49.2
2025-03-16 04:00:00,50.76,0.0,0.0,0.0,65.0,50.76,50.76
2025-03-16 05:00:00,51.24,0.0,0.0,0.0,65.0,51.24,51.24
2025-03-16 06:00:00,51.12,2.676565790434391,0.0,0.0,65.0,48.44343420956561,48.44343420956561
2025-03-16 07:00:00,54.0,10.196313823326133,0.0,0.0,65.0,43.803686176673864,43.803686176673864
2025-03-16 08:00:00,56.88,16.93833546650084,0.0,0.0,65.0,39.941664533499164,39.941664533499164
2025-03-16 09:00:00,65.28,22.44317308669371,0.0,0.0,65.0,42.83682691330629,42.83682691330629
2025-03-16 10:00:00,61.68,26.335681097262917,0.0,0.0,65.0,35.344318902737086,35.344318902737086
2025-03-16 11:00:00,61.68,28.350591509961777,0.0,0.0,65.0,33.32940849003822,33.32940849003822
2025-03-16 12:00:00,59.76,28.350591509961777,0.0,0.0,65.0,31.40940849003822,31.40940849003822
2025-03-16 13:00:00,52.92,26.335681097262917,0.0,0.0,65.0,26.584318902737085,26.584318902737085
2025-03-16 14:00:00,51.24,22.44317308669371,0.0,0.0,65.0,28.79682691330629,28.79682691330629
2025-03-16 15:00:00,47.4,16.93833546650084,0.0,0.0,65.0,30.46166453349916,30.46166453349916
2025-03-16 16:00:00,47.88,10.196313823326133,0.0,0.0,65.0,37.68368617667387,37.68368617667387
2025-03-16 17:00:00,52.08,2.676565790434391,0.0,0.0,65.0,49.40343420956561,49.40343420956561
2025-03-16 18:00:00,59.28,0.0,0.0,0.0,65.0,59.28,59.28
2025-03-16 19:00:00,64.68,0.0,0.0,0.0,65.0,64.68,64.68
2025-03-16 20:00:00,58.44,0.0,0.0,0.0,65.0,58.44,58.44
2025-03-16 21:00:00,48.84,0.0,0.0,0.0,65.0,48.84,48.84
2025-03-16 22:00:00,42.0,0.0,0.0,0.0,65.0,42.0,42.0
2025-03-16 23:00:00,41.64,0.0,0.0,0.0,65.0,41.64,41.64
2025-03-17 00:00:00,39.6,0.0,0.0,0.0,65.0,39.6,39.6
2025-03-17 01:00:00,35.64,0.0,0.0,0.0,65.0,35.64,35.64
2025-03-17 02:00:00,21.72,0.0,0.0,0.0,65.0,21.72,21.72
2025-03-17 03:00:00,22.56,0.0,0.0,0.0,65.0,22.56,22.56
2025-03-17 04:00:00,22.56,0.0,47.619853060454,0.0,106.9054706932,70.179853060454,22.56
2025-03-17 05:00:00,22.56,0.0,75.0,0.0,172.9054706932,97.56,22.56
2025-03-17 06:00:00,21.96,2.8796371116106583,75.0,0.0,238.9054706932,94.08036288838935,19.08036288838934
2025-03-17 07:00:00,22.08,10.401427061344291,0.0,11.6785729386557,227.226897754544,7.105427357601002e-15,11.678572938655707
2025-03-17 08:00:00,22.44,17.145279437075647,0.0,5.29472056292435,221.932177191619,4.440892098500626e-15,5.294720562924354
2025-03-17 09:00:00,22.56,22.65161184414162,0.0916118441416209,0.0,222.012795614464,-4.163336342344337e-17,-0.09161184414162094
2025-03-17 10:00:00,21.84,26.54517682864521,4.70517682864521,0.0,226.153351223672,-8.881784197001252e-16,-4.705176828645211
2025-03-17 11:00:00,22.56,28.56063437131288,6.00063437131288,0.0,231.433909470427,-8.881784197001252e-16,-6.000634371312881
2025-03-17 12:00:00,22.08,28.56063437131288,6.48063437131288,0.0,237.136867717183,-8.881784197001252e-16,-6.480634371312881
2025-03-17 13:00:00,28.08,26.54517682864521,0.0,1.53482317135479,235.602044545828,-2.4424906541753444e-15,1.5348231713547875
2025-03-17 14:00:00,45.6,22.65161184414162,0.0,22.9483881558584,212.653656389969,-1.7763568394002505e-14,22.94838815585838
2025-03-17 15:00:00,47.4,17.145279437075647,0.0,30.2547205629244,182.398935827045,-4.973799150320701e-14,30.25472056292435
2025-03-17 16:00:00,45.48,10.401427061344291,0.0,35.0785729386557,147.320362888389,7.105427357601002e-15,35.078572938655704
2025-03-17 17:00:00,43.8,2.8796371116106583,0.0,40.9203628883893,106.4,4.263256414560601e-14,40.92036288838934
2025-03-17 18:00:00,41.4,0.0,0.0,41.4,65.0,0.0,41.4
2025-03-17 19:00:00,37.56,0.0,0.0,0.0,65.0,37.56,37.56
2025-03-17 20:00:00,32.28,0.0,23.4909140975095,0.0,85.6720044058083,55.770914097509504,32.28
2025-03-17 21:00:00,36.0,0.0,0.0,0.0,85.6720044058083,36.0,36.0
2025-03-17 22:00:00,29.16,0.0,0.0,0.0,85.6720044058083,29.16,29.16
2025-03-17 23:00:00,25.44,0.0,0.0,0.0,85.6720044058083,25.44,25.44
2025-03-18 00:00:00,25.68,0.0,0.0,0.0,85.6720044058083,25.68,25.68
2025-03-18 01:00:00,24.12,0.0,0.0,0.0,85.6720044058083,24.12,24.12
2025-03-18 02:00:00,22.68,0.0,0.0,0.0,85.6720044058083,22.68,22.68
2025-03-18 03:00:00,23.4,0.0,0.0,0.0,85.6720044058083,23.4,23.4
2025-03-18 04:00:00,22.92,0.0,75.0,0.0,151.672004405808,97.92,22.92
2025-03-18 05:00:00,23.16,0.0,75.0,0.0,217.672004405808,98.16,23.16
2025-03-18 06:00:00,22.68,3.08286831023452,75.0,0.0,283.672004405808,94.59713168976548,19.59713168976548
2025-03-18 07:00:00,22.92,10.606332367307337,0.0,12.3136676326927,271.358336773116,-3.552713678800501e-14,12.313667632692665
2025-03-18 08:00:00,21.96,17.351685706616777,0.0,4.60831429338322,266.750022479732,3.552713678800501e-15,4.6083142933832235
2025-03-18 09:00:00,22.56,22.859243645312358,0.299243645312359,0.0,267.013356887607,1.6653345369377348e-16,-0.2992436453123588
2025-03-18 10:00:00,40.68,26.753675211541804,0.0,13.9263247884582,253.087032099149,-3.552713678800501e-15,13.926324788458196
2025-03-18 11:00:00,40.68,28.76958132991904,0.0,11.910418670081,241.176613429068,-3.907985046680551e-14,11.910418670080961
2025-03-18 12:00:00,39.96,28.76958132991904,0.0,11.190418670081,229.986194758987,-3.730349362740526e-14,11.190418670080962
2025-03-18 13:00:00,39.36,26.753675211541804,0.0,12.6063247884582,217.379869970529,-5.329070518200751e-15,12.606324788458195
2025-03-18 14:00:00,38.04,22.859243645312358,0.0,15.1807563546876,202.199113615841,4.085620730620576e-14,15.180756354687642
2025-03-18 15:00:00,38.52,17.351685706616777,0.0,21.1683142933832,181.030799322458,2.4868995751603507e-14,21.168314293383226
2025-03-18 16:00:00,38.16,10.606332367307337,0.0,27.5536676326927,153.477131689765,-4.263256414560601e-14,27.553667632692658
2025-03-18 17:00:00,43.44,3.08286831023452,0.0,40.3571316897655,113.12,-2.1316282072803006e-14,40.35713168976548
2025-03-18 18:00:00,48.12,0.0,0.0,48.12,65.0,0.0,48.12
2025-03-18 19:00:00,50.76,0.0,75.0,0.0,131.0,125.75999999999999,50.76
2025-03-18 20:00:00,45.84,0.0,10.3727812154228,0.0,140.128047469572,56.2127812154228,45.84
2025-03-18 21:00:00,43.44,0.0,0.0,0.0,140.128047469572,43.44,43.44
2025-03-18 22:00:00,39.72,0.0,0.0,0.0,140.128047469572,39.72,39.72
2025-03-18 23:00:00,39.0,0.0,0.0,0.0,140.128047469572,39.0,39.0
2025-03-19 00:00:00,30.72,0.0,0.0,0.0,140.128047469572,30.72,30.72
2025-03-19 01:00:00,22.68,0.0,0.0,0.0,140.128047469572,22.68,22.68
2025-03-19 02:00:00,22.44,0.0,0.0,0.0,140.128047469572,22.44,22.44
2025-03-19 03:00:00,22.2,0.0,75.0,0.0,206.128047469572,97.2,22.2
2025-03-19 04:00:00,36.48,0.0,75.0,0.0,272.128047469572,111.47999999999999,36.48
2025-03-19 05:00:00,53.04,0.0,75.0,0.0,338.128047469572,128.04,53.04
2025-03-19 06:00:00,52.68,3.286188550891517,75.0,0.0,404.128047469572,124.39381144910848,49.39381144910848
2025-03-19 07:00:00,54.36,10.810956839600268,0.0,43.5490431603997,360.579004309172,3.552713678800501e-14,43.549043160399734
2025-03-19 08:00:00,44.04,17.557479521004513,0.0,26.4825204789955,334.096483830177,-1.4210854715202004e-14,26.482520478995486
2025-03-19 09:00:00,37.44,23.065992223522432,0.0,14.3740077764776,319.722476053699,-3.375077994860476e-14,14.374007776477566
2025-03-19 10:00:00,36.96,26.961098909725084,0.0,9.99890109027492,309.723574963424,-3.552713678800501e-15,9.998901090274916
2025-03-19 11:00:00,36.6,28.97735449591592,0.0,7.62264550408408,302.10092945934,0.0,7.62264550408408
2025-03-19 12:00:00,37.32,28.97735449591592,0.0,8.34264550408408,293.758283955256,-1.7763568394002505e-15,8.342645504084079
2025-03-19 13:00:00,42.0,26.961098909725084,0.0,15.0389010902749,278.719382864981,1.5987211554602254e-14,15.038901090274916
2025-03-19 14:00:00,54.48,23.065992223522432,0.0,31.4140077764776,247.305375088504,-3.552713678800501e-14,31.414007776477565
2025-03-19 15:00:00,59.52,17.557479521004513,0.0,41.9625204789955,205.342854609508,-1.4210854715202004e-14,41.962520478995486
2025-03-19 16:00:00,56.4,10.810956839600268,0.0,45.5890431603997,159.753811449108,3.552713678800501e-14,45.58904316039973
2025-03-19 17:00:00,52.68,3.286188550891517,0.0,49.3938114491085,110.36,-1.4210854715202004e-14,49.39381144910848
2025-03-19 18:00:00,45.36,0.0,0.0,45.36,65.0,0.0,45.36
2025-03-19 19:00:00,38.16,0.0,62.3508844596549,0.0,119.868778324496,100.5108844596549,38.16
2025-03-19 20:00:00,38.88,0.0,0.0,0.0,119.868778324496,38.88,38.88
2025-03-19 21:00:00,36.72,0.0,0.0,0.0,119.868778324496,36.72,36.72
2025-03-19 22:00:00,37.56,0.0,0.0,0.0,119.868778324496,37.56,37.56
2025-03-19 23:00:00,37.32,0.0,0.0,0.0,119.868778324496,37.32,37.32
2025-03-20 00:00:00,36.84,0.0,0.0,0.0,119.868778324496,36.84,36.84
2025-03-20 01:00:00,37.56,0.0,0.0,0.0,119.868778324496,37.56,37.56
2025-03-20 02:00:00,36.96,0.0,0.0,0.0,119.868778324496,36.96,36.96
2025-03-20 03:00:00,36.84,0.0,75.0,0.0,185.868778324496,111.84,36.84
2025-03-20 04:00:00,37.56,0.0,75.0,0.0,251.868778324496,112.56,37.56
2025-03-20 05:00:00,37.32,0.0,75.0,0.0,317.868778324496,112.32,37.32
2025-03-20 06:00:00,21.96,3.4895270425263885,75.0,0.0,383.868778324496,93.47047295747362,18.47047295747361
2025-03-20 07:00:00,23.16,11.015228077165911,0.0,12.1447719228341,371.724006401662,-1.0658141036401503e-14,12.144771922834089
2025-03-20 08:00:00,27.84,17.762587035693453,0.0,10.0774129643065,361.646593437356,4.618527782440651e-14,10.077412964306546
2025-03-20 09:00:00,36.36,23.27178255562325,0.0,13.0882174443767,348.558375992979,4.973799150320701e-14,13.088217444376749
2025-03-20 10:00:00,36.24,27.167372066648163,0.0,9.07262793335184,339.485748059627,0.0,9.07262793335184
2025-03-20 11:00:00,35.76,29.183877581357887,0.0,6.57612241864211,332.909625640985,8.881784197001252e-16,6.576122418642111
2025-03-20 12:00:00,40.08,29.183877581357887,0.0,10.8961224186421,322.013503222343,1.0658141036401503e-14,10.896122418642111
2025-03-20 13:00:00,46.2,27.167372066648163,0.0,19.0326279333518,302.980875288991,3.907985046680551e-14,19.03262793335184
2025-03-20 14:00:00,51.0,23.27178255562325,0.0,27.7282174443767,275.252657844614,4.973799150320701e-14,27.72821744437675
2025-03-20 15:00:00,64.68,17.762587035693453,0.0,46.9174129643065,228.335244880308,4.973799150320701e-14,46.91741296430655
2025-03-20 16:00:00,65.76,11.015228077165911,0.0,54.7447719228341,173.590472957474,-7.105427357601002e-15,54.74477192283409
2025-03-20 17:00:00,59.64,3.4895270425263885,0.0,56.1504729574736,117.44,7.105427357601002e-15,56.15047295747361
2025-03-20 18:00:00,52.44,0.0,0.0,52.44,65.0,0.0,52.44
2025-03-20 19:00:00,48.36,0.0,75.0,0.0,131.0,123.36,48.36
2025-03-20 20:00:00,46.08,0.0,25.0216968701119,0.0,153.019093245699,71.1016968701119,46.08
2025-03-20 21:00:00,44.04,0.0,0.0,0.0,153.019093245699,44.04,44.04
2025-03-20 22:00:00,41.04,0.0,0.0,0.0,153.019093245699,41.04,41.04
2025-03-20 23:00:00,39.96,0.0,0.0,0.0,153.019093245699,39.96,39.96
2025-03-21 00:00:00,39.6,0.0,0.0,0.0,153.019093245699,39.6,39.6
2025-03-21 01:00:00,38.88,0.0,0.0,0.0,153.019093245699,38.88,38.88
2025-03-21 02:00:00,39.36,0.0,0.0,0.0,153.019093245699,39.36,39.36
2025-03-21 03:00:00,39.12,0.0,75.0,0.0,219.019093245699,114.12,39.12
2025-03-21 04:00:00,39.12,0.0,75.0,0.0,285.019093245699,114.12,39.12
2025-03-21 05:00:00,38.76,0.0,75.0,0.0,351.019093245699,113.75999999999999,38.76
2025-03-21 06:00:00,39.24,3.692813087219301,75.0,0.0,417.019093245699,110.5471869127807,35.5471869127807
2025-03-21 07:00:00,38.16,11.219074230496878,0.0,26.9409257695031,390.078167476195,1.7763568394002505e-14,26.940925769503117
2025-03-21 08:00:00,37.08,17.966935368691043,0.0,19.113064631309,370.965102844886,-4.618527782440651e-14,19.113064631308955
2025-03-21 09:00:00,42.24,23.476540916601657,0.0,18.7634590833983,352.201643761488,4.618527782440651e-14,18.763459083398345
2025-03-21 10:00:00,48.0,27.372420361192276,0.0,20.6275796388077,331.57406412268,2.4868995751603507e-14,20.627579638807724
2025-03-21 11:00:00,51.72,29.38907595655924,0.0,22.3309240434408,309.24314007924,-3.907985046680551e-14,22.33092404344076
2025-03-21 12:00:00,52.92,29.38907595655924,0.0,23.5309240434408,285.712216035799,-3.552713678800501e-14,23.530924043440763
2025-03-21 13:00:00,50.52,27.372420361192276,0.0,23.1475796388077,262.564636396991,2.842170943040401e-14,23.147579638807727
2025-03-21 14:00:00,55.32,23.476540916601657,0.0,31.8434590833983,230.721177313593,4.263256414560601e-14,31.843459083398344
2025-03-21 15:00:00,57.36,17.966935368691043,0.0,39.393064631309,191.328112682284,-4.263256414560601e-14,39.39306463130896
2025-03-21 16:00:00,49.44,11.219074230496878,0.0,38.2209257695031,153.107186912781,2.1316282072803006e-14,38.22092576950312
2025-03-21 17:00:00,48.24,3.692813087219301,0.0,44.5471869127807,108.56,0.0,44.5471869127807
2025-03-21 18:00:00,43.56,0.0,0.0,43.56,65.0,0.0,43.56
2025-03-21 19:00:00,43.08,0.0,0.0,0.0,65.0,43.08,43.08
2025-03-21 20:00:00,41.64,0.0,0.0,0.0,65.0,41.64,41.64
2025-03-21 21:00:00,41.28,0.0,0.0,0.0,65.0,41.28,41.28
2025-03-21 22:00:00,42.12,0.0,0.0,0.0,65.0,42.12,42.12
2025-03-21 23:00:00,41.64,0.0,0.0,0.0,65.0,41.64,41.64
2025-03-22 00:00:00,41.52,0.0,0.0,0.0,65.0,41.52,41.52
2025-03-22 01:00:00,41.52,0.0,0.0,0.0,65.0,41.52,41.52
2025-03-22 02:00:00,41.4,0.0,0.0,0.0,65.0,41.4,41.4
2025-03-22 03:00:00,41.88,0.0,0.0,0.0,65.0,41.88,41.88
2025-03-22 04:00:00,42.36,0.0,0.0,0.0,65.0,42.36,42.36
2025-03-22 05:00:00,25.8,0.0,0.0,0.0,65.0,25.8,25.8
2025-03-22 06:00:00,21.96,3.895976128907704,0.0,0.0,65.0,18.064023871092296,18.064023871092296
2025-03-22 07:00:00,32.4,11.422424051942995,0.0,0.0,65.0,20.977575948057,20.977575948057
2025-03-22 08:00:00,50.4,18.17045265228663,0.0,0.0,65.0,32.229547347713364,32.229547347713364
2025-03-22 09:00:00,64.44,23.680194932469725,0.0,0.0,65.0,40.75980506753027,40.75980506753027
2025-03-22 10:00:00,61.56,27.576171061377416,0.0,0.0,65.0,33.98382893862259,33.98382893862259
2025-03-22 11:00:00,55.08,29.592876704229624,0.0,0.0,65.0,25.487123295770374,25.487123295770374
2025-03-22 12:00:00,52.92,29.592876704229624,0.0,0.0,65.0,23.327123295770377,23.327123295770377
2025-03-22 13:00:00,51.72,27.576171061377416,0.0,0.0,65.0,24.143828938622583,24.143828938622583
2025-03-22 14:00:00,51.96,23.680194932469725,0.0,0.0,65.0,28.279805067530276,28.279805067530276
2025-03-22 15:00:00,50.88,18.17045265228663,0.0,0.0,65.0,32.70954734771337,32.70954734771337
2025-03-22 16:00:00,47.64,11.422424051942995,0.0,0.0,65.0,36.217575948057004,36.217575948057004
2025-03-22 17:00:00,47.88,3.895976128907704,0.0,0.0,65.0,43.9840238710923,43.9840238710923
2025-03-22 18:00:00,46.32,0.0,0.0,0.0,65.0,46.32,46.32
2025-03-22 19:00:00,44.28,0.0,0.0,0.0,65.0,44.28,44.28
2025-03-22 20:00:00,40.2,0.0,0.0,0.0,65.0,40.2,40.2
2025-03-22 21:00:00,39.6,0.0,0.0,0.0,65.0,39.6,39.6
2025-03-22 22:00:00,38.16,0.0,0.0,0.0,65.0,38.16,38.16
2025-03-22 23:00:00,39.72,0.0,0.0,0.0,65.0,39.72,39.72
2025-03-23 00:00:00,38.28,0.0,0.0,0.0,65.0,38.28,38.28
2025-03-23 01:00:00,38.4,0.0,0.0,0.0,65.0,38.4,38.4
2025-03-23 02:00:00,38.88,0.0,0.0,0.0,65.0,38.88,38.88
2025-03-23 03:00:00,38.28,0.0,0.0,0.0,65.0,38.28,38.28
2025-03-23 04:00:00,37.8,0.0,0.0,0.0,65.0,37.8,37.8
2025-03-23 05:00:00,39.24,0.0,0.0,0.0,65.0,39.24,39.24
2025-03-23 06:00:00,37.92,4.098945801961923,0.0,0.0,65.0,33.82105419803808,33.82105419803808
2025-03-23 07:00:00,41.28,11.6252069452395,0.0,0.0,65.0,29.654793054760503,29.654793054760503
2025-03-23 08:00:00,41.88,18.373068083433665,0.0,0.0,65.0,23.506931916566337,23.506931916566337
2025-03-23 09:00:00,38.28,23.882673631344275,0.0,0.0,65.0,14.397326368655726,14.397326368655726
2025-03-23 10:00:00,38.4,27.77855307593489,0.0,0.0,65.0,10.621446924065108,10.621446924065108
2025-03-23 11:00:00,38.04,29.79520867130186,0.0,0.0,65.0,8.244791328698138,8.244791328698138
2025-03-23 12:00:00,38.88,29.79520867130186,0.0,0.0,65.0,9.084791328698142,9.084791328698142
2025-03-23 13:00:00,42.36,27.77855307593489,0.0,0.0,65.0,14.581446924065109,14.581446924065109
2025-03-23 14:00:00,48.84,23.882673631344275,0.0,0.0,65.0,24.95732636865573,24.95732636865573
2025-03-23 15:00:00,49.56,18.373068083433665,0.0,0.0,65.0,31.186931916566337,31.186931916566337
2025-03-23 16:00:00,47.04,11.6252069452395,0.0,0.0,65.0,35.4147930547605,35.4147930547605
2025-03-23 17:00:00,43.92,4.098945801961923,0.0,0.0,65.0,39.82105419803808,39.82105419803808
2025-03-23 18:00:00,45.96,0.0,0.0,0.0,65.0,45.96,45.96
2025-03-23 19:00:00,48.24,0.0,0.0,0.0,65.0,48.24,48.24
2025-03-23 20:00:00,46.44,0.0,0.0,0.0,65.0,46.44,46.44
2025-03-23 21:00:00,42.36,0.0,0.0,0.0,65.0,42.36,42.36
2025-03-23 22:00:00,41.88,0.0,75.0,0.0,131.0,116.88,41.88
2025-03-23 23:00:00,41.4,0.0,5.69932274719168,0.0,136.015404017529,47.09932274719168,41.4
2025-03-24 00:00:00,34.08,0.0,0.0,0.0,136.015404017529,34.08,34.08
2025-03-24 01:00:00,23.64,0.0,0.0,0.0,136.015404017529,23.64,23.64
2025-03-24 02:00:00,22.08,0.0,0.0,0.0,136.015404017529,22.08,22.08
2025-03-24 03:00:00,22.56,0.0,0.0,0.0,136.015404017529,22.56,22.56
2025-03-24 04:00:00,22.32,0.0,75.0,0.0,202.015404017529,97.32,22.32
2025-03-24 05:00:00,22.68,0.0,75.0,0.0,268.015404017529,97.68,22.68
2025-03-24 06:00:00,21.96,4.301651979523442,75.0,0.0,334.015404017529,92.65834802047655,17.65834802047656
2025-03-24 07:00:00,23.28,11.827353014162966,0.0,11.452646985837,322.562757031692,3.552713678800501e-14,11.452646985837035
2025-03-24 08:00:00,24.36,18.57471197269051,0.0,5.78528802730949,316.777469004382,8.881784197001252e-16,5.785288027309491
2025-03-24 09:00:00,26.4,24.083907492620305,0.0,2.31609250737969,314.461376497002,3.1086244689504383e-15,2.316092507379693
2025-03-24 10:00:00,39.0,27.97949700364521,0.0,11.0205029963548,303.440873500648,-1.0658141036401503e-14,11.02050299635479
2025-03-24 11:00:00,38.4,29.996002518354945,0.0,8.40399748164505,295.036876019003,3.552713678800501e-15,8.403997481645053
2025-03-24 12:00:00,38.04,29.996002518354945,0.0,8.04399748164505,286.992878537358,3.552713678800501e-15,8.043997481645054
2025-03-24 13:00:00,39.84,27.97949700364521,0.0,11.8605029963548,275.132375541003,-7.105427357601002e-15,11.860502996354793
2025-03-24 14:00:00,42.96,24.083907492620305,0.0,18.8760925073797,256.256283033623,-3.552713678800501e-15,18.876092507379695
2025-03-24 15:00:00,54.96,18.57471197269051,0.0,36.3852880273095,219.870995006314,-7.105427357601002e-15,36.38528802730949
2025-03-24 16:00:00,61.2,11.827353014162966,0.0,49.372646985837,170.498348020477,3.552713678800501e-14,49.37264698583704
2025-03-24 17:00:00,57.0,4.301651979523442,0.0,52.6983480204766,117.8,-4.263256414560601e-14,52.69834802047656
2025-03-24 18:00:00,52.8,0.0,0.0,52.8,65.0,0.0,52.8
2025-03-24 19:00:00,50.64,0.0,75.0,0.0,131.0,125.64,50.64
2025-03-24 20:00:00,48.36,0.0,21.6043732871898,0.0,150.011848492727,69.9643732871898,48.36
2025-03-24 21:00:00,48.0,0.0,0.0,0.0,150.011848492727,48.0,48.0
2025-03-24 22:00:00,42.84,0.0,0.0,0.0,150.011848492727,42.84,42.84
2025-03-24 23:00:00,41.04,0.0,0.0,0.0,150.011848492727,41.04,41.04
2025-03-25 00:00:00,41.04,0.0,0.0,0.0,150.011848492727,41.04,41.04
2025-03-25 01:00:00,38.88,0.0,0.0,0.0,150.011848492727,38.88,38.88
2025-03-25 02:00:00,38.4,0.0,0.0,0.0,150.011848492727,38.4,38.4
2025-03-25 03:00:00,38.76,0.0,75.0,0.0,216.011848492727,113.75999999999999,38.76
2025-03-25 04:00:00,38.76,0.0,75.0,0.0,282.011848492727,113.75999999999999,38.76
2025-03-25 05:00:00,31.92,0.0,75.0,0.0,348.011848492727,106.92,31.92
2025-03-25 06:00:00,22.56,4.504024821513788,75.0,0.0,414.011848492727,93.05597517848621,18.05597517848621
2025-03-25 07:00:00,29.4,12.02879311022254,0.0,17.3712068897775,396.64064160295,-4.263256414560601e-14,17.371206889777458
2025-03-25 08:00:00,42.84,18.775315791626785,0.0,24.0646842083732,372.575957394576,1.7763568394002505e-14,24.06468420837322
2025-03-25 09:00:00,47.16,24.283828494144704,0.0,22.8761715058553,349.699785888721,-7.105427357601002e-15,22.876171505855293
2025-03-25 10:00:00,46.8,28.178935180347352,0.0,18.6210648196526,331.078721069068,4.618527782440651e-14,18.621064819652645
2025-03-25 11:00:00,50.76,30.195190766538182,0.0,20.5648092334618,310.513911835607,1.4210854715202004e-14,20.564809233461816
2025-03-25 12:00:00,53.28,30.195190766538182,0.0,23.0848092334618,287.429102602145,1.7763568394002505e-14,23.08480923346182
2025-03-25 13:00:00,53.28,28.178935180347352,0.0,25.1010648196526,262.328037782492,4.973799150320701e-14,25.10106481965265
2025-03-25 14:00:00,54.12,24.283828494144704,0.0,29.8361715058553,232.491866276637,-7.105427357601002e-15,29.836171505855294
2025-03-25 15:00:00,52.8,18.775315791626785,0.0,34.0246842083732,198.467182068264,1.4210854715202004e-14,34.024684208373216
2025-03-25 16:00:00,52.32,12.02879311022254,0.0,40.2912068897775,158.175975178486,-4.263256414560601e-14,40.291206889777456
2025-03-25 17:00:00,50.4,4.504024821513788,0.0,45.8959751784862,112.28,1.4210854715202004e-14,45.89597517848621
2025-03-25 18:00:00,47.28,0.0,0.0,47.28,65.0,0.0,47.28
2025-03-25 19:00:00,52.92,0.0,75.0,0.0,131.0,127.92,52.92
2025-03-25 20:00:00,54.6,0.0,0.0,0.0,131.0,54.6,54.6
2025-03-25 21:00:00,47.64,0.0,0.0,0.0,131.0,47.64,47.64
2025-03-25 22:00:00,43.08,0.0,0.0,0.0,131.0,43.08,43.08
2025-03-25 23:00:00,41.4,0.0,0.0,0.0,131.0,41.4,41.4
2025-03-26 00:00:00,41.16,0.0,0.0,0.0,131.0,41.16,41.16
2025-03-26 01:00:00,38.04,0.0,0.0,0.0,131.0,38.04,38.04
2025-03-26 02:00:00,38.88,0.0,0.0,0.0,131.0,38.88,38.88
2025-03-26 03:00:00,37.92,0.0,75.0,0.0,197.0,112.92,37.92
2025-03-26 04:00:00,38.16,0.0,75.0,0.0,263.0,113.16,38.16
2025-03-26 05:00:00,38.76,0.0,75.0,0.0,329.0,113.75999999999999,38.76
2025-03-26 06:00:00,38.04,4.705994822224375,75.0,0.0,395.0,108.33400517777562,33.33400517777562
2025-03-26 07:00:00,38.52,12.22945887929719,0.0,26.2905411207028,368.709458879297,1.0658141036401503e-14,26.290541120702812
2025-03-26 08:00:00,39.36,18.974812218606637,0.0,20.3851877813934,348.324271097904,-3.907985046680551e-14,20.385187781393363
2025-03-26 09:00:00,41.76,24.482370157302213,0.0,17.2776298426978,331.046641255206,-1.4210854715202004e-14,17.277629842697785
2025-03-26 10:00:00,40.68,28.376801723531653,0.0,12.3031982764683,318.743442978738,4.618527782440651e-14,12.303198276468347
2025-03-26 11:00:00,41.88,30.39270784190889,0.0,11.4872921580911,307.256150820647,1.2434497875801753e-14,11.487292158091112
2025-03-26 12:00:00,45.84,30.39270784190889,0.0,15.4472921580911,291.808858662556,1.2434497875801753e-14,15.447292158091113
2025-03-26 13:00:00,48.12,28.376801723531653,0.0,19.7431982764683,272.065660386087,4.618527782440651e-14,19.743198276468345
2025-03-26 14:00:00,51.6,24.482370157302213,0.0,27.1176298426978,244.948030543389,-1.0658141036401503e-14,27.117629842697788
2025-03-26 15:00:00,51.84,18.974812218606637,0.0,32.8651877813934,212.082842761996,-3.552713678800501e-14,32.86518778139337
2025-03-26 16:00:00,51.36,12.22945887929719,0.0,39.1305411207028,172.952301641293,7.105427357601002e-15,39.13054112070281
2025-03-26 17:00:00,50.28,4.705994822224375,0.0,45.5740051777756,127.378296463518,2.842170943040401e-14,45.574005177775625
2025-03-26 18:00:00,48.36,0.0,0.0,48.36,79.0182964635175,0.0,48.36
2025-03-26 19:00:00,49.44,0.0,49.149446556776,0.0,122.26980943348,98.589446556776,49.44
2025-03-26 20:00:00,49.2,0.0,0.0,0.0,122.26980943348,49.2,49.2
2025-03-26 21:00:00,47.04,0.0,0.0,0.0,122.26980943348,47.04,47.04
2025-03-26 22:00:00,45.12,0.0,0.0,0.0,122.26980943348,45.12,45.12
2025-03-26 23:00:00,43.32,0.0,0.0,0.0,122.26980943348,43.32,43.32
2025-03-27 00:00:00,40.68,0.0,0.0,0.0,122.26980943348,40.68,40.68
2025-03-27 01:00:00,37.92,0.0,0.0,0.0,122.26980943348,37.92,37.92
2025-03-27 02:00:00,38.16,0.0,0.0,0.0,122.26980943348,38.16,38.16
2025-03-27 03:00:00,38.76,0.0,0.0,0.0,122.26980943348,38.76,38.76
2025-03-27 04:00:00,38.28,0.0,75.0,0.0,188.26980943348,113.28,38.28
2025-03-27 05:00:00,38.04,0.0,75.0,0.0,254.26980943348,113.03999999999999,38.04
2025-03-27 06:00:00,27.24,4.907492857396532,75.0,0.0,320.26980943348,97.33250714260348,22.33250714260347
2025-03-27 07:00:00,22.2,12.429282807130166,0.0,9.77071719286983,310.499092240611,3.552713678800501e-15,9.770717192869833
2025-03-27 08:00:00,24.24,19.17313518286152,0.0,5.06686481713848,305.432227423472,-3.552713678800501e-15,5.066864817138477
2025-03-27 09:00:00,22.56,24.67946758992749,2.11946758992749,0.0,307.297358902608,-1.7763568394002505e-15,-2.119467589927492
2025-03-27 10:00:00,22.92,28.57303257443108,5.65303257443108,0.0,312.272027568108,3.552713678800501e-15,-5.6530325744310765
2025-03-27 11:00:00,29.16,30.58849011709875,1.42849011709875,0.0,313.529098871154,-2.220446049250313e-16,-1.4284901170987503
2025-03-27 12:00:00,38.52,30.58849011709875,0.0,7.93150988290125,305.597588988253,2.6645352591003757e-15,7.931509882901253
2025-03-27 13:00:00,48.0,28.57303257443108,0.0,19.4269674255689,286.170621562684,2.1316282072803006e-14,19.42696742556892
2025-03-27 14:00:00,60.36,24.67946758992749,0.0,35.6805324100725,250.490089152612,7.105427357601002e-15,35.68053241007251
2025-03-27 15:00:00,66.36,19.17313518286152,0.0,47.1868648171385,203.303224335473,-2.1316282072803006e-14,47.18686481713848
2025-03-27 16:00:00,62.28,12.429282807130166,0.0,49.8507171928698,153.452507142603,3.552713678800501e-14,49.85071719286984
2025-03-27 17:00:00,50.64,4.907492857396532,0.0,45.7325071426035,107.72,-3.552713678800501e-14,45.73250714260347
2025-03-27 18:00:00,42.72,0.0,0.0,42.72,65.0,0.0,42.72
2025-03-27 19:00:00,40.92,0.0,73.5051311353511,0.0,129.684515399109,114.42513113535111,40.92
2025-03-27 20:00:00,41.88,0.0,0.0,0.0,129.684515399109,41.88,41.88
2025-03-27 21:00:00,39.96,0.0,0.0,0.0,129.684515399109,39.96,39.96
2025-03-27 22:00:00,38.16,0.0,0.0,0.0,129.684515399109,38.16,38.16
2025-03-27 23:00:00,38.28,0.0,0.0,0.0,129.684515399109,38.28,38.28
2025-03-28 00:00:00,29.52,0.0,0.0,0.0,129.684515399109,29.52,29.52
2025-03-28 01:00:00,22.32,0.0,0.0,0.0,129.684515399109,22.32,22.32
2025-03-28 02:00:00,21.84,0.0,0.0,0.0,129.684515399109,21.84,21.84
2025-03-28 03:00:00,22.68,0.0,75.0,0.0,195.684515399109,97.68,22.68
2025-03-28 04:00:00,22.08,0.0,75.0,0.0,261.684515399109,97.08,22.08
2025-03-28 05:00:00,21.96,0.0,75.0,0.0,327.684515399109,96.96000000000001,21.96
2025-03-28 06:00:00,22.8,5.108450230704009,75.0,0.0,393.684515399109,92.69154976929599,17.691549769295992
2025-03-28 07:00:00,26.16,12.628198263595753,0.0,13.5318017364042,380.152713662705,4.796163466380676e-14,13.531801736404248
2025-03-28 08:00:00,38.88,19.37021990677046,0.0,19.5097800932295,360.642933569475,4.263256414560601e-14,19.509780093229544
2025-03-28 09:00:00,43.68,24.875057526963328,0.0,18.8049424730367,341.837991096439,-2.842170943040401e-14,18.80494247303667
2025-03-28 10:00:00,46.8,28.767565537532533,0.0,18.0324344624675,323.805556633971,-3.552713678800501e-14,18.032434462467464
2025-03-28 11:00:00,46.2,30.7824759502314,0.0,15.4175240497686,308.388032584203,1.7763568394002505e-15,15.417524049768602
2025-03-28 12:00:00,52.08,30.7824759502314,0.0,21.2975240497686,287.090508534434,-3.552713678800501e-15,21.297524049768597
2025-03-28 13:00:00,50.64,28.767565537532533,0.0,21.8724344624675,265.218074071966,-3.197442310920451e-14,21.872434462467467
2025-03-28 14:00:00,59.4,24.875057526963328,0.0,34.5249424730367,230.69313159893,-2.842170943040401e-14,34.524942473036674
2025-03-28 15:00:00,59.4,19.37021990677046,0.0,40.0297800932295,190.6633515057,4.263256414560601e-14,40.02978009322954
2025-03-28 16:00:00,52.08,12.628198263595753,0.0,39.4518017364042,151.211549769296,4.973799150320701e-14,39.45180173640425
2025-03-28 17:00:00,47.4,5.108450230704009,0.0,42.291549769296,108.92,-7.105427357601002e-15,42.29154976929599
2025-03-28 18:00:00,43.92,0.0,0.0,43.92,65.0,0.0,43.92
2025-03-28 19:00:00,42.96,0.0,0.0,0.0,65.0,42.96,42.96
2025-03-28 20:00:00,38.88,0.0,0.0,0.0,65.0,38.88,38.88
2025-03-28 21:00:00,38.76,0.0,0.0,0.0,65.0,38.76,38.76
2025-03-28 22:00:00,38.04,0.0,0.0,0.0,65.0,38.04,38.04
2025-03-28 23:00:00,38.28,0.0,0.0,0.0,65.0,38.28,38.28
2025-03-29 00:00:00,38.4,0.0,0.0,0.0,65.0,38.4,38.4
2025-03-29 01:00:00,38.52,0.0,0.0,0.0,65.0,38.52,38.52
2025-03-29 02:00:00,38.64,0.0,0.0,0.0,65.0,38.64,38.64
2025-03-29 03:00:00,34.68,0.0,0.0,0.0,65.0,34.68,34.68
2025-03-29 04:00:00,21.84,0.0,0.0,0.0,65.0,21.84,21.84
2025-03-29 05:00:00,22.44,0.0,0.0,0.0,65.0,22.44,22.44
2025-03-29 06:00:00,21.72,5.308798719549943,0.0,0.0,65.0,16.411201280450058,16.411201280450058
2025-03-29 07:00:00,36.84,12.82613954565453,0.0,0.0,65.0,24.013860454345473,24.013860454345473
2025-03-29 08:00:00,37.08,19.56600294626744,0.0,0.0,65.0,17.51399705373256,17.51399705373256
2025-03-29 09:00:00,38.52,25.0690783687878,0.0,0.0,65.0,13.450921631212204,13.450921631212204
2025-03-29 10:00:00,37.8,28.96034031743297,0.0,0.0,65.0,8.839659682567028,8.839659682567028
2025-03-29 11:00:00,40.32,30.974605721017205,0.0,0.0,65.0,9.345394278982795,9.345394278982795
2025-03-29 12:00:00,48.12,30.974605721017205,0.0,0.0,65.0,17.145394278982792,17.145394278982792
2025-03-29 13:00:00,53.52,28.96034031743297,0.0,0.0,65.0,24.559659682567034,24.559659682567034
2025-03-29 14:00:00,55.2,25.0690783687878,0.0,0.0,65.0,30.130921631212203,30.130921631212203
2025-03-29 15:00:00,55.08,19.56600294626744,0.0,0.0,65.0,35.51399705373256,35.51399705373256
2025-03-29 16:00:00,54.24,12.82613954565453,0.0,0.0,65.0,41.41386045434547,41.41386045434547
2025-03-29 17:00:00,53.64,5.308798719549943,0.0,0.0,65.0,48.33120128045006,48.33120128045006
2025-03-29 18:00:00,51.24,0.0,0.0,0.0,65.0,51.24,51.24
2025-03-29 19:00:00,49.56,0.0,0.0,0.0,65.0,49.56,49.56
2025-03-29 20:00:00,45.96,0.0,0.0,0.0,65.0,45.96,45.96
2025-03-29 21:00:00,44.52,0.0,0.0,0.0,65.0,44.52,44.52
2025-03-29 22:00:00,43.56,0.0,0.0,0.0,65.0,43.56,43.56
2025-03-29 23:00:00,39.0,0.0,0.0,0.0,65.0,39.0,39.0
2025-03-30 00:00:00,38.04,0.0,0.0,0.0,65.0,38.04,38.04
2025-03-30 01:00:00,38.04,0.0,0.0,0.0,65.0,38.04,38.04
2025-03-30 02:00:00,38.4,0.0,0.0,0.0,65.0,38.4,38.4
2025-03-30 03:00:00,39.0,0.0,0.0,0.0,65.0,39.0,39.0
2025-03-30 04:00:00,38.52,0.0,0.0,0.0,65.0,38.52,38.52
2025-03-30 05:00:00,38.4,0.0,0.0,0.0,65.0,38.4,38.4
2025-03-30 06:00:00,38.04,5.508470620093201,0.0,0.0,65.0,32.5315293799068,32.5315293799068
2025-03-30 07:00:00,41.16,13.023041918917318,0.0,0.0,65.0,28.13695808108268,28.13695808108268
2025-03-30 08:00:00,38.52,19.760422229301053,0.0,0.0,65.0,18.75957777069895,18.75957777069895
2025-03-30 09:00:00,40.2,25.26147021713916,0.0,0.0,65.0,14.938529782860844,14.938529782860844
2025-03-30 10:00:00,48.48,29.15129855297209,0.0,0.0,65.0,19.328701447027907,19.328701447027907
2025-03-30 11:00:00,58.08,31.164821863958103,0.0,0.0,65.0,26.915178136041895,26.915178136041895
2025-03-30 12:00:00,58.32,31.164821863958103,0.0,0.0,65.0,27.155178136041897,27.155178136041897
2025-03-30 13:00:00,57.96,29.15129855297209,75.0,0.0,131.0,103.80870144702791,28.80870144702791
2025-03-30 14:00:00,82.2,25.26147021713916,65.9090909090909,0.0,189.0,122.84762069195175,56.93852978286084
2025-03-30 15:00:00,91.2,19.760422229301053,0.0,0.0,189.0,71.43957777069895,71.43957777069895
2025-03-30 16:00:00,93.0,13.023041918917318,0.0,0.0,189.0,79.97695808108269,79.97695808108269
2025-03-30 17:00:00,93.12,5.508470620093201,0.0,0.0,189.0,87.6115293799068,87.6115293799068
2025-03-30 18:00:00,109.08,0.0,0.0,0.0,189.0,109.08,109.08
2025-03-30 19:00:00,97.92,0.0,0.0,0.0,189.0,97.92,97.92
2025-03-30 20:00:00,97.2,0.0,0.0,0.0,189.0,97.2,97.2
2025-03-30 21:00:00,91.56,0.0,0.0,0.0,189.0,91.56,91.56
2025-03-30 22:00:00,69.72,0.0,0.0,0.0,189.0,69.72,69.72
2025-03-30 23:00:00,66.6,0.0,0.0,0.0,189.0,66.6,66.6
2025-03-31 00:00:00,65.28,0.0,0.0,0.0,189.0,65.28,65.28
2025-03-31 01:00:00,63.72,0.0,75.0,0.0,255.0,138.72,63.72
2025-03-31 02:00:00,63.36,0.0,75.0,0.0,321.0,138.36,63.36
2025-03-31 03:00:00,64.44,0.0,75.0,0.0,387.0,139.44,64.44
2025-03-31 04:00:00,63.12,0.0,75.0,0.0,453.0,138.12,63.12
2025-03-31 05:00:00,62.76,0.0,75.0,0.0,519.0,137.76,62.76
2025-03-31 06:00:00,61.68,5.707398791419942,75.0,0.0,585.0,130.97260120858004,55.97260120858006
2025-03-31 07:00:00,58.68,13.218841657739931,0.0,45.4611583422601,539.53884165774,-2.842170943040401e-14,45.46115834226007
2025-03-31 08:00:00,57.84,19.95341709227413,0.0,37.8865829077259,501.652258750014,-2.842170943040401e-14,37.886582907725874
2025-03-31 09:00:00,55.8,25.452174908571163,0.0,30.3478250914288,471.304433658585,3.552713678800501e-14,30.347825091428835
2025-03-31 10:00:00,70.2,29.340383848577325,0.0,40.8596161514227,430.444817507162,-2.1316282072803006e-14,40.85961615142268
2025-03-31 11:00:00,69.6,31.353068898600284,0.0,38.2469311013997,392.197886405763,7.105427357601002e-15,38.24693110139971
2025-03-31 12:00:00,75.36,31.353068898600284,0.0,44.0069311013997,348.190955304363,1.4210854715202004e-14,44.006931101399715
2025-03-31 13:00:00,83.52,29.340383848577325,0.0,54.1796161514227,294.01133915294,-2.842170943040401e-14,54.17961615142267
2025-03-31 14:00:00,84.48,25.452174908571163,0.0,59.0278250914288,234.983514061512,3.552713678800501e-14,59.02782509142884
2025-03-31 15:00:00,93.72,19.95341709227413,0.0,19.9835140615116,215.0,53.78306884621428,73.76658290772588
2025-03-31 16:00:00,93.6,13.218841657739931,0.0,0.0,215.0,80.38115834226006,80.38115834226006
2025-03-31 17:00:00,91.92,5.707398791419942,0.0,75.0,140.0,11.212601208580054,86.21260120858005
2025-03-31 18:00:00,89.04,0.0,0.0,75.0,65.0,14.040000000000006,89.04
2025-03-31 19:00:00,92.88,0.0,70.8072727272727,0.0,127.3104,163.6872727272727,92.88
2025-03-31 20:00:00,89.04,0.0,74.6472727272727,0.0,193.0,163.68727272727273,89.04
2025-03-31 21:00:00,81.36,0.0,75.0,0.0,259.0,156.36,81.36
2025-03-31 22:00:00,66.6,0.0,75.0,0.0,325.0,141.6,66.6
2025-03-31 23:00:00,64.68,0.0,0.0,0.0,325.0,64.68,64.68
2025-04-01 00:00:00,61.2,0.0,0.0,0.0,325.0,61.2,61.2
2025-04-01 01:00:00,61.8,0.0,0.0,0.0,325.0,61.8,61.8
2025-04-01 02:00:00,59.64,0.0,0.0,0.0,325.0,59.64,59.64
2025-04-01 03:00:00,54.0,0.0,75.0,0.0,391.0,129.0,54.0
2025-04-01 04:00:00,50.52,0.0,21.8117490828891,0.0,410.194339192942,72.3317490828891,50.52
2025-04-01 05:00:00,49.2,0.0,0.0,0.0,410.194339192942,49.2,49.2
2025-04-01 06:00:00,49.68,7.046355151952244,75.0,0.0,476.194339192942,117.63364484804777,42.63364484804776
2025-04-01 07:00:00,54.48,16.004715781777136,0.0,38.4752842182229,437.71905497472,-4.263256414560601e-14,38.47528421822286
2025-04-01 08:00:00,61.68,24.036562193314094,0.0,37.6434378066859,400.075617168034,7.105427357601002e-15,37.64343780668591
2025-04-01 09:00:00,61.44,30.594537326870643,0.0,30.8454626731294,369.230154494904,-4.618527782440651e-14,30.845462673129354
2025-04-01 10:00:00,59.64,35.231726014661234,0.0,24.4082739853388,344.821880509566,-3.197442310920451e-14,24.408273985338766
2025-04-01 11:00:00,56.4,37.632111510929576,0.0,18.7678884890705,326.053992020495,-7.815970093361102e-14,18.767888489070423
2025-04-01 12:00:00,50.52,37.632111510929576,0.0,12.8878884890704,313.166103531425,2.6645352591003757e-14,12.887888489070427
2025-04-01 13:00:00,57.84,35.231726014661234,0.0,22.6082739853388,290.557829546086,-3.197442310920451e-14,22.60827398533877
2025-04-01 14:00:00,59.88,30.594537326870643,0.0,29.2854626731294,261.272366872957,-3.907985046680551e-14,29.28546267312936
2025-04-01 15:00:00,62.52,24.036562193314094,0.0,38.4834378066859,222.788929066271,1.4210854715202004e-14,38.48343780668591
2025-04-01 16:00:00,63.0,16.004715781777136,0.0,46.9952842182229,175.793644848048,-3.552713678800501e-14,46.995284218222864
2025-04-01 17:00:00,61.2,7.046355151952244,0.0,54.1536448480477,121.64,6.394884621840902e-14,54.15364484804776
2025-04-01 18:00:00,56.64,0.0,0.0,56.64,65.0,0.0,56.64
2025-04-01 19:00:00,55.2,0.0,0.0,0.0,65.0,55.2,55.2
2025-04-01 20:00:00,56.16,0.0,0.0,0.0,65.0,56.16,56.16
2025-04-01 21:00:00,52.68,0.0,0.0,0.0,65.0,52.68,52.68
2025-04-01 22:00:00,46.68,0.0,0.0,0.0,65.0,46.68,46.68
2025-04-01 23:00:00,44.88,0.0,0.0,0.0,65.0,44.88,44.88
2025-04-02 00:00:00,41.88,0.0,0.0,0.0,65.0,41.88,41.88
2025-04-02 01:00:00,40.08,0.0,0.0,0.0,65.0,40.08,40.08
2025-04-02 02:00:00,39.12,0.0,0.0,0.0,65.0,39.12,39.12
2025-04-02 03:00:00,38.88,0.0,75.0,0.0,131.0,113.88,38.88
2025-04-02 04:00:00,38.28,0.0,75.0,0.0,197.0,113.28,38.28
2025-04-02 05:00:00,38.04,0.0,8.9955951383598,0.0,204.916123721757,47.035595138359795,38.04
2025-04-02 06:00:00,37.8,7.281700430218052,75.0,0.0,270.916123721757,105.51829956978195,30.518299569781945
2025-04-02 07:00:00,40.44,16.235486117109346,0.0,24.2045138828907,246.711609838866,-4.973799150320701e-14,24.20451388289065
2025-04-02 08:00:00,38.52,24.263230747025464,0.0,14.2567692529745,232.454840585891,3.907985046680551e-14,14.25676925297454
2025-04-02 09:00:00,38.52,30.81785678991289,0.0,7.70214321008711,224.752697375804,1.7763568394002505e-15,7.702143210087112
2025-04-02 10:00:00,40.32,35.45267731298054,0.0,4.86732268701946,219.885374688785,0.0,4.86732268701946
2025-04-02 11:00:00,46.44,37.85183695698441,0.0,8.58816304301558,211.297211645769,1.0658141036401503e-14,8.58816304301559
2025-04-02 12:00:00,41.4,37.85183695698441,0.0,3.54816304301559,207.749048602754,1.7763568394002505e-15,3.5481630430155917
2025-04-02 13:00:00,40.68,35.45267731298054,0.0,5.22732268701946,202.521725915734,-8.881784197001252e-16,5.227322687019459
2025-04-02 14:00:00,43.2,30.81785678991289,0.0,12.3821432100871,190.139582705647,1.0658141036401503e-14,12.382143210087111
2025-04-02 15:00:00,43.32,24.263230747025464,0.0,19.0567692529745,171.082813452673,3.552713678800501e-14,19.056769252974536
2025-04-02 16:00:00,43.08,16.235486117109346,0.0,26.8445138828907,144.238299569782,-4.618527782440651e-14,26.844513882890652
2025-04-02 17:00:00,43.8,7.281700430218052,0.0,36.5182995697819,107.72,4.263256414560601e-14,36.518299569781945
2025-04-02 18:00:00,42.72,0.0,0.0,42.72,65.0,0.0,42.72
2025-04-02 19:00:00,44.16,0.0,0.0,0.0,65.0,44.16,44.16
2025-04-02 20:00:00,42.48,0.0,0.0,0.0,65.0,42.48,42.48
2025-04-02 21:00:00,43.68,0.0,0.0,0.0,65.0,43.68,43.68
2025-04-02 22:00:00,44.16,0.0,0.0,0.0,65.0,44.16,44.16
2025-04-02 23:00:00,43.56,0.0,65.9090909090909,0.0,123.0,109.46909090909091,43.56
2025-04-03 00:00:00,45.12,0.0,75.0,0.0,189.0,120.12,45.12
2025-04-03 01:00:00,47.4,0.0,75.0,0.0,255.0,122.4,47.4
2025-04-03 02:00:00,50.4,0.0,75.0,0.0,321.0,125.4,50.4
2025-04-03 03:00:00,52.08,0.0,75.0,0.0,387.0,127.08,52.08
2025-04-03 04:00:00,54.72,0.0,75.0,0.0,453.0,129.72,54.72
2025-04-03 05:00:00,55.68,0.0,75.0,0.0,519.0,130.68,55.68
2025-04-03 06:00:00,56.4,7.515922510126024,75.0,0.0,585.0,123.88407748987397,48.884077489873974
2025-04-03 07:00:00,58.92,16.464720372219336,0.0,42.4552796277807,542.544720372219,-2.842170943040401e-14,42.45527962778067
2025-04-03 08:00:00,73.68,24.48799304076212,0.0,49.1920069592379,493.352713412981,-1.4210854715202004e-14,49.19200695923789
2025-04-03 09:00:00,99.36,31.03896774247817,0.0,68.3210322575218,425.03168115546,4.263256414560601e-14,68.32103225752184
2025-04-03 10:00:00,102.36,35.67120637744311,0.0,66.6887936225569,358.342887532903,-1.4210854715202004e-14,66.68879362255689
2025-04-03 11:00:00,107.04,38.06902953782037,0.0,68.9709704621797,289.371917070723,-5.684341886080802e-14,68.97097046217964
2025-04-03 12:00:00,98.16,38.06902953782037,0.0,60.0909704621797,229.280946608543,-7.105427357601002e-14,60.09097046217963
2025-04-03 13:00:00,91.92,35.67120637744311,0.0,33.9168691186695,195.364077489874,22.331924503887386,56.24879362255689
2025-04-03 14:00:00,88.44,31.03896774247817,0.0,0.0,195.364077489874,57.40103225752183,57.40103225752183
2025-04-03 15:00:00,82.68,24.48799304076212,0.0,0.0,195.364077489874,58.19200695923789,58.19200695923789
2025-04-03 16:00:00,81.72,16.464720372219336,0.0,0.0,195.364077489874,65.25527962778067,65.25527962778067
2025-04-03 17:00:00,65.76,7.515922510126024,0.0,58.244077489874,137.12,-2.1316282072803006e-14,58.24407748987398
2025-04-03 18:00:00,72.12,0.0,0.0,72.12,65.0,0.0,72.12
2025-04-03 19:00:00,61.56,0.0,0.0,0.0,65.0,61.56,61.56
2025-04-03 20:00:00,62.04,0.0,0.0,0.0,65.0,62.04,62.04
2025-04-03 21:00:00,67.56,0.0,0.0,0.0,65.0,67.56,67.56
2025-04-03 22:00:00,65.16,0.0,0.0,0.0,65.0,65.16,65.16
2025-04-03 23:00:00,61.68,0.0,0.0,0.0,65.0,61.68,61.68
2025-04-04 00:00:00,59.88,0.0,0.0,0.0,65.0,59.88,59.88
2025-04-04 01:00:00,58.2,0.0,0.0,0.0,65.0,58.2,58.2
2025-04-04 02:00:00,53.88,0.0,31.5311315898416,0.0,92.7473957990607,85.4111315898416,53.88
2025-04-04 03:00:00,46.68,0.0,75.0,0.0,158.747395799061,121.68,46.68
2025-04-04 04:00:00,42.48,0.0,75.0,0.0,224.747395799061,117.47999999999999,42.48
2025-04-04 05:00:00,40.92,0.0,75.0,0.0,290.747395799061,115.92,40.92
2025-04-04 06:00:00,39.48,7.748944470361032,75.0,0.0,356.747395799061,106.73105552963897,31.731055529638965
2025-04-04 07:00:00,40.08,16.69234776563539,0.0,23.3876522343646,333.359743564696,7.105427357601002e-15,23.38765223436461
2025-04-04 08:00:00,40.44,24.710783797885323,0.0,15.7292162021147,317.630527362581,-2.4868995751603507e-14,15.729216202114674
2025-04-04 09:00:00,40.44,31.257809402605087,0.0,9.18219059739491,308.448336765186,0.0,9.18219059739491
2025-04-04 10:00:00,40.2,35.88725560430438,0.0,4.31274439569562,304.135592369491,4.440892098500626e-15,4.312744395695624
2025-04-04 11:00:00,41.16,38.28363329485898,0.0,2.87636670514101,301.25922566435,6.661338147750939e-15,2.8763667051410167
2025-04-04 12:00:00,43.44,38.28363329485898,0.0,5.15636670514101,296.102858959209,7.993605777301127e-15,5.156366705141018
2025-04-04 13:00:00,48.36,35.88725560430438,0.0,12.4727443956956,283.630114563513,2.1316282072803006e-14,12.47274439569562
2025-04-04 14:00:00,63.72,31.257809402605087,0.0,32.4621905973949,251.167923966118,7.105427357601002e-15,32.46219059739491
2025-04-04 15:00:00,64.2,24.710783797885323,0.0,39.4892162021147,211.678707764004,-2.1316282072803006e-14,39.489216202114676
2025-04-04 16:00:00,61.56,16.69234776563539,0.0,44.8676522343646,166.811055529639,1.4210854715202004e-14,44.86765223436461
2025-04-04 17:00:00,57.24,7.748944470361032,0.0,49.491055529639,117.32,-2.842170943040401e-14,49.49105552963897
2025-04-04 18:00:00,52.32,0.0,0.0,52.32,65.0,0.0,52.32
2025-04-04 19:00:00,48.12,0.0,0.0,0.0,65.0,48.12,48.12
2025-04-04 20:00:00,48.6,0.0,0.0,0.0,65.0,48.6,48.6
2025-04-04 21:00:00,48.12,0.0,0.0,0.0,65.0,48.12,48.12
2025-04-04 22:00:00,48.0,0.0,0.0,0.0,65.0,48.0,48.0
2025-04-04 23:00:00,48.72,0.0,0.0,0.0,65.0,48.72,48.72
2025-04-05 00:00:00,50.16,0.0,0.0,0.0,65.0,50.16,50.16
2025-04-05 01:00:00,49.92,0.0,0.0,0.0,65.0,49.92,49.92
2025-04-05 02:00:00,49.32,0.0,0.0,0.0,65.0,49.32,49.32
2025-04-05 03:00:00,48.0,0.0,0.0,0.0,65.0,48.0,48.0
2025-04-05 04:00:00,47.4,0.0,0.0,0.0,65.0,47.4,47.4
2025-04-05 05:00:00,46.44,0.0,0.0,0.0,65.0,46.44,46.44
2025-04-05 06:00:00,44.64,7.980690306203577,0.0,0.0,65.0,36.65930969379642,36.65930969379642
2025-04-05 07:00:00,46.08,16.918298929466573,0.0,0.0,65.0,29.161701070533425,29.161701070533425
2025-04-05 08:00:00,60.6,24.931539600921862,0.0,0.0,65.0,35.66846039907814,35.66846039907814
2025-04-05 09:00:00,69.96,31.474323211316104,0.0,0.0,65.0,38.48567678868389,38.48567678868389
2025-04-05 10:00:00,63.24,36.10076987006208,0.0,0.0,65.0,27.13923012993792,27.13923012993792
2025-04-05 11:00:00,58.08,38.49559488293083,0.0,0.0,65.0,19.584405117069167,19.584405117069167
2025-04-05 12:00:00,54.96,38.49559488293083,0.0,0.0,65.0,16.46440511706917,16.46440511706917
2025-04-05 13:00:00,54.48,36.10076987006208,0.0,0.0,65.0,18.379230129937916,18.379230129937916
2025-04-05 14:00:00,52.2,31.474323211316104,0.0,0.0,65.0,20.7256767886839,20.7256767886839
2025-04-05 15:00:00,48.72,24.931539600921862,0.0,0.0,65.0,23.788460399078136,23.788460399078136
2025-04-05 16:00:00,48.72,16.918298929466573,0.0,0.0,65.0,31.801701070533426,31.801701070533426
2025-04-05 17:00:00,46.56,7.980690306203577,0.0,0.0,65.0,38.579309693796425,38.579309693796425
2025-04-05 18:00:00,45.84,0.0,0.0,0.0,65.0,45.84,45.84
2025-04-05 19:00:00,44.76,0.0,0.0,0.0,65.0,44.76,44.76
2025-04-05 20:00:00,44.04,0.0,0.0,0.0,65.0,44.04,44.04
2025-04-05 21:00:00,42.24,0.0,0.0,0.0,65.0,42.24,42.24
2025-04-05 22:00:00,40.68,0.0,0.0,0.0,65.0,40.68,40.68
2025-04-05 23:00:00,41.16,0.0,0.0,0.0,65.0,41.16,41.16
2025-04-06 00:00:00,41.16,0.0,0.0,0.0,65.0,41.16,41.16
2025-04-06 01:00:00,40.08,0.0,0.0,0.0,65.0,40.08,40.08
2025-04-06 02:00:00,38.4,0.0,0.0,0.0,65.0,38.4,38.4
2025-04-06 03:00:00,39.36,0.0,0.0,0.0,65.0,39.36,39.36
2025-04-06 04:00:00,39.12,0.0,0.0,0.0,65.0,39.12,39.12
2025-04-06 05:00:00,38.4,0.0,0.0,0.0,65.0,38.4,38.4
2025-04-06 06:00:00,38.4,8.211084974176744,0.0,0.0,65.0,30.188915025823256,30.188915025823256
2025-04-06 07:00:00,39.24,17.142505945020954,0.0,0.0,65.0,22.097494054979048,22.097494054979048
2025-04-06 08:00:00,40.2,25.150198919087263,0.0,0.0,65.0,15.04980108091274,15.04980108091274
2025-04-06 09:00:00,38.28,31.688452853531373,0.0,0.0,65.0,6.591547146468628,6.591547146468628
2025-04-06 10:00:00,39.96,36.31169654769643,0.0,0.0,65.0,3.6483034523035727,3.6483034523035727
2025-04-06 11:00:00,44.28,38.70486358409653,0.0,0.0,65.0,5.575136415903472,5.575136415903472
2025-04-06 12:00:00,49.08,38.70486358409653,0.0,0.0,65.0,10.37513641590347,10.37513641590347
2025-04-06 13:00:00,52.68,36.31169654769643,0.0,0.0,65.0,16.36830345230357,16.36830345230357
2025-04-06 14:00:00,51.84,31.688452853531373,0.0,0.0,65.0,20.15154714646863,20.15154714646863
2025-04-06 15:00:00,50.04,25.150198919087263,0.0,0.0,65.0,24.889801080912736,24.889801080912736
2025-04-06 16:00:00,51.0,17.142505945020954,0.0,0.0,65.0,33.85749405497904,33.85749405497904
2025-04-06 17:00:00,61.44,8.211084974176744,0.0,0.0,65.0,53.228915025823255,53.228915025823255
2025-04-06 18:00:00,66.24,0.0,0.0,0.0,65.0,66.24,66.24
2025-04-06 19:00:00,67.32,0.0,0.0,0.0,65.0,67.32,67.32
2025-04-06 20:00:00,62.52,0.0,0.0,0.0,65.0,62.52,62.52
2025-04-06 21:00:00,52.08,0.0,0.0,0.0,65.0,52.08,52.08
2025-04-06 22:00:00,45.84,0.0,0.0,0.0,65.0,45.84,45.84
2025-04-06 23:00:00,42.96,0.0,0.0,0.0,65.0,42.96,42.96
2025-04-07 00:00:00,41.76,0.0,0.0,0.0,65.0,41.76,41.76
2025-04-07 01:00:00,37.92,0.0,0.0,0.0,65.0,37.92,37.92
2025-04-07 02:00:00,38.4,0.0,0.0,0.0,65.0,38.4,38.4
2025-04-07 03:00:00,38.04,0.0,75.0,0.0,131.0,113.03999999999999,38.04
2025-04-07 04:00:00,38.64,0.0,75.0,0.0,197.0,113.64,38.64
2025-04-07 05:00:00,38.52,0.0,0.0,0.0,197.0,38.52,38.52
2025-04-07 06:00:00,38.88,8.440054435058487,71.3843878179297,0.0,259.818261279778,101.82433338287123,30.439945564941517
2025-04-07 07:00:00,42.0,17.36490237614541,0.0,24.6350976238546,235.183163655924,-7.105427357601002e-15,24.63509762385459
2025-04-07 08:00:00,40.68,25.366702132953492,0.0,15.3132978670465,219.869865788877,7.105427357601002e-15,15.313297867046508
2025-04-07 09:00:00,38.28,31.900144275655613,0.0,6.37985572434439,213.490010064533,-1.7763568394002505e-15,6.379855724344388
2025-04-07 10:00:00,39.12,36.51998551925024,0.0,2.60001448074976,210.889995583783,-3.552713678800501e-15,2.6000144807497563
2025-04-07 11:00:00,39.0,38.91139131763505,0.0,0.0886086823650582,210.801386901418,-1.0896838986695911e-13,0.08860868236494923
2025-04-07 12:00:00,38.04,38.91139131763505,0.871391317635052,0.0,211.568211260937,3.3306690738754696e-16,-0.8713913176350516
2025-04-07 13:00:00,38.52,36.51998551925024,0.0,2.00001448074974,209.568196780187,2.1760371282653068e-14,2.000014480749762
2025-04-07 14:00:00,37.8,31.900144275655613,0.0,5.89985572434438,203.668341055843,4.440892098500626e-15,5.899855724344384
2025-04-07 15:00:00,39.6,25.366702132953492,0.0,14.2332978670465,189.435043188796,8.881784197001252e-15,14.23329786704651
2025-04-07 16:00:00,49.32,17.36490237614541,0.0,31.9550976238546,157.479945564941,-7.105427357601002e-15,31.95509762385459
2025-04-07 17:00:00,51.72,8.440054435058487,0.0,43.2799455649415,114.2,1.4210854715202004e-14,43.279945564941514
2025-04-07 18:00:00,49.2,0.0,0.0,49.1999999999999,65.0,9.947598300641403e-14,49.2
2025-04-07 19:00:00,52.2,0.0,0.0,0.0,65.0,52.2,52.2
2025-04-07 20:00:00,50.4,0.0,0.0,0.0,65.0,50.4,50.4
2025-04-07 21:00:00,51.72,0.0,0.0,0.0,65.0,51.72,51.72
2025-04-07 22:00:00,44.16,0.0,0.0,0.0,65.0,44.16,44.16
2025-04-07 23:00:00,42.48,0.0,0.0,0.0,65.0,42.48,42.48
2025-04-08 00:00:00,42.12,0.0,0.0,0.0,65.0,42.12,42.12
2025-04-08 01:00:00,41.64,0.0,0.0,0.0,65.0,41.64,41.64
2025-04-08 02:00:00,39.24,0.0,70.6585335573256,0.0,127.179509530447,109.8985335573256,39.24
2025-04-08 03:00:00,26.88,0.0,75.0,0.0,193.179509530447,101.88,26.88
2025-04-08 04:00:00,22.92,0.0,75.0,0.0,259.179509530447,97.92,22.92
2025-04-08 05:00:00,23.52,0.0,75.0,0.0,325.179509530447,98.52,23.52
2025-04-08 06:00:00,23.04,8.667525695186919,75.0,0.0,391.179509530447,89.37247430481308,14.37247430481308
2025-04-08 07:00:00,27.72,17.58542330023206,0.0,10.1345766997679,381.044932830679,4.085620730620576e-14,10.13457669976794
2025-04-08 08:00:00,40.8,25.58099155622176,0.0,15.2190084437782,365.8259243869,3.552713678800501e-14,15.219008443778236
2025-04-08 09:00:00,49.8,32.1093456998116,0.0,17.6906543001884,348.135270086712,0.0,17.6906543001884
2025-04-08 10:00:00,51.24,36.72558918473128,0.0,14.5144108152687,333.620859271443,2.4868995751603507e-14,14.514410815268725
2025-04-08 11:00:00,51.36,39.11513264618657,0.0,12.2448673538135,321.37599191763,-6.750155989720952e-14,12.244867353813433
2025-04-08 12:00:00,53.4,39.11513264618657,0.0,14.2848673538134,307.091124563816,3.197442310920451e-14,14.284867353813432
2025-04-08 13:00:00,53.04,36.72558918473128,0.0,16.3144108152687,290.776713748548,2.1316282072803006e-14,16.314410815268722
2025-04-08 14:00:00,55.56,32.1093456998116,0.0,23.4506543001884,267.326059448359,3.552713678800501e-15,23.450654300188404
2025-04-08 15:00:00,61.08,25.58099155622176,0.0,35.4990084437782,231.827051004581,3.552713678800501e-14,35.49900844377824
2025-04-08 16:00:00,65.28,17.58542330023206,0.0,47.6945766997679,184.132474304813,4.263256414560601e-14,47.69457669976794
2025-04-08 17:00:00,64.68,8.667525695186919,0.0,56.0124743048131,128.12,-7.105427357601002e-15,56.01247430481309
2025-04-08 18:00:00,63.12,0.0,0.0,63.12,65.0,0.0,63.12
2025-04-08 19:00:00,69.48,0.0,0.0,0.0,65.0,69.48,69.48
2025-04-08 20:00:00,66.0,0.0,0.0,0.0,65.0,66.0,66.0
2025-04-08 21:00:00,60.72,0.0,0.0,0.0,65.0,60.72,60.72
2025-04-08 22:00:00,48.84,0.0,0.0,0.0,65.0,48.84,48.84
2025-04-08 23:00:00,44.04,0.0,0.0,0.0,65.0,44.04,44.04
2025-04-09 00:00:00,38.64,0.0,38.5812611489271,0.0,98.9515098110558,77.2212611489271,38.64
2025-04-09 01:00:00,39.12,0.0,75.0,0.0,164.951509811056,114.12,39.12
2025-04-09 02:00:00,39.36,0.0,75.0,0.0,230.951509811056,114.36,39.36
2025-04-09 03:00:00,40.8,0.0,75.0,0.0,296.951509811056,115.8,40.8
2025-04-09 04:00:00,42.12,0.0,75.0,0.0,362.951509811056,117.12,42.12
2025-04-09 05:00:00,40.56,0.0,75.0,0.0,428.951509811056,115.56,40.56
2025-04-09 06:00:00,45.72,8.893426845989742,75.0,0.0,494.951509811056,111.82657315401025,36.826573154010255
2025-04-09 07:00:00,46.56,17.80400533684094,0.0,28.7559946631591,466.195515147897,-3.907985046680551e-14,28.75599466315906
2025-04-09 08:00:00,48.36,25.79301145456636,0.0,22.5669885454336,443.628526602463,3.907985046680551e-14,22.566988545433638
2025-04-09 09:00:00,54.96,32.316007634699844,0.0,22.6439923653002,420.984534237163,-4.263256414560601e-14,22.643992365300157
2025-04-09 10:00:00,56.16,36.928462467326185,0.0,19.2315375326738,401.752996704489,1.0658141036401503e-14,19.231537532673812
2025-04-09 11:00:00,55.56,39.3160447780439,0.0,16.2439552219561,385.509041482533,0.0,16.2439552219561
2025-04-09 12:00:00,55.56,39.3160447780439,0.0,16.2439552219561,369.265086260577,0.0,16.2439552219561
2025-04-09 13:00:00,54.96,36.928462467326185,0.0,18.0315375326738,351.233548727903,1.7763568394002505e-14,18.031537532673816
2025-04-09 14:00:00,58.2,32.316007634699844,0.0,25.8839923653002,325.349556362603,-4.263256414560601e-14,25.88399236530016
2025-04-09 15:00:00,82.08,25.79301145456636,0.0,56.2869885454336,269.062567817169,3.552713678800501e-14,56.28698854543364
2025-04-09 16:00:00,82.44,17.80400533684094,0.0,64.6359946631591,204.42657315401,-4.263256414560601e-14,64.63599466315905
2025-04-09 17:00:00,76.92,8.893426845989742,0.0,68.0265731540103,136.4,-2.842170943040401e-14,68.02657315401026
2025-04-09 18:00:00,71.4,0.0,0.0,71.3999999999999,65.0,9.947598300641403e-14,71.4
2025-04-09 19:00:00,65.52,0.0,0.0,0.0,65.0,65.52,65.52
2025-04-09 20:00:00,61.08,0.0,0.0,0.0,65.0,61.08,61.08
2025-04-09 21:00:00,63.48,0.0,0.0,0.0,65.0,63.48,63.48
2025-04-09 22:00:00,58.8,0.0,0.0,0.0,65.0,58.8,58.8
2025-04-09 23:00:00,54.36,0.0,0.0,0.0,65.0,54.36,54.36
2025-04-10 00:00:00,49.2,0.0,0.0,0.0,65.0,49.2,49.2
2025-04-10 01:00:00,46.68,0.0,2.03438284125998,0.0,66.7902569003088,48.714382841259976,46.68
2025-04-10 02:00:00,45.6,0.0,75.0,0.0,132.790256900309,120.6,45.6
2025-04-10 03:00:00,45.0,0.0,75.0,0.0,198.790256900309,120.0,45.0
2025-04-10 04:00:00,45.24,0.0,75.0,0.0,264.790256900309,120.24000000000001,45.24
2025-04-10 05:00:00,44.28,0.0,75.0,0.0,330.790256900309,119.28,44.28
2025-04-10 06:00:00,44.28,9.117687101674406,75.0,0.0,396.790256900309,110.1623128983256,35.162312898325595
2025-04-10 07:00:00,44.64,18.020586673894883,0.0,26.6194133261051,370.170843574204,1.7763568394002505e-14,26.619413326105118
2025-04-10 08:00:00,45.6,26.00270806152321,0.0,19.5972919384768,350.573551635727,-1.0658141036401503e-14,19.59729193847679
2025-04-10 09:00:00,44.04,32.52008288307183,0.0,11.5199171169282,339.053634518799,-3.019806626980426e-14,11.51991711692817
2025-04-10 10:00:00,45.0,37.12856281492332,0.0,7.87143718507667,331.182197333722,9.769962616701378e-15,7.8714371850766796
2025-04-10 11:00:00,46.08,39.51408756559518,0.0,6.56591243440482,324.616284899317,-4.440892098500626e-15,6.565912434404815
2025-04-10 12:00:00,44.52,39.51408756559518,0.0,5.00591243440482,319.610372464912,0.0,5.00591243440482
2025-04-10 13:00:00,50.88,37.12856281492332,0.0,13.7514371850767,305.858935279836,-1.7763568394002505e-14,13.751437185076682
2025-04-10 14:00:00,61.44,32.52008288307183,0.0,28.9199171169282,276.939018162907,-3.197442310920451e-14,28.91991711692817
2025-04-10 15:00:00,69.6,26.00270806152321,0.0,43.5972919384768,233.341726224431,-1.4210854715202004e-14,43.597291938476786
2025-04-10 16:00:00,70.8,18.020586673894883,0.0,52.7794133261051,180.562312898326,1.4210854715202004e-14,52.779413326105114
2025-04-10 17:00:00,63.84,9.117687101674406,0.0,54.7223128983256,125.84,0.0,54.7223128983256
2025-04-10 18:00:00,60.84,0.0,0.0,60.84,65.0,0.0,60.84
2025-04-10 19:00:00,58.08,0.0,0.0,0.0,65.0,58.08,58.08
2025-04-10 20:00:00,58.92,0.0,0.0,0.0,65.0,58.92,58.92
2025-04-10 21:00:00,57.6,0.0,0.0,0.0,65.0,57.6,57.6
2025-04-10 22:00:00,50.28,0.0,0.0,0.0,65.0,50.28,50.28
2025-04-10 23:00:00,47.16,0.0,0.0,0.0,65.0,47.16,47.16
2025-04-11 00:00:00,45.0,0.0,6.55079520595798,0.0,70.764699781243,51.55079520595798,45.0
2025-04-11 01:00:00,43.32,0.0,75.0,0.0,136.764699781243,118.32,43.32
2025-04-11 02:00:00,42.36,0.0,75.0,0.0,202.764699781243,117.36,42.36
2025-04-11 03:00:00,39.36,0.0,75.0,0.0,268.764699781243,114.36,39.36
2025-04-11 04:00:00,37.8,0.0,75.0,0.0,334.764699781243,112.8,37.8
2025-04-11 05:00:00,38.04,0.1315895307430428,75.0,0.0,400.764699781243,112.90841046925695,37.90841046925696
2025-04-11 06:00:00,37.92,9.340236835019503,75.0,0.0,466.764699781243,103.5797631649805,28.5797631649805
2025-04-11 07:00:00,37.32,18.23510709140734,0.0,19.0848929085927,447.67980687265,-3.907985046680551e-14,19.08489290859266
2025-04-11 08:00:00,38.52,26.21002959140184,0.0,12.3099704085982,435.369836464052,-3.907985046680551e-14,12.309970408598161
2025-04-11 09:00:00,42.12,32.721526545810946,0.0,9.39847345418905,425.971363009863,1.7763568394002505e-15,9.398473454189052
2025-04-11 10:00:00,47.4,37.32585019794917,0.0,10.0741498020508,415.897213207812,2.6645352591003757e-14,10.074149802050826
2025-04-11 11:00:00,52.8,39.70922349992791,0.0,13.0907765000721,402.80643670774,-1.0658141036401503e-14,13.090776500072089
2025-04-11 12:00:00,57.6,39.70922349992791,0.0,17.8907765000721,384.915660207668,-7.105427357601002e-15,17.890776500072093
2025-04-11 13:00:00,66.36,37.32585019794917,0.0,29.0341498020508,355.881510405617,2.842170943040401e-14,29.034149802050827
2025-04-11 14:00:00,80.04,32.721526545810946,0.0,47.3184734541891,308.563036951428,-4.263256414560601e-14,47.31847345418906
2025-04-11 15:00:00,84.84,26.21002959140184,0.0,58.6299704085982,249.93306654283,-3.552713678800501e-14,58.62997040859816
2025-04-11 16:00:00,74.4,18.23510709140734,0.0,56.1648929085927,193.768173634237,-3.552713678800501e-14,56.16489290859266
2025-04-11 17:00:00,69.24,9.340236835019503,0.0,59.8997631649805,133.868410469257,-7.105427357601002e-15,59.89976316498049
2025-04-11 18:00:00,69.0,0.1315895307430428,0.0,68.868410469257,65.0,-4.263256414560601e-14,68.86841046925696
2025-04-11 19:00:00,66.6,0.0,0.0,0.0,65.0,66.6,66.6
2025-04-11 20:00:00,56.76,0.0,0.0,0.0,65.0,56.76,56.76
2025-04-11 21:00:00,50.64,0.0,0.0,0.0,65.0,50.64,50.64
2025-04-11 22:00:00,46.2,0.0,0.0,0.0,65.0,46.2,46.2
2025-04-11 23:00:00,43.8,0.0,0.0,0.0,65.0,43.8,43.8
2025-04-12 00:00:00,41.28,0.0,0.0,0.0,65.0,41.28,41.28
2025-04-12 01:00:00,40.56,0.0,0.0,0.0,65.0,40.56,40.56
2025-04-12 02:00:00,38.4,0.0,0.0,0.0,65.0,38.4,38.4
2025-04-12 03:00:00,42.24,0.0,0.0,0.0,65.0,42.24,42.24
2025-04-12 04:00:00,40.92,0.0,0.0,0.0,65.0,40.92,40.92
2025-04-12 05:00:00,41.64,0.3610254493971412,0.0,0.0,65.0,41.27897455060286,41.27897455060286
2025-04-12 06:00:00,40.44,9.56100761121344,0.0,0.0,65.0,30.878992388786557,30.878992388786557
2025-04-12 07:00:00,48.24,18.44750798271053,0.0,0.0,65.0,29.792492017289472,29.792492017289472
2025-04-12 08:00:00,58.56,26.41492624920712,0.0,0.0,65.0,32.14507375079288,32.14507375079288
2025-04-12 09:00:00,66.96,32.920296022622686,0.0,0.0,65.0,34.03970397737731,34.03970397737731
2025-04-12 10:00:00,66.24,37.52028710353083,0.0,0.0,65.0,28.71971289646916,28.71971289646916
2025-04-12 11:00:00,65.16,39.901417701612345,0.0,0.0,65.0,25.25858229838765,25.25858229838765
2025-04-12 12:00:00,65.28,39.901417701612345,0.0,0.0,65.0,25.378582298387656,25.378582298387656
2025-04-12 13:00:00,64.08,37.52028710353083,0.0,0.0,65.0,26.559712896469165,26.559712896469165
2025-04-12 14:00:00,61.08,32.920296022622686,0.0,0.0,65.0,28.159703977377312,28.159703977377312
2025-04-12 15:00:00,56.64,26.41492624920712,0.0,0.0,65.0,30.22507375079288,30.22507375079288
2025-04-12 16:00:00,54.96,18.44750798271053,0.0,0.0,65.0,36.512492017289475,36.512492017289475
2025-04-12 17:00:00,55.68,9.56100761121344,0.0,0.0,65.0,46.11899238878656,46.11899238878656
2025-04-12 18:00:00,54.84,0.3610254493971412,0.0,0.0,65.0,54.478974550602864,54.478974550602864
2025-04-12 19:00:00,53.16,0.0,0.0,0.0,65.0,53.16,53.16
2025-04-12 20:00:00,51.12,0.0,0.0,0.0,65.0,51.12,51.12
2025-04-12 21:00:00,52.92,0.0,0.0,0.0,65.0,52.92,52.92
2025-04-12 22:00:00,52.32,0.0,0.0,0.0,65.0,52.32,52.32
2025-04-12 23:00:00,24.96,0.0,0.0,0.0,65.0,24.96,24.96
2025-04-13 00:00:00,7.8,0.0,0.0,0.0,65.0,7.8,7.8
2025-04-13 01:00:00,7.68,0.0,0.0,0.0,65.0,7.68,7.68
2025-04-13 02:00:00,8.04,0.0,0.0,0.0,65.0,8.04,8.04
2025-04-13 03:00:00,6.72,0.0,0.0,0.0,65.0,6.72,6.72
2025-04-13 04:00:00,7.56,0.0,0.0,0.0,65.0,7.56,7.56
2025-04-13 05:00:00,7.2,0.5889571863674838,0.0,0.0,65.0,6.611042813632516,6.611042813632516
2025-04-13 06:00:00,8.16,9.779932219691135,0.0,0.0,65.0,-1.619932219691135,-1.619932219691135
2025-04-13 07:00:00,6.24,18.65773237315648,0.0,0.0,65.0,-12.41773237315648,-12.41773237315648
2025-04-13 08:00:00,5.64,26.61735023756328,0.0,0.0,65.0,-20.97735023756328,-20.97735023756328
2025-04-13 09:00:00,6.12,33.11635100934269,0.0,0.0,65.0,-26.996351009342686,-26.996351009342686
2025-04-13 10:00:00,5.04,37.711838526004506,0.0,0.0,65.0,-32.67183852600451,-32.67183852600451
2025-04-13 11:00:00,6.6,40.09063790769044,0.0,0.0,65.0,-33.49063790769044,-33.49063790769044
2025-04-13 12:00:00,5.64,40.09063790769044,0.0,0.0,65.0,-34.45063790769044,-34.45063790769044
2025-04-13 13:00:00,5.52,37.711838526004506,0.0,0.0,65.0,-32.1918385260045,-32.1918385260045
2025-04-13 14:00:00,6.84,33.11635100934269,0.0,0.0,65.0,-26.276351009342687,-26.276351009342687
2025-04-13 15:00:00,5.64,26.61735023756328,0.0,0.0,65.0,-20.97735023756328,-20.97735023756328
2025-04-13 16:00:00,15.12,18.65773237315648,0.0,0.0,65.0,-3.537732373156482,-3.537732373156482
2025-04-13 17:00:00,17.52,9.779932219691135,0.0,0.0,65.0,7.740067780308864,7.740067780308864
2025-04-13 18:00:00,18.84,0.5889571863674838,0.0,0.0,65.0,18.251042813632516,18.251042813632516
2025-04-13 19:00:00,22.2,0.0,0.0,0.0,65.0,22.2,22.2
2025-04-13 20:00:00,14.52,0.0,0.0,0.0,65.0,14.52,14.52
2025-04-13 21:00:00,5.64,0.0,0.0,0.0,65.0,5.64,5.64
2025-04-13 22:00:00,5.4,0.0,0.0,0.0,65.0,5.4,5.4
2025-04-13 23:00:00,6.72,0.0,0.0,0.0,65.0,6.72,6.72
2025-04-14 00:00:00,5.04,0.0,0.0,0.0,65.0,5.04,5.04
2025-04-14 01:00:00,5.76,0.0,0.0,0.0,65.0,5.76,5.76
2025-04-14 02:00:00,5.52,0.0,0.0,0.0,65.0,5.52,5.52
2025-04-14 03:00:00,5.52,0.0,0.0,0.0,65.0,5.52,5.52
2025-04-14 04:00:00,5.64,0.0,0.0,0.0,65.0,5.64,5.64
2025-04-14 05:00:00,6.12,0.8153077800858067,0.0,0.0,65.0,5.304692219914194,5.304692219914194
2025-04-14 06:00:00,5.76,9.996944703924395,0.0,0.0,65.0,-4.2369447039243955,-4.2369447039243955
2025-04-14 07:00:00,4.92,18.8657249362694,0.0,0.0,65.0,-13.945724936269402,-13.945724936269402
2025-04-14 08:00:00,5.4,26.817255760638822,0.0,0.0,65.0,-21.417255760638824,-21.417255760638824
2025-04-14 09:00:00,5.28,33.30965349187789,0.0,0.0,65.0,-28.029653491877887,-28.029653491877887
2025-04-14 10:00:00,5.64,37.90047195379718,0.0,0.0,65.0,-32.26047195379718,-32.26047195379718
2025-04-14 11:00:00,4.92,40.27685445490313,0.0,0.0,65.0,-35.35685445490313,-35.35685445490313
2025-04-14 12:00:00,2.04,40.27685445490313,0.0,0.0,65.0,-38.23685445490313,-38.23685445490313
2025-04-14 13:00:00,6.12,37.90047195379718,0.0,0.0,65.0,-31.78047195379718,-31.78047195379718
2025-04-14 14:00:00,5.04,33.30965349187789,0.0,0.0,65.0,-28.26965349187789,-28.26965349187789
2025-04-14 15:00:00,5.04,26.817255760638822,4.85307905917355,0.0,69.2707095720727,-16.924176701465274,-21.777255760638823
2025-04-14 16:00:00,12.96,18.8657249362694,5.9057249362694,0.0,74.4677475159898,-8.881784197001252e-16,-5.905724936269401
2025-04-14 17:00:00,14.28,9.996944703924395,0.0,4.2830552960756,70.1846922199142,4.440892098500626e-15,4.283055296075604
2025-04-14 18:00:00,6.0,0.8153077800858067,0.0,5.18469221991419,65.0,3.552713678800501e-15,5.184692219914194
2025-04-14 19:00:00,6.24,0.0,0.0,0.0,65.0,6.24,6.24
2025-04-14 20:00:00,6.84,0.0,0.0,0.0,65.0,6.84,6.84
2025-04-14 21:00:00,6.0,0.0,0.0,0.0,65.0,6.0,6.0
2025-04-14 22:00:00,6.6,0.0,0.0,0.0,65.0,6.6,6.6
2025-04-14 23:00:00,6.24,0.0,0.0,0.0,65.0,6.24,6.24
2025-04-15 00:00:00,6.48,0.0,0.0,0.0,65.0,6.48,6.48
2025-04-15 01:00:00,6.72,0.0,0.0,0.0,65.0,6.72,6.72
2025-04-15 02:00:00,6.24,0.0,0.0,0.0,65.0,6.24,6.24
2025-04-15 03:00:00,6.36,0.0,0.0,0.0,65.0,6.36,6.36
2025-04-15 04:00:00,5.52,0.0,0.0,0.0,65.0,5.52,5.52
2025-04-15 05:00:00,6.0,1.0400011573023091,0.0,0.0,65.0,4.959998842697691,4.959998842697691
2025-04-15 06:00:00,8.88,10.21198038912746,0.0,0.0,65.0,-1.3319803891274589,-1.3319803891274589
2025-04-15 07:00:00,5.76,19.07143200733434,0.0,0.0,65.0,-13.311432007334341,-13.311432007334341
2025-04-15 08:00:00,5.76,27.0145990250782,0.0,0.0,65.0,-21.2545990250782,-21.2545990250782
2025-04-15 09:00:00,6.0,33.50016773680394,0.0,0.0,65.0,-27.500167736803938,-27.500167736803938
2025-04-15 10:00:00,5.76,38.08615735271652,0.0,0.0,65.0,-32.32615735271652,-32.32615735271652
2025-04-15 11:00:00,4.92,40.460040259197655,0.0,0.0,65.0,-35.54004025919765,-35.54004025919765
2025-04-15 12:00:00,5.76,40.460040259197655,0.0,0.0,65.0,-34.70004025919766,-34.70004025919766
2025-04-15 13:00:00,6.36,38.08615735271652,0.0,0.0,65.0,-31.72615735271652,-31.72615735271652
2025-04-15 14:00:00,4.92,33.50016773680394,0.0,0.0,65.0,-28.580167736803936,-28.580167736803936
2025-04-15 15:00:00,4.8,27.0145990250782,0.0,0.0,65.0,-22.2145990250782,-22.2145990250782
2025-04-15 16:00:00,5.4,19.07143200733434,0.0,0.0,65.0,-13.67143200733434,-13.67143200733434
2025-04-15 17:00:00,5.04,10.21198038912746,4.95454413942919,0.0,69.3599988426977,-0.21743624969826936,-5.17198038912746
2025-04-15 18:00:00,5.4,1.0400011573023091,0.0,4.35999884269769,65.0,8.881784197001252e-16,4.359998842697691
2025-04-15 19:00:00,4.44,0.0,0.0,0.0,65.0,4.44,4.44
2025-04-15 20:00:00,5.04,0.0,0.0,0.0,65.0,5.04,5.04
2025-04-15 21:00:00,5.28,0.0,0.0,0.0,65.0,5.28,5.28
2025-04-15 22:00:00,5.28,0.0,0.0,0.0,65.0,5.28,5.28
2025-04-15 23:00:00,4.44,0.0,0.0,0.0,65.0,4.44,4.44
2025-04-16 00:00:00,5.52,0.0,0.0,0.0,65.0,5.52,5.52
2025-04-16 01:00:00,4.68,0.0,0.0,0.0,65.0,4.68,4.68
2025-04-16 02:00:00,5.04,0.0,0.0,0.0,65.0,5.04,5.04
2025-04-16 03:00:00,4.92,0.0,0.0,0.0,65.0,4.92,4.92
2025-04-16 04:00:00,5.28,0.0,0.0,0.0,65.0,5.28,5.28
2025-04-16 05:00:00,4.68,1.2629621737583032,0.0,0.0,65.0,3.4170378262416965,3.4170378262416965
2025-04-16 06:00:00,5.52,10.42497590784374,0.0,0.0,65.0,-4.90497590784374,-4.90497590784374
2025-04-16 07:00:00,4.68,19.274801594412,0.0,0.0,65.0,-14.594801594412,-14.594801594412
2025-04-16 08:00:00,4.68,27.209338237951908,0.0,0.0,65.0,-22.529338237951908,-22.529338237951908
2025-04-16 09:00:00,5.16,33.68786027864799,0.0,0.0,65.0,-28.52786027864799,-28.52786027864799
2025-04-16 10:00:00,5.52,38.26886714569071,0.0,0.0,65.0,-32.74886714569071,-32.74886714569071
2025-04-16 11:00:00,4.8,40.64017079156288,0.0,0.0,65.0,-35.84017079156288,-35.84017079156288
2025-04-16 12:00:00,5.04,40.64017079156288,0.0,0.0,65.0,-35.60017079156288,-35.60017079156288
2025-04-16 13:00:00,4.2,38.26886714569071,0.0,0.0,65.0,-34.06886714569071,-34.06886714569071
2025-04-16 14:00:00,4.8,33.68786027864799,0.0,0.0,65.0,-28.887860278647988,-28.887860278647988
2025-04-16 15:00:00,5.4,27.209338237951908,0.0,0.0,65.0,-21.809338237951906,-21.809338237951906
2025-04-16 16:00:00,4.56,19.274801594412,0.0,0.0,65.0,-14.714801594412002,-14.714801594412002
2025-04-16 17:00:00,4.56,10.42497590784374,4.42845207527466,0.0,68.8970378262417,-1.4365238325690797,-5.86497590784374
2025-04-16 18:00:00,5.16,1.2629621737583032,0.0,3.8970378262417,65.0,-3.1086244689504383e-15,3.897037826241697
2025-04-16 19:00:00,4.92,0.0,0.0,0.0,65.0,4.92,4.92
2025-04-16 20:00:00,4.68,0.0,0.0,0.0,65.0,4.68,4.68
2025-04-16 21:00:00,5.76,0.0,0.0,0.0,65.0,5.76,5.76
2025-04-16 22:00:00,4.8,0.0,0.0,0.0,65.0,4.8,4.8
2025-04-16 23:00:00,5.16,0.0,0.0,0.0,65.0,5.16,5.16
2025-04-17 00:00:00,5.52,0.0,0.0,0.0,65.0,5.52,5.52
2025-04-17 01:00:00,4.92,0.0,0.0,0.0,65.0,4.92,4.92
2025-04-17 02:00:00,4.92,0.0,0.0,0.0,65.0,4.92,4.92
2025-04-17 03:00:00,5.88,0.0,0.0,0.0,65.0,5.88,5.88
2025-04-17 04:00:00,5.64,0.0,0.0,0.0,65.0,5.64,5.64
2025-04-17 05:00:00,5.52,1.484116653157804,0.0,0.0,65.0,4.035883346842196,4.035883346842196
2025-04-17 06:00:00,5.76,10.635869223385946,0.0,0.0,65.0,-4.875869223385946,-4.875869223385946
2025-04-17 07:00:00,5.28,19.475783386776666,0.0,0.0,65.0,-14.195783386776665,-14.195783386776665
2025-04-17 08:00:00,4.68,27.401433601743754,0.0,0.0,65.0,-22.721433601743755,-22.721433601743755
2025-04-17 09:00:00,5.4,33.87269990389348,0.0,0.0,65.0,-28.472699903893485,-28.472699903893485
2025-04-17 10:00:00,5.04,38.448576189007554,0.0,0.0,65.0,-33.408576189007555,-33.408576189007555
2025-04-17 11:00:00,5.28,40.81722405024853,0.0,0.0,65.0,-35.537224050248525,-35.537224050248525
2025-04-17 12:00:00,5.28,40.81722405024853,0.0,0.0,65.0,-35.537224050248525,-35.537224050248525
2025-04-17 13:00:00,4.68,38.448576189007554,0.0,0.0,65.0,-33.768576189007554,-33.768576189007554
2025-04-17 14:00:00,4.68,33.87269990389348,0.0,0.0,65.0,-29.192699903893484,-29.192699903893484
2025-04-17 15:00:00,4.8,27.401433601743754,0.0,0.0,65.0,-22.601433601743754,-22.601433601743754
2025-04-17 16:00:00,5.16,19.475783386776666,0.0,0.0,65.0,-14.315783386776666,-14.315783386776666
2025-04-17 17:00:00,4.56,10.635869223385946,4.0407765305025,0.0,68.5558833468422,-2.0350926928834463,-6.075869223385946
2025-04-17 18:00:00,5.04,1.484116653157804,0.0,3.5558833468422,65.0,-3.9968028886505635e-15,3.555883346842196
2025-04-17 19:00:00,4.92,0.0,0.0,0.0,65.0,4.92,4.92
2025-04-17 20:00:00,4.8,0.0,0.0,0.0,65.0,4.8,4.8
2025-04-17 21:00:00,4.44,0.0,0.0,0.0,65.0,4.44,4.44
2025-04-17 22:00:00,6.12,0.0,0.0,0.0,65.0,6.12,6.12
2025-04-17 23:00:00,5.04,0.0,0.0,0.0,65.0,5.04,5.04
2025-04-18 00:00:00,6.0,0.0,0.0,0.0,65.0,6.0,6.0
2025-04-18 01:00:00,4.92,0.0,0.0,0.0,65.0,4.92,4.92
2025-04-18 02:00:00,6.12,0.0,0.0,0.0,65.0,6.12,6.12
2025-04-18 03:00:00,5.88,0.0,0.0,0.0,65.0,5.88,5.88
2025-04-18 04:00:00,5.64,0.0,0.0,0.0,65.0,5.64,5.64
2025-04-18 05:00:00,5.04,1.7033914243888968,0.0,0.0,65.0,3.3366085756111032,3.3366085756111032
2025-04-18 06:00:00,5.64,10.84459965110642,0.0,0.0,65.0,-5.204599651106421,-5.204599651106421
2025-04-18 07:00:00,4.8,19.674328760778963,0.0,0.0,65.0,-14.874328760778962,-14.874328760778962
2025-04-18 08:00:00,5.52,27.59084730639963,0.0,0.0,65.0,-22.07084730639963,-22.07084730639963
2025-04-18 09:00:00,5.04,34.05465763174984,0.0,0.0,65.0,-29.01465763174984,-29.01465763174984
2025-04-18 10:00:00,5.4,38.6252617451086,0.0,0.0,65.0,-33.225261745108604,-33.225261745108604
2025-04-18 11:00:00,4.8,40.991180529430935,0.0,0.0,65.0,-36.19118052943094,-36.19118052943094
2025-04-18 12:00:00,5.28,40.991180529430935,0.0,0.0,65.0,-35.71118052943093,-35.71118052943093
2025-04-18 13:00:00,4.8,38.6252617451086,0.0,0.0,65.0,-33.825261745108605,-33.825261745108605
2025-04-18 14:00:00,4.44,34.05465763174984,0.0,0.0,65.0,-29.61465763174984,-29.61465763174984
2025-04-18 15:00:00,5.28,27.59084730639963,0.0,0.0,65.0,-22.31084730639963,-22.31084730639963
2025-04-18 16:00:00,5.16,19.674328760778963,0.0,0.0,65.0,-14.514328760778962,-14.514328760778962
2025-04-18 17:00:00,5.16,10.84459965110642,4.74614610864898,0.0,69.1766085756111,-0.9384535424574407,-5.684599651106421
2025-04-18 18:00:00,5.88,1.7033914243888968,0.0,4.1766085756111,65.0,3.552713678800501e-15,4.1766085756111035
2025-04-18 19:00:00,5.04,0.0,0.0,0.0,65.0,5.04,5.04
2025-04-18 20:00:00,6.0,0.0,0.0,0.0,65.0,6.0,6.0
2025-04-18 21:00:00,6.48,0.0,0.0,0.0,65.0,6.48,6.48
2025-04-18 22:00:00,7.2,0.0,0.0,0.0,65.0,7.2,7.2
2025-04-18 23:00:00,6.84,0.0,0.0,0.0,65.0,6.84,6.84
2025-04-19 00:00:00,6.36,0.0,0.0,0.0,65.0,6.36,6.36
2025-04-19 01:00:00,6.24,0.0,0.0,0.0,65.0,6.24,6.24
2025-04-19 02:00:00,7.8,0.0,0.0,0.0,65.0,7.8,7.8
2025-04-19 03:00:00,6.6,0.0,0.0,0.0,65.0,6.6,6.6
2025-04-19 04:00:00,7.8,0.0,0.0,0.0,65.0,7.8,7.8
2025-04-19 05:00:00,6.24,1.9207143569515923,0.0,0.0,65.0,4.319285643048408,4.319285643048408
2025-04-19 06:00:00,6.48,11.051107877480678,0.0,0.0,65.0,-4.571107877480678,-4.571107877480678
2025-04-19 07:00:00,6.96,19.870390783142085,0.0,0.0,65.0,-12.910390783142084,-12.910390783142084
2025-04-19 08:00:00,7.2,27.777543518469106,0.0,0.0,65.0,-20.577543518469106,-20.577543518469106
2025-04-19 09:00:00,6.6,34.233706691736934,0.0,0.0,65.0,-27.633706691736933,-27.633706691736933
2025-04-19 10:00:00,7.08,38.79890345200148,0.0,0.0,65.0,-31.718903452001484,-31.718903452001484
2025-04-19 11:00:00,6.96,41.16202318439505,0.0,0.0,65.0,-34.20202318439505,-34.20202318439505
2025-04-19 12:00:00,6.36,41.16202318439505,0.0,0.0,65.0,-34.802023184395054,-34.802023184395054
2025-04-19 13:00:00,6.96,38.79890345200148,0.0,0.0,65.0,-31.83890345200148,-31.83890345200148
2025-04-19 14:00:00,6.96,34.233706691736934,0.0,0.0,65.0,-27.273706691736933,-27.273706691736933
2025-04-19 15:00:00,7.44,27.777543518469106,0.0,0.0,65.0,-20.337543518469104,-20.337543518469104
2025-04-19 16:00:00,6.6,19.870390783142085,0.0,0.0,65.0,-13.270390783142085,-13.270390783142085
2025-04-19 17:00:00,6.96,11.051107877480678,0.0,0.0,65.0,-4.091107877480678,-4.091107877480678
2025-04-19 18:00:00,6.96,1.9207143569515923,0.0,0.0,65.0,5.039285643048408,5.039285643048408
2025-04-19 19:00:00,6.72,0.0,0.0,0.0,65.0,6.72,6.72
2025-04-19 20:00:00,7.92,0.0,0.0,0.0,65.0,7.92,7.92
2025-04-19 21:00:00,7.92,0.0,0.0,0.0,65.0,7.92,7.92
2025-04-19 22:00:00,7.2,0.0,0.0,0.0,65.0,7.2,7.2
2025-04-19 23:00:00,7.68,0.0,0.0,0.0,65.0,7.68,7.68
2025-04-20 00:00:00,7.08,0.0,0.0,0.0,65.0,7.08,7.08
2025-04-20 01:00:00,7.32,0.0,0.0,0.0,65.0,7.32,7.32
2025-04-20 02:00:00,8.64,0.0,0.0,0.0,65.0,8.64,8.64
2025-04-20 03:00:00,7.8,0.0,0.0,0.0,65.0,7.8,7.8
2025-04-20 04:00:00,7.32,0.0,0.0,0.0,65.0,7.32,7.32
2025-04-20 05:00:00,7.32,2.136014394553121,0.0,0.0,65.0,5.183985605446879,5.183985605446879
2025-04-20 06:00:00,7.32,11.25533597699198,0.0,0.0,65.0,-3.935335976991979,-3.935335976991979
2025-04-20 07:00:00,8.04,20.06392421170496,0.0,0.0,65.0,-12.023924211704962,-12.023924211704962
2025-04-20 08:00:00,7.92,27.96148836737672,0.0,0.0,65.0,-20.041488367376722,-20.041488367376722
2025-04-20 09:00:00,7.44,34.409822498140066,0.0,0.0,65.0,-26.969822498140065,-26.969822498140065
2025-04-20 10:00:00,7.68,38.96948328935949,0.0,0.0,65.0,-31.289483289359488,-31.289483289359488
2025-04-20 11:00:00,7.2,41.32973739330912,0.0,0.0,65.0,-34.129737393309114,-34.129737393309114
2025-04-20 12:00:00,7.44,41.32973739330912,0.0,0.0,65.0,-33.88973739330912,-33.88973739330912
2025-04-20 13:00:00,7.2,38.96948328935949,0.0,0.0,65.0,-31.76948328935949,-31.76948328935949
2025-04-20 14:00:00,7.92,34.409822498140066,0.0,0.0,65.0,-26.489822498140065,-26.489822498140065
2025-04-20 15:00:00,7.32,27.96148836737672,0.0,0.0,65.0,-20.64148836737672,-20.64148836737672
2025-04-20 16:00:00,7.68,20.06392421170496,0.0,0.0,65.0,-12.383924211704961,-12.383924211704961
2025-04-20 17:00:00,7.32,11.25533597699198,0.0,0.0,65.0,-3.935335976991979,-3.935335976991979
2025-04-20 18:00:00,9.12,2.136014394553121,0.0,0.0,65.0,6.983985605446878,6.983985605446878
2025-04-20 19:00:00,8.88,0.0,0.0,0.0,65.0,8.88,8.88
2025-04-20 20:00:00,7.68,0.0,0.0,0.0,65.0,7.68,7.68
2025-04-20 21:00:00,7.32,0.0,0.0,0.0,65.0,7.32,7.32
2025-04-20 22:00:00,7.32,0.0,0.0,0.0,65.0,7.32,7.32
2025-04-20 23:00:00,7.32,0.0,0.0,0.0,65.0,7.32,7.32
2025-04-21 00:00:00,7.8,0.0,0.0,0.0,65.0,7.8,7.8
2025-04-21 01:00:00,8.04,0.0,0.0,0.0,65.0,8.04,8.04
2025-04-21 02:00:00,7.44,0.0,0.0,0.0,65.0,7.44,7.44
2025-04-21 03:00:00,7.44,0.0,0.0,0.0,65.0,7.44,7.44
2025-04-21 04:00:00,8.16,0.0,0.0,0.0,65.0,8.16,8.16
2025-04-21 05:00:00,7.2,2.3492215868376163,0.0,0.0,65.0,4.850778413162384,4.850778413162384
2025-04-21 06:00:00,7.2,11.457227426810803,0.0,0.0,65.0,-4.257227426810803,-4.257227426810803
2025-04-21 07:00:00,7.68,20.25488549363256,0.0,0.0,65.0,-12.57488549363256,-12.57488549363256
2025-04-21 08:00:00,7.8,28.14264992886636,0.0,0.0,65.0,-20.342649928866358,-20.342649928866358
2025-04-21 09:00:00,7.2,34.582982621398074,0.0,0.0,65.0,-27.382982621398074,-27.382982621398074
2025-04-21 10:00:00,6.96,39.13698554138467,0.0,0.0,65.0,-32.17698554138467,-32.17698554138467
2025-04-21 11:00:00,6.96,41.4943109156747,0.0,0.0,65.0,-34.5343109156747,-34.5343109156747
2025-04-21 12:00:00,6.36,41.4943109156747,0.0,0.0,65.0,-35.1343109156747,-35.1343109156747
2025-04-21 13:00:00,7.2,39.13698554138467,0.0,0.0,65.0,-31.93698554138467,-31.93698554138467
2025-04-21 14:00:00,6.0,34.582982621398074,0.0,0.0,65.0,-28.582982621398074,-28.582982621398074
2025-04-21 15:00:00,5.76,28.14264992886636,0.0,0.0,65.0,-22.382649928866357,-22.382649928866357
2025-04-21 16:00:00,5.64,20.25488549363256,0.0,0.0,65.0,-14.61488549363256,-14.61488549363256
2025-04-21 17:00:00,5.64,11.457227426810803,4.28497546950271,0.0,68.7707784131624,-1.5322519573080937,-5.8172274268108035
2025-04-21 18:00:00,6.12,2.3492215868376163,0.0,3.77077841316238,65.0,3.9968028886505635e-15,3.770778413162384
2025-04-21 19:00:00,6.48,0.0,0.0,0.0,65.0,6.48,6.48
2025-04-21 20:00:00,5.64,0.0,0.0,0.0,65.0,5.64,5.64
2025-04-21 21:00:00,5.64,0.0,0.0,0.0,65.0,5.64,5.64
2025-04-21 22:00:00,5.88,0.0,0.0,0.0,65.0,5.88,5.88
2025-04-21 23:00:00,6.84,0.0,0.0,0.0,65.0,6.84,6.84
2025-04-22 00:00:00,7.92,0.0,0.0,0.0,65.0,7.92,7.92
2025-04-22 01:00:00,7.2,0.0,0.0,0.0,65.0,7.2,7.2
2025-04-22 02:00:00,6.84,0.0,0.0,0.0,65.0,6.84,6.84
2025-04-22 03:00:00,6.48,0.0,0.0,0.0,65.0,6.48,6.48
2025-04-22 04:00:00,7.08,0.0,0.0,0.0,65.0,7.08,7.08
2025-04-22 05:00:00,8.16,2.5602671192215407,0.0,0.0,65.0,5.599732880778459,5.599732880778459
2025-04-22 06:00:00,6.72,11.656727119268004,0.0,0.0,65.0,-4.936727119268004,-4.936727119268004
2025-04-22 07:00:00,6.6,20.44323276111834,0.0,0.0,65.0,-13.843232761118342,-13.843232761118342
2025-04-22 08:00:00,6.24,28.32099820566757,0.0,0.0,65.0,-22.08099820566757,-22.08099820566757
2025-04-22 09:00:00,5.76,34.75316675649261,0.0,0.0,65.0,-28.993166756492613,-28.993166756492613
2025-04-22 10:00:00,5.52,39.30139675651584,0.0,0.0,65.0,-33.781396756515846,-33.781396756515846
2025-04-22 11:00:00,6.36,41.655733847541136,0.0,0.0,65.0,-35.295733847541136,-35.295733847541136
2025-04-22 12:00:00,5.52,41.655733847541136,0.0,0.0,65.0,-36.13573384754113,-36.13573384754113
2025-04-22 13:00:00,5.04,39.30139675651584,0.0,0.0,65.0,-34.26139675651584,-34.26139675651584
2025-04-22 14:00:00,5.28,34.75316675649261,0.0,0.0,65.0,-29.47316675649261,-29.47316675649261
2025-04-22 15:00:00,4.32,28.32099820566757,0.0,0.0,65.0,-24.00099820566757,-24.00099820566757
2025-04-22 16:00:00,4.44,20.44323276111834,0.0,0.0,65.0,-16.00323276111834,-16.00323276111834
2025-04-22 17:00:00,6.12,11.656727119268004,2.27242372815734,0.0,66.9997328807785,-3.2643033911106634,-5.536727119268003
2025-04-22 18:00:00,4.56,2.5602671192215407,0.0,1.99973288077846,65.0,-1.1102230246251565e-15,1.999732880778459
2025-04-22 19:00:00,4.8,0.0,0.0,0.0,65.0,4.8,4.8
2025-04-22 20:00:00,5.4,0.0,0.0,0.0,65.0,5.4,5.4
2025-04-22 21:00:00,5.52,0.0,0.0,0.0,65.0,5.52,5.52
2025-04-22 22:00:00,5.4,0.0,0.0,0.0,65.0,5.4,5.4
2025-04-22 23:00:00,5.76,0.0,0.0,0.0,65.0,5.76,5.76
2025-04-23 00:00:00,5.76,0.0,0.0,0.0,65.0,5.76,5.76
2025-04-23 01:00:00,6.0,0.0,0.0,0.0,65.0,6.0,6.0
2025-04-23 02:00:00,5.04,0.0,0.0,0.0,65.0,5.04,5.04
2025-04-23 03:00:00,5.88,0.0,0.0,0.0,65.0,5.88,5.88
2025-04-23 04:00:00,7.08,0.0,0.0,0.0,65.0,7.08,7.08
2025-04-23 05:00:00,5.88,2.769083340812178,0.0,0.0,65.0,3.1109166591878217,3.1109166591878217
2025-04-23 06:00:00,6.24,11.853781372126337,0.0,0.0,65.0,-5.613781372126336,-5.613781372126336
2025-04-23 07:00:00,5.52,20.62892582461013,0.0,0.0,65.0,-15.108925824610129,-15.108925824610129
2025-04-23 08:00:00,5.64,28.49650510543867,0.0,0.0,65.0,-22.856505105438668,-22.856505105438668
2025-04-23 09:00:00,5.04,34.92035668841298,0.0,0.0,65.0,-29.88035668841298,-29.88035668841298
2025-04-23 10:00:00,6.6,39.46270570407006,0.0,0.0,65.0,-32.86270570407006,-32.86270570407006
2025-04-23 11:00:00,5.52,41.81399857357953,0.0,0.0,65.0,-36.29399857357953,-36.29399857357953
2025-04-23 12:00:00,4.8,41.81399857357953,0.0,0.0,65.0,-37.013998573579535,-37.013998573579535
2025-04-23 13:00:00,4.56,39.46270570407006,0.0,0.0,65.0,-34.90270570407006,-34.90270570407006
2025-04-23 14:00:00,4.92,34.92035668841298,0.0,0.0,65.0,-30.000356688412978,-30.000356688412978
2025-04-23 15:00:00,4.56,28.49650510543867,0.0,0.0,65.0,-23.93650510543867,-23.93650510543867
2025-04-23 16:00:00,5.4,20.62892582461013,0.0,0.0,65.0,-15.228925824610128,-15.228925824610128
2025-04-23 17:00:00,5.16,11.853781372126337,1.48967802180434,0.0,66.3109166591878,-5.204103350321996,-6.693781372126336
2025-04-23 18:00:00,4.08,2.769083340812178,0.0,1.31091665918782,65.0,1.7763568394002505e-15,1.3109166591878219
2025-04-23 19:00:00,4.44,0.0,0.0,0.0,65.0,4.44,4.44
2025-04-23 20:00:00,4.92,0.0,0.0,0.0,65.0,4.92,4.92
2025-04-23 21:00:00,4.68,0.0,0.0,0.0,65.0,4.68,4.68
2025-04-23 22:00:00,5.28,0.0,0.0,0.0,65.0,5.28,5.28
2025-04-23 23:00:00,5.76,0.0,0.0,0.0,65.0,5.76,5.76
2025-04-24 00:00:00,5.16,0.0,0.0,0.0,65.0,5.16,5.16
2025-04-24 01:00:00,5.76,0.0,0.0,0.0,65.0,5.76,5.76
2025-04-24 02:00:00,4.8,0.0,0.0,0.0,65.0,4.8,4.8
2025-04-24 03:00:00,5.88,0.0,0.0,0.0,65.0,5.88,5.88
2025-04-24 04:00:00,5.52,0.0,0.0,0.0,65.0,5.52,5.52
2025-04-24 05:00:00,6.36,2.9756037903913204,0.0,0.0,65.0,3.38439620960868,3.38439620960868
2025-04-24 06:00:00,5.28,12.04833793666008,0.0,0.0,65.0,-6.768337936660079,-6.768337936660079
2025-04-24 07:00:00,5.88,20.811926163595764,0.0,0.0,65.0,-14.931926163595765,-14.931926163595765
2025-04-24 08:00:00,4.92,28.669144416047036,0.0,0.0,65.0,-23.749144416047038,-23.749144416047038
2025-04-24 09:00:00,5.76,35.0845362547764,0.0,0.0,65.0,-29.324536254776405,-29.324536254776405
2025-04-24 10:00:00,5.52,39.62090332791078,0.0,0.0,65.0,-34.100903327910785,-34.100903327910785
2025-04-24 11:00:00,5.4,41.96909971611709,0.0,0.0,65.0,-36.569099716117094,-36.569099716117094
2025-04-24 12:00:00,6.12,41.96909971611709,0.0,0.0,65.0,-35.849099716117095,-35.849099716117095
2025-04-24 13:00:00,5.64,39.62090332791078,0.0,0.0,65.0,-33.98090332791078,-33.98090332791078
2025-04-24 14:00:00,4.68,35.0845362547764,0.0,0.0,65.0,-30.404536254776403,-30.404536254776403
2025-04-24 15:00:00,5.64,28.669144416047036,0.0,0.0,65.0,-23.029144416047036,-23.029144416047036
2025-04-24 16:00:00,5.4,20.811926163595764,0.0,0.0,65.0,-15.411926163595764,-15.411926163595764
2025-04-24 17:00:00,5.76,12.04833793666008,2.6186320563735,0.0,67.3043962096087,-3.6697058802865796,-6.28833793666008
2025-04-24 18:00:00,5.28,2.9756037903913204,0.0,2.30439620960868,65.0,0.0,2.30439620960868
2025-04-24 19:00:00,5.28,0.0,0.0,0.0,65.0,5.28,5.28
2025-04-24 20:00:00,6.36,0.0,0.0,0.0,65.0,6.36,6.36
2025-04-24 21:00:00,6.0,0.0,0.0,0.0,65.0,6.0,6.0
2025-04-24 22:00:00,7.2,0.0,0.0,0.0,65.0,7.2,7.2
2025-04-24 23:00:00,7.44,0.0,0.0,0.0,65.0,7.44,7.44
2025-04-25 00:00:00,7.44,0.0,0.0,0.0,65.0,7.44,7.44
2025-04-25 01:00:00,7.2,0.0,0.0,0.0,65.0,7.2,7.2
2025-04-25 02:00:00,6.84,0.0,0.0,0.0,65.0,6.84,6.84
2025-04-25 03:00:00,6.6,0.0,0.0,0.0,65.0,6.6,6.6
2025-04-25 04:00:00,7.08,0.0,0.0,0.0,65.0,7.08,7.08
2025-04-25 05:00:00,7.56,3.1797632204515627,0.0,0.0,65.0,4.3802367795484365,4.3802367795484365
2025-04-25 06:00:00,7.44,12.240346003557804,0.0,0.0,65.0,-4.800346003557803,-4.800346003557803
2025-04-25 07:00:00,7.08,20.9921969149902,0.0,0.0,65.0,-13.912196914990199,-13.912196914990199
2025-04-25 08:00:00,7.08,28.83889177825211,0.0,0.0,65.0,-21.758891778252107,-21.758891778252107
2025-04-25 09:00:00,6.48,35.24569130568861,0.0,0.0,65.0,-28.76569130568861,-28.76569130568861
2025-04-25 10:00:00,7.2,39.77598269724174,0.0,0.0,65.0,-32.575982697241734,-32.575982697241734
2025-04-25 11:00:00,7.32,42.12103408123763,0.0,0.0,65.0,-34.80103408123763,-34.80103408123763
2025-04-25 12:00:00,6.6,42.12103408123763,0.0,0.0,65.0,-35.52103408123763,-35.52103408123763
2025-04-25 13:00:00,6.6,39.77598269724174,0.0,0.0,65.0,-33.175982697241736,-33.175982697241736
2025-04-25 14:00:00,6.48,35.24569130568861,0.0,0.0,65.0,-28.76569130568861,-28.76569130568861
2025-04-25 15:00:00,6.48,28.83889177825211,0.0,0.0,65.0,-22.358891778252108,-22.358891778252108
2025-04-25 16:00:00,6.96,20.9921969149902,0.0,0.0,65.0,-14.032196914990198,-14.032196914990198
2025-04-25 17:00:00,6.84,12.240346003557804,4.43208724948686,0.0,68.9002367795484,-0.968258754070944,-5.400346003557804
2025-04-25 18:00:00,7.08,3.1797632204515627,0.0,3.90023677954844,65.0,-2.6645352591003757e-15,3.9002367795484374
2025-04-25 19:00:00,6.72,0.0,0.0,0.0,65.0,6.72,6.72
2025-04-25 20:00:00,6.84,0.0,0.0,0.0,65.0,6.84,6.84
2025-04-25 21:00:00,6.6,0.0,0.0,0.0,65.0,6.6,6.6
2025-04-25 22:00:00,7.68,0.0,0.0,0.0,65.0,7.68,7.68
2025-04-25 23:00:00,7.56,0.0,0.0,0.0,65.0,7.56,7.56
2025-04-26 00:00:00,6.36,0.0,0.0,0.0,65.0,6.36,6.36
2025-04-26 01:00:00,6.6,0.0,0.0,0.0,65.0,6.6,6.6
2025-04-26 02:00:00,7.2,0.0,0.0,0.0,65.0,7.2,7.2
2025-04-26 03:00:00,7.2,0.0,0.0,0.0,65.0,7.2,7.2
2025-04-26 04:00:00,7.2,0.0,0.0,0.0,65.0,7.2,7.2
2025-04-26 05:00:00,6.96,3.381497619278288,0.0,0.0,65.0,3.578502380721712,3.578502380721712
2025-04-26 06:00:00,6.96,12.42975620666892,0.0,0.0,65.0,-5.46975620666892,-5.46975620666892
2025-04-26 07:00:00,6.36,21.16970285917137,0.0,0.0,65.0,-14.80970285917137,-14.80970285917137
2025-04-26 08:00:00,5.52,29.005724655862352,0.0,0.0,65.0,-23.485724655862352,-23.485724655862352
2025-04-26 09:00:00,5.64,35.40380966093568,0.0,0.0,65.0,-29.763809660935678,-29.763809660935678
2025-04-26 10:00:00,5.64,39.92793895463098,0.0,0.0,65.0,-34.28793895463098,-34.28793895463098
2025-04-26 11:00:00,7.32,42.26980060206012,0.0,0.0,65.0,-34.94980060206012,-34.94980060206012
2025-04-26 12:00:00,5.04,42.26980060206012,0.0,0.0,65.0,-37.22980060206012,-37.22980060206012
2025-04-26 13:00:00,5.04,39.92793895463098,0.0,0.0,65.0,-34.88793895463098,-34.88793895463098
2025-04-26 14:00:00,5.28,35.40380966093568,0.0,0.0,65.0,-30.123809660935677,-30.123809660935677
2025-04-26 15:00:00,4.68,29.005724655862352,0.0,0.0,65.0,-24.325724655862352,-24.325724655862352
2025-04-26 16:00:00,5.28,21.16970285917137,0.0,0.0,65.0,-15.889702859171368,-15.889702859171368
2025-04-26 17:00:00,5.52,12.42975620666892,0.0,0.0,65.0,-6.90975620666892,-6.90975620666892
2025-04-26 18:00:00,5.4,3.381497619278288,0.0,0.0,65.0,2.018502380721712,2.018502380721712
2025-04-26 19:00:00,5.16,0.0,0.0,0.0,65.0,5.16,5.16
2025-04-26 20:00:00,5.16,0.0,0.0,0.0,65.0,5.16,5.16
2025-04-26 21:00:00,5.04,0.0,0.0,0.0,65.0,5.04,5.04
2025-04-26 22:00:00,6.84,0.0,0.0,0.0,65.0,6.84,6.84
2025-04-26 23:00:00,5.52,0.0,0.0,0.0,65.0,5.52,5.52
2025-04-27 00:00:00,5.88,0.0,0.0,0.0,65.0,5.88,5.88
2025-04-27 01:00:00,5.4,0.0,0.0,0.0,65.0,5.4,5.4
2025-04-27 02:00:00,5.28,0.0,0.0,0.0,65.0,5.28,5.28
2025-04-27 03:00:00,6.0,0.0,0.0,0.0,65.0,6.0,6.0
2025-04-27 04:00:00,7.8,0.0,0.0,0.0,65.0,7.8,7.8
2025-04-27 05:00:00,5.28,3.5807442310749917,0.0,0.0,65.0,1.6992557689250085,1.6992557689250085
2025-04-27 06:00:00,5.28,12.616520624619165,0.0,0.0,65.0,-7.3365206246191645,-7.3365206246191645
2025-04-27 07:00:00,5.28,21.34441040371657,0.0,0.0,65.0,-16.06441040371657,-16.06441040371657
2025-04-27 08:00:00,5.52,29.16962230344155,0.0,0.0,65.0,-23.64962230344155,-23.64962230344155
2025-04-27 09:00:00,5.88,35.558881064601955,0.0,0.0,65.0,-29.678881064601956,-29.678881064601956
2025-04-27 10:00:00,6.12,40.07676926137403,0.0,0.0,65.0,-33.956769261374035,-33.956769261374035
2025-04-27 11:00:00,5.28,42.41540027931104,0.0,0.0,65.0,-37.135400279311035,-37.135400279311035
2025-04-27 12:00:00,5.88,42.41540027931104,0.0,0.0,65.0,-36.535400279311034,-36.535400279311034
2025-04-27 13:00:00,4.68,40.07676926137403,0.0,0.0,65.0,-35.39676926137403,-35.39676926137403
2025-04-27 14:00:00,4.56,35.558881064601955,0.0,0.0,65.0,-30.998881064601957,-30.998881064601957
2025-04-27 15:00:00,5.52,29.16962230344155,0.0,0.0,65.0,-23.64962230344155,-23.64962230344155
2025-04-27 16:00:00,5.16,21.34441040371657,0.0,0.0,65.0,-16.18441040371657,-16.18441040371657
2025-04-27 17:00:00,5.28,12.616520624619165,0.0,0.0,65.0,-7.3365206246191645,-7.3365206246191645
2025-04-27 18:00:00,4.56,3.5807442310749917,0.0,0.0,65.0,0.9792557689250079,0.9792557689250079
2025-04-27 19:00:00,4.8,0.0,0.0,0.0,65.0,4.8,4.8
2025-04-27 20:00:00,4.68,0.0,0.0,0.0,65.0,4.68,4.68
2025-04-27 21:00:00,5.64,0.0,0.0,0.0,65.0,5.64,5.64
2025-04-27 22:00:00,5.52,0.0,0.0,0.0,65.0,5.52,5.52
2025-04-27 23:00:00,5.64,0.0,0.0,0.0,65.0,5.64,5.64
2025-04-28 00:00:00,4.92,0.0,0.0,0.0,65.0,4.92,4.92
2025-04-28 01:00:00,5.64,0.0,0.0,0.0,65.0,5.64,5.64
2025-04-28 02:00:00,4.92,0.0,0.0,0.0,65.0,4.92,4.92
2025-04-28 03:00:00,5.52,0.0,0.0,0.0,65.0,5.52,5.52
2025-04-28 04:00:00,5.16,0.0,0.0,0.0,65.0,5.16,5.16
2025-04-28 05:00:00,6.12,3.7774415741354703,0.0,0.0,65.0,2.34255842586453,2.34255842586453
2025-04-28 06:00:00,5.4,12.800592780325903,0.0,0.0,65.0,-7.400592780325903,-7.400592780325903
2025-04-28 07:00:00,4.44,21.5162875648966,0.0,0.0,65.0,-17.0762875648966,-17.0762875648966
2025-04-28 08:00:00,5.04,29.330565731645702,0.0,0.0,65.0,-24.290565731645703,-24.290565731645703
2025-04-28 09:00:00,5.76,35.71089713721454,0.0,0.0,65.0,-29.95089713721454,-29.95089713721454
2025-04-28 10:00:00,4.8,40.22247274030975,0.0,0.0,65.0,-35.42247274030975,-35.42247274030975
2025-04-28 11:00:00,5.28,42.55783611931162,0.0,0.0,65.0,-37.277836119311615,-37.277836119311615
2025-04-28 12:00:00,5.4,42.55783611931162,0.0,0.0,65.0,-37.15783611931162,-37.15783611931162
2025-04-28 13:00:00,5.16,40.22247274030975,0.0,0.0,65.0,-35.062472740309744,-35.062472740309744
2025-04-28 14:00:00,5.04,35.71089713721454,0.0,0.0,65.0,-30.67089713721454,-30.67089713721454
2025-04-28 15:00:00,5.16,29.330565731645702,0.0,0.0,65.0,-24.170565731645702,-24.170565731645702
2025-04-28 16:00:00,5.64,21.5162875648966,0.0,0.0,65.0,-15.8762875648966,-15.8762875648966
2025-04-28 17:00:00,4.32,12.800592780325903,1.70745275666424,0.0,66.5025584258645,-6.7731400236616635,-8.480592780325903
2025-04-28 18:00:00,5.28,3.7774415741354703,0.0,1.50255842586453,65.0,0.0,1.50255842586453
2025-04-28 19:00:00,4.92,0.0,0.0,0.0,65.0,4.92,4.92
2025-04-28 20:00:00,5.04,0.0,0.0,0.0,65.0,5.04,5.04
2025-04-28 21:00:00,5.52,0.0,0.0,0.0,65.0,5.52,5.52
2025-04-28 22:00:00,5.76,0.0,0.0,0.0,65.0,5.76,5.76
2025-04-28 23:00:00,4.68,0.0,0.0,0.0,65.0,4.68,4.68
2025-04-29 00:00:00,5.28,0.0,0.0,0.0,65.0,5.28,5.28
2025-04-29 01:00:00,6.24,0.0,0.0,0.0,65.0,6.24,6.24
2025-04-29 02:00:00,5.04,0.0,0.0,0.0,65.0,5.04,5.04
2025-04-29 03:00:00,6.0,0.0,0.0,0.0,65.0,6.0,6.0
2025-04-29 04:00:00,5.88,0.0,0.0,0.0,65.0,5.88,5.88
2025-04-29 05:00:00,5.28,3.971529457070789,0.0,0.0,65.0,1.3084705429292112,1.3084705429292112
2025-04-29 06:00:00,5.76,12.9819276384484,0.0,0.0,65.0,-7.221927638448401,-7.221927638448401
2025-04-29 07:00:00,5.16,21.68530394698908,0.0,0.0,65.0,-16.52530394698908,-16.52530394698908
2025-04-29 08:00:00,6.96,29.48853767027519,0.0,0.0,65.0,-22.52853767027519,-22.52853767027519
2025-04-29 09:00:00,4.92,35.85985132551823,0.0,0.0,65.0,-30.939851325518227,-30.939851325518227
2025-04-29 10:00:00,6.0,40.36505041620703,0.0,0.0,65.0,-34.36505041620703,-34.36505041620703
2025-04-29 11:00:00,5.52,42.69711306950467,0.0,0.0,65.0,-37.17711306950467,-37.17711306950467
2025-04-29 12:00:00,4.8,42.69711306950467,0.0,0.0,65.0,-37.89711306950467,-37.89711306950467
2025-04-29 13:00:00,6.0,40.36505041620703,0.0,0.0,65.0,-34.36505041620703,-34.36505041620703
2025-04-29 14:00:00,5.88,35.85985132551823,0.0,0.0,65.0,-29.97985132551823,-29.97985132551823
2025-04-29 15:00:00,5.04,29.48853767027519,0.0,0.0,65.0,-24.44853767027519,-24.44853767027519
2025-04-29 16:00:00,6.24,21.68530394698908,0.0,0.0,65.0,-15.44530394698908,-15.44530394698908
2025-04-29 17:00:00,5.16,12.9819276384484,2.03235288969228,0.0,66.7884705429292,-5.78957474875612,-7.8219276384484
2025-04-29 18:00:00,5.76,3.971529457070789,0.0,1.78847054292921,65.0,6.661338147750939e-16,1.7884705429292107
2025-04-29 19:00:00,5.64,0.0,0.0,0.0,65.0,5.64,5.64
2025-04-29 20:00:00,5.52,0.0,0.0,0.0,65.0,5.52,5.52
2025-04-29 21:00:00,6.24,0.0,0.0,0.0,65.0,6.24,6.24
2025-04-29 22:00:00,6.48,0.0,0.0,0.0,65.0,6.48,6.48
2025-04-29 23:00:00,6.12,0.0,0.0,0.0,65.0,6.12,6.12
2025-04-30 00:00:00,6.48,0.0,0.0,0.0,65.0,6.48,6.48
2025-04-30 01:00:00,7.32,0.0,0.0,0.0,65.0,7.32,7.32
2025-04-30 02:00:00,7.92,0.0,0.0,0.0,65.0,7.92,7.92
2025-04-30 03:00:00,6.96,0.0,0.0,0.0,65.0,6.96,6.96
2025-04-30 04:00:00,6.72,0.0,0.0,0.0,65.0,6.72,6.72
2025-04-30 05:00:00,7.32,4.1629489931048544,0.0,0.0,65.0,3.157051006895146,3.157051006895146
2025-04-30 06:00:00,8.28,13.160481600813608,0.0,0.0,65.0,-4.880481600813608,-4.880481600813608
2025-04-30 07:00:00,6.96,21.851430719477516,0.0,0.0,65.0,-14.891430719477516,-14.891430719477516
2025-04-30 08:00:00,7.8,29.64352252913213,0.0,0.0,65.0,-21.84352252913213,-21.84352252913213
2025-04-30 09:00:00,7.2,36.00573884999007,0.0,0.0,65.0,-28.805738849990068,-28.805738849990068
2025-04-30 10:00:00,6.84,40.50450515384444,0.0,0.0,65.0,-33.664505153844445,-33.664505153844445
2025-04-30 11:00:00,6.96,42.83323795165041,0.0,0.0,65.0,-35.87323795165041,-35.87323795165041
2025-04-30 12:00:00,6.96,42.83323795165041,0.0,0.0,65.0,-35.87323795165041,-35.87323795165041
2025-04-30 13:00:00,6.12,40.50450515384444,0.0,0.0,65.0,-34.384505153844444,-34.384505153844444
2025-04-30 14:00:00,8.04,36.00573884999007,0.0,0.0,65.0,-27.965738849990068,-27.965738849990068
2025-04-30 15:00:00,6.24,29.64352252913213,0.0,0.0,65.0,-23.403522529132132,-23.403522529132132
2025-04-30 16:00:00,6.12,21.851430719477516,0.0,0.0,65.0,-15.731430719477515,-15.731430719477515
2025-04-30 17:00:00,6.6,13.160481600813608,2.63301250783539,0.0,67.3170510068951,-3.927469092978218,-6.560481600813608
2025-04-30 18:00:00,6.48,4.1629489931048544,0.0,2.31705100689515,65.0,-3.9968028886505635e-15,2.317051006895146
2025-04-30 19:00:00,6.48,0.0,0.0,0.0,65.0,6.48,6.48
2025-04-30 20:00:00,7.2,0.0,70.4545454545455,0.0,127.0,77.6545454545455,7.2
2025-04-30 21:00:00,6.96,0.0,75.0,0.0,193.0,81.96,6.96
2025-04-30 22:00:00,6.36,0.0,75.0,0.0,259.0,81.36,6.36
2025-04-30 23:00:00,7.68,0.0,75.0,0.0,325.0,82.68,7.68
2025-05-01 00:00:00,7.44,0.0,0.0,0.0,325.0,7.44,7.44
2025-05-01 01:00:00,7.56,0.0,0.0,0.0,325.0,7.56,7.56
2025-05-01 02:00:00,7.92,0.0,0.0,0.0,325.0,7.92,7.92
2025-05-01 03:00:00,7.32,0.0,0.0,0.0,325.0,7.32,7.32
2025-05-01 04:00:00,8.28,0.0,0.0,0.0,325.0,8.28,8.28
2025-05-01 05:00:00,7.68,5.056194273520512,0.0,0.0,325.0,2.623805726479488,2.623805726479488
2025-05-01 06:00:00,8.52,15.495408809363331,0.0,0.0,325.0,-6.975408809363332,-6.975408809363332
2025-05-01 07:00:00,7.44,25.57891573570616,0.0,0.0,325.0,-18.13891573570616,-18.13891573570616
2025-05-01 08:00:00,8.52,34.61954071930181,0.0,0.0,325.0,-26.09954071930181,-26.09954071930181
2025-05-01 09:00:00,6.36,42.00118010785744,0.0,0.0,325.0,-35.64118010785744,-35.64118010785744
2025-05-01 10:00:00,6.12,47.220787375778855,0.0,0.0,325.0,-41.10078737577886,-41.10078737577886
2025-05-01 11:00:00,17.64,49.92265491356605,0.0,0.0,325.0,-32.28265491356605,-32.28265491356605
2025-05-01 12:00:00,21.48,49.92265491356605,0.0,0.0,325.0,-28.44265491356605,-28.44265491356605
2025-05-01 13:00:00,20.4,47.220787375778855,0.0,0.0,325.0,-26.820787375778856,-26.820787375778856
2025-05-01 14:00:00,8.88,42.00118010785744,0.0,0.0,325.0,-33.121180107857434,-33.121180107857434
2025-05-01 15:00:00,6.6,34.61954071930181,0.0,0.0,325.0,-28.01954071930181,-28.01954071930181
2025-05-01 16:00:00,5.52,25.57891573570616,0.0,0.0,325.0,-20.05891573570616,-20.05891573570616
2025-05-01 17:00:00,6.48,15.495408809363331,0.0,0.0,325.0,-9.015408809363331,-9.015408809363331
2025-05-01 18:00:00,6.6,5.056194273520512,0.0,1.54380572647949,323.456194273521,-1.9984014443252818e-15,1.543805726479488
2025-05-01 19:00:00,6.6,0.0,0.0,0.0,323.456194273521,6.6,6.6
2025-05-01 20:00:00,7.08,0.0,0.0,0.0,323.456194273521,7.08,7.08
2025-05-01 21:00:00,6.48,0.0,0.0,0.0,323.456194273521,6.48,6.48
2025-05-01 22:00:00,7.32,0.0,0.0,0.0,323.456194273521,7.32,7.32
2025-05-01 23:00:00,7.56,0.0,0.0,0.0,323.456194273521,7.56,7.56
2025-05-02 00:00:00,7.56,0.0,0.0,0.0,323.456194273521,7.56,7.56
2025-05-02 01:00:00,7.56,0.0,0.0,0.0,323.456194273521,7.56,7.56
2025-05-02 02:00:00,7.2,0.0,0.0,0.0,323.456194273521,7.2,7.2
2025-05-02 03:00:00,6.72,0.0,0.0,0.0,323.456194273521,6.72,6.72
2025-05-02 04:00:00,7.32,0.0,0.0,0.0,323.456194273521,7.32,7.32
2025-05-02 05:00:00,7.92,5.272205684621301,0.0,0.0,323.456194273521,2.6477943153786994,2.6477943153786994
2025-05-02 06:00:00,7.56,15.696263904760398,0.0,0.0,323.456194273521,-8.136263904760398,-8.136263904760398
2025-05-02 07:00:00,6.84,25.765130954333603,0.0,0.0,323.456194273521,-18.925130954333603,-18.925130954333603
2025-05-02 08:00:00,7.08,34.792630183502055,0.0,0.0,323.456194273521,-27.712630183502057,-27.712630183502057
2025-05-02 09:00:00,6.84,42.16355243844578,0.0,0.0,323.456194273521,-35.32355243844577,-35.32355243844577
2025-05-02 10:00:00,6.84,47.37558154851532,0.0,0.0,323.456194273521,-40.535581548515324,-40.535581548515324
2025-05-02 11:00:00,7.44,50.0735263431448,0.0,0.0,323.456194273521,-42.6335263431448,-42.6335263431448
2025-05-02 12:00:00,10.92,50.0735263431448,0.0,0.0,323.456194273521,-39.1535263431448,-39.1535263431448
2025-05-02 13:00:00,13.56,47.37558154851532,0.0,0.0,323.456194273521,-33.81558154851532,-33.81558154851532
2025-05-02 14:00:00,12.72,42.16355243844578,0.0,0.0,323.456194273521,-29.443552438445778,-29.443552438445778
2025-05-02 15:00:00,13.08,34.792630183502055,0.0,0.0,323.456194273521,-21.712630183502057,-21.712630183502057
2025-05-02 16:00:00,12.96,25.765130954333603,0.0,0.0,323.456194273521,-12.805130954333602,-12.805130954333602
2025-05-02 17:00:00,13.2,15.696263904760398,0.0,0.0,323.456194273521,-2.496263904760399,-2.496263904760399
2025-05-02 18:00:00,13.8,5.272205684621301,0.0,8.52779431537869,314.928399958142,8.881784197001252e-15,8.5277943153787
2025-05-02 19:00:00,13.8,0.0,0.0,0.0,314.928399958142,13.8,13.8
2025-05-02 20:00:00,15.0,0.0,0.0,0.0,314.928399958142,15.0,15.0
2025-05-02 21:00:00,26.88,0.0,0.0,0.0,314.928399958142,26.88,26.88
2025-05-02 22:00:00,27.72,0.0,0.0,0.0,314.928399958142,27.72,27.72
2025-05-02 23:00:00,28.32,0.0,0.0,0.0,314.928399958142,28.32,28.32
2025-05-03 00:00:00,27.72,0.0,0.0,0.0,314.928399958142,27.72,27.72
2025-05-03 01:00:00,24.24,0.0,0.0,0.0,314.928399958142,24.24,24.24
2025-05-03 02:00:00,17.28,0.0,0.0,0.0,314.928399958142,17.28,17.28
2025-05-03 03:00:00,15.12,0.0,0.0,0.0,314.928399958142,15.12,15.12
2025-05-03 04:00:00,13.68,0.0,0.0,0.0,314.928399958142,13.68,13.68
2025-05-03 05:00:00,7.32,5.48492069620618,0.0,0.0,314.928399958142,1.8350793037938207,1.8350793037938207
2025-05-03 06:00:00,8.04,15.893745825166048,0.0,0.0,314.928399958142,-7.853745825166049,-7.853745825166049
2025-05-03 07:00:00,6.84,25.94789883855501,0.0,0.0,314.928399958142,-19.10789883855501,-19.10789883855501
2025-05-03 08:00:00,6.96,34.96220582378408,0.0,0.0,314.928399958142,-28.00220582378408,-28.00220582378408
2025-05-03 09:00:00,7.2,42.32235665665655,0.0,0.0,314.928399958142,-35.12235665665655,-35.12235665665655
2025-05-03 10:00:00,6.36,47.52676922113647,0.0,0.0,314.928399958142,-41.16676922113647,-41.16676922113647
2025-05-03 11:00:00,6.36,50.22077140165298,0.0,0.0,314.928399958142,-43.86077140165298,-43.86077140165298
2025-05-03 12:00:00,6.96,50.22077140165298,0.0,0.0,314.928399958142,-43.26077140165298,-43.26077140165298
2025-05-03 13:00:00,5.88,47.52676922113647,0.0,0.0,314.928399958142,-41.646769221136466,-41.646769221136466
2025-05-03 14:00:00,5.88,42.32235665665655,0.0,0.0,314.928399958142,-36.44235665665655,-36.44235665665655
2025-05-03 15:00:00,5.52,34.96220582378408,0.0,0.0,314.928399958142,-29.442205823784082,-29.442205823784082
2025-05-03 16:00:00,5.76,25.94789883855501,0.0,0.0,314.928399958142,-20.187898838555007,-20.187898838555007
2025-05-03 17:00:00,5.88,15.893745825166048,0.0,0.0,314.928399958142,-10.013745825166048,-10.013745825166048
2025-05-03 18:00:00,5.64,5.48492069620618,0.0,0.0,314.928399958142,0.15507930379382007,0.15507930379382007
2025-05-03 19:00:00,6.0,0.0,0.0,0.0,314.928399958142,6.0,6.0
2025-05-03 20:00:00,5.88,0.0,0.0,0.0,314.928399958142,5.88,5.88
2025-05-03 21:00:00,6.24,0.0,0.0,0.0,314.928399958142,6.24,6.24
2025-05-03 22:00:00,5.88,0.0,0.0,0.0,314.928399958142,5.88,5.88
2025-05-03 23:00:00,6.36,0.0,0.0,0.0,314.928399958142,6.36,6.36
2025-05-04 00:00:00,5.4,0.0,0.0,0.0,314.928399958142,5.4,5.4
2025-05-04 01:00:00,5.76,0.0,0.0,0.0,314.928399958142,5.76,5.76
2025-05-04 02:00:00,7.08,0.0,0.0,0.0,314.928399958142,7.08,7.08
2025-05-04 03:00:00,5.76,0.0,0.0,0.0,314.928399958142,5.76,5.76
2025-05-04 04:00:00,5.64,0.0,0.0,0.0,314.928399958142,5.64,5.64
2025-05-04 05:00:00,6.12,5.694277072862967,0.0,0.0,314.928399958142,0.4257229271370333,0.4257229271370333
2025-05-04 06:00:00,6.36,16.0878104947969,0.0,0.0,314.928399958142,-9.727810494796902,-9.727810494796902
2025-05-04 07:00:00,6.96,26.127192853441475,0.0,0.0,314.928399958142,-19.167192853441474,-19.167192853441474
2025-05-04 08:00:00,5.52,35.12825683191886,0.0,0.0,314.928399958142,-29.60825683191886,-29.60825683191886
2025-05-04 09:00:00,5.16,42.47759479505736,0.0,0.0,314.928399958142,-37.31759479505736,-37.31759479505736
2025-05-04 10:00:00,6.0,47.67436150602433,0.0,0.0,314.928399958142,-41.67436150602433,-41.67436150602433
2025-05-04 11:00:00,5.76,50.36440590153041,0.0,0.0,314.928399958142,-44.60440590153041,-44.60440590153041
2025-05-04 12:00:00,5.52,50.36440590153041,0.0,0.0,314.928399958142,-44.84440590153041,-44.84440590153041
2025-05-04 13:00:00,4.92,47.67436150602433,0.0,0.0,314.928399958142,-42.75436150602433,-42.75436150602433
2025-05-04 14:00:00,4.8,42.47759479505736,0.0,0.0,314.928399958142,-37.67759479505736,-37.67759479505736
2025-05-04 15:00:00,4.68,35.12825683191886,0.0,0.0,314.928399958142,-30.44825683191886,-30.44825683191886
2025-05-04 16:00:00,5.04,26.127192853441475,0.0,0.0,314.928399958142,-21.087192853441476,-21.087192853441476
2025-05-04 17:00:00,18.84,16.0878104947969,0.0,0.0,314.928399958142,2.7521895052030985,2.7521895052030985
2025-05-04 18:00:00,18.96,5.694277072862967,0.0,0.0,314.928399958142,13.265722927137034,13.265722927137034
2025-05-04 19:00:00,19.56,0.0,0.0,0.0,314.928399958142,19.56,19.56
2025-05-04 20:00:00,19.08,0.0,0.0,0.0,314.928399958142,19.08,19.08
2025-05-04 21:00:00,19.32,0.0,0.0,0.0,314.928399958142,19.32,19.32
2025-05-04 22:00:00,19.56,0.0,0.0,0.0,314.928399958142,19.56,19.56
2025-05-04 23:00:00,20.28,0.0,0.0,0.0,314.928399958142,20.28,20.28
2025-05-05 00:00:00,19.44,0.0,0.0,0.0,314.928399958142,19.44,19.44
2025-05-05 01:00:00,12.72,0.0,0.0,0.0,314.928399958142,12.72,12.72
2025-05-05 02:00:00,5.04,0.0,0.0,0.0,314.928399958142,5.04,5.04
2025-05-05 03:00:00,4.92,0.0,0.0,0.0,314.928399958142,4.92,4.92
2025-05-05 04:00:00,5.64,0.0,0.0,0.0,314.928399958142,5.64,5.64
2025-05-05 05:00:00,5.16,5.900214145335158,0.0,0.0,314.928399958142,-0.7402141453351581,-0.7402141453351581
2025-05-05 06:00:00,5.16,16.278415447862542,0.0,0.0,314.928399958142,-11.118415447862542,-11.118415447862542
2025-05-05 07:00:00,4.92,26.302988116400588,0.0,0.0,314.928399958142,-21.38298811640059,-21.38298811640059
2025-05-05 08:00:00,5.04,35.29077408997805,0.0,0.0,314.928399958142,-30.25077408997805,-30.25077408997805
2025-05-05 09:00:00,5.16,42.62927060751421,0.0,0.0,314.928399958142,-37.469270607514204,-37.469270607514204
2025-05-05 10:00:00,5.88,47.8183712587779,0.0,0.0,314.928399958142,-41.9383712587779,-41.9383712587779
2025-05-05 11:00:00,5.64,50.50444740977978,0.0,0.0,314.928399958142,-44.86444740977978,-44.86444740977978
2025-05-05 12:00:00,4.68,50.50444740977978,0.0,0.0,314.928399958142,-45.82444740977978,-45.82444740977978
2025-05-05 13:00:00,5.28,47.8183712587779,0.0,0.0,314.928399958142,-42.5383712587779,-42.5383712587779
2025-05-05 14:00:00,5.16,42.62927060751421,0.0,0.0,314.928399958142,-37.469270607514204,-37.469270607514204
2025-05-05 15:00:00,5.4,35.29077408997805,0.0,0.0,314.928399958142,-29.890774089978052,-29.890774089978052
2025-05-05 16:00:00,5.4,26.302988116400588,0.0,0.0,314.928399958142,-20.902988116400586,-20.902988116400586
2025-05-05 17:00:00,4.56,16.278415447862542,0.0,0.0,314.928399958142,-11.718415447862544,-11.718415447862544
2025-05-05 18:00:00,5.04,5.900214145335158,0.0,0.0,314.928399958142,-0.8602141453351582,-0.8602141453351582
2025-05-05 19:00:00,5.64,0.0,0.0,0.0,314.928399958142,5.64,5.64
2025-05-05 20:00:00,4.92,0.0,0.0,0.0,314.928399958142,4.92,4.92
2025-05-05 21:00:00,5.52,0.0,0.0,0.0,314.928399958142,5.52,5.52
2025-05-05 22:00:00,6.24,0.0,0.0,0.0,314.928399958142,6.24,6.24
2025-05-05 23:00:00,5.16,0.0,0.0,0.0,314.928399958142,5.16,5.16
2025-05-06 00:00:00,5.52,0.0,0.0,0.0,314.928399958142,5.52,5.52
2025-05-06 01:00:00,5.76,0.0,0.0,0.0,314.928399958142,5.76,5.76
2025-05-06 02:00:00,5.4,0.0,0.0,0.0,314.928399958142,5.4,5.4
2025-05-06 03:00:00,6.72,0.0,0.0,0.0,314.928399958142,6.72,6.72
2025-05-06 04:00:00,5.28,0.0,0.0,0.0,314.928399958142,5.28,5.28
2025-05-06 05:00:00,5.64,6.102672814302747,0.0,0.0,314.928399958142,-0.4626728143027474,-0.4626728143027474
2025-05-06 06:00:00,5.88,16.46551981040565,0.0,0.0,314.928399958142,-10.58551981040565,-10.58551981040565
2025-05-06 07:00:00,5.64,26.475261357823527,0.0,0.0,314.928399958142,-20.835261357823526,-20.835261357823526
2025-05-06 08:00:00,5.52,35.44975011197991,0.0,0.0,314.928399958142,-29.92975011197991,-29.92975011197991
2025-05-06 09:00:00,5.64,42.77738949532291,0.0,0.0,314.928399958142,-37.13738949532291,-37.13738949532291
2025-05-06 10:00:00,4.08,47.95881299337436,0.0,0.0,314.928399958142,-43.87881299337436,-43.87881299337436
2025-05-06 11:00:00,3.6,50.64091515744924,0.0,0.0,314.928399958142,-47.04091515744924,-47.04091515744924
2025-05-06 12:00:00,3.48,50.64091515744924,0.0,0.0,314.928399958142,-47.160915157449246,-47.160915157449246
2025-05-06 13:00:00,3.72,47.95881299337436,0.0,0.0,314.928399958142,-44.23881299337436,-44.23881299337436
2025-05-06 14:00:00,4.2,42.77738949532291,0.0,0.0,314.928399958142,-38.577389495322905,-38.577389495322905
2025-05-06 15:00:00,3.48,35.44975011197991,0.0,0.0,314.928399958142,-31.96975011197991,-31.96975011197991
2025-05-06 16:00:00,3.6,26.475261357823527,0.0,0.0,314.928399958142,-22.875261357823526,-22.875261357823526
2025-05-06 17:00:00,3.6,16.46551981040565,0.0,0.0,314.928399958142,-12.86551981040565,-12.86551981040565
2025-05-06 18:00:00,3.48,6.102672814302747,0.0,0.0,314.928399958142,-2.622672814302747,-2.622672814302747
2025-05-06 19:00:00,3.36,0.0,0.0,0.0,314.928399958142,3.36,3.36
2025-05-06 20:00:00,4.56,0.0,0.0,0.0,314.928399958142,4.56,4.56
2025-05-06 21:00:00,4.44,0.0,0.0,0.0,314.928399958142,4.44,4.44
2025-05-06 22:00:00,3.84,0.0,0.0,0.0,314.928399958142,3.84,3.84
2025-05-06 23:00:00,3.72,0.0,0.0,0.0,314.928399958142,3.72,3.72
2025-05-07 00:00:00,3.96,0.0,0.0,0.0,314.928399958142,3.96,3.96
2025-05-07 01:00:00,3.72,0.0,0.0,0.0,314.928399958142,3.72,3.72
2025-05-07 02:00:00,4.44,0.0,0.0,0.0,314.928399958142,4.44,4.44
2025-05-07 03:00:00,4.56,0.0,0.0,0.0,314.928399958142,4.56,4.56
2025-05-07 04:00:00,3.84,0.0,0.0,0.0,314.928399958142,3.84,3.84
2025-05-07 05:00:00,3.72,6.301595552180219,0.0,0.0,314.928399958142,-2.5815955521802185,-2.5815955521802185
2025-05-07 06:00:00,3.84,16.649084280256925,0.0,0.0,314.928399958142,-12.809084280256926,-12.809084280256926
2025-05-07 07:00:00,3.84,26.64399087994124,0.0,0.0,314.928399958142,-22.80399087994124,-22.80399087994124
2025-05-07 08:00:00,4.08,35.60517898382879,0.0,0.0,314.928399958142,-31.525178983828795,-31.525178983828795
2025-05-07 09:00:00,4.08,42.9219584317032,0.0,0.0,314.928399958142,-38.841958431703205,-38.841958431703205
2025-05-07 10:00:00,4.44,48.095702795741545,0.0,0.0,314.928399958142,-43.65570279574155,-43.65570279574155
2025-05-07 11:00:00,3.48,50.773829947551455,0.0,0.0,314.928399958142,-47.29382994755146,-47.29382994755146
2025-05-07 12:00:00,3.48,50.773829947551455,0.0,0.0,314.928399958142,-47.29382994755146,-47.29382994755146
2025-05-07 13:00:00,3.96,48.095702795741545,0.0,0.0,314.928399958142,-44.135702795741544,-44.135702795741544
2025-05-07 14:00:00,3.24,42.9219584317032,0.0,0.0,314.928399958142,-39.6819584317032,-39.6819584317032
2025-05-07 15:00:00,3.12,35.60517898382879,0.0,0.0,314.928399958142,-32.485178983828796,-32.485178983828796
2025-05-07 16:00:00,3.36,26.64399087994124,0.0,0.0,314.928399958142,-23.28399087994124,-23.28399087994124
2025-05-07 17:00:00,3.0,16.649084280256925,0.0,0.0,314.928399958142,-13.649084280256925,-13.649084280256925
2025-05-07 18:00:00,3.12,6.301595552180219,0.0,0.0,314.928399958142,-3.1815955521802186,-3.1815955521802186
2025-05-07 19:00:00,3.84,0.0,0.0,0.0,314.928399958142,3.84,3.84
2025-05-07 20:00:00,3.36,0.0,0.0,0.0,314.928399958142,3.36,3.36
2025-05-07 21:00:00,3.48,0.0,0.0,0.0,314.928399958142,3.48,3.48
2025-05-07 22:00:00,4.44,0.0,0.0,0.0,314.928399958142,4.44,4.44
2025-05-07 23:00:00,4.08,0.0,0.0,0.0,314.928399958142,4.08,4.08
2025-05-08 00:00:00,3.84,0.0,0.0,0.0,314.928399958142,3.84,3.84
2025-05-08 01:00:00,4.68,0.0,0.0,0.0,314.928399958142,4.68,4.68
2025-05-08 02:00:00,3.84,0.0,0.0,0.0,314.928399958142,3.84,3.84
2025-05-08 03:00:00,3.72,0.0,0.0,0.0,314.928399958142,3.72,3.72
2025-05-08 04:00:00,4.56,0.0,0.0,0.0,314.928399958142,4.56,4.56
2025-05-08 05:00:00,3.96,6.496926402988609,0.0,0.0,314.928399958142,-2.536926402988609,-2.536926402988609
2025-05-08 06:00:00,3.84,16.82907110518864,0.0,0.0,314.928399958142,-12.98907110518864,-12.98907110518864
2025-05-08 07:00:00,4.32,26.80915651399941,0.0,0.0,314.928399958142,-22.48915651399941,-22.48915651399941
2025-05-08 08:00:00,4.2,35.75705630168144,0.0,0.0,314.928399958142,-31.55705630168144,-31.55705630168144
2025-05-08 09:00:00,3.6,43.06298588480775,0.0,0.0,314.928399958142,-39.46298588480775,-39.46298588480775
2025-05-08 10:00:00,3.72,48.22905823590776,0.0,0.0,314.928399958142,-44.50905823590776,-44.50905823590776
2025-05-08 11:00:00,3.12,50.90321406159223,0.0,0.0,314.928399958142,-47.78321406159223,-47.78321406159223
2025-05-08 12:00:00,3.0,50.90321406159223,0.0,0.0,314.928399958142,-47.90321406159223,-47.90321406159223
2025-05-08 13:00:00,3.72,48.22905823590776,0.0,0.0,314.928399958142,-44.50905823590776,-44.50905823590776
2025-05-08 14:00:00,3.36,43.06298588480775,0.0,0.0,314.928399958142,-39.70298588480775,-39.70298588480775
2025-05-08 15:00:00,3.0,35.75705630168144,0.0,0.0,314.928399958142,-32.75705630168144,-32.75705630168144
2025-05-08 16:00:00,2.88,26.80915651399941,0.0,0.0,314.928399958142,-23.929156513999413,-23.929156513999413
2025-05-08 17:00:00,3.36,16.82907110518864,0.0,0.0,314.928399958142,-13.46907110518864,-13.46907110518864
2025-05-08 18:00:00,3.0,6.496926402988609,0.0,0.0,314.928399958142,-3.496926402988609,-3.496926402988609
2025-05-08 19:00:00,3.48,0.0,0.0,0.0,314.928399958142,3.48,3.48
2025-05-08 20:00:00,3.24,0.0,0.0,0.0,314.928399958142,3.24,3.24
2025-05-08 21:00:00,3.36,0.0,0.0,0.0,314.928399958142,3.36,3.36
2025-05-08 22:00:00,3.24,0.0,0.0,0.0,314.928399958142,3.24,3.24
2025-05-08 23:00:00,3.84,0.0,0.0,0.0,314.928399958142,3.84,3.84
2025-05-09 00:00:00,3.72,0.0,0.0,0.0,314.928399958142,3.72,3.72
2025-05-09 01:00:00,4.56,0.0,0.0,0.0,314.928399958142,4.56,4.56
2025-05-09 02:00:00,3.84,0.0,0.0,0.0,314.928399958142,3.84,3.84
2025-05-09 03:00:00,3.72,0.0,0.0,0.0,314.928399958142,3.72,3.72
2025-05-09 04:00:00,3.96,0.0,0.0,0.0,314.928399958142,3.96,3.96
2025-05-09 05:00:00,4.32,6.688610980363556,0.0,0.0,314.928399958142,-2.368610980363556,-2.368610980363556
2025-05-09 06:00:00,3.84,17.0054440593548,0.0,0.0,314.928399958142,-13.165444059354801,-13.165444059354801
2025-05-09 07:00:00,4.2,26.9707395758658,0.0,0.0,314.928399958142,-22.7707395758658,-22.7707395758658
2025-05-09 08:00:00,3.12,35.90537910887584,0.0,0.0,314.928399958142,-32.785379108875844,-32.785379108875844
2025-05-09 09:00:00,2.88,43.20048173940023,0.0,0.0,314.928399958142,-40.32048173940023,-40.32048173940023
2025-05-09 10:00:00,3.0,48.35889827889585,0.0,0.0,314.928399958142,-45.35889827889585,-45.35889827889585
2025-05-09 11:00:00,3.36,51.02909116488246,0.0,0.0,314.928399958142,-47.66909116488246,-47.66909116488246
2025-05-09 12:00:00,2.64,51.02909116488246,0.0,0.0,314.928399958142,-48.38909116488246,-48.38909116488246
2025-05-09 13:00:00,3.6,48.35889827889585,0.0,0.0,314.928399958142,-44.75889827889585,-44.75889827889585
2025-05-09 14:00:00,2.88,43.20048173940023,0.0,0.0,314.928399958142,-40.32048173940023,-40.32048173940023
2025-05-09 15:00:00,2.76,35.90537910887584,0.0,0.0,314.928399958142,-33.145379108875844,-33.145379108875844
2025-05-09 16:00:00,3.36,26.9707395758658,0.0,0.0,314.928399958142,-23.6107395758658,-23.6107395758658
2025-05-09 17:00:00,3.0,17.0054440593548,0.0,0.0,314.928399958142,-14.0054440593548,-14.0054440593548
2025-05-09 18:00:00,2.88,6.688610980363556,0.0,0.0,314.928399958142,-3.8086109803635564,-3.8086109803635564
2025-05-09 19:00:00,3.48,0.0,0.0,0.0,314.928399958142,3.48,3.48
2025-05-09 20:00:00,3.12,0.0,0.0,0.0,314.928399958142,3.12,3.12
2025-05-09 21:00:00,3.6,0.0,0.0,0.0,314.928399958142,3.6,3.6
2025-05-09 22:00:00,3.72,0.0,0.0,0.0,314.928399958142,3.72,3.72
2025-05-09 23:00:00,3.24,0.0,0.0,0.0,314.928399958142,3.24,3.24
2025-05-10 00:00:00,3.48,0.0,0.0,0.0,314.928399958142,3.48,3.48
2025-05-10 01:00:00,4.32,0.0,0.0,0.0,314.928399958142,4.32,4.32
2025-05-10 02:00:00,3.84,0.0,0.0,0.0,314.928399958142,3.84,3.84
2025-05-10 03:00:00,4.2,0.0,0.0,0.0,314.928399958142,4.2,4.2
2025-05-10 04:00:00,4.08,0.0,0.0,0.0,314.928399958142,4.08,4.08
2025-05-10 05:00:00,3.84,6.876596463764827,0.0,0.0,314.928399958142,-3.036596463764827,-3.036596463764827
2025-05-10 06:00:00,3.96,17.178168418108935,0.0,0.0,314.928399958142,-13.218168418108935,-13.218168418108935
2025-05-10 07:00:00,3.96,27.12872282018506,0.0,0.0,314.928399958142,-23.16872282018506,-23.16872282018506
2025-05-10 08:00:00,4.08,36.05014583156037,0.0,0.0,314.928399958142,-31.970145831560373,-31.970145831560373
2025-05-10 09:00:00,3.48,43.33445721735824,0.0,0.0,314.928399958142,-39.854457217358245,-39.854457217358245
2025-05-10 10:00:00,3.84,48.48524319453029,0.0,0.0,314.928399958142,-44.645243194530295,-44.645243194530295
2025-05-10 11:00:00,3.48,51.15148621080854,0.0,0.0,314.928399958142,-47.671486210808546,-47.671486210808546
2025-05-10 12:00:00,3.48,51.15148621080854,0.0,0.0,314.928399958142,-47.671486210808546,-47.671486210808546
2025-05-10 13:00:00,3.36,48.48524319453029,0.0,0.0,314.928399958142,-45.12524319453029,-45.12524319453029
2025-05-10 14:00:00,3.0,43.33445721735824,0.0,0.0,314.928399958142,-40.33445721735824,-40.33445721735824
2025-05-10 15:00:00,3.0,36.05014583156037,0.0,0.0,314.928399958142,-33.05014583156037,-33.05014583156037
2025-05-10 16:00:00,2.88,27.12872282018506,0.0,0.0,314.928399958142,-24.248722820185062,-24.248722820185062
2025-05-10 17:00:00,3.0,17.178168418108935,0.0,0.0,314.928399958142,-14.178168418108935,-14.178168418108935
2025-05-10 18:00:00,4.08,6.876596463764827,0.0,0.0,314.928399958142,-2.7965964637648266,-2.7965964637648266
2025-05-10 19:00:00,3.24,0.0,0.0,0.0,314.928399958142,3.24,3.24
2025-05-10 20:00:00,3.36,0.0,0.0,0.0,314.928399958142,3.36,3.36
2025-05-10 21:00:00,3.12,0.0,0.0,0.0,314.928399958142,3.12,3.12
2025-05-10 22:00:00,3.36,0.0,0.0,0.0,314.928399958142,3.36,3.36
2025-05-10 23:00:00,4.56,0.0,0.0,0.0,314.928399958142,4.56,4.56
2025-05-11 00:00:00,3.36,0.0,0.0,0.0,314.928399958142,3.36,3.36
2025-05-11 01:00:00,3.24,0.0,0.0,0.0,314.928399958142,3.24,3.24
2025-05-11 02:00:00,3.6,0.0,0.0,0.0,314.928399958142,3.6,3.6
2025-05-11 03:00:00,3.96,0.0,0.0,0.0,314.928399958142,3.96,3.96
2025-05-11 04:00:00,4.44,0.0,0.0,0.0,314.928399958142,4.44,4.44
2025-05-11 05:00:00,4.32,7.060831592957276,0.0,0.0,314.928399958142,-2.7408315929572753,-2.7408315929572753
2025-05-11 06:00:00,3.84,17.34721093129395,0.0,0.0,314.928399958142,-13.507210931293951,-13.507210931293951
2025-05-11 07:00:00,3.48,27.2830903931996,0.0,0.0,314.928399958142,-23.8030903931996,-23.8030903931996
2025-05-11 08:00:00,3.6,36.19135621316252,0.0,0.0,314.928399958142,-32.59135621316252,-32.59135621316252
2025-05-11 09:00:00,3.84,43.46492479715757,0.0,0.0,314.928399958142,-39.624924797157576,-39.624924797157576
2025-05-11 10:00:00,5.4,48.60811446632591,0.0,0.0,314.928399958142,-43.20811446632591,-43.20811446632591
2025-05-11 11:00:00,3.48,51.27042534423651,0.0,0.0,314.928399958142,-47.79042534423651,-47.79042534423651
2025-05-11 12:00:00,3.12,51.27042534423651,0.0,0.0,314.928399958142,-48.15042534423651,-48.15042534423651
2025-05-11 13:00:00,3.0,48.60811446632591,0.0,0.0,314.928399958142,-45.60811446632591,-45.60811446632591
2025-05-11 14:00:00,3.0,43.46492479715757,0.0,0.0,314.928399958142,-40.46492479715757,-40.46492479715757
2025-05-11 15:00:00,3.36,36.19135621316252,0.0,0.0,314.928399958142,-32.83135621316252,-32.83135621316252
2025-05-11 16:00:00,3.6,27.2830903931996,0.0,0.0,314.928399958142,-23.6830903931996,-23.6830903931996
2025-05-11 17:00:00,2.76,17.34721093129395,0.0,0.0,314.928399958142,-14.587210931293951,-14.587210931293951
2025-05-11 18:00:00,2.76,7.060831592957276,0.0,0.0,314.928399958142,-4.300831592957276,-4.300831592957276
2025-05-11 19:00:00,3.24,0.0,0.0,0.0,314.928399958142,3.24,3.24
2025-05-11 20:00:00,3.24,0.0,0.0,0.0,314.928399958142,3.24,3.24
2025-05-11 21:00:00,4.56,0.0,0.0,0.0,314.928399958142,4.56,4.56
2025-05-11 22:00:00,3.96,0.0,0.0,0.0,314.928399958142,3.96,3.96
2025-05-11 23:00:00,3.84,0.0,0.0,0.0,314.928399958142,3.84,3.84
2025-05-12 00:00:00,3.84,0.0,0.0,0.0,314.928399958142,3.84,3.84
2025-05-12 01:00:00,4.08,0.0,0.0,0.0,314.928399958142,4.08,4.08
2025-05-12 02:00:00,4.92,0.0,0.0,0.0,314.928399958142,4.92,4.92
2025-05-12 03:00:00,4.08,0.0,0.0,0.0,314.928399958142,4.08,4.08
2025-05-12 04:00:00,4.2,0.0,0.0,0.0,314.928399958142,4.2,4.2
2025-05-12 05:00:00,3.84,7.241266660836318,0.0,0.0,314.928399958142,-3.401266660836318,-3.401266660836318
2025-05-12 06:00:00,3.84,17.51253979510092,0.0,0.0,314.928399958142,-13.67253979510092,-13.67253979510092
2025-05-12 07:00:00,3.84,27.433827784356158,0.0,0.0,314.928399958142,-23.593827784356158,-23.593827784356158
2025-05-12 08:00:00,4.2,36.32901124783791,0.0,0.0,314.928399958142,-32.12901124783791,-32.12901124783791
2025-05-12 09:00:00,3.24,43.59189813249561,0.0,0.0,314.928399958142,-40.351898132495606,-40.351898132495606
2025-05-12 10:00:00,3.84,48.72753469962791,0.0,0.0,314.928399958142,-44.887534699627906,-44.887534699627906
2025-05-12 11:00:00,3.24,51.38593580422544,0.0,0.0,314.928399958142,-48.14593580422544,-48.14593580422544
2025-05-12 12:00:00,3.24,51.38593580422544,0.0,0.0,314.928399958142,-48.14593580422544,-48.14593580422544
2025-05-12 13:00:00,3.84,48.72753469962791,0.0,0.0,314.928399958142,-44.887534699627906,-44.887534699627906
2025-05-12 14:00:00,3.12,43.59189813249561,0.0,0.0,314.928399958142,-40.47189813249561,-40.47189813249561
2025-05-12 15:00:00,2.88,36.32901124783791,0.0,0.0,314.928399958142,-33.44901124783791,-33.44901124783791
2025-05-12 16:00:00,2.88,27.433827784356158,0.0,0.0,314.928399958142,-24.55382778435616,-24.55382778435616
2025-05-12 17:00:00,3.0,17.51253979510092,0.0,0.0,314.928399958142,-14.51253979510092,-14.51253979510092
2025-05-12 18:00:00,3.84,7.241266660836318,0.0,0.0,314.928399958142,-3.401266660836318,-3.401266660836318
2025-05-12 19:00:00,3.84,0.0,0.0,0.0,314.928399958142,3.84,3.84
2025-05-12 20:00:00,3.36,0.0,0.0,0.0,314.928399958142,3.36,3.36
2025-05-12 21:00:00,3.36,0.0,0.0,0.0,314.928399958142,3.36,3.36
2025-05-12 22:00:00,3.72,0.0,0.0,0.0,314.928399958142,3.72,3.72
2025-05-12 23:00:00,4.92,0.0,0.0,0.0,314.928399958142,4.92,4.92
2025-05-13 00:00:00,3.84,0.0,0.0,0.0,314.928399958142,3.84,3.84
2025-05-13 01:00:00,3.84,0.0,0.0,0.0,314.928399958142,3.84,3.84
2025-05-13 02:00:00,3.84,0.0,0.0,0.0,314.928399958142,3.84,3.84
2025-05-13 03:00:00,3.72,0.0,0.0,0.0,314.928399958142,3.72,3.72
2025-05-13 04:00:00,4.08,0.0,0.0,0.0,314.928399958142,4.08,4.08
2025-05-13 05:00:00,4.2,7.417853504674917,0.0,0.0,314.928399958142,-3.217853504674917,-3.217853504674917
2025-05-13 06:00:00,3.12,17.67412462259679,0.0,0.0,314.928399958142,-14.554124622596788,-14.554124622596788
2025-05-13 07:00:00,2.88,27.580921776820173,0.0,0.0,314.928399958142,-24.700921776820174,-24.700921776820174
2025-05-13 08:00:00,3.12,36.46311311304114,0.0,0.0,314.928399958142,-33.34311311304114,-33.34311311304114
2025-05-13 09:00:00,3.36,43.71539197021142,0.0,0.0,314.928399958142,-40.35539197021142,-40.35539197021142
2025-05-13 10:00:00,4.56,48.84352752917234,0.0,0.0,314.928399958142,-44.28352752917234,-44.28352752917234
2025-05-13 11:00:00,3.48,51.49804582622544,0.0,0.0,314.928399958142,-48.018045826225446,-48.018045826225446
2025-05-13 12:00:00,3.36,51.49804582622544,0.0,0.0,314.928399958142,-48.138045826225444,-48.138045826225444
2025-05-13 13:00:00,3.12,48.84352752917234,0.0,0.0,314.928399958142,-45.723527529172344,-45.723527529172344
2025-05-13 14:00:00,2.88,43.71539197021142,0.0,0.0,314.928399958142,-40.83539197021142,-40.83539197021142
2025-05-13 15:00:00,4.2,36.46311311304114,0.0,0.0,314.928399958142,-32.263113113041136,-32.263113113041136
2025-05-13 16:00:00,3.24,27.580921776820173,0.0,0.0,314.928399958142,-24.340921776820174,-24.340921776820174
2025-05-13 17:00:00,3.36,17.67412462259679,0.0,0.0,314.928399958142,-14.31412462259679,-14.31412462259679
2025-05-13 18:00:00,3.24,7.417853504674917,0.0,0.0,314.928399958142,-4.177853504674917,-4.177853504674917
2025-05-13 19:00:00,3.6,0.0,0.0,0.0,314.928399958142,3.6,3.6
2025-05-13 20:00:00,5.16,0.0,0.0,0.0,314.928399958142,5.16,5.16
2025-05-13 21:00:00,3.84,0.0,0.0,0.0,314.928399958142,3.84,3.84
2025-05-13 22:00:00,3.96,0.0,0.0,0.0,314.928399958142,3.96,3.96
2025-05-13 23:00:00,3.84,0.0,0.0,0.0,314.928399958142,3.84,3.84
2025-05-14 00:00:00,3.96,0.0,0.0,0.0,314.928399958142,3.96,3.96
2025-05-14 01:00:00,4.2,0.0,0.0,0.0,314.928399958142,4.2,4.2
2025-05-14 02:00:00,4.44,0.0,0.0,0.0,314.928399958142,4.44,4.44
2025-05-14 03:00:00,4.08,0.0,0.0,0.0,314.928399958142,4.08,4.08
2025-05-14 04:00:00,3.72,0.0,0.0,0.0,314.928399958142,3.72,3.72
2025-05-14 05:00:00,4.08,7.590545495871984,0.0,0.0,314.928399958142,-3.510545495871984,-3.510545495871984
2025-05-14 06:00:00,4.44,17.83193641302293,0.0,0.0,314.928399958142,-13.391936413022929,-13.391936413022929
2025-05-14 07:00:00,4.08,27.724360397021314,0.0,0.0,314.928399958142,-23.644360397021316,-23.644360397021316
2025-05-14 08:00:00,4.08,36.59366510136124,0.0,0.0,314.928399958142,-32.51366510136124,-32.51366510136124
2025-05-14 09:00:00,3.6,43.835422067660986,0.0,0.0,314.928399958142,-40.235422067660984,-40.235422067660984
2025-05-14 10:00:00,3.72,48.95611752623645,0.0,0.0,314.928399958142,-45.23611752623645,-45.23611752623645
2025-05-14 11:00:00,4.08,51.606784543935085,0.0,0.0,314.928399958142,-47.526784543935086,-47.526784543935086
2025-05-14 12:00:00,3.84,51.606784543935085,0.0,0.0,314.928399958142,-47.76678454393509,-47.76678454393509
2025-05-14 13:00:00,4.2,48.95611752623645,0.0,0.0,314.928399958142,-44.756117526236444,-44.756117526236444
2025-05-14 14:00:00,3.0,43.835422067660986,0.0,0.0,314.928399958142,-40.835422067660986,-40.835422067660986
2025-05-14 15:00:00,3.24,36.59366510136124,0.0,0.0,314.928399958142,-33.35366510136124,-33.35366510136124
2025-05-14 16:00:00,3.48,27.724360397021314,0.0,0.0,314.928399958142,-24.244360397021314,-24.244360397021314
2025-05-14 17:00:00,3.12,17.83193641302293,0.0,0.0,314.928399958142,-14.71193641302293,-14.71193641302293
2025-05-14 18:00:00,3.48,7.590545495871984,0.0,0.0,314.928399958142,-4.110545495871984,-4.110545495871984
2025-05-14 19:00:00,3.0,0.0,0.0,0.0,314.928399958142,3.0,3.0
2025-05-14 20:00:00,4.08,0.0,0.0,0.0,314.928399958142,4.08,4.08
2025-05-14 21:00:00,3.24,0.0,0.0,0.0,314.928399958142,3.24,3.24
2025-05-14 22:00:00,3.24,0.0,0.0,0.0,314.928399958142,3.24,3.24
2025-05-14 23:00:00,3.36,0.0,0.0,0.0,314.928399958142,3.36,3.36
2025-05-15 00:00:00,3.96,0.0,0.0,0.0,314.928399958142,3.96,3.96
2025-05-15 01:00:00,3.72,0.0,0.0,0.0,314.928399958142,3.72,3.72
2025-05-15 02:00:00,3.48,0.0,0.0,0.0,314.928399958142,3.48,3.48
2025-05-15 03:00:00,3.24,0.0,0.0,0.0,314.928399958142,3.24,3.24
2025-05-15 04:00:00,3.36,0.0,0.0,0.0,314.928399958142,3.36,3.36
2025-05-15 05:00:00,3.36,7.759297528284881,0.0,0.0,314.928399958142,-4.399297528284881,-4.399297528284881
2025-05-15 06:00:00,4.32,17.985947519968388,0.0,0.0,314.928399958142,-13.665947519968388,-13.665947519968388
2025-05-15 07:00:00,3.0,27.864132863354364,0.0,0.0,314.928399958142,-24.864132863354364,-24.864132863354364
2025-05-15 08:00:00,3.12,36.7206715517642,0.0,0.0,314.928399958142,-33.6006715517642,-33.6006715517642
2025-05-15 09:00:00,3.0,43.95200510970495,0.0,0.0,314.928399958142,-40.95200510970495,-40.95200510970495
2025-05-15 10:00:00,3.12,49.06533010554669,0.0,0.0,314.928399958142,-45.945330105546695,-45.945330105546695
2025-05-15 11:00:00,3.84,51.71218189099192,0.0,0.0,314.928399958142,-47.872181890991925,-47.872181890991925
2025-05-15 12:00:00,2.88,51.71218189099192,0.0,0.0,314.928399958142,-48.83218189099192,-48.83218189099192
2025-05-15 13:00:00,2.76,49.06533010554669,0.0,0.0,314.928399958142,-46.305330105546695,-46.305330105546695
2025-05-15 14:00:00,3.12,43.95200510970495,0.0,0.0,314.928399958142,-40.83200510970495,-40.83200510970495
2025-05-15 15:00:00,2.76,36.7206715517642,0.0,0.0,314.928399958142,-33.9606715517642,-33.9606715517642
2025-05-15 16:00:00,3.72,27.864132863354364,0.0,0.0,314.928399958142,-24.144132863354365,-24.144132863354365
2025-05-15 17:00:00,3.0,17.985947519968388,0.0,0.0,314.928399958142,-14.985947519968388,-14.985947519968388
2025-05-15 18:00:00,2.64,7.759297528284881,0.0,0.0,314.928399958142,-5.11929752828488,-5.11929752828488
2025-05-15 19:00:00,2.76,0.0,0.0,0.0,314.928399958142,2.76,2.76
2025-05-15 20:00:00,3.12,0.0,0.0,0.0,314.928399958142,3.12,3.12
2025-05-15 21:00:00,3.48,0.0,0.0,0.0,314.928399958142,3.48,3.48
2025-05-15 22:00:00,3.72,0.0,0.0,0.0,314.928399958142,3.72,3.72
2025-05-15 23:00:00,3.12,0.0,0.0,0.0,314.928399958142,3.12,3.12
2025-05-16 00:00:00,3.12,0.0,0.0,0.0,314.928399958142,3.12,3.12
2025-05-16 01:00:00,3.12,0.0,0.0,0.0,314.928399958142,3.12,3.12
2025-05-16 02:00:00,3.84,0.0,0.0,0.0,314.928399958142,3.84,3.84
2025-05-16 03:00:00,3.84,0.0,0.0,0.0,314.928399958142,3.84,3.84
2025-05-16 04:00:00,4.32,0.0,0.0,0.0,314.928399958142,4.32,4.32
2025-05-16 05:00:00,4.32,7.924066005231872,0.0,0.0,314.928399958142,-3.6040660052318714,-3.6040660052318714
2025-05-16 06:00:00,3.84,18.13613161852401,0.0,0.0,314.928399958142,-14.296131618524011,-14.296131618524011
2025-05-16 07:00:00,4.08,28.0002295341614,0.0,0.0,314.928399958142,-23.9202295341614,-23.9202295341614
2025-05-16 08:00:00,3.24,36.8441377803859,0.0,0.0,314.928399958142,-33.6041377803859,-33.6041377803859
2025-05-16 09:00:00,3.24,44.06515862546673,0.0,0.0,314.928399958142,-40.82515862546673,-40.82515862546673
2025-05-16 10:00:00,2.76,49.17119143211279,0.0,0.0,314.928399958142,-46.411191432112794,-46.411191432112794
2025-05-16 11:00:00,2.88,51.81426850266935,0.0,0.0,314.928399958142,-48.93426850266935,-48.93426850266935
2025-05-16 12:00:00,2.88,51.81426850266935,0.0,0.0,314.928399958142,-48.93426850266935,-48.93426850266935
2025-05-16 13:00:00,2.88,49.17119143211279,0.0,0.0,314.928399958142,-46.29119143211279,-46.29119143211279
2025-05-16 14:00:00,3.36,44.06515862546673,0.0,0.0,314.928399958142,-40.70515862546673,-40.70515862546673
2025-05-16 15:00:00,2.64,36.8441377803859,0.0,0.0,314.928399958142,-34.2041377803859,-34.2041377803859
2025-05-16 16:00:00,2.64,28.0002295341614,0.0,0.0,314.928399958142,-25.360229534161398,-25.360229534161398
2025-05-16 17:00:00,3.36,18.13613161852401,0.0,0.0,314.928399958142,-14.776131618524012,-14.776131618524012
2025-05-16 18:00:00,2.64,7.924066005231872,0.0,0.0,314.928399958142,-5.284066005231871,-5.284066005231871
2025-05-16 19:00:00,2.76,0.0,0.0,0.0,314.928399958142,2.76,2.76
2025-05-16 20:00:00,3.48,0.0,0.0,0.0,314.928399958142,3.48,3.48
2025-05-16 21:00:00,2.88,0.0,0.0,0.0,314.928399958142,2.88,2.88
2025-05-16 22:00:00,3.48,0.0,0.0,0.0,314.928399958142,3.48,3.48
2025-05-16 23:00:00,3.12,0.0,0.0,0.0,314.928399958142,3.12,3.12
2025-05-17 00:00:00,2.76,0.0,0.0,0.0,314.928399958142,2.76,2.76
2025-05-17 01:00:00,3.48,0.0,0.0,0.0,314.928399958142,3.48,3.48
2025-05-17 02:00:00,3.12,0.0,0.0,0.0,314.928399958142,3.12,3.12
2025-05-17 03:00:00,3.24,0.0,0.0,0.0,314.928399958142,3.24,3.24
2025-05-17 04:00:00,3.36,0.0,0.0,0.0,314.928399958142,3.36,3.36
2025-05-17 05:00:00,2.76,8.084808825251876,0.0,0.0,314.928399958142,-5.324808825251877,-5.324808825251877
2025-05-17 06:00:00,2.88,18.282463671524265,0.0,0.0,314.928399958142,-15.402463671524266,-15.402463671524266
2025-05-17 07:00:00,3.36,28.132641855120635,0.0,0.0,314.928399958142,-24.772641855120636,-24.772641855120636
2025-05-17 08:00:00,2.64,36.964070011018016,0.0,0.0,314.928399958142,-34.324070011018016,-34.324070011018016
2025-05-17 09:00:00,3.36,44.17490090501707,0.0,0.0,314.928399958142,-40.81490090501707,-40.81490090501707
2025-05-17 10:00:00,2.52,49.27372832815327,0.0,0.0,314.928399958142,-46.753728328153265,-46.753728328153265
2025-05-17 11:00:00,2.76,51.91307561775057,0.0,0.0,314.928399958142,-49.153075617750574,-49.153075617750574
2025-05-17 12:00:00,2.52,51.91307561775057,0.0,0.0,314.928399958142,-49.39307561775057,-49.39307561775057
2025-05-17 13:00:00,3.24,49.27372832815327,0.0,0.0,314.928399958142,-46.033728328153266,-46.033728328153266
2025-05-17 14:00:00,2.52,44.17490090501707,0.0,0.0,314.928399958142,-41.654900905017065,-41.654900905017065
2025-05-17 15:00:00,2.76,36.964070011018016,0.0,0.0,314.928399958142,-34.20407001101802,-34.20407001101802
2025-05-17 16:00:00,2.76,28.132641855120635,0.0,0.0,314.928399958142,-25.372641855120634,-25.372641855120634
2025-05-17 17:00:00,2.4,18.282463671524265,0.0,0.0,314.928399958142,-15.882463671524265,-15.882463671524265
2025-05-17 18:00:00,2.52,8.084808825251876,0.0,0.0,314.928399958142,-5.564808825251877,-5.564808825251877
2025-05-17 19:00:00,3.24,0.0,0.0,0.0,314.928399958142,3.24,3.24
2025-05-17 20:00:00,2.88,0.0,0.0,0.0,314.928399958142,2.88,2.88
2025-05-17 21:00:00,2.76,0.0,0.0,0.0,314.928399958142,2.76,2.76
2025-05-17 22:00:00,2.76,0.0,0.0,0.0,314.928399958142,2.76,2.76
2025-05-17 23:00:00,2.76,0.0,0.0,0.0,314.928399958142,2.76,2.76
2025-05-18 00:00:00,5.4,0.0,0.0,0.0,314.928399958142,5.4,5.4
2025-05-18 01:00:00,5.58,0.0,0.0,0.0,314.928399958142,5.58,5.58
2025-05-18 02:00:00,5.28,0.0,0.0,0.0,314.928399958142,5.28,5.28
2025-05-18 03:00:00,5.58,0.0,0.0,0.0,314.928399958142,5.58,5.58
2025-05-18 04:00:00,5.82,0.0,0.0,0.0,314.928399958142,5.82,5.82
2025-05-18 05:00:00,5.4,8.241485366712055,0.0,0.0,314.928399958142,-2.841485366712055,-2.841485366712055
2025-05-18 06:00:00,5.16,18.424919894985692,0.0,0.0,314.928399958142,-13.264919894985692,-13.264919894985692
2025-05-18 07:00:00,5.58,28.261362306169037,0.0,0.0,314.928399958142,-22.681362306169035,-22.681362306169035
2025-05-18 08:00:00,5.28,37.0804753054296,0.0,0.0,314.928399958142,-31.8004753054296,-31.8004753054296
2025-05-18 09:00:00,5.34,44.28125091614111,0.0,0.0,314.928399958142,-38.941250916141115,-38.941250916141115
2025-05-18 10:00:00,4.98,49.37296818027793,0.0,0.0,314.928399958142,-44.39296818027793,-44.39296818027793
2025-05-18 11:00:00,7.5,52.00863498074976,0.0,0.0,314.928399958142,-44.50863498074976,-44.50863498074976
2025-05-18 12:00:00,10.68,52.00863498074976,0.0,0.0,314.928399958142,-41.32863498074976,-41.32863498074976
2025-05-18 13:00:00,6.48,49.37296818027793,0.0,0.0,314.928399958142,-42.89296818027793,-42.89296818027793
2025-05-18 14:00:00,5.1,44.28125091614111,0.0,0.0,314.928399958142,-39.18125091614111,-39.18125091614111
2025-05-18 15:00:00,5.22,37.0804753054296,0.0,0.0,314.928399958142,-31.860475305429603,-31.860475305429603
2025-05-18 16:00:00,4.86,28.261362306169037,0.0,0.0,314.928399958142,-23.401362306169037,-23.401362306169037
2025-05-18 17:00:00,5.46,18.424919894985692,0.0,0.0,314.928399958142,-12.964919894985691,-12.964919894985691
2025-05-18 18:00:00,5.64,8.241485366712055,0.0,0.0,314.928399958142,-2.6014853667120557,-2.6014853667120557
2025-05-18 19:00:00,5.94,0.0,0.0,0.0,314.928399958142,5.94,5.94
2025-05-18 20:00:00,6.24,0.0,0.0,0.0,314.928399958142,6.24,6.24
2025-05-18 21:00:00,6.24,0.0,0.0,0.0,314.928399958142,6.24,6.24
2025-05-18 22:00:00,6.18,0.0,0.0,0.0,314.928399958142,6.18,6.18
2025-05-18 23:00:00,6.6,0.0,0.0,0.0,314.928399958142,6.6,6.6
2025-05-19 00:00:00,6.42,0.0,0.0,0.0,314.928399958142,6.42,6.42
2025-05-19 01:00:00,6.66,0.0,0.0,0.0,314.928399958142,6.66,6.66
2025-05-19 02:00:00,6.12,0.0,0.0,0.0,314.928399958142,6.12,6.12
2025-05-19 03:00:00,6.78,0.0,0.0,0.0,314.928399958142,6.78,6.78
2025-05-19 04:00:00,6.72,0.0,0.0,0.0,314.928399958142,6.72,6.72
2025-05-19 05:00:00,6.84,8.39405647135434,0.0,0.0,314.928399958142,-1.5540564713543397,-1.5540564713543397
2025-05-19 06:00:00,6.42,18.563477722850894,0.0,0.0,314.928399958142,-12.143477722850895,-12.143477722850895
2025-05-19 07:00:00,6.42,28.386384348084317,0.0,0.0,314.928399958142,-21.96638434808432,-21.96638434808432
2025-05-19 08:00:00,6.24,37.19336149366567,0.0,0.0,314.928399958142,-30.953361493665668,-30.953361493665668
2025-05-19 09:00:00,5.7,44.38422822134147,0.0,0.0,314.928399958142,-38.68422822134147,-38.68422822134147
2025-05-19 10:00:00,6.0,49.46893884708974,0.0,0.0,314.928399958142,-43.46893884708974,-43.46893884708974
2025-05-19 11:00:00,5.7,52.10097874464736,0.0,0.0,314.928399958142,-46.400978744647354,-46.400978744647354
2025-05-19 12:00:00,10.62,52.10097874464736,0.0,0.0,314.928399958142,-41.48097874464736,-41.48097874464736
2025-05-19 13:00:00,11.64,49.46893884708974,0.0,0.0,314.928399958142,-37.82893884708974,-37.82893884708974
2025-05-19 14:00:00,12.36,44.38422822134147,0.0,0.0,314.928399958142,-32.024228221341474,-32.024228221341474
2025-05-19 15:00:00,11.4,37.19336149366567,0.0,0.0,314.928399958142,-25.79336149366567,-25.79336149366567
2025-05-19 16:00:00,14.88,28.386384348084317,0.0,0.0,314.928399958142,-13.506384348084316,-13.506384348084316
2025-05-19 17:00:00,25.44,18.563477722850894,0.0,6.87652227714909,308.051877680993,1.687538997430238e-14,6.876522277149107
2025-05-19 18:00:00,25.8,8.39405647135434,0.0,17.4059435286457,290.645934152347,-3.907985046680551e-14,17.40594352864566
2025-05-19 19:00:00,26.16,0.0,0.0,0.0,290.645934152347,26.16,26.16
2025-05-19 20:00:00,24.9,0.0,0.0,0.0,290.645934152347,24.9,24.9
2025-05-19 21:00:00,13.14,0.0,0.0,0.0,290.645934152347,13.14,13.14
2025-05-19 22:00:00,13.74,0.0,0.0,0.0,290.645934152347,13.74,13.74
2025-05-19 23:00:00,13.8,0.0,0.0,0.0,290.645934152347,13.8,13.8
2025-05-20 00:00:00,14.52,0.0,0.0,0.0,290.645934152347,14.52,14.52
2025-05-20 01:00:00,14.22,0.0,0.0,0.0,290.645934152347,14.22,14.22
2025-05-20 02:00:00,14.1,0.0,0.0,0.0,290.645934152347,14.1,14.1
2025-05-20 03:00:00,14.64,0.0,0.0,0.0,290.645934152347,14.64,14.64
2025-05-20 04:00:00,14.16,0.0,0.0,0.0,290.645934152347,14.16,14.16
2025-05-20 05:00:00,14.28,8.542484426874834,0.0,0.0,290.645934152347,5.737515573125165,5.737515573125165
2025-05-20 06:00:00,15.12,18.698115771148583,0.0,0.0,290.645934152347,-3.5781157711485836,-3.5781157711485836
2025-05-20 07:00:00,15.6,28.50770236885336,0.0,0.0,290.645934152347,-12.907702368853359,-12.907702368853359
2025-05-20 08:00:00,16.08,37.30273710446394,0.0,0.0,290.645934152347,-21.22273710446394,-21.22273710446394
2025-05-20 09:00:00,14.82,44.48385289523055,0.0,0.0,290.645934152347,-29.663852895230548,-29.663852895230548
2025-05-20 10:00:00,9.78,49.56166856736743,0.0,0.0,290.645934152347,-39.781668567367426,-39.781668567367426
2025-05-20 11:00:00,7.62,52.19013937430558,0.0,0.0,290.645934152347,-44.57013937430558,-44.57013937430558
2025-05-20 12:00:00,7.32,52.19013937430558,0.0,0.0,290.645934152347,-44.87013937430558,-44.87013937430558
2025-05-20 13:00:00,8.04,49.56166856736743,0.0,0.0,290.645934152347,-41.52166856736743,-41.52166856736743
2025-05-20 14:00:00,15.48,44.48385289523055,0.0,0.0,290.645934152347,-29.003852895230548,-29.003852895230548
2025-05-20 15:00:00,6.9,37.30273710446394,0.0,0.0,290.645934152347,-30.402737104463938,-30.402737104463938
2025-05-20 16:00:00,4.8,28.50770236885336,0.0,0.0,290.645934152347,-23.707702368853358,-23.707702368853358
2025-05-20 17:00:00,4.68,18.698115771148583,0.0,0.0,290.645934152347,-14.018115771148583,-14.018115771148583
2025-05-20 18:00:00,5.22,8.542484426874834,0.0,0.0,290.645934152347,-3.3224844268748344,-3.3224844268748344
2025-05-20 19:00:00,4.86,0.0,0.0,0.0,290.645934152347,4.86,4.86
2025-05-20 20:00:00,5.82,0.0,0.0,0.0,290.645934152347,5.82,5.82
2025-05-20 21:00:00,5.88,0.0,0.0,0.0,290.645934152347,5.88,5.88
2025-05-20 22:00:00,6.3,0.0,0.0,0.0,290.645934152347,6.3,6.3
2025-05-20 23:00:00,6.3,0.0,0.0,0.0,290.645934152347,6.3,6.3
2025-05-21 00:00:00,6.48,0.0,0.0,0.0,290.645934152347,6.48,6.48
2025-05-21 01:00:00,6.42,0.0,0.0,0.0,290.645934152347,6.42,6.42
2025-05-21 02:00:00,7.08,0.0,0.0,0.0,290.645934152347,7.08,7.08
2025-05-21 03:00:00,8.94,0.0,0.0,0.0,290.645934152347,8.94,8.94
2025-05-21 04:00:00,7.86,0.0,0.0,0.0,290.645934152347,7.86,7.86
2025-05-21 05:00:00,6.0,8.686732948629968,0.0,0.0,290.645934152347,-2.6867329486299685,-2.6867329486299685
2025-05-21 06:00:00,8.28,18.828813801679534,0.0,0.0,290.645934152347,-10.548813801679534,-10.548813801679534
2025-05-21 07:00:00,7.92,28.625311629951963,0.0,0.0,290.645934152347,-20.705311629951964,-20.705311629951964
2025-05-21 08:00:00,8.46,37.40861129592863,0.0,0.0,290.645934152347,-28.94861129592863,-28.94861129592863
2025-05-21 09:00:00,8.16,44.58014544246222,0.0,0.0,290.645934152347,-36.420145442462214,-36.420145442462214
2025-05-21 10:00:00,8.58,49.65118586898701,0.0,0.0,290.645934152347,-41.07118586898701,-41.07118586898701
2025-05-21 11:00:00,8.34,52.276149550725854,0.0,0.0,290.645934152347,-43.93614955072586,-43.93614955072586
2025-05-21 12:00:00,8.4,52.276149550725854,0.0,0.0,290.645934152347,-43.876149550725856,-43.876149550725856
2025-05-21 13:00:00,7.62,49.65118586898701,0.0,0.0,290.645934152347,-42.03118586898701,-42.03118586898701
2025-05-21 14:00:00,7.56,44.58014544246222,0.0,0.0,290.645934152347,-37.020145442462216,-37.020145442462216
2025-05-21 15:00:00,7.2,37.40861129592863,0.0,0.0,290.645934152347,-30.20861129592863,-30.20861129592863
2025-05-21 16:00:00,6.42,28.625311629951963,0.0,0.0,290.645934152347,-22.205311629951964,-22.205311629951964
2025-05-21 17:00:00,6.06,18.828813801679534,0.0,0.0,290.645934152347,-12.768813801679535,-12.768813801679535
2025-05-21 18:00:00,6.18,8.686732948629968,0.0,0.0,290.645934152347,-2.5067329486299688,-2.5067329486299688
2025-05-21 19:00:00,6.06,0.0,0.0,0.0,290.645934152347,6.06,6.06
2025-05-21 20:00:00,6.36,0.0,0.0,0.0,290.645934152347,6.36,6.36
2025-05-21 21:00:00,7.62,0.0,0.0,0.0,290.645934152347,7.62,7.62
2025-05-21 22:00:00,6.3,0.0,0.0,0.0,290.645934152347,6.3,6.3
2025-05-21 23:00:00,6.12,0.0,0.0,0.0,290.645934152347,6.12,6.12
2025-05-22 00:00:00,7.02,0.0,0.0,0.0,290.645934152347,7.02,7.02
2025-05-22 01:00:00,6.48,0.0,0.0,0.0,290.645934152347,6.48,6.48
2025-05-22 02:00:00,6.66,0.0,0.0,0.0,290.645934152347,6.66,6.66
2025-05-22 03:00:00,6.6,0.0,0.0,0.0,290.645934152347,6.6,6.6
2025-05-22 04:00:00,6.78,0.0,0.0,0.0,290.645934152347,6.78,6.78
2025-05-22 05:00:00,7.02,8.826767160565476,0.0,0.0,290.645934152347,-1.8067671605654763,-1.8067671605654763
2025-05-22 06:00:00,8.34,18.95555268533951,0.0,0.0,290.645934152347,-10.615552685339509,-10.615552685339509
2025-05-22 07:00:00,8.58,28.73920821266161,0.0,0.0,290.645934152347,-20.15920821266161,-20.15920821266161
2025-05-22 08:00:00,8.22,37.51099378660001,0.0,0.0,290.645934152347,-29.290993786600012,-29.290993786600012
2025-05-22 09:00:00,8.64,44.673126716351874,0.0,0.0,290.645934152347,-36.03312671635187,-36.03312671635187
2025-05-22 10:00:00,8.76,49.73751947873889,0.0,0.0,290.645934152347,-40.97751947873889,-40.97751947873889
2025-05-22 11:00:00,7.38,52.35904207630914,0.0,0.0,290.645934152347,-44.979042076309135,-44.979042076309135
2025-05-22 12:00:00,6.78,52.35904207630914,0.0,0.0,290.645934152347,-45.579042076309136,-45.579042076309136
2025-05-22 13:00:00,6.42,49.73751947873889,0.0,0.0,290.645934152347,-43.31751947873889,-43.31751947873889
2025-05-22 14:00:00,7.32,44.673126716351874,0.0,0.0,290.645934152347,-37.35312671635187,-37.35312671635187
2025-05-22 15:00:00,7.02,37.51099378660001,0.0,0.0,290.645934152347,-30.49099378660001,-30.49099378660001
2025-05-22 16:00:00,8.46,28.73920821266161,0.0,0.0,290.645934152347,-20.279208212661608,-20.279208212661608
2025-05-22 17:00:00,5.88,18.95555268533951,0.0,0.0,290.645934152347,-13.07555268533951,-13.07555268533951
2025-05-22 18:00:00,5.58,8.826767160565476,0.0,0.0,290.645934152347,-3.2467671605654758,-3.2467671605654758
2025-05-22 19:00:00,6.3,0.0,0.0,0.0,290.645934152347,6.3,6.3
2025-05-22 20:00:00,6.0,0.0,0.0,0.0,290.645934152347,6.0,6.0
2025-05-22 21:00:00,6.9,0.0,0.0,0.0,290.645934152347,6.9,6.9
2025-05-22 22:00:00,6.36,0.0,0.0,0.0,290.645934152347,6.36,6.36
2025-05-22 23:00:00,6.6,0.0,0.0,0.0,290.645934152347,6.6,6.6
2025-05-23 00:00:00,7.2,0.0,0.0,0.0,290.645934152347,7.2,7.2
2025-05-23 01:00:00,6.36,0.0,0.0,0.0,290.645934152347,6.36,6.36
2025-05-23 02:00:00,6.66,0.0,0.0,0.0,290.645934152347,6.66,6.66
2025-05-23 03:00:00,7.02,0.0,0.0,0.0,290.645934152347,7.02,7.02
2025-05-23 04:00:00,7.14,0.0,0.0,0.0,290.645934152347,7.14,7.14
2025-05-23 05:00:00,6.96,8.962553575463934,0.0,0.0,290.645934152347,-2.002553575463934,-2.002553575463934
2025-05-23 06:00:00,9.0,19.07831436518897,0.0,0.0,290.645934152347,-10.07831436518897,-10.07831436518897
2025-05-23 07:00:00,8.7,28.849388964546677,0.0,0.0,290.645934152347,-20.149388964546677,-20.149388964546677
2025-05-23 08:00:00,8.88,37.60989478705509,0.0,0.0,290.645934152347,-28.729894787055088,-28.729894787055088
2025-05-23 09:00:00,7.92,44.76281783833063,0.0,0.0,290.645934152347,-36.84281783833063,-36.84281783833063
2025-05-23 10:00:00,8.16,49.82069823319315,0.0,0.0,290.645934152347,-41.660698233193145,-41.660698233193145
2025-05-23 11:00:00,7.98,52.4388497812753,0.0,0.0,290.645934152347,-44.458849781275305,-44.458849781275305
2025-05-23 12:00:00,10.74,52.4388497812753,0.0,0.0,290.645934152347,-41.6988497812753,-41.6988497812753
2025-05-23 13:00:00,14.76,49.82069823319315,0.0,0.0,290.645934152347,-35.06069823319315,-35.06069823319315
2025-05-23 14:00:00,14.88,44.76281783833063,0.0,0.0,290.645934152347,-29.88281783833063,-29.88281783833063
2025-05-23 15:00:00,8.22,37.60989478705509,0.0,0.0,290.645934152347,-29.38989478705509,-29.38989478705509
2025-05-23 16:00:00,6.3,28.849388964546677,0.0,0.0,290.645934152347,-22.549388964546676,-22.549388964546676
2025-05-23 17:00:00,6.36,19.07831436518897,0.0,0.0,290.645934152347,-12.71831436518897,-12.71831436518897
2025-05-23 18:00:00,6.42,8.962553575463934,0.0,0.0,290.645934152347,-2.542553575463934,-2.542553575463934
2025-05-23 19:00:00,6.3,0.0,0.0,0.0,290.645934152347,6.3,6.3
2025-05-23 20:00:00,6.84,0.0,0.0,0.0,290.645934152347,6.84,6.84
2025-05-23 21:00:00,6.6,0.0,0.0,0.0,290.645934152347,6.6,6.6
2025-05-23 22:00:00,6.9,0.0,0.0,0.0,290.645934152347,6.9,6.9
2025-05-23 23:00:00,7.02,0.0,0.0,0.0,290.645934152347,7.02,7.02
2025-05-24 00:00:00,6.66,0.0,0.0,0.0,290.645934152347,6.66,6.66
2025-05-24 01:00:00,6.96,0.0,0.0,0.0,290.645934152347,6.96,6.96
2025-05-24 02:00:00,6.72,0.0,0.0,0.0,290.645934152347,6.72,6.72
2025-05-24 03:00:00,6.72,0.0,0.0,0.0,290.645934152347,6.72,6.72
2025-05-24 04:00:00,7.38,0.0,0.0,0.0,290.645934152347,7.38,7.38
2025-05-24 05:00:00,6.6,9.094060074607672,0.0,0.0,290.645934152347,-2.494060074607672,-2.494060074607672
2025-05-24 06:00:00,6.48,19.197081819379772,0.0,0.0,290.645934152347,-12.717081819379771,-12.717081819379771
2025-05-24 07:00:00,6.9,28.95585144621519,0.0,0.0,290.645934152347,-22.055851446215186,-22.055851446215186
2025-05-24 08:00:00,6.24,37.70532493217441,0.0,0.0,290.645934152347,-31.46532493217441,-31.46532493217441
2025-05-24 09:00:00,6.42,44.8492401183779,0.0,0.0,290.645934152347,-38.4292401183779,-38.4292401183779
2025-05-24 10:00:00,6.0,49.90075099076396,0.0,0.0,290.645934152347,-43.90075099076396,-43.90075099076396
2025-05-24 11:00:00,5.82,52.51560543139588,0.0,0.0,290.645934152347,-46.69560543139588,-46.69560543139588
2025-05-24 12:00:00,6.36,52.51560543139588,0.0,0.0,290.645934152347,-46.155605431395884,-46.155605431395884
2025-05-24 13:00:00,5.7,49.90075099076396,0.0,0.0,290.645934152347,-44.20075099076396,-44.20075099076396
2025-05-24 14:00:00,6.12,44.8492401183779,0.0,0.0,290.645934152347,-38.7292401183779,-38.7292401183779
2025-05-24 15:00:00,5.88,37.70532493217441,0.0,0.0,290.645934152347,-31.825324932174414,-31.825324932174414
2025-05-24 16:00:00,6.18,28.95585144621519,0.0,0.0,290.645934152347,-22.77585144621519,-22.77585144621519
2025-05-24 17:00:00,5.94,19.197081819379772,0.0,0.0,290.645934152347,-13.25708181937977,-13.25708181937977
2025-05-24 18:00:00,5.58,9.094060074607672,0.0,0.0,290.645934152347,-3.514060074607672,-3.514060074607672
2025-05-24 19:00:00,5.46,0.0,0.0,0.0,290.645934152347,5.46,5.46
2025-05-24 20:00:00,6.48,0.0,0.0,0.0,290.645934152347,6.48,6.48
2025-05-24 21:00:00,6.6,0.0,0.0,0.0,290.645934152347,6.6,6.6
2025-05-24 22:00:00,6.72,0.0,0.0,0.0,290.645934152347,6.72,6.72
2025-05-24 23:00:00,6.9,0.0,0.0,0.0,290.645934152347,6.9,6.9
2025-05-25 00:00:00,7.44,0.0,0.0,0.0,290.645934152347,7.44,7.44
2025-05-25 01:00:00,7.14,0.0,0.0,0.0,290.645934152347,7.14,7.14
2025-05-25 02:00:00,7.2,0.0,0.0,0.0,290.645934152347,7.2,7.2
2025-05-25 03:00:00,7.08,0.0,0.0,0.0,290.645934152347,7.08,7.08
2025-05-25 04:00:00,7.86,0.0,0.0,0.0,290.645934152347,7.86,7.86
2025-05-25 05:00:00,7.2,9.221255886953756,0.0,0.0,290.645934152347,-2.021255886953756,-2.021255886953756
2025-05-25 06:00:00,7.02,19.311839024047973,0.0,0.0,290.645934152347,-12.291839024047974,-12.291839024047974
2025-05-25 07:00:00,7.44,29.05859387848424,0.0,0.0,290.645934152347,-21.618593878484237,-21.618593878484237
2025-05-25 08:00:00,6.24,37.7972952142067,0.0,0.0,290.645934152347,-31.557295214206697,-31.557295214206697
2025-05-25 09:00:00,10.32,44.932414976572645,0.0,0.0,290.645934152347,-34.612414976572644,-34.612414976572644
2025-05-25 10:00:00,11.82,49.97770654511975,0.0,0.0,290.645934152347,-38.15770654511975,-38.15770654511975
2025-05-25 11:00:00,8.88,52.58934163719008,0.0,0.0,290.645934152347,-43.70934163719008,-43.70934163719008
2025-05-25 12:00:00,11.64,52.58934163719008,0.0,0.0,290.645934152347,-40.94934163719008,-40.94934163719008
2025-05-25 13:00:00,11.88,49.97770654511975,0.0,0.0,290.645934152347,-38.09770654511975,-38.09770654511975
2025-05-25 14:00:00,11.22,44.932414976572645,0.0,0.0,290.645934152347,-33.712414976572646,-33.712414976572646
2025-05-25 15:00:00,6.12,37.7972952142067,0.0,0.0,290.645934152347,-31.677295214206698,-31.677295214206698
2025-05-25 16:00:00,4.86,29.05859387848424,0.0,0.0,290.645934152347,-24.19859387848424,-24.19859387848424
2025-05-25 17:00:00,4.86,19.311839024047973,0.0,0.0,290.645934152347,-14.451839024047974,-14.451839024047974
2025-05-25 18:00:00,4.56,9.221255886953756,0.0,0.0,290.645934152347,-4.661255886953756,-4.661255886953756
2025-05-25 19:00:00,4.86,0.0,0.0,0.0,290.645934152347,4.86,4.86
2025-05-25 20:00:00,5.52,0.0,0.0,0.0,290.645934152347,5.52,5.52
2025-05-25 21:00:00,6.48,0.0,0.0,0.0,290.645934152347,6.48,6.48
2025-05-25 22:00:00,5.88,0.0,0.0,0.0,290.645934152347,5.88,5.88
2025-05-25 23:00:00,6.36,0.0,0.0,0.0,290.645934152347,6.36,6.36
2025-05-26 00:00:00,6.54,0.0,0.0,0.0,290.645934152347,6.54,6.54
2025-05-26 01:00:00,7.02,0.0,0.0,0.0,290.645934152347,7.02,7.02
2025-05-26 02:00:00,6.42,0.0,0.0,0.0,290.645934152347,6.42,6.42
2025-05-26 03:00:00,6.84,0.0,0.0,0.0,290.645934152347,6.84,6.84
2025-05-26 04:00:00,6.84,0.0,0.0,0.0,290.645934152347,6.84,6.84
2025-05-26 05:00:00,7.02,9.344111567917473,0.0,0.0,290.645934152347,-2.3241115679174733,-2.3241115679174733
2025-05-26 06:00:00,9.06,19.42257091628081,0.0,0.0,290.645934152347,-10.362570916280811,-10.362570916280811
2025-05-26 07:00:00,7.38,29.15761509006945,0.0,0.0,290.645934152347,-21.77761509006945,-21.77761509006945
2025-05-26 08:00:00,6.6,37.88581691676085,0.0,0.0,290.645934152347,-31.28581691676085,-31.28581691676085
2025-05-26 09:00:00,5.7,45.01236386590151,0.0,0.0,290.645934152347,-39.31236386590151,-39.31236386590151
2025-05-26 10:00:00,5.58,50.05159354008318,0.0,0.0,290.645934152347,-44.471593540083184,-44.471593540083184
2025-05-26 11:00:00,5.04,52.66009076473115,0.0,0.0,290.645934152347,-47.62009076473115,-47.62009076473115
2025-05-26 12:00:00,4.68,52.66009076473115,0.0,0.0,290.645934152347,-47.98009076473115,-47.98009076473115
2025-05-26 13:00:00,4.92,50.05159354008318,0.0,0.0,290.645934152347,-45.13159354008318,-45.13159354008318
2025-05-26 14:00:00,4.98,45.01236386590151,0.0,0.0,290.645934152347,-40.032363865901516,-40.032363865901516
2025-05-26 15:00:00,4.2,37.88581691676085,0.0,0.0,290.645934152347,-33.68581691676085,-33.68581691676085
2025-05-26 16:00:00,4.56,29.15761509006945,0.0,0.0,290.645934152347,-24.59761509006945,-24.59761509006945
2025-05-26 17:00:00,3.78,19.42257091628081,0.0,0.0,290.645934152347,-15.642570916280812,-15.642570916280812
2025-05-26 18:00:00,4.08,9.344111567917473,0.0,0.0,290.645934152347,-5.264111567917473,-5.264111567917473
2025-05-26 19:00:00,3.66,0.0,0.0,0.0,290.645934152347,3.66,3.66
2025-05-26 20:00:00,4.74,0.0,0.0,0.0,290.645934152347,4.74,4.74
2025-05-26 21:00:00,5.22,0.0,0.0,0.0,290.645934152347,5.22,5.22
2025-05-26 22:00:00,4.8,0.0,0.0,0.0,290.645934152347,4.8,4.8
2025-05-26 23:00:00,5.76,0.0,0.0,0.0,290.645934152347,5.76,5.76
2025-05-27 00:00:00,5.4,0.0,0.0,0.0,290.645934152347,5.4,5.4
2025-05-27 01:00:00,5.76,0.0,0.0,0.0,290.645934152347,5.76,5.76
2025-05-27 02:00:00,5.94,0.0,0.0,0.0,290.645934152347,5.94,5.94
2025-05-27 03:00:00,5.76,0.0,0.0,0.0,290.645934152347,5.76,5.76
2025-05-27 04:00:00,5.88,0.0,0.0,0.0,290.645934152347,5.88,5.88
2025-05-27 05:00:00,5.76,9.462598977860676,0.0,0.0,290.645934152347,-3.702598977860676,-3.702598977860676
2025-05-27 06:00:00,6.96,19.529263357265247,0.0,0.0,290.645934152347,-12.569263357265246,-12.569263357265246
2025-05-27 07:00:00,6.0,29.25291446591633,0.0,0.0,290.645934152347,-23.25291446591633,-23.25291446591633
2025-05-27 08:00:00,6.12,37.97090154985258,0.0,0.0,290.645934152347,-31.850901549852576,-31.850901549852576
2025-05-27 09:00:00,5.88,45.08910819645863,0.0,0.0,290.645934152347,-39.20910819645863,-39.20910819645863
2025-05-27 10:00:00,5.34,50.12244038616091,0.0,0.0,290.645934152347,-44.782440386160914,-44.782440386160914
2025-05-27 11:00:00,5.4,52.72788484820595,0.0,0.0,290.645934152347,-47.327884848205954,-47.327884848205954
2025-05-27 12:00:00,5.46,52.72788484820595,0.0,0.0,290.645934152347,-47.26788484820595,-47.26788484820595
2025-05-27 13:00:00,5.34,50.12244038616091,0.0,0.0,290.645934152347,-44.782440386160914,-44.782440386160914
2025-05-27 14:00:00,5.16,45.08910819645863,0.0,0.0,290.645934152347,-39.92910819645863,-39.92910819645863
2025-05-27 15:00:00,4.62,37.97090154985258,0.0,0.0,290.645934152347,-33.35090154985258,-33.35090154985258
2025-05-27 16:00:00,4.2,29.25291446591633,0.0,0.0,290.645934152347,-25.05291446591633,-25.05291446591633
2025-05-27 17:00:00,3.48,19.529263357265247,0.0,0.0,290.645934152347,-16.049263357265247,-16.049263357265247
2025-05-27 18:00:00,4.02,9.462598977860676,0.0,0.0,290.645934152347,-5.442598977860676,-5.442598977860676
2025-05-27 19:00:00,3.48,0.0,0.0,0.0,290.645934152347,3.48,3.48
2025-05-27 20:00:00,4.14,0.0,0.0,0.0,290.645934152347,4.14,4.14
2025-05-27 21:00:00,4.62,0.0,0.0,0.0,290.645934152347,4.62,4.62
2025-05-27 22:00:00,4.98,0.0,0.0,0.0,290.645934152347,4.98,4.98
2025-05-27 23:00:00,4.92,0.0,0.0,0.0,290.645934152347,4.92,4.92
2025-05-28 00:00:00,5.58,0.0,0.0,0.0,290.645934152347,5.58,5.58
2025-05-28 01:00:00,5.4,0.0,0.0,0.0,290.645934152347,5.4,5.4
2025-05-28 02:00:00,5.1,0.0,0.0,0.0,290.645934152347,5.1,5.1
2025-05-28 03:00:00,6.24,0.0,0.0,0.0,290.645934152347,6.24,6.24
2025-05-28 04:00:00,5.46,0.0,0.0,0.0,290.645934152347,5.46,5.46
2025-05-28 05:00:00,6.0,9.576691260380263,0.0,0.0,290.645934152347,-3.5766912603802634,-3.5766912603802634
2025-05-28 06:00:00,7.5,19.63190309572333,0.0,0.0,290.645934152347,-12.131903095723331,-12.131903095723331
2025-05-28 07:00:00,7.2,29.344491896288694,0.0,0.0,290.645934152347,-22.144491896288695,-22.144491896288695
2025-05-28 08:00:00,6.72,38.05256078612974,0.0,0.0,290.645934152347,-31.33256078612974,-31.33256078612974
2025-05-28 09:00:00,7.14,45.16266926116804,0.0,0.0,290.645934152347,-38.02266926116804,-38.02266926116804
2025-05-28 10:00:00,6.6,50.19027517883958,0.0,0.0,290.645934152347,-43.590275178839576,-43.590275178839576
2025-05-28 11:00:00,6.54,52.79275550436664,0.0,0.0,290.645934152347,-46.25275550436664,-46.25275550436664
2025-05-28 12:00:00,6.6,52.79275550436664,0.0,0.0,290.645934152347,-46.19275550436664,-46.19275550436664
2025-05-28 13:00:00,6.6,50.19027517883958,0.0,0.0,290.645934152347,-43.590275178839576,-43.590275178839576
2025-05-28 14:00:00,6.12,45.16266926116804,0.0,0.0,290.645934152347,-39.042669261168044,-39.042669261168044
2025-05-28 15:00:00,6.12,38.05256078612974,0.0,0.0,290.645934152347,-31.932560786129738,-31.932560786129738
2025-05-28 16:00:00,4.92,29.344491896288694,0.0,0.0,290.645934152347,-24.424491896288693,-24.424491896288693
2025-05-28 17:00:00,5.4,19.63190309572333,0.0,0.0,290.645934152347,-14.23190309572333,-14.23190309572333
2025-05-28 18:00:00,4.98,9.576691260380263,0.0,0.0,290.645934152347,-4.596691260380263,-4.596691260380263
2025-05-28 19:00:00,5.22,0.0,0.0,0.0,290.645934152347,5.22,5.22
2025-05-28 20:00:00,5.82,0.0,0.0,0.0,290.645934152347,5.82,5.82
2025-05-28 21:00:00,5.52,0.0,0.0,0.0,290.645934152347,5.52,5.52
2025-05-28 22:00:00,5.58,0.0,0.0,0.0,290.645934152347,5.58,5.58
2025-05-28 23:00:00,11.04,0.0,0.0,0.0,290.645934152347,11.04,11.04
2025-05-29 00:00:00,12.48,0.0,0.0,0.0,290.645934152347,12.48,12.48
2025-05-29 01:00:00,12.12,0.0,0.0,0.0,290.645934152347,12.12,12.12
2025-05-29 02:00:00,12.3,0.0,0.0,0.0,290.645934152347,12.3,12.3
2025-05-29 03:00:00,12.54,0.0,0.0,0.0,290.645934152347,12.54,12.54
2025-05-29 04:00:00,12.0,0.0,0.0,0.0,290.645934152347,12.0,12.0
2025-05-29 05:00:00,15.78,9.686362820491516,0.0,0.0,290.645934152347,6.093637179508484,6.093637179508484
2025-05-29 06:00:00,26.7,19.730477731738613,0.0,0.0,290.645934152347,6.969522268261386,6.969522268261386
2025-05-29 07:00:00,25.68,29.432347726727308,0.0,0.0,290.645934152347,-3.752347726727308,-3.752347726727308
2025-05-29 08:00:00,29.46,38.130806398397375,0.0,0.0,290.645934152347,-8.670806398397374,-8.670806398397374
2025-05-29 09:00:00,21.84,45.2330681631571,0.0,0.0,290.645934152347,-23.3930681631571,-23.3930681631571
2025-05-29 10:00:00,21.78,50.255125618780646,0.0,0.0,290.645934152347,-28.475125618780645,-28.475125618780645
2025-05-29 11:00:00,21.48,52.85473384900961,0.0,0.0,290.645934152347,-31.374733849009612,-31.374733849009612
2025-05-29 12:00:00,9.48,52.85473384900961,0.0,0.0,290.645934152347,-43.374733849009615,-43.374733849009615
2025-05-29 13:00:00,7.08,50.255125618780646,0.0,0.0,290.645934152347,-43.17512561878065,-43.17512561878065
2025-05-29 14:00:00,6.3,45.2330681631571,0.0,0.0,290.645934152347,-38.9330681631571,-38.9330681631571
2025-05-29 15:00:00,5.58,38.130806398397375,0.0,0.0,290.645934152347,-32.55080639839738,-32.55080639839738
2025-05-29 16:00:00,5.46,29.432347726727308,0.0,0.0,290.645934152347,-23.972347726727307,-23.972347726727307
2025-05-29 17:00:00,4.5,19.730477731738613,0.0,0.0,290.645934152347,-15.230477731738613,-15.230477731738613
2025-05-29 18:00:00,5.4,9.686362820491516,0.0,0.0,290.645934152347,-4.286362820491515,-4.286362820491515
2025-05-29 19:00:00,4.74,0.0,0.0,0.0,290.645934152347,4.74,4.74
2025-05-29 20:00:00,5.82,0.0,0.0,0.0,290.645934152347,5.82,5.82
2025-05-29 21:00:00,5.22,0.0,0.0,0.0,290.645934152347,5.22,5.22
2025-05-29 22:00:00,5.34,0.0,0.0,0.0,290.645934152347,5.34,5.34
2025-05-29 23:00:00,6.0,0.0,0.0,0.0,290.645934152347,6.0,6.0
2025-05-30 00:00:00,5.4,0.0,0.0,0.0,290.645934152347,5.4,5.4
2025-05-30 01:00:00,5.7,0.0,0.0,0.0,290.645934152347,5.7,5.7
2025-05-30 02:00:00,5.7,0.0,0.0,0.0,290.645934152347,5.7,5.7
2025-05-30 03:00:00,5.52,0.0,0.0,0.0,290.645934152347,5.52,5.52
2025-05-30 04:00:00,6.06,0.1000822748857509,0.0,0.0,290.645934152347,5.9599177251142486,5.9599177251142486
2025-05-30 05:00:00,5.76,9.791589302799428,0.0,0.0,290.645934152347,-4.0315893027994285,-4.0315893027994285
2025-05-30 06:00:00,6.66,19.824975681075383,0.0,0.0,290.645934152347,-13.164975681075383,-13.164975681075383
2025-05-30 07:00:00,7.44,29.51648270898906,0.0,0.0,290.645934152347,-22.076482708989058,-22.076482708989058
2025-05-30 08:00:00,6.84,38.205650198560775,0.0,0.0,290.645934152347,-31.365650198560775,-31.365650198560775
2025-05-30 09:00:00,6.96,45.30032574490443,0.0,0.0,290.645934152347,-38.340325744904426,-38.340325744904426
2025-05-30 10:00:00,6.0,50.3170189340424,0.0,0.0,290.645934152347,-44.3170189340424,-44.3170189340424
2025-05-30 11:00:00,5.94,52.91385041561243,0.0,0.0,290.645934152347,-46.97385041561243,-46.97385041561243
2025-05-30 12:00:00,6.18,52.91385041561243,0.0,0.0,290.645934152347,-46.73385041561243,-46.73385041561243
2025-05-30 13:00:00,5.76,50.3170189340424,0.0,0.0,290.645934152347,-44.557018934042404,-44.557018934042404
2025-05-30 14:00:00,5.76,45.30032574490443,0.0,0.0,290.645934152347,-39.54032574490443,-39.54032574490443
2025-05-30 15:00:00,4.98,38.205650198560775,0.0,0.0,290.645934152347,-33.22565019856077,-33.22565019856077
2025-05-30 16:00:00,4.26,29.51648270898906,0.0,0.0,290.645934152347,-25.25648270898906,-25.25648270898906
2025-05-30 17:00:00,3.6,19.824975681075383,0.0,0.0,290.645934152347,-16.22497568107538,-16.22497568107538
2025-05-30 18:00:00,4.08,9.791589302799428,0.0,0.0,290.645934152347,-5.711589302799428,-5.711589302799428
2025-05-30 19:00:00,4.32,0.1000822748857509,0.0,0.0,290.645934152347,4.219917725114249,4.219917725114249
2025-05-30 20:00:00,4.56,0.0,0.0,0.0,290.645934152347,4.56,4.56
2025-05-30 21:00:00,4.8,0.0,0.0,0.0,290.645934152347,4.8,4.8
2025-05-30 22:00:00,5.04,0.0,0.0,0.0,290.645934152347,5.04,5.04
2025-05-30 23:00:00,5.82,0.0,0.0,0.0,290.645934152347,5.82,5.82
2025-05-31 00:00:00,5.22,0.0,0.0,0.0,290.645934152347,5.22,5.22
2025-05-31 01:00:00,6.06,0.0,0.0,0.0,290.645934152347,6.06,6.06
2025-05-31 02:00:00,5.4,0.0,0.0,0.0,290.645934152347,5.4,5.4
2025-05-31 03:00:00,6.36,0.0,0.0,0.0,290.645934152347,6.36,6.36
2025-05-31 04:00:00,5.94,0.2108357567665186,0.0,0.0,290.645934152347,5.729164243233482,5.729164243233482
2025-05-31 05:00:00,5.88,9.892347569750124,0.0,0.0,290.645934152347,-4.012347569750124,-4.012347569750124
2025-05-31 06:00:00,6.6,19.915386140090902,0.0,0.0,290.645934152347,-13.315386140090903,-13.315386140090903
2025-05-31 07:00:00,6.18,29.596897953074507,0.0,0.0,290.645934152347,-23.416897953074507,-23.416897953074507
2025-05-31 08:00:00,6.18,38.27710397810087,0.0,0.0,290.645934152347,-32.09710397810087,-32.09710397810087
2025-05-31 09:00:00,6.3,45.36446251928316,0.0,0.0,290.645934152347,-39.06446251928316,-39.06446251928316
2025-05-31 10:00:00,6.36,50.37598180445354,0.0,0.0,290.645934152347,-44.01598180445354,-44.01598180445354
2025-05-31 11:00:00,6.6,52.97013507625486,0.0,0.0,290.645934152347,-46.37013507625486,-46.37013507625486
2025-05-31 12:00:00,5.64,52.97013507625486,0.0,0.0,290.645934152347,-47.33013507625486,-47.33013507625486
2025-05-31 13:00:00,5.76,50.37598180445354,0.0,0.0,290.645934152347,-44.61598180445354,-44.61598180445354
2025-05-31 14:00:00,4.92,45.36446251928316,0.0,0.0,290.645934152347,-40.44446251928316,-40.44446251928316
2025-05-31 15:00:00,5.76,38.27710397810087,0.0,0.0,290.645934152347,-32.51710397810087,-32.51710397810087
2025-05-31 16:00:00,4.98,29.596897953074507,0.0,0.0,290.645934152347,-24.616897953074506,-24.616897953074506
2025-05-31 17:00:00,5.88,19.915386140090902,0.0,0.0,290.645934152347,-14.035386140090903,-14.035386140090903
2025-05-31 18:00:00,5.46,9.892347569750124,0.0,0.0,290.645934152347,-4.432347569750124,-4.432347569750124
2025-05-31 19:00:00,4.98,0.2108357567665186,0.0,0.0,290.645934152347,4.769164243233482,4.769164243233482
2025-05-31 20:00:00,6.24,0.0,0.0,0.0,290.645934152347,6.24,6.24
2025-05-31 21:00:00,6.48,0.0,0.0,0.0,290.645934152347,6.48,6.48
2025-05-31 22:00:00,6.6,0.0,39.0387111905147,0.0,325.0,45.6387111905147,6.6
2025-05-31 23:00:00,6.54,0.0,0.0,0.0,325.0,6.54,6.54
2025-06-01 00:00:00,6.84,0.0,0.0,0.0,325.0,6.84,6.84
2025-06-01 01:00:00,7.2,0.0,0.0,0.0,325.0,7.2,7.2
2025-06-01 02:00:00,6.96,0.0,0.0,0.0,325.0,6.96,6.96
2025-06-01 03:00:00,6.9,0.0,0.0,0.0,325.0,6.9,6.9
2025-06-01 04:00:00,7.38,0.3322962370538973,0.0,0.0,325.0,7.047703762946103,7.047703762946103
2025-06-01 05:00:00,7.44,10.479859074153293,0.0,0.0,325.0,-3.0398590741532923,-3.0398590741532923
2025-06-01 06:00:00,6.9,20.98538916861687,0.0,0.0,325.0,-14.085389168616869,-14.085389168616869
2025-06-01 07:00:00,6.6,31.132952005716263,0.0,0.0,325.0,-24.53295200571626,-24.53295200571626
2025-06-01 08:00:00,6.18,40.23100794774365,0.0,0.0,325.0,-34.05100794774365,-34.05100794774365
2025-06-01 09:00:00,5.76,47.65953951749819,0.0,0.0,325.0,-41.89953951749819,-41.89953951749819
2025-06-01 10:00:00,5.82,52.91230456472998,0.0,0.0,325.0,-47.09230456472998,-47.09230456472998
2025-06-01 11:00:00,5.88,55.63133583207484,0.0,0.0,325.0,-49.75133583207484,-49.75133583207484
2025-06-01 12:00:00,4.92,55.63133583207484,0.0,0.0,325.0,-50.71133583207484,-50.71133583207484
2025-06-01 13:00:00,5.28,52.91230456472998,0.0,0.0,325.0,-47.63230456472998,-47.63230456472998
2025-06-01 14:00:00,5.04,47.65953951749819,0.0,0.0,325.0,-42.61953951749819,-42.61953951749819
2025-06-01 15:00:00,4.86,40.23100794774365,0.0,0.0,325.0,-35.37100794774365,-35.37100794774365
2025-06-01 16:00:00,5.22,31.132952005716263,0.0,0.0,325.0,-25.912952005716264,-25.912952005716264
2025-06-01 17:00:00,4.62,20.98538916861687,0.0,0.0,325.0,-16.36538916861687,-16.36538916861687
2025-06-01 18:00:00,5.58,10.479859074153293,0.0,0.0,325.0,-4.899859074153293,-4.899859074153293
2025-06-01 19:00:00,4.86,0.3322962370538973,0.0,0.0,325.0,4.527703762946103,4.527703762946103
2025-06-01 20:00:00,6.18,0.0,0.0,0.0,325.0,6.18,6.18
2025-06-01 21:00:00,6.0,0.0,0.0,0.0,325.0,6.0,6.0
2025-06-01 22:00:00,6.66,0.0,0.0,0.0,325.0,6.66,6.66
2025-06-01 23:00:00,6.84,0.0,0.0,0.0,325.0,6.84,6.84
2025-06-02 00:00:00,7.02,0.0,0.0,0.0,325.0,7.02,7.02
2025-06-02 01:00:00,6.78,0.0,0.0,0.0,325.0,6.78,6.78
2025-06-02 02:00:00,7.02,0.0,0.0,0.0,325.0,7.02,7.02
2025-06-02 03:00:00,7.38,0.0,0.0,0.0,325.0,7.38,7.38
2025-06-02 04:00:00,7.74,0.4382455173835808,0.0,0.0,325.0,7.30175448261642,7.30175448261642
2025-06-02 05:00:00,7.62,10.57612891001444,0.0,0.0,325.0,-2.9561289100144394,-2.9561289100144394
2025-06-02 06:00:00,7.56,21.071638106180146,0.0,0.0,325.0,-13.511638106180147,-13.511638106180147
2025-06-02 07:00:00,7.74,31.209521498811,0.0,0.0,325.0,-23.469521498810998,-23.469521498810998
2025-06-02 08:00:00,6.96,40.29889908834368,0.0,0.0,325.0,-33.33889908834368,-33.33889908834368
2025-06-02 09:00:00,7.68,47.72034481295821,0.0,0.0,325.0,-40.04034481295821,-40.04034481295821
2025-06-02 10:00:00,6.72,52.96809941104107,0.0,0.0,325.0,-46.24809941104107,-46.24809941104107
2025-06-02 11:00:00,6.12,55.68453707905739,0.0,0.0,325.0,-49.564537079057395,-49.564537079057395
2025-06-02 12:00:00,6.48,55.68453707905739,0.0,0.0,325.0,-49.20453707905739,-49.20453707905739
2025-06-02 13:00:00,6.0,52.96809941104107,0.0,0.0,325.0,-46.96809941104107,-46.96809941104107
2025-06-02 14:00:00,6.06,47.72034481295821,0.0,0.0,325.0,-41.66034481295821,-41.66034481295821
2025-06-02 15:00:00,10.26,40.29889908834368,0.0,0.0,325.0,-30.038899088343683,-30.038899088343683
2025-06-02 16:00:00,18.78,31.209521498811,0.0,0.0,325.0,-12.429521498810999,-12.429521498810999
2025-06-02 17:00:00,15.06,21.071638106180146,0.0,0.0,325.0,-6.011638106180145,-6.011638106180145
2025-06-02 18:00:00,4.02,10.57612891001444,0.0,0.0,325.0,-6.55612891001444,-6.55612891001444
2025-06-02 19:00:00,4.08,0.4382455173835808,0.0,0.0,325.0,3.6417544826164194,3.6417544826164194
2025-06-02 20:00:00,4.74,0.0,0.0,0.0,325.0,4.74,4.74
2025-06-02 21:00:00,4.86,0.0,0.0,0.0,325.0,4.86,4.86
2025-06-02 22:00:00,5.16,0.0,0.0,0.0,325.0,5.16,5.16
2025-06-02 23:00:00,5.4,0.0,0.0,0.0,325.0,5.4,5.4
2025-06-03 00:00:00,5.52,0.0,0.0,0.0,325.0,5.52,5.52
2025-06-03 01:00:00,5.28,0.0,0.0,0.0,325.0,5.28,5.28
2025-06-03 02:00:00,6.06,0.0,0.0,0.0,325.0,6.06,6.06
2025-06-03 03:00:00,5.58,0.0,0.0,0.0,325.0,5.58,5.58
2025-06-03 04:00:00,5.82,0.5390208980804477,0.0,0.0,325.0,5.280979101919552,5.280979101919552
2025-06-03 05:00:00,6.12,10.667645397281694,0.0,0.0,325.0,-4.547645397281694,-4.547645397281694
2025-06-03 06:00:00,6.78,21.15356908162276,0.0,0.0,325.0,-14.373569081622758,-14.373569081622758
2025-06-03 07:00:00,7.38,31.282193580824003,0.0,0.0,325.0,-23.902193580824004,-23.902193580824004
2025-06-03 08:00:00,7.2,40.363269873608274,0.0,0.0,325.0,-33.16326987360827,-33.16326987360827
2025-06-03 09:00:00,6.54,47.77793761781047,0.0,0.0,325.0,-41.23793761781047,-41.23793761781047
2025-06-03 10:00:00,7.32,53.020899459981,0.0,0.0,325.0,-45.700899459981,-45.700899459981
2025-06-03 11:00:00,7.62,55.73485621498006,0.0,0.0,325.0,-48.114856214980065,-48.114856214980065
2025-06-03 12:00:00,7.8,55.73485621498006,0.0,0.0,325.0,-47.934856214980066,-47.934856214980066
2025-06-03 13:00:00,7.8,53.020899459981,0.0,0.0,325.0,-45.220899459981005,-45.220899459981005
2025-06-03 14:00:00,8.04,47.77793761781047,0.0,0.0,325.0,-39.73793761781047,-39.73793761781047
2025-06-03 15:00:00,7.08,40.363269873608274,0.0,0.0,325.0,-33.283269873608276,-33.283269873608276
2025-06-03 16:00:00,5.7,31.282193580824003,0.0,0.0,325.0,-25.582193580824004,-25.582193580824004
2025-06-03 17:00:00,5.94,21.15356908162276,0.0,0.0,325.0,-15.213569081622758,-15.213569081622758
2025-06-03 18:00:00,5.28,10.667645397281694,0.0,0.0,325.0,-5.387645397281694,-5.387645397281694
2025-06-03 19:00:00,5.34,0.5390208980804477,0.0,0.0,325.0,4.800979101919552,4.800979101919552
2025-06-03 20:00:00,5.7,0.0,0.0,0.0,325.0,5.7,5.7
2025-06-03 21:00:00,5.46,0.0,0.0,0.0,325.0,5.46,5.46
2025-06-03 22:00:00,5.28,0.0,0.0,0.0,325.0,5.28,5.28
2025-06-03 23:00:00,5.28,0.0,0.0,0.0,325.0,5.28,5.28
2025-06-04 00:00:00,5.82,0.0,0.0,0.0,325.0,5.82,5.82
2025-06-04 01:00:00,5.58,0.0,0.0,0.0,325.0,5.58,5.58
2025-06-04 02:00:00,5.64,0.0,0.0,0.0,325.0,5.64,5.64
2025-06-04 03:00:00,5.88,0.0,0.0,0.0,325.0,5.88,5.88
2025-06-04 04:00:00,5.7,0.6345923888428421,0.0,0.0,325.0,5.065407611157158,5.065407611157158
2025-06-04 05:00:00,5.52,10.754389148192042,0.0,0.0,325.0,-5.234389148192042,-5.234389148192042
2025-06-04 06:00:00,6.78,21.231173683737424,0.0,0.0,325.0,-14.451173683737423,-14.451173683737423
2025-06-04 07:00:00,7.26,31.350970443086627,0.0,0.0,325.0,-24.090970443086626,-24.090970443086626
2025-06-04 08:00:00,7.08,40.42413200084487,0.0,0.0,325.0,-33.34413200084487,-33.34413200084487
2025-06-04 09:00:00,7.5,47.83233739095936,0.0,0.0,325.0,-40.33233739095936,-40.33233739095936
2025-06-04 10:00:00,7.8,53.07072965873205,0.0,0.0,325.0,-45.27072965873205,-45.27072965873205
2025-06-04 11:00:00,7.68,55.782321027966766,0.0,0.0,325.0,-48.10232102796677,-48.10232102796677
2025-06-04 12:00:00,7.32,55.782321027966766,0.0,0.0,325.0,-48.462321027966766,-48.462321027966766
2025-06-04 13:00:00,7.74,53.07072965873205,0.0,0.0,325.0,-45.33072965873205,-45.33072965873205
2025-06-04 14:00:00,7.98,47.83233739095936,0.0,0.0,325.0,-39.85233739095936,-39.85233739095936
2025-06-04 15:00:00,5.94,40.42413200084487,0.0,0.0,325.0,-34.48413200084487,-34.48413200084487
2025-06-04 16:00:00,5.94,31.350970443086627,0.0,0.0,325.0,-25.410970443086626,-25.410970443086626
2025-06-04 17:00:00,5.22,21.231173683737424,0.0,0.0,325.0,-16.011173683737425,-16.011173683737425
2025-06-04 18:00:00,5.34,10.754389148192042,0.0,0.0,325.0,-5.414389148192042,-5.414389148192042
2025-06-04 19:00:00,5.58,0.6345923888428421,0.0,0.0,325.0,4.945407611157158,4.945407611157158
2025-06-04 20:00:00,5.34,0.0,0.0,0.0,325.0,5.34,5.34
2025-06-04 21:00:00,5.46,0.0,0.0,0.0,325.0,5.46,5.46
2025-06-04 22:00:00,5.7,0.0,0.0,0.0,325.0,5.7,5.7
2025-06-04 23:00:00,5.4,0.0,0.0,0.0,325.0,5.4,5.4
2025-06-05 00:00:00,5.34,0.0,0.0,0.0,325.0,5.34,5.34
2025-06-05 01:00:00,5.52,0.0,0.0,0.0,325.0,5.52,5.52
2025-06-05 02:00:00,5.94,0.0,0.0,0.0,325.0,5.94,5.94
2025-06-05 03:00:00,5.64,0.0,0.0,0.0,325.0,5.64,5.64
2025-06-05 04:00:00,5.76,0.7249316701828787,0.0,0.0,325.0,5.035068329817121,5.035068329817121
2025-06-05 05:00:00,6.3,10.83634194312101,0.0,0.0,325.0,-4.53634194312101,-4.53634194312101
2025-06-05 06:00:00,7.2,21.304444149047683,0.0,0.0,325.0,-14.104444149047684,-14.104444149047684
2025-06-05 07:00:00,7.38,31.41585442198581,0.0,0.0,325.0,-24.03585442198581,-24.03585442198581
2025-06-05 08:00:00,7.8,40.48149686173022,0.0,0.0,325.0,-32.681496861730224,-32.681496861730224
2025-06-05 09:00:00,7.74,47.883562917694825,0.0,0.0,325.0,-40.14356291769482,-40.14356291769482
2025-06-05 10:00:00,8.04,53.11761402065815,0.0,0.0,325.0,-45.07761402065815,-45.07761402065815
2025-06-05 11:00:00,13.5,55.826958237631686,0.0,0.0,325.0,-42.326958237631686,-42.326958237631686
2025-06-05 12:00:00,21.18,55.826958237631686,0.0,0.0,325.0,-34.64695823763169,-34.64695823763169
2025-06-05 13:00:00,21.66,53.11761402065815,0.0,0.0,325.0,-31.457614020658152,-31.457614020658152
2025-06-05 14:00:00,20.1,47.883562917694825,0.0,0.0,325.0,-27.783562917694823,-27.783562917694823
2025-06-05 15:00:00,11.4,40.48149686173022,0.0,0.0,325.0,-29.081496861730223,-29.081496861730223
2025-06-05 16:00:00,6.3,31.41585442198581,0.0,0.0,325.0,-25.11585442198581,-25.11585442198581
2025-06-05 17:00:00,5.1,21.304444149047683,0.0,0.0,325.0,-16.20444414904768,-16.20444414904768
2025-06-05 18:00:00,5.1,10.83634194312101,0.0,0.0,325.0,-5.73634194312101,-5.73634194312101
2025-06-05 19:00:00,5.28,0.7249316701828787,0.0,0.0,325.0,4.5550683298171215,4.5550683298171215
2025-06-05 20:00:00,5.58,0.0,0.0,0.0,325.0,5.58,5.58
2025-06-05 21:00:00,5.58,0.0,0.0,0.0,325.0,5.58,5.58
2025-06-05 22:00:00,5.46,0.0,0.0,0.0,325.0,5.46,5.46
2025-06-05 23:00:00,5.94,0.0,0.0,0.0,325.0,5.94,5.94
2025-06-06 00:00:00,5.58,0.0,0.0,0.0,325.0,5.58,5.58
2025-06-06 01:00:00,5.46,0.0,0.0,0.0,325.0,5.46,5.46
2025-06-06 02:00:00,5.82,0.0,0.0,0.0,325.0,5.82,5.82
2025-06-06 03:00:00,5.58,0.0,0.0,0.0,325.0,5.58,5.58
2025-06-06 04:00:00,5.88,0.8100120832830431,0.0,0.0,325.0,5.069987916716957,5.069987916716957
2025-06-06 05:00:00,5.46,10.9134867101758,0.0,0.0,325.0,-5.4534867101758,-5.4534867101758
2025-06-06 06:00:00,7.32,21.373373330775525,0.0,0.0,325.0,-14.053373330775525,-14.053373330775525
2025-06-06 07:00:00,7.68,31.47684795766829,0.0,0.0,325.0,-23.79684795766829,-23.79684795766829
2025-06-06 08:00:00,6.96,40.5353754918126,0.0,0.0,325.0,-33.5753754918126,-33.5753754918126
2025-06-06 09:00:00,7.2,47.9316322516811,0.0,0.0,325.0,-40.7316322516811,-40.7316322516811
2025-06-06 10:00:00,7.2,53.16157556198096,0.0,0.0,325.0,-45.96157556198096,-45.96157556198096
2025-06-06 11:00:00,7.68,55.86879342900521,0.0,0.0,325.0,-48.18879342900521,-48.18879342900521
2025-06-06 12:00:00,13.68,55.86879342900521,0.0,0.0,325.0,-42.18879342900521,-42.18879342900521
2025-06-06 13:00:00,10.86,53.16157556198096,0.0,0.0,325.0,-42.30157556198096,-42.30157556198096
2025-06-06 14:00:00,6.48,47.9316322516811,0.0,0.0,325.0,-41.451632251681104,-41.451632251681104
2025-06-06 15:00:00,5.34,40.5353754918126,0.0,0.0,325.0,-35.1953754918126,-35.1953754918126
2025-06-06 16:00:00,5.28,31.47684795766829,0.0,0.0,325.0,-26.19684795766829,-26.19684795766829
2025-06-06 17:00:00,5.58,21.373373330775525,0.0,0.0,325.0,-15.793373330775525,-15.793373330775525
2025-06-06 18:00:00,12.0,10.9134867101758,0.0,1.0865132898242,323.913486710176,2.220446049250313e-16,1.0865132898242003
2025-06-06 19:00:00,11.7,0.8100120832830431,0.0,0.0,323.913486710176,10.889987916716956,10.889987916716956
2025-06-06 20:00:00,12.24,0.0,0.0,0.0,323.913486710176,12.24,12.24
2025-06-06 21:00:00,11.82,0.0,0.0,0.0,323.913486710176,11.82,11.82
2025-06-06 22:00:00,12.0,0.0,0.0,0.0,323.913486710176,12.0,12.0
2025-06-06 23:00:00,12.36,0.0,0.0,0.0,323.913486710176,12.36,12.36
2025-06-07 00:00:00,12.42,0.0,0.0,0.0,323.913486710176,12.42,12.42
2025-06-07 01:00:00,12.24,0.0,0.0,0.0,323.913486710176,12.24,12.24
2025-06-07 02:00:00,11.94,0.0,0.0,0.0,323.913486710176,11.94,11.94
2025-06-07 03:00:00,12.06,0.0,0.0,0.0,323.913486710176,12.06,12.06
2025-06-07 04:00:00,12.18,0.8898086199884354,0.0,0.0,323.913486710176,11.290191380011564,11.290191380011564
2025-06-07 05:00:00,12.18,10.985807505484171,0.0,0.0,323.913486710176,1.1941924945158284,1.1941924945158284
2025-06-07 06:00:00,11.94,21.437954669084668,0.0,0.0,323.913486710176,-9.497954669084669,-9.497954669084669
2025-06-07 07:00:00,11.88,31.533953554580417,0.0,0.0,323.913486710176,-19.65395355458042,-19.65395355458042
2025-06-07 08:00:00,11.94,40.58577852235189,0.0,0.0,323.913486710176,-28.64577852235189,-28.64577852235189
2025-06-07 09:00:00,11.64,47.976562659693535,0.0,0.0,323.913486710176,-36.336562659693534,-36.336562659693534
2025-06-07 10:00:00,11.22,53.20263624149378,0.0,0.0,323.913486710176,-41.98263624149378,-41.98263624149378
2025-06-07 11:00:00,5.04,55.90785098964788,0.0,0.0,323.913486710176,-50.867850989647884,-50.867850989647884
2025-06-07 12:00:00,17.46,55.90785098964788,0.0,0.0,323.913486710176,-38.44785098964788,-38.44785098964788
2025-06-07 13:00:00,7.8,53.20263624149378,0.0,0.0,323.913486710176,-45.40263624149378,-45.40263624149378
2025-06-07 14:00:00,5.16,47.976562659693535,0.0,0.0,323.913486710176,-42.81656265969353,-42.81656265969353
2025-06-07 15:00:00,5.16,40.58577852235189,0.0,0.0,323.913486710176,-35.42577852235189,-35.42577852235189
2025-06-07 16:00:00,5.22,31.533953554580417,0.0,0.0,323.913486710176,-26.31395355458042,-26.31395355458042
2025-06-07 17:00:00,5.34,21.437954669084668,0.0,0.0,323.913486710176,-16.097954669084668,-16.097954669084668
2025-06-07 18:00:00,5.34,10.985807505484171,0.0,0.0,323.913486710176,-5.645807505484171,-5.645807505484171
2025-06-07 19:00:00,5.04,0.8898086199884354,0.0,0.0,323.913486710176,4.150191380011565,4.150191380011565
2025-06-07 20:00:00,5.28,0.0,0.0,0.0,323.913486710176,5.28,5.28
2025-06-07 21:00:00,5.22,0.0,0.0,0.0,323.913486710176,5.22,5.22
2025-06-07 22:00:00,5.52,0.0,0.0,0.0,323.913486710176,5.52,5.52
2025-06-07 23:00:00,5.46,0.0,0.0,0.0,323.913486710176,5.46,5.46
2025-06-08 00:00:00,5.64,0.0,0.0,0.0,323.913486710176,5.64,5.64
2025-06-08 01:00:00,5.52,0.0,0.0,0.0,323.913486710176,5.52,5.52
2025-06-08 02:00:00,5.94,0.0,0.0,0.0,323.913486710176,5.94,5.94
2025-06-08 03:00:00,5.82,0.0,0.0,0.0,323.913486710176,5.82,5.82
2025-06-08 04:00:00,5.4,0.96429791300621,0.0,0.0,323.913486710176,4.43570208699379,4.43570208699379
2025-06-08 05:00:00,5.76,11.053289494254471,0.0,0.0,323.913486710176,-5.293289494254472,-5.293289494254472
2025-06-08 06:00:00,5.46,21.49818216267866,0.0,0.0,323.913486710176,-16.03818216267866,-16.03818216267866
2025-06-08 07:00:00,5.4,31.58717374392692,0.0,0.0,323.913486710176,-26.18717374392692,-26.18717374392692
2025-06-08 08:00:00,5.7,40.63271613458409,0.0,0.0,323.913486710176,-34.93271613458409,-34.93271613458409
2025-06-08 09:00:00,5.04,48.01837056919248,0.0,0.0,323.913486710176,-42.97837056919248,-42.97837056919248
2025-06-08 10:00:00,5.1,53.24081690340457,0.0,0.0,323.913486710176,-48.14081690340457,-48.14081690340457
2025-06-08 11:00:00,5.22,55.944154050044446,0.0,0.0,323.913486710176,-50.72415405004445,-50.72415405004445
2025-06-08 12:00:00,5.46,55.944154050044446,0.0,0.0,323.913486710176,-50.484154050044445,-50.484154050044445
2025-06-08 13:00:00,5.34,53.24081690340457,0.0,0.0,323.913486710176,-47.900816903404575,-47.900816903404575
2025-06-08 14:00:00,4.98,48.01837056919248,0.0,0.0,323.913486710176,-43.03837056919248,-43.03837056919248
2025-06-08 15:00:00,5.28,40.63271613458409,0.0,0.0,323.913486710176,-35.35271613458409,-35.35271613458409
2025-06-08 16:00:00,5.16,31.58717374392692,0.0,0.0,323.913486710176,-26.427173743926918,-26.427173743926918
2025-06-08 17:00:00,5.22,21.49818216267866,0.0,0.0,323.913486710176,-16.27818216267866,-16.27818216267866
2025-06-08 18:00:00,9.18,11.053289494254471,0.0,0.0,323.913486710176,-1.8732894942544718,-1.8732894942544718
2025-06-08 19:00:00,11.76,0.96429791300621,0.0,0.0,323.913486710176,10.79570208699379,10.79570208699379
2025-06-08 20:00:00,11.82,0.0,0.0,0.0,323.913486710176,11.82,11.82
2025-06-08 21:00:00,11.82,0.0,0.0,0.0,323.913486710176,11.82,11.82
2025-06-08 22:00:00,12.12,0.0,0.0,0.0,323.913486710176,12.12,12.12
2025-06-08 23:00:00,12.18,0.0,0.0,0.0,323.913486710176,12.18,12.18
2025-06-09 00:00:00,12.18,0.0,0.0,0.0,323.913486710176,12.18,12.18
2025-06-09 01:00:00,12.0,0.0,0.0,0.0,323.913486710176,12.0,12.0
2025-06-09 02:00:00,12.54,0.0,0.0,0.0,323.913486710176,12.54,12.54
2025-06-09 03:00:00,12.48,0.0,0.0,0.0,323.913486710176,12.48,12.48
2025-06-09 04:00:00,12.18,1.033458226381323,0.0,0.0,323.913486710176,11.146541773618676,11.146541773618676
2025-06-09 05:00:00,11.82,11.115918932679064,0.0,0.0,323.913486710176,0.7040810673209368,0.7040810673209368
2025-06-09 06:00:00,12.12,21.55405034182975,0.0,0.0,323.913486710176,-9.434050341829751,-9.434050341829751
2025-06-09 07:00:00,7.56,31.63651104812749,0.0,0.0,323.913486710176,-24.07651104812749,-24.07651104812749
2025-06-09 08:00:00,7.44,40.67619801649223,0.0,0.0,323.913486710176,-33.23619801649223,-33.23619801649223
2025-06-09 09:00:00,7.32,48.05707151881897,0.0,0.0,323.913486710176,-40.73707151881897,-40.73707151881897
2025-06-09 10:00:00,7.14,53.27613722339431,0.0,0.0,323.913486710176,-46.13613722339431,-46.13613722339431
2025-06-09 11:00:00,7.26,55.97772442736533,0.0,0.0,323.913486710176,-48.71772442736533,-48.71772442736533
2025-06-09 12:00:00,7.08,55.97772442736533,0.0,0.0,323.913486710176,-48.89772442736533,-48.89772442736533
2025-06-09 13:00:00,7.08,53.27613722339431,0.0,0.0,323.913486710176,-46.19613722339431,-46.19613722339431
2025-06-09 14:00:00,7.08,48.05707151881897,0.0,0.0,323.913486710176,-40.977071518818974,-40.977071518818974
2025-06-09 15:00:00,6.48,40.67619801649223,0.0,0.0,323.913486710176,-34.19619801649223,-34.19619801649223
2025-06-09 16:00:00,5.1,31.63651104812749,0.0,0.0,323.913486710176,-26.536511048127487,-26.536511048127487
2025-06-09 17:00:00,5.34,21.55405034182975,0.0,0.0,323.913486710176,-16.21405034182975,-16.21405034182975
2025-06-09 18:00:00,5.22,11.115918932679064,0.0,0.0,323.913486710176,-5.895918932679064,-5.895918932679064
2025-06-09 19:00:00,5.1,1.033458226381323,0.0,0.0,323.913486710176,4.066541773618677,4.066541773618677
2025-06-09 20:00:00,5.34,0.0,0.0,0.0,323.913486710176,5.34,5.34
2025-06-09 21:00:00,5.28,0.0,0.0,0.0,323.913486710176,5.28,5.28
2025-06-09 22:00:00,5.64,0.0,0.0,0.0,323.913486710176,5.64,5.64
2025-06-09 23:00:00,5.46,0.0,0.0,0.0,323.913486710176,5.46,5.46
2025-06-10 00:00:00,5.58,0.0,0.0,0.0,323.913486710176,5.58,5.58
2025-06-10 01:00:00,5.88,0.0,0.0,0.0,323.913486710176,5.88,5.88
2025-06-10 02:00:00,5.58,0.0,0.0,0.0,323.913486710176,5.58,5.58
2025-06-10 03:00:00,5.88,0.0,0.0,0.0,323.913486710176,5.88,5.88
2025-06-10 04:00:00,5.34,1.0972694463136632,0.0,0.0,323.913486710176,4.242730553686337,4.242730553686337
2025-06-10 05:00:00,6.12,11.17368315074958,0.0,0.0,323.913486710176,-5.05368315074958,-5.05368315074958
2025-06-10 06:00:00,6.3,21.605554242909825,0.0,0.0,323.913486710176,-15.305554242909825,-15.305554242909825
2025-06-10 07:00:00,6.48,31.681967947345743,0.0,0.0,323.913486710176,-25.201967947345743,-25.201967947345743
2025-06-10 08:00:00,6.66,40.71623332216102,0.0,0.0,323.913486710176,-34.05623332216102,-34.05623332216102
2025-06-10 09:00:00,6.78,48.09268011189144,0.0,0.0,323.913486710176,-41.31268011189144,-41.31268011189144
2025-06-10 10:00:00,6.9,53.30861565797156,0.0,0.0,323.913486710176,-46.40861565797156,-46.40861565797156
2025-06-10 11:00:00,6.48,56.00858257267706,0.0,0.0,323.913486710176,-49.52858257267705,-49.52858257267705
2025-06-10 12:00:00,6.54,56.00858257267706,0.0,0.0,323.913486710176,-49.46858257267706,-49.46858257267706
2025-06-10 13:00:00,6.12,53.30861565797156,0.0,0.0,323.913486710176,-47.18861565797156,-47.18861565797156
2025-06-10 14:00:00,6.42,48.09268011189144,0.0,0.0,323.913486710176,-41.67268011189144,-41.67268011189144
2025-06-10 15:00:00,6.0,40.71623332216102,0.0,0.0,323.913486710176,-34.71623332216102,-34.71623332216102
2025-06-10 16:00:00,5.16,31.681967947345743,0.0,0.0,323.913486710176,-26.521967947345743,-26.521967947345743
2025-06-10 17:00:00,5.46,21.605554242909825,0.0,0.0,323.913486710176,-16.145554242909824,-16.145554242909824
2025-06-10 18:00:00,5.46,11.17368315074958,0.0,0.0,323.913486710176,-5.71368315074958,-5.71368315074958
2025-06-10 19:00:00,5.4,1.0972694463136632,0.0,0.0,323.913486710176,4.302730553686337,4.302730553686337
2025-06-10 20:00:00,5.82,0.0,0.0,0.0,323.913486710176,5.82,5.82
2025-06-10 21:00:00,5.22,0.0,0.0,0.0,323.913486710176,5.22,5.22
2025-06-10 22:00:00,5.52,0.0,0.0,0.0,323.913486710176,5.52,5.52
2025-06-10 23:00:00,6.78,0.0,0.0,0.0,323.913486710176,6.78,6.78
2025-06-11 00:00:00,6.0,0.0,0.0,0.0,323.913486710176,6.0,6.0
2025-06-11 01:00:00,5.58,0.0,0.0,0.0,323.913486710176,5.58,5.58
2025-06-11 02:00:00,5.64,0.0,0.0,0.0,323.913486710176,5.64,5.64
2025-06-11 03:00:00,5.82,0.0,0.0,0.0,323.913486710176,5.82,5.82
2025-06-11 04:00:00,5.88,1.1557130723787472,0.0,0.0,323.913486710176,4.724286927621253,4.724286927621253
2025-06-11 05:00:00,5.34,11.226570536048447,0.0,0.0,323.913486710176,-5.886570536048447,-5.886570536048447
2025-06-11 06:00:00,7.44,21.6526893844908,0.0,0.0,323.913486710176,-14.212689384490798,-14.212689384490798
2025-06-11 07:00:00,7.32,31.723546848160517,0.0,0.0,323.913486710176,-24.403546848160516,-24.403546848160516
2025-06-11 08:00:00,7.38,40.75283063378733,0.0,0.0,323.913486710176,-33.37283063378733,-33.37283063378733
2025-06-11 09:00:00,7.68,48.1252099729778,0.0,0.0,323.913486710176,-40.4452099729778,-40.4452099729778
2025-06-11 10:00:00,7.5,53.33826939719896,0.0,0.0,323.913486710176,-45.83826939719896,-45.83826939719896
2025-06-11 11:00:00,7.44,56.03674752167821,0.0,0.0,323.913486710176,-48.59674752167821,-48.59674752167821
2025-06-11 12:00:00,7.86,56.03674752167821,0.0,0.0,323.913486710176,-48.17674752167821,-48.17674752167821
2025-06-11 13:00:00,8.04,53.33826939719896,0.0,0.0,323.913486710176,-45.29826939719896,-45.29826939719896
2025-06-11 14:00:00,7.08,48.1252099729778,0.0,0.0,323.913486710176,-41.0452099729778,-41.0452099729778
2025-06-11 15:00:00,6.66,40.75283063378733,0.0,0.0,323.913486710176,-34.09283063378733,-34.09283063378733
2025-06-11 16:00:00,5.46,31.723546848160517,0.0,0.0,323.913486710176,-26.263546848160516,-26.263546848160516
2025-06-11 17:00:00,5.16,21.6526893844908,0.0,0.0,323.913486710176,-16.4926893844908,-16.4926893844908
2025-06-11 18:00:00,5.1,11.226570536048447,0.0,0.0,323.913486710176,-6.1265705360484475,-6.1265705360484475
2025-06-11 19:00:00,5.52,1.1557130723787472,0.0,0.0,323.913486710176,4.364286927621253,4.364286927621253
2025-06-11 20:00:00,5.16,0.0,0.0,0.0,323.913486710176,5.16,5.16
2025-06-11 21:00:00,14.28,0.0,0.0,0.0,323.913486710176,14.28,14.28
2025-06-11 22:00:00,19.98,0.0,0.0,0.0,323.913486710176,19.98,19.98
2025-06-11 23:00:00,19.8,0.0,0.0,0.0,323.913486710176,19.8,19.8
2025-06-12 00:00:00,19.92,0.0,0.0,0.0,323.913486710176,19.92,19.92
2025-06-12 01:00:00,19.86,0.0,0.0,0.0,323.913486710176,19.86,19.86
2025-06-12 02:00:00,20.4,0.0,0.0,0.0,323.913486710176,20.4,20.4
2025-06-12 03:00:00,20.1,0.0,0.0,0.0,323.913486710176,20.1,20.1
2025-06-12 04:00:00,17.04,1.2087722092099014,0.0,0.0,323.913486710176,15.831227790790098,15.831227790790098
2025-06-12 05:00:00,5.4,11.274570518577251,0.0,0.0,323.913486710176,-5.874570518577251,-5.874570518577251
2025-06-12 06:00:00,6.42,21.695451745077364,0.0,0.0,323.913486710176,-15.275451745077364,-15.275451745077364
2025-06-12 07:00:00,7.26,31.76125005444472,0.0,0.0,323.913486710176,-24.501250054444718,-24.501250054444718
2025-06-12 08:00:00,7.32,40.78599792641414,0.0,0.0,323.913486710176,-33.46599792641414,-33.46599792641414
2025-06-12 09:00:00,7.32,48.15467370761196,0.0,0.0,323.913486710176,-40.83467370761196,-40.83467370761196
2025-06-12 10:00:00,7.02,53.365114320862006,0.0,0.0,323.913486710176,-46.34511432086201,-46.34511432086201
2025-06-12 11:00:00,6.6,56.06223684903156,0.0,0.0,323.913486710176,-49.462236849031555,-49.462236849031555
2025-06-12 12:00:00,6.84,56.06223684903156,0.0,0.0,323.913486710176,-49.22223684903156,-49.22223684903156
2025-06-12 13:00:00,7.08,53.365114320862006,0.0,0.0,323.913486710176,-46.28511432086201,-46.28511432086201
2025-06-12 14:00:00,6.48,48.15467370761196,0.0,0.0,323.913486710176,-41.67467370761196,-41.67467370761196
2025-06-12 15:00:00,5.28,40.78599792641414,0.0,0.0,323.913486710176,-35.50599792641414,-35.50599792641414
2025-06-12 16:00:00,4.56,31.76125005444472,0.0,0.0,323.913486710176,-27.20125005444472,-27.20125005444472
2025-06-12 17:00:00,4.98,21.695451745077364,0.0,0.0,323.913486710176,-16.715451745077363,-16.715451745077363
2025-06-12 18:00:00,4.5,11.274570518577251,0.0,0.0,323.913486710176,-6.774570518577251,-6.774570518577251
2025-06-12 19:00:00,4.74,1.2087722092099014,0.0,0.0,323.913486710176,3.5312277907900986,3.5312277907900986
2025-06-12 20:00:00,4.8,0.0,0.0,0.0,323.913486710176,4.8,4.8
2025-06-12 21:00:00,4.92,0.0,0.0,0.0,323.913486710176,4.92,4.92
2025-06-12 22:00:00,5.04,0.0,0.0,0.0,323.913486710176,5.04,5.04
2025-06-12 23:00:00,5.28,0.0,0.0,0.0,323.913486710176,5.28,5.28
2025-06-13 00:00:00,4.98,0.0,0.0,0.0,323.913486710176,4.98,4.98
2025-06-13 01:00:00,5.22,0.0,0.0,0.0,323.913486710176,5.22,5.22
2025-06-13 02:00:00,5.52,0.0,0.0,0.0,323.913486710176,5.52,5.52
2025-06-13 03:00:00,5.28,0.0,0.0,0.0,323.913486710176,5.28,5.28
2025-06-13 04:00:00,5.58,1.2564315586963668,0.0,0.0,323.913486710176,4.3235684413036335,4.3235684413036335
2025-06-13 05:00:00,5.1,11.317673556678216,0.0,0.0,323.913486710176,-6.217673556678216,-6.217673556678216
2025-06-13 06:00:00,6.84,21.73383774253038,0.0,0.0,323.913486710176,-14.89383774253038,-14.89383774253038
2025-06-13 07:00:00,6.9,31.79507974051223,0.0,0.0,323.913486710176,-24.89507974051223,-24.89507974051223
2025-06-13 08:00:00,6.54,40.81574253544985,0.0,0.0,323.913486710176,-34.27574253544985,-34.27574253544985
2025-06-13 09:00:00,6.9,48.18108286521837,0.0,0.0,323.913486710176,-41.28108286521837,-41.28108286521837
2025-06-13 10:00:00,6.36,53.38916495814445,0.0,0.0,323.913486710176,-47.02916495814445,-47.02916495814445
2025-06-13 11:00:00,6.48,56.08506662635778,0.0,0.0,323.913486710176,-49.60506662635778,-49.60506662635778
2025-06-13 12:00:00,6.78,56.08506662635778,0.0,0.0,323.913486710176,-49.30506662635778,-49.30506662635778
2025-06-13 13:00:00,6.72,53.38916495814445,0.0,0.0,323.913486710176,-46.66916495814445,-46.66916495814445
2025-06-13 14:00:00,5.88,48.18108286521837,0.0,0.0,323.913486710176,-42.30108286521837,-42.30108286521837
2025-06-13 15:00:00,5.28,40.81574253544985,0.0,0.0,323.913486710176,-35.53574253544985,-35.53574253544985
2025-06-13 16:00:00,9.3,31.79507974051223,0.0,0.0,323.913486710176,-22.495079740512228,-22.495079740512228
2025-06-13 17:00:00,11.52,21.73383774253038,0.0,0.0,323.913486710176,-10.21383774253038,-10.21383774253038
2025-06-13 18:00:00,11.28,11.317673556678216,0.0,0.0,323.913486710176,-0.03767355667821626,-0.03767355667821626
2025-06-13 19:00:00,11.7,1.2564315586963668,0.0,0.0,323.913486710176,10.443568441303633,10.443568441303633
2025-06-13 20:00:00,11.4,0.0,0.0,0.0,323.913486710176,11.4,11.4
2025-06-13 21:00:00,11.82,0.0,0.0,0.0,323.913486710176,11.82,11.82
2025-06-13 22:00:00,11.76,0.0,0.0,0.0,323.913486710176,11.76,11.76
2025-06-13 23:00:00,12.06,0.0,0.0,0.0,323.913486710176,12.06,12.06
2025-06-14 00:00:00,11.88,0.0,0.0,0.0,323.913486710176,11.88,11.88
2025-06-14 01:00:00,11.88,0.0,0.0,0.0,323.913486710176,11.88,11.88
2025-06-14 02:00:00,11.7,0.0,0.0,0.0,323.913486710176,11.7,11.7
2025-06-14 03:00:00,12.12,0.0,0.0,0.0,323.913486710176,12.12,12.12
2025-06-14 04:00:00,12.3,1.29867741274741,0.0,0.0,323.913486710176,11.001322587252591,11.001322587252591
2025-06-14 05:00:00,11.64,11.35587112410076,0.0,0.0,323.913486710176,0.2841288758992402,0.2841288758992402
2025-06-14 06:00:00,11.76,21.76784421523497,0.0,0.0,323.913486710176,-10.00784421523497,-10.00784421523497
2025-06-14 07:00:00,12.06,31.825037926588323,0.0,0.0,323.913486710176,-19.76503792658832,-19.76503792658832
2025-06-14 08:00:00,11.52,40.842071127030536,0.0,0.0,323.913486710176,-29.322071127030537,-29.322071127030537
2025-06-14 09:00:00,11.82,48.20444790530338,0.0,0.0,323.913486710176,-36.38444790530338,-36.38444790530338
2025-06-14 10:00:00,11.28,53.41043445087048,0.0,0.0,323.913486710176,-42.13043445087048,-42.13043445087048
2025-06-14 11:00:00,6.18,56.105251383950986,0.0,0.0,323.913486710176,-49.925251383950986,-49.925251383950986
2025-06-14 12:00:00,4.68,56.105251383950986,0.0,0.0,323.913486710176,-51.425251383950986,-51.425251383950986
2025-06-14 13:00:00,4.68,53.41043445087048,0.0,0.0,323.913486710176,-48.73043445087048,-48.73043445087048
2025-06-14 14:00:00,4.98,48.20444790530338,0.0,0.0,323.913486710176,-43.22444790530338,-43.22444790530338
2025-06-14 15:00:00,4.56,40.842071127030536,0.0,0.0,323.913486710176,-36.282071127030534,-36.282071127030534
2025-06-14 16:00:00,4.92,31.825037926588323,0.0,0.0,323.913486710176,-26.90503792658832,-26.90503792658832
2025-06-14 17:00:00,4.68,21.76784421523497,0.0,0.0,323.913486710176,-17.08784421523497,-17.08784421523497
2025-06-14 18:00:00,4.74,11.35587112410076,0.0,0.0,323.913486710176,-6.61587112410076,-6.61587112410076
2025-06-14 19:00:00,4.74,1.29867741274741,0.0,0.0,323.913486710176,3.44132258725259,3.44132258725259
2025-06-14 20:00:00,4.8,0.0,0.0,0.0,323.913486710176,4.8,4.8
2025-06-14 21:00:00,5.04,0.0,0.0,0.0,323.913486710176,5.04,5.04
2025-06-14 22:00:00,5.1,0.0,0.0,0.0,323.913486710176,5.1,5.1
2025-06-14 23:00:00,5.34,0.0,0.0,0.0,323.913486710176,5.34,5.34
2025-06-15 00:00:00,5.04,0.0,0.0,0.0,323.913486710176,5.04,5.04
2025-06-15 01:00:00,5.52,0.0,0.0,0.0,323.913486710176,5.52,5.52
2025-06-15 02:00:00,5.16,0.0,0.0,0.0,323.913486710176,5.16,5.16
2025-06-15 03:00:00,5.58,0.0,0.0,0.0,323.913486710176,5.58,5.58
2025-06-15 04:00:00,5.22,1.335497646668501,0.0,0.0,323.913486710176,3.8845023533314986,3.8845023533314986
2025-06-15 05:00:00,5.4,11.389155698260726,0.0,0.0,323.913486710176,-5.989155698260726,-5.989155698260726
2025-06-15 06:00:00,5.28,21.79746840506221,0.0,0.0,323.913486710176,-16.51746840506221,-16.51746840506221
2025-06-15 07:00:00,5.04,31.85112645665444,0.0,0.0,323.913486710176,-26.811126456654442,-26.811126456654442
2025-06-15 08:00:00,4.8,40.86498967127689,0.0,0.0,323.913486710176,-36.06498967127689,-36.06498967127689
2025-06-15 09:00:00,4.86,48.22477816696632,0.0,0.0,323.913486710176,-43.36477816696632,-43.36477816696632
2025-06-15 10:00:00,4.86,53.428934520367065,0.0,0.0,323.913486710176,-48.568934520367065,-48.568934520367065
2025-06-15 11:00:00,18.0,56.12280407626985,0.0,0.0,323.913486710176,-38.12280407626985,-38.12280407626985
2025-06-15 12:00:00,18.72,56.12280407626985,0.0,0.0,323.913486710176,-37.40280407626985,-37.40280407626985
2025-06-15 13:00:00,19.02,53.428934520367065,0.0,0.0,323.913486710176,-34.40893452036707,-34.40893452036707
2025-06-15 14:00:00,19.62,48.22477816696632,0.0,0.0,323.913486710176,-28.604778166966316,-28.604778166966316
2025-06-15 15:00:00,19.44,40.86498967127689,0.0,0.0,323.913486710176,-21.424989671276887,-21.424989671276887
2025-06-15 16:00:00,18.9,31.85112645665444,0.0,0.0,323.913486710176,-12.951126456654443,-12.951126456654443
2025-06-15 17:00:00,18.9,21.79746840506221,0.0,0.0,323.913486710176,-2.897468405062213,-2.897468405062213
2025-06-15 18:00:00,5.46,11.389155698260726,0.0,0.0,323.913486710176,-5.929155698260726,-5.929155698260726
2025-06-15 19:00:00,5.22,1.335497646668501,0.0,0.0,323.913486710176,3.8845023533314986,3.8845023533314986
2025-06-15 20:00:00,5.1,0.0,0.0,0.0,323.913486710176,5.1,5.1
2025-06-15 21:00:00,5.16,0.0,0.0,0.0,323.913486710176,5.16,5.16
2025-06-15 22:00:00,5.16,0.0,0.0,0.0,323.913486710176,5.16,5.16
2025-06-15 23:00:00,5.22,0.0,0.0,0.0,323.913486710176,5.22,5.22
2025-06-16 00:00:00,5.58,0.0,0.0,0.0,323.913486710176,5.58,5.58
2025-06-16 01:00:00,5.4,0.0,0.0,0.0,323.913486710176,5.4,5.4
2025-06-16 02:00:00,5.46,0.0,0.0,0.0,323.913486710176,5.46,5.46
2025-06-16 03:00:00,5.34,0.0,0.0,0.0,323.913486710176,5.34,5.34
2025-06-16 04:00:00,5.7,1.366881713191247,0.0,0.0,323.913486710176,4.333118286808753,4.333118286808753
2025-06-16 05:00:00,5.7,11.417520749735203,0.0,0.0,323.913486710176,-5.717520749735203,-5.717520749735203
2025-06-16 06:00:00,5.34,21.82270794216891,0.0,0.0,323.913486710176,-16.48270794216891,-16.48270794216891
2025-06-16 07:00:00,6.48,31.873346978712863,0.0,0.0,323.913486710176,-25.393346978712863,-25.393346978712863
2025-06-16 08:00:00,6.66,40.88450341849293,0.0,0.0,323.913486710176,-34.22450341849293,-34.22450341849293
2025-06-16 09:00:00,6.84,48.24208184177822,0.0,0.0,323.913486710176,-41.40208184177823,-41.40208184177823
2025-06-16 10:00:00,6.78,53.44467543799508,0.0,0.0,323.913486710176,-46.66467543799508,-46.66467543799508
2025-06-16 11:00:00,7.26,56.13773605125373,0.0,0.0,323.913486710176,-48.877736051253734,-48.877736051253734
2025-06-16 12:00:00,7.2,56.13773605125373,0.0,0.0,323.913486710176,-48.93773605125373,-48.93773605125373
2025-06-16 13:00:00,7.08,53.44467543799508,0.0,0.0,323.913486710176,-46.36467543799508,-46.36467543799508
2025-06-16 14:00:00,6.48,48.24208184177822,0.0,0.0,323.913486710176,-41.762081841778226,-41.762081841778226
2025-06-16 15:00:00,7.08,40.88450341849293,0.0,0.0,323.913486710176,-33.804503418492935,-33.804503418492935
2025-06-16 16:00:00,5.94,31.873346978712863,0.0,0.0,323.913486710176,-25.933346978712862,-25.933346978712862
2025-06-16 17:00:00,5.52,21.82270794216891,0.0,0.0,323.913486710176,-16.30270794216891,-16.30270794216891
2025-06-16 18:00:00,5.22,11.417520749735203,0.0,0.0,323.913486710176,-6.197520749735204,-6.197520749735204
2025-06-16 19:00:00,5.16,1.366881713191247,0.0,0.0,323.913486710176,3.7931182868087534,3.7931182868087534
2025-06-16 20:00:00,5.58,0.0,0.0,0.0,323.913486710176,5.58,5.58
2025-06-16 21:00:00,5.16,0.0,0.0,0.0,323.913486710176,5.16,5.16
2025-06-16 22:00:00,5.34,0.0,0.0,0.0,323.913486710176,5.34,5.34
2025-06-16 23:00:00,5.28,0.0,0.0,0.0,323.913486710176,5.28,5.28
2025-06-17 00:00:00,5.34,0.0,0.0,0.0,323.913486710176,5.34,5.34
2025-06-17 01:00:00,5.1,0.0,0.0,0.0,323.913486710176,5.1,5.1
2025-06-17 02:00:00,5.04,0.0,0.0,0.0,323.913486710176,5.04,5.04
2025-06-17 03:00:00,5.58,0.0,0.0,0.0,323.913486710176,5.58,5.58
2025-06-17 04:00:00,5.7,1.3928206371941902,0.0,0.0,323.913486710176,4.30717936280581,4.30717936280581
2025-06-17 05:00:00,5.28,11.440960733031272,0.0,0.0,323.913486710176,-6.1609607330312715,-6.1609607330312715
2025-06-17 06:00:00,6.0,21.8435608316749,0.0,0.0,323.913486710176,-15.8435608316749,-15.8435608316749
2025-06-17 07:00:00,5.94,31.891700927511984,0.0,0.0,323.913486710176,-25.951700927511983,-25.951700927511983
2025-06-17 08:00:00,6.36,40.90061687834787,0.0,0.0,323.913486710176,-34.54061687834787,-34.54061687834787
2025-06-17 09:00:00,6.96,48.256365950070624,0.0,0.0,323.913486710176,-41.29636595007062,-41.29636595007062
2025-06-17 10:00:00,6.66,53.45766599939243,0.0,0.0,323.913486710176,-46.797665999392436,-46.797665999392436
2025-06-17 11:00:00,6.6,56.15005702350676,0.0,0.0,323.913486710176,-49.55005702350676,-49.55005702350676
2025-06-17 12:00:00,6.48,56.15005702350676,0.0,0.0,323.913486710176,-49.67005702350676,-49.67005702350676
2025-06-17 13:00:00,6.48,53.45766599939243,0.0,0.0,323.913486710176,-46.97766599939243,-46.97766599939243
2025-06-17 14:00:00,6.42,48.256365950070624,0.0,0.0,323.913486710176,-41.83636595007062,-41.83636595007062
2025-06-17 15:00:00,5.94,40.90061687834787,0.0,0.0,323.913486710176,-34.96061687834787,-34.96061687834787
2025-06-17 16:00:00,4.5,31.891700927511984,0.0,0.0,323.913486710176,-27.391700927511984,-27.391700927511984
2025-06-17 17:00:00,3.6,21.8435608316749,0.0,0.0,323.913486710176,-18.2435608316749,-18.2435608316749
2025-06-17 18:00:00,4.26,11.440960733031272,0.0,0.0,323.913486710176,-7.180960733031272,-7.180960733031272
2025-06-17 19:00:00,3.54,1.3928206371941902,0.0,0.0,323.913486710176,2.14717936280581,2.14717936280581
2025-06-17 20:00:00,4.14,0.0,0.0,0.0,323.913486710176,4.14,4.14
2025-06-17 21:00:00,3.72,0.0,0.0,0.0,323.913486710176,3.72,3.72
2025-06-17 22:00:00,3.48,0.0,0.0,0.0,323.913486710176,3.48,3.48
2025-06-17 23:00:00,3.84,0.0,0.0,0.0,323.913486710176,3.84,3.84
2025-06-18 00:00:00,3.9,0.0,0.0,0.0,323.913486710176,3.9,3.9
2025-06-18 01:00:00,3.36,0.0,0.0,0.0,323.913486710176,3.36,3.36
2025-06-18 02:00:00,3.72,0.0,0.0,0.0,323.913486710176,3.72,3.72
2025-06-18 03:00:00,3.54,0.0,0.0,0.0,323.913486710176,3.54,3.54
2025-06-18 04:00:00,3.78,1.4133070111472097,0.0,0.0,323.913486710176,2.3666929888527903,2.3666929888527903
2025-06-18 05:00:00,3.3,11.45947107866228,0.0,0.0,323.913486710176,-8.159471078662282,-8.159471078662282
2025-06-18 06:00:00,5.04,21.86002544225232,0.0,0.0,323.913486710176,-16.82002544225232,-16.82002544225232
2025-06-18 07:00:00,5.94,31.90618950976739,0.0,0.0,323.913486710176,-25.96618950976739,-25.96618950976739
2025-06-18 08:00:00,6.12,40.91333380207745,0.0,0.0,323.913486710176,-34.793333802077456,-34.793333802077456
2025-06-18 09:00:00,6.24,48.2676363206713,0.0,0.0,323.913486710176,-42.0276363206713,-42.0276363206713
2025-06-18 10:00:00,6.6,53.46791350246632,0.0,0.0,323.913486710176,-46.867913502466315,-46.867913502466315
2025-06-18 11:00:00,6.48,56.15977505138755,0.0,0.0,323.913486710176,-49.67977505138755,-49.67977505138755
2025-06-18 12:00:00,6.78,56.15977505138755,0.0,0.0,323.913486710176,-49.37977505138755,-49.37977505138755
2025-06-18 13:00:00,6.6,53.46791350246632,0.0,0.0,323.913486710176,-46.867913502466315,-46.867913502466315
2025-06-18 14:00:00,5.76,48.2676363206713,0.0,0.0,323.913486710176,-42.5076363206713,-42.5076363206713
2025-06-18 15:00:00,5.58,40.91333380207745,0.0,0.0,323.913486710176,-35.333333802077455,-35.333333802077455
2025-06-18 16:00:00,3.84,31.90618950976739,0.0,0.0,323.913486710176,-28.06618950976739,-28.06618950976739
2025-06-18 17:00:00,3.24,21.86002544225232,0.0,0.0,323.913486710176,-18.62002544225232,-18.62002544225232
2025-06-18 18:00:00,3.54,11.45947107866228,0.0,0.0,323.913486710176,-7.919471078662281,-7.919471078662281
2025-06-18 19:00:00,3.18,1.4133070111472097,0.0,0.0,323.913486710176,1.7666929888527905,1.7666929888527905
2025-06-18 20:00:00,3.54,0.0,0.0,0.0,323.913486710176,3.54,3.54
2025-06-18 21:00:00,3.48,0.0,0.0,0.0,323.913486710176,3.48,3.48
2025-06-18 22:00:00,3.18,0.0,0.0,0.0,323.913486710176,3.18,3.18
2025-06-18 23:00:00,3.24,0.0,0.0,0.0,323.913486710176,3.24,3.24
2025-06-19 00:00:00,3.48,0.0,0.0,0.0,323.913486710176,3.48,3.48
2025-06-19 01:00:00,3.36,0.0,0.0,0.0,323.913486710176,3.36,3.36
2025-06-19 02:00:00,3.3,0.0,0.0,0.0,323.913486710176,3.3,3.3
2025-06-19 03:00:00,3.54,0.0,0.0,0.0,323.913486710176,3.54,3.54
2025-06-19 04:00:00,3.42,1.42833499130738,0.0,0.0,323.913486710176,1.99166500869262,1.99166500869262
2025-06-19 05:00:00,3.66,11.473048186560296,0.0,0.0,323.913486710176,-7.813048186560296,-7.813048186560296
2025-06-19 06:00:00,4.92,21.872100496656504,0.0,0.0,323.913486710176,-16.952100496656506,-16.952100496656506
2025-06-19 07:00:00,5.46,31.91681369190943,0.0,0.0,323.913486710176,-26.456813691909428,-26.456813691909428
2025-06-19 08:00:00,5.22,40.922657167735984,0.0,0.0,323.913486710176,-35.702657167735985,-35.702657167735985
2025-06-19 09:00:00,6.18,48.27589757411864,0.0,0.0,323.913486710176,-42.09589757411864,-42.09589757411864
2025-06-19 10:00:00,5.88,53.47542372916674,0.0,0.0,323.913486710176,-47.59542372916674,-47.59542372916674
2025-06-19 11:00:00,5.64,56.166896518037,0.0,0.0,323.913486710176,-50.526896518037,-50.526896518037
2025-06-19 12:00:00,6.12,56.166896518037,0.0,0.0,323.913486710176,-50.046896518037,-50.046896518037
2025-06-19 13:00:00,5.76,53.47542372916674,0.0,0.0,323.913486710176,-47.715423729166744,-47.715423729166744
2025-06-19 14:00:00,5.76,48.27589757411864,0.0,0.0,323.913486710176,-42.51589757411864,-42.51589757411864
2025-06-19 15:00:00,5.58,40.922657167735984,0.0,0.0,323.913486710176,-35.342657167735986,-35.342657167735986
2025-06-19 16:00:00,4.32,31.91681369190943,0.0,0.0,323.913486710176,-27.59681369190943,-27.59681369190943
2025-06-19 17:00:00,3.72,21.872100496656504,0.0,0.0,323.913486710176,-18.152100496656505,-18.152100496656505
2025-06-19 18:00:00,3.42,11.473048186560296,0.0,0.0,323.913486710176,-8.053048186560297,-8.053048186560297
2025-06-19 19:00:00,4.02,1.42833499130738,0.0,0.0,323.913486710176,2.59166500869262,2.59166500869262
2025-06-19 20:00:00,4.02,0.0,0.0,0.0,323.913486710176,4.02,4.02
2025-06-19 21:00:00,4.38,0.0,0.0,0.0,323.913486710176,4.38,4.38
2025-06-19 22:00:00,4.08,0.0,0.0,0.0,323.913486710176,4.08,4.08
2025-06-19 23:00:00,4.5,0.0,0.0,0.0,323.913486710176,4.5,4.5
2025-06-20 00:00:00,4.2,0.0,0.0,0.0,323.913486710176,4.2,4.2
2025-06-20 01:00:00,4.56,0.0,0.0,0.0,323.913486710176,4.56,4.56
2025-06-20 02:00:00,4.74,0.0,0.0,0.0,323.913486710176,4.74,4.74
2025-06-20 03:00:00,4.2,0.0,0.0,0.0,323.913486710176,4.2,4.2
2025-06-20 04:00:00,4.2,1.437900294689669,0.0,0.0,323.913486710176,2.762099705310331,2.762099705310331
2025-06-20 05:00:00,5.94,11.48168942084869,0.0,0.0,323.913486710176,-5.54168942084869,-5.54168942084869
2025-06-20 06:00:00,6.12,21.879785064222933,0.0,0.0,323.913486710176,-15.759785064222932,-15.759785064222932
2025-06-20 07:00:00,5.88,31.923574190381952,0.0,0.0,323.913486710176,-26.043574190381953,-26.043574190381953
2025-06-20 08:00:00,5.7,40.92858916852433,0.0,0.0,323.913486710176,-35.22858916852433,-35.22858916852433
2025-06-20 09:00:00,5.7,48.28115310938056,0.0,0.0,323.913486710176,-42.58115310938056,-42.58115310938056
2025-06-20 10:00:00,5.46,53.48020093106767,0.0,0.0,323.913486710176,-48.02020093106767,-48.02020093106767
2025-06-20 11:00:00,5.22,56.17142611637048,0.0,0.0,323.913486710176,-50.951426116370484,-50.951426116370484
2025-06-20 12:00:00,6.18,56.17142611637048,0.0,0.0,323.913486710176,-49.991426116370484,-49.991426116370484
2025-06-20 13:00:00,6.06,53.48020093106767,0.0,0.0,323.913486710176,-47.42020093106767,-47.42020093106767
2025-06-20 14:00:00,5.76,48.28115310938056,0.0,0.0,323.913486710176,-42.52115310938056,-42.52115310938056
2025-06-20 15:00:00,4.74,40.92858916852433,0.0,0.0,323.913486710176,-36.18858916852433,-36.18858916852433
2025-06-20 16:00:00,3.6,31.923574190381952,0.0,0.0,323.913486710176,-28.32357419038195,-28.32357419038195
2025-06-20 17:00:00,3.24,21.879785064222933,0.0,0.0,323.913486710176,-18.639785064222934,-18.639785064222934
2025-06-20 18:00:00,3.3,11.48168942084869,0.0,0.0,323.913486710176,-8.181689420848691,-8.181689420848691
2025-06-20 19:00:00,3.36,1.437900294689669,0.0,0.0,323.913486710176,1.9220997053103308,1.9220997053103308
2025-06-20 20:00:00,3.42,0.0,0.0,0.0,323.913486710176,3.42,3.42
2025-06-20 21:00:00,3.36,0.0,0.0,0.0,323.913486710176,3.36,3.36
2025-06-20 22:00:00,3.48,0.0,0.0,0.0,323.913486710176,3.48,3.48
2025-06-20 23:00:00,3.54,0.0,0.0,0.0,323.913486710176,3.54,3.54
2025-06-21 00:00:00,3.96,0.0,0.0,0.0,323.913486710176,3.96,3.96
2025-06-21 01:00:00,3.54,0.0,0.0,0.0,323.913486710176,3.54,3.54
2025-06-21 02:00:00,4.38,0.0,0.0,0.0,323.913486710176,4.38,4.38
2025-06-21 03:00:00,4.08,0.0,0.0,0.0,323.913486710176,4.08,4.08
2025-06-21 04:00:00,4.14,1.4420001968306966,0.0,0.0,323.913486710176,2.697999803169303,2.697999803169303
2025-06-21 05:00:00,3.78,11.485393105993609,0.0,0.0,323.913486710176,-7.705393105993609,-7.705393105993609
2025-06-21 06:00:00,4.08,21.883078555349503,0.0,0.0,323.913486710176,-17.8030785553495,-17.8030785553495
2025-06-21 07:00:00,3.18,31.92647146451241,0.0,0.0,323.913486710176,-28.74647146451241,-28.74647146451241
2025-06-21 08:00:00,3.18,40.93113120421442,0.0,0.0,323.913486710176,-37.75113120421442,-37.75113120421442
2025-06-21 09:00:00,3.36,48.28340509409867,0.0,0.0,323.913486710176,-44.92340509409867,-44.92340509409867
2025-06-21 10:00:00,3.42,53.48224781877661,0.0,0.0,323.913486710176,-50.062247818776605,-50.062247818776605
2025-06-21 11:00:00,3.18,56.17336683805528,0.0,0.0,323.913486710176,-52.99336683805528,-52.99336683805528
2025-06-21 12:00:00,3.24,56.17336683805528,0.0,0.0,323.913486710176,-52.93336683805528,-52.93336683805528
2025-06-21 13:00:00,3.42,53.48224781877661,0.0,0.0,323.913486710176,-50.062247818776605,-50.062247818776605
2025-06-21 14:00:00,3.18,48.28340509409867,0.0,0.0,323.913486710176,-45.10340509409867,-45.10340509409867
2025-06-21 15:00:00,3.42,40.93113120421442,0.0,0.0,323.913486710176,-37.511131204214415,-37.511131204214415
2025-06-21 16:00:00,3.18,31.92647146451241,0.0,0.0,323.913486710176,-28.74647146451241,-28.74647146451241
2025-06-21 17:00:00,3.48,21.883078555349503,0.0,0.0,323.913486710176,-18.403078555349502,-18.403078555349502
2025-06-21 18:00:00,3.36,11.485393105993609,0.0,0.0,323.913486710176,-8.12539310599361,-8.12539310599361
2025-06-21 19:00:00,3.24,1.4420001968306966,0.0,0.0,323.913486710176,1.7979998031693036,1.7979998031693036
2025-06-21 20:00:00,3.54,0.0,0.0,0.0,323.913486710176,3.54,3.54
2025-06-21 21:00:00,3.6,0.0,0.0,0.0,323.913486710176,3.6,3.6
2025-06-21 22:00:00,3.66,0.0,0.0,0.0,323.913486710176,3.66,3.66
2025-06-21 23:00:00,3.18,0.0,0.0,0.0,323.913486710176,3.18,3.18
2025-06-22 00:00:00,3.6,0.0,0.0,0.0,323.913486710176,3.6,3.6
2025-06-22 01:00:00,3.24,0.0,0.0,0.0,323.913486710176,3.24,3.24
2025-06-22 02:00:00,3.78,0.0,0.0,0.0,323.913486710176,3.78,3.78
2025-06-22 03:00:00,3.48,0.0,0.0,0.0,323.913486710176,3.48,3.48
2025-06-22 04:00:00,3.3,1.4406335303592026,0.0,0.0,323.913486710176,1.8593664696407972,1.8593664696407972
2025-06-22 05:00:00,3.3,11.484158524348274,0.0,0.0,323.913486710176,-8.184158524348273,-8.184158524348273
2025-06-22 06:00:00,9.36,21.88198071797849,0.0,0.0,323.913486710176,-12.52198071797849,-12.52198071797849
2025-06-22 07:00:00,18.0,31.925505711967567,0.0,0.0,323.913486710176,-13.925505711967567,-13.925505711967567
2025-06-22 08:00:00,17.88,40.93028387568496,0.0,0.0,323.913486710176,-23.050283875684958,-23.050283875684958
2025-06-22 09:00:00,14.4,48.28265445837288,0.0,0.0,323.913486710176,-33.88265445837288,-33.88265445837288
2025-06-22 10:00:00,18.18,53.48156555518798,0.0,0.0,323.913486710176,-35.30156555518798,-35.30156555518798
2025-06-22 11:00:00,18.12,56.17271996648915,0.0,0.0,323.913486710176,-38.05271996648915,-38.05271996648915
2025-06-22 12:00:00,12.24,56.17271996648915,0.0,0.0,323.913486710176,-43.932719966489145,-43.932719966489145
2025-06-22 13:00:00,13.38,53.48156555518798,0.0,0.0,323.913486710176,-40.101565555187975,-40.101565555187975
2025-06-22 14:00:00,18.48,48.28265445837288,0.0,0.0,323.913486710176,-29.80265445837288,-29.80265445837288
2025-06-22 15:00:00,18.24,40.93028387568496,0.0,0.0,323.913486710176,-22.69028387568496,-22.69028387568496
2025-06-22 16:00:00,5.34,31.925505711967567,0.0,0.0,323.913486710176,-26.585505711967567,-26.585505711967567
2025-06-22 17:00:00,4.2,21.88198071797849,0.0,0.0,323.913486710176,-17.68198071797849,-17.68198071797849
2025-06-22 18:00:00,3.84,11.484158524348274,0.0,0.0,323.913486710176,-7.644158524348274,-7.644158524348274
2025-06-22 19:00:00,3.36,1.4406335303592026,0.0,0.0,323.913486710176,1.9193664696407973,1.9193664696407973
2025-06-22 20:00:00,3.9,0.0,0.0,0.0,323.913486710176,3.9,3.9
2025-06-22 21:00:00,3.66,0.0,0.0,0.0,323.913486710176,3.66,3.66
2025-06-22 22:00:00,3.72,0.0,0.0,0.0,323.913486710176,3.72,3.72
2025-06-22 23:00:00,3.54,0.0,0.0,0.0,323.913486710176,3.54,3.54
2025-06-23 00:00:00,3.42,0.0,0.0,0.0,323.913486710176,3.42,3.42
2025-06-23 01:00:00,3.24,0.0,0.0,0.0,323.913486710176,3.24,3.24
2025-06-23 02:00:00,3.66,0.0,0.0,0.0,323.913486710176,3.66,3.66
2025-06-23 03:00:00,3.42,0.0,0.0,0.0,323.913486710176,3.42,3.42
2025-06-23 04:00:00,3.36,1.4338006843818578,0.0,0.0,323.913486710176,1.926199315618142,1.926199315618142
2025-06-23 05:00:00,5.1,11.477985915098992,0.0,0.0,323.913486710176,-6.377985915098993,-6.377985915098993
2025-06-23 06:00:00,4.5,21.87649163608721,0.0,0.0,323.913486710176,-17.37649163608721,-17.37649163608721
2025-06-23 07:00:00,5.76,31.92067686680434,0.0,0.0,323.913486710176,-26.160676866804337,-26.160676866804337
2025-06-23 08:00:00,5.22,40.92604698257794,0.0,0.0,323.913486710176,-35.70604698257794,-35.70604698257794
2025-06-23 09:00:00,5.76,48.27890089209582,0.0,0.0,323.913486710176,-42.51890089209582,-42.51890089209582
2025-06-23 10:00:00,6.06,53.47815375258991,0.0,0.0,323.913486710176,-47.41815375258991,-47.41815375258991
2025-06-23 11:00:00,6.0,56.16948507378919,0.0,0.0,323.913486710176,-50.16948507378919,-50.16948507378919
2025-06-23 12:00:00,5.64,56.16948507378919,0.0,0.0,323.913486710176,-50.52948507378919,-50.52948507378919
2025-06-23 13:00:00,6.18,53.47815375258991,0.0,0.0,323.913486710176,-47.29815375258991,-47.29815375258991
2025-06-23 14:00:00,6.06,48.27890089209582,0.0,0.0,323.913486710176,-42.21890089209582,-42.21890089209582
2025-06-23 15:00:00,5.28,40.92604698257794,0.0,0.0,323.913486710176,-35.646046982577936,-35.646046982577936
2025-06-23 16:00:00,3.84,31.92067686680434,0.0,0.0,323.913486710176,-28.08067686680434,-28.08067686680434
2025-06-23 17:00:00,3.72,21.87649163608721,0.0,0.0,323.913486710176,-18.15649163608721,-18.15649163608721
2025-06-23 18:00:00,3.72,11.477985915098992,0.0,0.0,323.913486710176,-7.757985915098992,-7.757985915098992
2025-06-23 19:00:00,3.72,1.4338006843818578,0.0,0.0,323.913486710176,2.286199315618142,2.286199315618142
2025-06-23 20:00:00,3.6,0.0,0.0,0.0,323.913486710176,3.6,3.6
2025-06-23 21:00:00,3.42,0.0,0.0,0.0,323.913486710176,3.42,3.42
2025-06-23 22:00:00,3.48,0.0,0.0,0.0,323.913486710176,3.48,3.48
2025-06-23 23:00:00,3.36,0.0,0.0,0.0,323.913486710176,3.36,3.36
2025-06-24 00:00:00,3.36,0.0,0.0,0.0,323.913486710176,3.36,3.36
2025-06-24 01:00:00,3.36,0.0,0.0,0.0,323.913486710176,3.36,3.36
2025-06-24 02:00:00,3.12,0.0,0.0,0.0,323.913486710176,3.12,3.12
2025-06-24 03:00:00,3.3,0.0,0.0,0.0,323.913486710176,3.3,3.3
2025-06-24 04:00:00,3.48,1.4215036046881022,0.0,0.0,323.913486710176,2.0584963953118978,2.0584963953118978
2025-06-24 05:00:00,4.68,11.46687647461656,0.0,0.0,323.913486710176,-6.786876474616561,-6.786876474616561
2025-06-24 06:00:00,5.16,21.86661173019117,0.0,0.0,323.913486710176,-16.70661173019117,-16.70661173019117
2025-06-24 07:00:00,5.76,31.91198460011963,0.0,0.0,323.913486710176,-26.151984600119633,-26.151984600119633
2025-06-24 08:00:00,5.88,40.91841952407989,0.0,0.0,323.913486710176,-35.038419524079885,-35.038419524079885
2025-06-24 09:00:00,6.72,48.27214284584152,0.0,0.0,323.913486710176,-41.55214284584152,-41.55214284584152
2025-06-24 10:00:00,6.84,53.47201047362881,0.0,0.0,323.913486710176,-46.63201047362881,-46.63201047362881
2025-06-24 11:00:00,7.5,56.16366002179565,0.0,0.0,323.913486710176,-48.66366002179565,-48.66366002179565
2025-06-24 12:00:00,7.56,56.16366002179565,0.0,0.0,323.913486710176,-48.60366002179565,-48.60366002179565
2025-06-24 13:00:00,7.86,53.47201047362881,0.0,0.0,323.913486710176,-45.612010473628814,-45.612010473628814
2025-06-24 14:00:00,8.34,48.27214284584152,0.0,0.0,323.913486710176,-39.932142845841526,-39.932142845841526
2025-06-24 15:00:00,7.38,40.91841952407989,0.0,0.0,323.913486710176,-33.538419524079885,-33.538419524079885
2025-06-24 16:00:00,6.18,31.91198460011963,0.0,0.0,323.913486710176,-25.73198460011963,-25.73198460011963
2025-06-24 17:00:00,4.8,21.86661173019117,0.0,0.0,323.913486710176,-17.06661173019117,-17.06661173019117
2025-06-24 18:00:00,4.86,11.46687647461656,0.0,0.0,323.913486710176,-6.60687647461656,-6.60687647461656
2025-06-24 19:00:00,4.68,1.4215036046881022,0.0,0.0,323.913486710176,3.2584963953118975,3.2584963953118975
2025-06-24 20:00:00,4.38,0.0,0.0,0.0,323.913486710176,4.38,4.38
2025-06-24 21:00:00,4.38,0.0,0.0,0.0,323.913486710176,4.38,4.38
2025-06-24 22:00:00,4.14,0.0,0.0,0.0,323.913486710176,4.14,4.14
2025-06-24 23:00:00,4.44,0.0,0.0,0.0,323.913486710176,4.44,4.44
2025-06-25 00:00:00,3.96,0.0,0.0,0.0,323.913486710176,3.96,3.96
2025-06-25 01:00:00,4.38,0.0,0.0,0.0,323.913486710176,4.38,4.38
2025-06-25 02:00:00,4.02,0.0,0.0,0.0,323.913486710176,4.02,4.02
2025-06-25 03:00:00,4.2,0.0,0.0,0.0,323.913486710176,4.2,4.2
2025-06-25 04:00:00,3.78,1.4037457947728034,0.0,0.0,323.913486710176,2.3762542052271964,2.3762542052271964
2025-06-25 05:00:00,3.96,11.450832358211956,0.0,0.0,323.913486710176,-7.490832358211956,-7.490832358211956
2025-06-25 06:00:00,5.52,21.85234175985872,0.0,0.0,323.913486710176,-16.33234175985872,-16.33234175985872
2025-06-25 07:00:00,6.06,31.89942832329787,0.0,0.0,323.913486710176,-25.83942832329787,-25.83942832329787
2025-06-25 08:00:00,6.18,40.90739970282663,0.0,0.0,323.913486710176,-34.72739970282663,-34.72739970282663
2025-06-25 09:00:00,6.06,48.26237753530668,0.0,0.0,323.913486710176,-42.20237753530668,-42.20237753530668
2025-06-25 10:00:00,6.66,53.46313223613007,0.0,0.0,323.913486710176,-46.80313223613007,-46.80313223613007
2025-06-25 11:00:00,6.78,56.15524096708916,0.0,0.0,323.913486710176,-49.37524096708916,-49.37524096708916
2025-06-25 12:00:00,7.26,56.15524096708916,0.0,0.0,323.913486710176,-48.895240967089165,-48.895240967089165
2025-06-25 13:00:00,7.2,53.46313223613007,0.0,0.0,323.913486710176,-46.26313223613007,-46.26313223613007
2025-06-25 14:00:00,6.72,48.26237753530668,0.0,0.0,323.913486710176,-41.542377535306684,-41.542377535306684
2025-06-25 15:00:00,10.2,40.90739970282663,0.0,0.0,323.913486710176,-30.70739970282663,-30.70739970282663
2025-06-25 16:00:00,8.82,31.89942832329787,0.0,0.0,323.913486710176,-23.07942832329787,-23.07942832329787
2025-06-25 17:00:00,4.08,21.85234175985872,0.0,0.0,323.913486710176,-17.77234175985872,-17.77234175985872
2025-06-25 18:00:00,3.96,11.450832358211956,0.0,0.0,323.913486710176,-7.490832358211956,-7.490832358211956
2025-06-25 19:00:00,3.66,1.4037457947728034,0.0,0.0,323.913486710176,2.2562542052271968,2.2562542052271968
2025-06-25 20:00:00,3.42,0.0,0.0,0.0,323.913486710176,3.42,3.42
2025-06-25 21:00:00,3.42,0.0,0.0,0.0,323.913486710176,3.42,3.42
2025-06-25 22:00:00,3.54,0.0,0.0,0.0,323.913486710176,3.54,3.54
2025-06-25 23:00:00,3.24,0.0,0.0,0.0,323.913486710176,3.24,3.24
2025-06-26 00:00:00,3.36,0.0,0.0,0.0,323.913486710176,3.36,3.36
2025-06-26 01:00:00,3.24,0.0,0.0,0.0,323.913486710176,3.24,3.24
2025-06-26 02:00:00,3.48,0.0,0.0,0.0,323.913486710176,3.48,3.48
2025-06-26 03:00:00,3.06,0.0,0.0,0.0,323.913486710176,3.06,3.06
2025-06-26 04:00:00,3.0,1.380532317670437,0.0,0.0,323.913486710176,1.619467682329563,1.619467682329563
2025-06-26 05:00:00,2.88,11.429856683289817,0.0,0.0,323.913486710176,-8.549856683289818,-8.549856683289818
2025-06-26 06:00:00,3.06,21.833682828230238,0.0,0.0,323.913486710176,-18.77368282823024,-18.77368282823024
2025-06-26 07:00:00,3.18,31.88300719384961,0.0,0.0,323.913486710176,-28.70300719384961,-28.70300719384961
2025-06-26 08:00:00,3.78,40.89298493192473,0.0,0.0,323.913486710176,-37.11298493192473,-37.11298493192473
2025-06-26 09:00:00,4.5,48.249600949298,0.0,0.0,323.913486710176,-43.749600949298,-43.749600949298
2025-06-26 10:00:00,4.5,53.4515140217682,0.0,0.0,323.913486710176,-48.9515140217682,-48.9515140217682
2025-06-26 11:00:00,5.88,56.14422237001431,0.0,0.0,323.913486710176,-50.26422237001431,-50.26422237001431
2025-06-26 12:00:00,18.18,56.14422237001431,0.0,0.0,323.913486710176,-37.96422237001431,-37.96422237001431
2025-06-26 13:00:00,18.12,53.4515140217682,0.0,0.0,323.913486710176,-35.3315140217682,-35.3315140217682
2025-06-26 14:00:00,18.36,48.249600949298,0.0,0.0,323.913486710176,-29.889600949298,-29.889600949298
2025-06-26 15:00:00,13.26,40.89298493192473,0.0,0.0,323.913486710176,-27.63298493192473,-27.63298493192473
2025-06-26 16:00:00,3.0,31.88300719384961,0.0,0.0,323.913486710176,-28.88300719384961,-28.88300719384961
2025-06-26 17:00:00,3.3,21.833682828230238,0.0,0.0,323.913486710176,-18.533682828230237,-18.533682828230237
2025-06-26 18:00:00,3.36,11.429856683289817,0.0,0.0,323.913486710176,-8.069856683289817,-8.069856683289817
2025-06-26 19:00:00,3.0,1.380532317670437,0.0,0.0,323.913486710176,1.619467682329563,1.619467682329563
2025-06-26 20:00:00,3.3,0.0,0.0,0.0,323.913486710176,3.3,3.3
2025-06-26 21:00:00,3.54,0.0,0.0,0.0,323.913486710176,3.54,3.54
2025-06-26 22:00:00,3.84,0.0,0.0,0.0,323.913486710176,3.84,3.84
2025-06-26 23:00:00,3.54,0.0,0.0,0.0,323.913486710176,3.54,3.54
2025-06-27 00:00:00,3.54,0.0,0.0,0.0,323.913486710176,3.54,3.54
2025-06-27 01:00:00,3.66,0.0,0.0,0.0,323.913486710176,3.66,3.66
2025-06-27 02:00:00,3.6,0.0,0.0,0.0,323.913486710176,3.6,3.6
2025-06-27 03:00:00,3.9,0.0,0.0,0.0,323.913486710176,3.9,3.9
2025-06-27 04:00:00,3.66,1.3518697985899637,0.0,0.0,323.913486710176,2.3081302014100364,2.3081302014100364
2025-06-27 05:00:00,5.28,11.403953533888505,0.0,0.0,323.913486710176,-6.123953533888504,-6.123953533888504
2025-06-27 06:00:00,5.4,21.810636388530707,0.0,0.0,323.913486710176,-16.410636388530705,-16.410636388530705
2025-06-27 07:00:00,5.16,31.862720123829245,0.0,0.0,323.913486710176,-26.702720123829245,-26.702720123829245
2025-06-27 08:00:00,5.16,40.87517184507735,0.0,0.0,323.913486710176,-35.71517184507735,-35.71517184507735
2025-06-27 09:00:00,5.28,48.23380786125263,0.0,0.0,323.913486710176,-42.95380786125263,-42.95380786125263
2025-06-27 10:00:00,5.1,53.43714928857372,0.0,0.0,323.913486710176,-48.33714928857372,-48.33714928857372
2025-06-27 11:00:00,5.34,56.13059700769699,0.0,0.0,323.913486710176,-50.79059700769699,-50.79059700769699
2025-06-27 12:00:00,8.46,56.13059700769699,0.0,0.0,323.913486710176,-47.67059700769699,-47.67059700769699
2025-06-27 13:00:00,26.52,53.43714928857372,0.0,0.0,323.913486710176,-26.91714928857372,-26.91714928857372
2025-06-27 14:00:00,25.32,48.23380786125263,0.0,0.0,323.913486710176,-22.91380786125263,-22.91380786125263
2025-06-27 15:00:00,20.64,40.87517184507735,0.0,0.0,323.913486710176,-20.235171845077346,-20.235171845077346
2025-06-27 16:00:00,18.3,31.862720123829245,0.0,0.0,323.913486710176,-13.562720123829244,-13.562720123829244
2025-06-27 17:00:00,18.0,21.810636388530707,0.0,0.0,323.913486710176,-3.810636388530707,-3.810636388530707
2025-06-27 18:00:00,17.52,11.403953533888505,0.0,6.1160464661115,317.797440244064,-5.329070518200751e-15,6.116046466111495
2025-06-27 19:00:00,16.08,1.3518697985899637,0.0,0.0,317.797440244064,14.728130201410035,14.728130201410035
2025-06-27 20:00:00,24.12,0.0,0.0,0.0,317.797440244064,24.12,24.12
2025-06-27 21:00:00,23.82,0.0,0.0,0.0,317.797440244064,23.82,23.82
2025-06-27 22:00:00,23.82,0.0,0.0,0.0,317.797440244064,23.82,23.82
2025-06-27 23:00:00,23.76,0.0,0.0,0.0,317.797440244064,23.76,23.76
2025-06-28 00:00:00,23.76,0.0,0.0,0.0,317.797440244064,23.76,23.76
2025-06-28 01:00:00,24.0,0.0,0.0,0.0,317.797440244064,24.0,24.0
2025-06-28 02:00:00,15.84,0.0,0.0,0.0,317.797440244064,15.84,15.84
2025-06-28 03:00:00,10.8,0.0,0.0,0.0,317.797440244064,10.8,10.8
2025-06-28 04:00:00,9.78,1.3177664283340766,0.0,0.0,317.797440244064,8.462233571665923,8.462233571665923
2025-06-28 05:00:00,7.14,11.373127966590229,0.0,0.0,317.797440244064,-4.233127966590229,-4.233127966590229
2025-06-28 06:00:00,3.0,21.783204252558523,0.0,0.0,317.797440244064,-18.783204252558523,-18.783204252558523
2025-06-28 07:00:00,3.12,31.83856579081468,0.0,0.0,317.797440244064,-28.71856579081468,-28.71856579081468
2025-06-28 08:00:00,3.12,40.85395630979718,0.0,0.0,317.797440244064,-37.73395630979718,-37.73395630979718
2025-06-28 09:00:00,3.06,48.21499184427461,0.0,0.0,317.797440244064,-45.154991844274605,-45.154991844274605
2025-06-28 10:00:00,3.24,53.420029987258765,0.0,0.0,317.797440244064,-50.18002998725876,-50.18002998725876
2025-06-28 11:00:00,3.48,56.11435599103747,0.0,0.0,317.797440244064,-52.634355991037474,-52.634355991037474
2025-06-28 12:00:00,3.06,56.11435599103747,0.0,0.0,317.797440244064,-53.05435599103747,-53.05435599103747
2025-06-28 13:00:00,3.12,53.420029987258765,0.0,0.0,317.797440244064,-50.30002998725877,-50.30002998725877
2025-06-28 14:00:00,3.0,48.21499184427461,0.0,0.0,317.797440244064,-45.21499184427461,-45.21499184427461
2025-06-28 15:00:00,3.18,40.85395630979718,0.0,0.0,317.797440244064,-37.67395630979718,-37.67395630979718
2025-06-28 16:00:00,3.24,31.83856579081468,0.0,0.0,317.797440244064,-28.598565790814682,-28.598565790814682
2025-06-28 17:00:00,3.06,21.783204252558523,0.0,0.0,317.797440244064,-18.723204252558524,-18.723204252558524
2025-06-28 18:00:00,3.12,11.373127966590229,0.0,0.0,317.797440244064,-8.253127966590228,-8.253127966590228
2025-06-28 19:00:00,3.12,1.3177664283340766,0.0,0.0,317.797440244064,1.8022335716659235,1.8022335716659235
2025-06-28 20:00:00,3.36,0.0,0.0,0.0,317.797440244064,3.36,3.36
2025-06-28 21:00:00,2.88,0.0,0.0,0.0,317.797440244064,2.88,2.88
2025-06-28 22:00:00,3.3,0.0,0.0,0.0,317.797440244064,3.3,3.3
2025-06-28 23:00:00,3.06,0.0,0.0,0.0,317.797440244064,3.06,3.06
2025-06-29 00:00:00,3.42,0.0,0.0,0.0,317.797440244064,3.42,3.42
2025-06-29 01:00:00,3.78,0.0,0.0,0.0,317.797440244064,3.78,3.78
2025-06-29 02:00:00,3.78,0.0,0.0,0.0,317.797440244064,3.78,3.78
2025-06-29 03:00:00,3.66,0.0,0.0,0.0,317.797440244064,3.66,3.66
2025-06-29 04:00:00,3.66,1.2782319674823264,0.0,0.0,317.797440244064,2.381768032517674,2.381768032517674
2025-06-29 05:00:00,3.78,11.337386017779991,0.0,0.0,317.797440244064,-7.557386017779992,-7.557386017779992
2025-06-29 06:00:00,3.3,21.751388601128788,0.0,0.0,317.797440244064,-18.451388601128787,-18.451388601128787
2025-06-29 07:00:00,3.12,31.81054265142645,0.0,0.0,317.797440244064,-28.690542651426448,-28.690542651426448
2025-06-29 08:00:00,3.12,40.82933344368327,0.0,0.0,317.797440244064,-37.70933344368327,-37.70933344368327
2025-06-29 09:00:00,3.0,48.19314528966343,0.0,0.0,317.797440244064,-45.19314528966343,-45.19314528966343
2025-06-29 10:00:00,3.06,53.400146581337815,0.0,0.0,317.797440244064,-50.34014658133781,-50.34014658133781
2025-06-29 11:00:00,10.38,56.09548878565533,0.0,0.0,317.797440244064,-45.715488785655324,-45.715488785655324
2025-06-29 12:00:00,9.84,56.09548878565533,0.0,0.0,317.797440244064,-46.25548878565533,-46.25548878565533
2025-06-29 13:00:00,3.12,53.400146581337815,0.0,0.0,317.797440244064,-50.28014658133782,-50.28014658133782
2025-06-29 14:00:00,3.24,48.19314528966343,0.0,0.0,317.797440244064,-44.953145289663425,-44.953145289663425
2025-06-29 15:00:00,3.42,40.82933344368327,0.0,0.0,317.797440244064,-37.409333443683266,-37.409333443683266
2025-06-29 16:00:00,3.72,31.81054265142645,0.0,0.0,317.797440244064,-28.09054265142645,-28.09054265142645
2025-06-29 17:00:00,3.6,21.751388601128788,0.0,0.0,317.797440244064,-18.151388601128787,-18.151388601128787
2025-06-29 18:00:00,3.36,11.337386017779991,0.0,0.0,317.797440244064,-7.977386017779992,-7.977386017779992
2025-06-29 19:00:00,3.24,1.2782319674823264,0.0,0.0,317.797440244064,1.9617680325176738,1.9617680325176738
2025-06-29 20:00:00,3.3,0.0,0.0,0.0,317.797440244064,3.3,3.3
2025-06-29 21:00:00,3.54,0.0,0.0,0.0,317.797440244064,3.54,3.54
2025-06-29 22:00:00,3.12,0.0,0.0,0.0,317.797440244064,3.12,3.12
2025-06-29 23:00:00,3.12,0.0,0.0,0.0,317.797440244064,3.12,3.12
2025-06-30 00:00:00,3.06,0.0,0.0,0.0,317.797440244064,3.06,3.06
2025-06-30 01:00:00,3.12,0.0,0.0,0.0,317.797440244064,3.12,3.12
2025-06-30 02:00:00,3.3,0.0,0.0,0.0,317.797440244064,3.3,3.3
2025-06-30 03:00:00,3.0,0.0,0.0,0.0,317.797440244064,3.0,3.0
2025-06-30 04:00:00,2.94,1.233277751312271,0.0,0.0,317.797440244064,1.706722248687729,1.706722248687729
2025-06-30 05:00:00,3.12,11.296734712226964,0.0,0.0,317.797440244064,-8.176734712226963,-8.176734712226963
2025-06-30 06:00:00,3.06,21.715191996443995,0.0,0.0,317.797440244064,-18.655191996443996,-18.655191996443996
2025-06-30 07:00:00,3.06,31.778648957358687,0.0,0.0,317.797440244064,-28.71864895735869,-28.71864895735869
2025-06-30 08:00:00,3.06,40.80129763373366,0.0,0.0,317.797440244064,-37.74129763373366,-37.74129763373366
2025-06-30 09:00:00,3.12,48.1682594289059,0.0,0.0,317.797440244064,-45.0482594289059,-45.0482594289059
2025-06-30 10:00:00,3.06,53.37748807101441,0.0,0.0,317.797440244064,-50.31748807101441,-50.31748807101441
2025-06-30 11:00:00,3.6,56.07398323675687,0.0,0.0,317.797440244064,-52.473983236756865,-52.473983236756865
2025-06-30 12:00:00,3.24,56.07398323675687,0.0,0.0,317.797440244064,-52.833983236756865,-52.833983236756865
2025-06-30 13:00:00,3.54,53.37748807101441,0.0,0.0,317.797440244064,-49.83748807101441,-49.83748807101441
2025-06-30 14:00:00,3.36,48.1682594289059,0.0,0.0,317.797440244064,-44.8082594289059,-44.8082594289059
2025-06-30 15:00:00,3.42,40.80129763373366,0.0,0.0,317.797440244064,-37.38129763373366,-37.38129763373366
2025-06-30 16:00:00,3.18,31.778648957358687,0.0,0.0,317.797440244064,-28.598648957358687,-28.598648957358687
2025-06-30 17:00:00,3.12,21.715191996443995,0.0,0.0,317.797440244064,-18.595191996443994,-18.595191996443994
2025-06-30 18:00:00,3.18,11.296734712226964,0.0,0.0,317.797440244064,-8.116734712226965,-8.116734712226965
2025-06-30 19:00:00,3.18,1.233277751312271,0.0,0.0,317.797440244064,1.9467222486877291,1.9467222486877291
2025-06-30 20:00:00,3.12,0.0,0.0,0.0,317.797440244064,3.12,3.12
2025-06-30 21:00:00,3.3,0.0,8.18472699538143,0.0,325.0,11.484726995381429,3.3
2025-06-30 22:00:00,3.24,0.0,0.0,0.0,325.0,3.24,3.24
2025-06-30 23:00:00,3.06,0.0,0.0,0.0,325.0,3.06,3.06
2025-07-01 00:00:00,3.18,0.0,0.0,0.0,325.0,3.18,3.18
2025-07-01 01:00:00,3.48,0.0,0.0,0.0,325.0,3.48,3.48
2025-07-01 02:00:00,3.12,0.0,0.0,0.0,325.0,3.12,3.12
2025-07-01 03:00:00,3.06,0.0,0.0,0.0,325.0,3.06,3.06
2025-07-01 04:00:00,3.0,1.201399768794569,0.0,0.0,325.0,1.798600231205431,1.798600231205431
2025-07-01 05:00:00,3.18,11.426981792847137,0.0,0.0,325.0,-8.246981792847137,-8.246981792847137
2025-07-01 06:00:00,3.48,22.013283293178294,0.0,0.0,325.0,-18.533283293178293,-18.533283293178293
2025-07-01 07:00:00,4.98,32.23886531723086,0.0,0.0,325.0,-27.25886531723086,-27.25886531723086
2025-07-01 08:00:00,5.1,41.40687134863895,0.0,0.0,325.0,-36.30687134863895,-36.30687134863895
2025-07-01 09:00:00,5.34,48.89251692720843,0.0,0.0,325.0,-43.55251692720843,-43.55251692720843
2025-07-01 10:00:00,4.86,54.185667677374,0.0,0.0,325.0,-49.325667677374,-49.325667677374
2025-07-01 11:00:00,5.52,56.925604122857095,0.0,0.0,325.0,-51.4056041228571,-51.4056041228571
2025-07-01 12:00:00,5.64,56.925604122857095,0.0,0.0,325.0,-51.285604122857094,-51.285604122857094
2025-07-01 13:00:00,6.18,54.185667677374,0.0,0.0,325.0,-48.005667677374,-48.005667677374
2025-07-01 14:00:00,5.64,48.89251692720843,0.0,0.0,325.0,-43.25251692720843,-43.25251692720843
2025-07-01 15:00:00,18.18,41.40687134863895,0.0,0.0,325.0,-23.22687134863895,-23.22687134863895
2025-07-01 16:00:00,18.42,32.23886531723086,0.0,0.0,325.0,-13.818865317230859,-13.818865317230859
2025-07-01 17:00:00,18.66,22.013283293178294,0.0,0.0,325.0,-3.3532832931782934,-3.3532832931782934
2025-07-01 18:00:00,18.42,11.426981792847137,0.0,6.99301820715289,318.006981792847,-2.4868995751603507e-14,6.993018207152865
2025-07-01 19:00:00,18.24,1.201399768794569,0.0,0.0,318.006981792847,17.03860023120543,17.03860023120543
2025-07-01 20:00:00,17.1,0.0,0.0,0.0,318.006981792847,17.1,17.1
2025-07-01 21:00:00,4.32,0.0,0.0,0.0,318.006981792847,4.32,4.32
2025-07-01 22:00:00,4.2,0.0,0.0,0.0,318.006981792847,4.2,4.2
2025-07-01 23:00:00,3.84,0.0,0.0,0.0,318.006981792847,3.84,3.84
2025-07-02 00:00:00,3.9,0.0,0.0,0.0,318.006981792847,3.9,3.9
2025-07-02 01:00:00,4.02,0.0,0.0,0.0,318.006981792847,4.02,4.02
2025-07-02 02:00:00,3.84,0.0,0.0,0.0,318.006981792847,3.84,3.84
2025-07-02 03:00:00,4.2,0.0,0.0,0.0,318.006981792847,4.2,4.2
2025-07-02 04:00:00,4.08,1.144775228659262,0.0,0.0,318.006981792847,2.935224771340738,2.935224771340738
2025-07-02 05:00:00,3.78,11.375748650075083,0.0,0.0,318.006981792847,-7.595748650075084,-7.595748650075084
2025-07-02 06:00:00,4.92,21.967631735675557,0.0,0.0,318.006981792847,-17.04763173567556,-17.04763173567556
2025-07-02 07:00:00,5.16,32.198605157091386,0.0,0.0,318.006981792847,-27.038605157091386,-27.038605157091386
2025-07-02 08:00:00,5.64,41.37144498313609,0.0,0.0,318.006981792847,-35.731444983136086,-35.731444983136086
2025-07-02 09:00:00,5.88,48.86103733849926,0.0,0.0,318.006981792847,-42.981037338499256,-42.981037338499256
2025-07-02 10:00:00,6.18,54.15697888129949,0.0,0.0,318.006981792847,-47.97697888129949,-47.97697888129949
2025-07-02 11:00:00,6.36,56.89835994735215,0.0,0.0,318.006981792847,-50.53835994735215,-50.53835994735215
2025-07-02 12:00:00,6.36,56.89835994735215,0.0,0.0,318.006981792847,-50.53835994735215,-50.53835994735215
2025-07-02 13:00:00,6.42,54.15697888129949,0.0,0.0,318.006981792847,-47.736978881299486,-47.736978881299486
2025-07-02 14:00:00,6.96,48.86103733849926,0.0,0.0,318.006981792847,-41.90103733849926,-41.90103733849926
2025-07-02 15:00:00,5.04,41.37144498313609,0.0,0.0,318.006981792847,-36.33144498313609,-36.33144498313609
2025-07-02 16:00:00,3.9,32.198605157091386,0.0,0.0,318.006981792847,-28.298605157091387,-28.298605157091387
2025-07-02 17:00:00,3.42,21.967631735675557,0.0,0.0,318.006981792847,-18.54763173567556,-18.54763173567556
2025-07-02 18:00:00,3.42,11.375748650075083,0.0,0.0,318.006981792847,-7.955748650075083,-7.955748650075083
2025-07-02 19:00:00,3.36,1.144775228659262,0.0,0.0,318.006981792847,2.215224771340738,2.215224771340738
2025-07-02 20:00:00,3.42,0.0,0.0,0.0,318.006981792847,3.42,3.42
2025-07-02 21:00:00,3.36,0.0,0.0,0.0,318.006981792847,3.36,3.36
2025-07-02 22:00:00,3.36,0.0,0.0,0.0,318.006981792847,3.36,3.36
2025-07-02 23:00:00,3.0,0.0,0.0,0.0,318.006981792847,3.0,3.0
2025-07-03 00:00:00,3.48,0.0,0.0,0.0,318.006981792847,3.48,3.48
2025-07-03 01:00:00,3.12,0.0,0.0,0.0,318.006981792847,3.12,3.12
2025-07-03 02:00:00,2.88,0.0,0.0,0.0,318.006981792847,2.88,2.88
2025-07-03 03:00:00,2.88,0.0,0.0,0.0,318.006981792847,2.88,2.88
2025-07-03 04:00:00,3.3,1.0826904430651556,0.0,0.0,318.006981792847,2.217309556934844,2.217309556934844
2025-07-03 05:00:00,2.76,11.319556975023954,0.0,0.0,318.006981792847,-8.559556975023954,-8.559556975023954
2025-07-03 06:00:00,3.18,21.917541057598083,0.0,0.0,318.006981792847,-18.737541057598083,-18.737541057598083
2025-07-03 07:00:00,3.6,32.15440758955689,0.0,0.0,318.006981792847,-28.554407589556888,-28.554407589556888
2025-07-03 08:00:00,4.26,41.33253103396919,0.0,0.0,318.006981792847,-37.07253103396919,-37.07253103396919
2025-07-03 09:00:00,4.5,48.82643744566444,0.0,0.0,318.006981792847,-44.32643744566444,-44.32643744566444
2025-07-03 10:00:00,4.44,54.125429486951504,0.0,0.0,318.006981792847,-49.685429486951506,-49.685429486951506
2025-07-03 11:00:00,4.68,56.86838960721505,0.0,0.0,318.006981792847,-52.18838960721505,-52.18838960721505
2025-07-03 12:00:00,4.8,56.86838960721505,0.0,0.0,318.006981792847,-52.06838960721505,-52.06838960721505
2025-07-03 13:00:00,4.8,54.125429486951504,0.0,0.0,318.006981792847,-49.325429486951506,-49.325429486951506
2025-07-03 14:00:00,4.44,48.82643744566444,0.0,0.0,318.006981792847,-44.38643744566444,-44.38643744566444
2025-07-03 15:00:00,4.2,41.33253103396919,0.0,0.0,318.006981792847,-37.13253103396919,-37.13253103396919
2025-07-03 16:00:00,3.24,32.15440758955689,0.0,0.0,318.006981792847,-28.914407589556888,-28.914407589556888
2025-07-03 17:00:00,3.18,21.917541057598083,0.0,0.0,318.006981792847,-18.737541057598083,-18.737541057598083
2025-07-03 18:00:00,3.54,11.319556975023954,0.0,0.0,318.006981792847,-7.7795569750239535,-7.7795569750239535
2025-07-03 19:00:00,3.06,1.0826904430651556,0.0,0.0,318.006981792847,1.9773095569348444,1.9773095569348444
2025-07-03 20:00:00,3.0,0.0,0.0,0.0,318.006981792847,3.0,3.0
2025-07-03 21:00:00,2.88,0.0,0.0,0.0,318.006981792847,2.88,2.88
2025-07-03 22:00:00,3.3,0.0,0.0,0.0,318.006981792847,3.3,3.3
2025-07-03 23:00:00,3.06,0.0,0.0,0.0,318.006981792847,3.06,3.06
2025-07-04 00:00:00,3.42,0.0,0.0,0.0,318.006981792847,3.42,3.42
2025-07-04 01:00:00,3.54,0.0,0.0,0.0,318.006981792847,3.54,3.54
2025-07-04 02:00:00,3.6,0.0,0.0,0.0,318.006981792847,3.6,3.6
2025-07-04 03:00:00,4.2,0.0,0.0,0.0,318.006981792847,4.2,4.2
2025-07-04 04:00:00,3.84,1.0151633854129969,0.0,0.0,318.006981792847,2.824836614587003,2.824836614587003
2025-07-04 05:00:00,5.1,11.258418030343885,0.0,0.0,318.006981792847,-6.158418030343885,-6.158418030343885
2025-07-04 06:00:00,5.1,21.86301557411577,0.0,0.0,318.006981792847,-16.76301557411577,-16.76301557411577
2025-07-04 07:00:00,5.64,32.10627021904666,0.0,0.0,318.006981792847,-26.466270219046656,-26.466270219046656
2025-07-04 08:00:00,5.1,41.29012108886317,0.0,0.0,318.006981792847,-36.190121088863165,-36.190121088863165
2025-07-04 09:00:00,5.4,48.78870392381849,0.0,0.0,318.006981792847,-43.38870392381849,-43.38870392381849
2025-07-04 10:00:00,5.28,54.091002695704425,0.0,0.0,318.006981792847,-48.811002695704424,-48.811002695704424
2025-07-04 11:00:00,5.4,56.83567450568001,0.0,0.0,318.006981792847,-51.43567450568001,-51.43567450568001
2025-07-04 12:00:00,5.64,56.83567450568001,0.0,0.0,318.006981792847,-51.19567450568001,-51.19567450568001
2025-07-04 13:00:00,6.0,54.091002695704425,0.0,0.0,318.006981792847,-48.091002695704425,-48.091002695704425
2025-07-04 14:00:00,5.76,48.78870392381849,0.0,0.0,318.006981792847,-43.02870392381849,-43.02870392381849
2025-07-04 15:00:00,4.44,41.29012108886317,0.0,0.0,318.006981792847,-36.85012108886317,-36.85012108886317
2025-07-04 16:00:00,3.84,32.10627021904666,0.0,0.0,318.006981792847,-28.266270219046657,-28.266270219046657
2025-07-04 17:00:00,3.36,21.86301557411577,0.0,0.0,318.006981792847,-18.50301557411577,-18.50301557411577
2025-07-04 18:00:00,3.3,11.258418030343885,0.0,0.0,318.006981792847,-7.958418030343885,-7.958418030343885
2025-07-04 19:00:00,3.24,1.0151633854129969,0.0,0.0,318.006981792847,2.2248366145870033,2.2248366145870033
2025-07-04 20:00:00,3.3,0.0,0.0,0.0,318.006981792847,3.3,3.3
2025-07-04 21:00:00,3.3,0.0,0.0,0.0,318.006981792847,3.3,3.3
2025-07-04 22:00:00,3.18,0.0,0.0,0.0,318.006981792847,3.18,3.18
2025-07-04 23:00:00,2.94,0.0,0.0,0.0,318.006981792847,2.94,2.94
2025-07-05 00:00:00,3.12,0.0,0.0,0.0,318.006981792847,3.12,3.12
2025-07-05 01:00:00,3.24,0.0,0.0,0.0,318.006981792847,3.24,3.24
2025-07-05 02:00:00,3.0,0.0,0.0,0.0,318.006981792847,3.0,3.0
2025-07-05 03:00:00,3.0,0.0,0.0,0.0,318.006981792847,3.0,3.0
2025-07-05 04:00:00,3.06,0.942213663402082,0.0,0.0,318.006981792847,2.117786336597918,2.117786336597918
2025-07-05 05:00:00,2.82,11.192344144960977,0.0,0.0,318.006981792847,-8.372344144960977,-8.372344144960977
2025-07-05 06:00:00,3.12,21.80406007861424,0.0,0.0,318.006981792847,-18.684060078614237,-18.684060078614237
2025-07-05 07:00:00,3.0,32.054190560173126,0.0,0.0,318.006981792847,-29.054190560173126,-29.054190560173126
2025-07-05 08:00:00,3.06,41.24420613646095,0.0,0.0,318.006981792847,-38.18420613646095,-38.18420613646095
2025-07-05 09:00:00,3.06,48.74782243317252,0.0,0.0,318.006981792847,-45.68782243317252,-45.68782243317252
2025-07-05 10:00:00,3.6,54.053680399999145,0.0,0.0,318.006981792847,-50.45368039999914,-50.45368039999914
2025-07-05 11:00:00,3.66,56.80019458484649,0.0,0.0,318.006981792847,-53.14019458484648,-53.14019458484648
2025-07-05 12:00:00,3.6,56.80019458484649,0.0,0.0,318.006981792847,-53.200194584846486,-53.200194584846486
2025-07-05 13:00:00,3.9,54.053680399999145,0.0,0.0,318.006981792847,-50.153680399999146,-50.153680399999146
2025-07-05 14:00:00,3.96,48.74782243317252,0.0,0.0,318.006981792847,-44.78782243317252,-44.78782243317252
2025-07-05 15:00:00,4.08,41.24420613646095,0.0,0.0,318.006981792847,-37.164206136460955,-37.164206136460955
2025-07-05 16:00:00,17.82,32.054190560173126,0.0,0.0,318.006981792847,-14.234190560173126,-14.234190560173126
2025-07-05 17:00:00,17.7,21.80406007861424,0.0,0.0,318.006981792847,-4.104060078614239,-4.104060078614239
2025-07-05 18:00:00,17.52,11.192344144960977,0.0,0.0,318.006981792847,6.327655855039023,6.327655855039023
2025-07-05 19:00:00,17.58,0.942213663402082,0.0,0.0,318.006981792847,16.637786336597916,16.637786336597916
2025-07-05 20:00:00,17.7,0.0,0.0,0.0,318.006981792847,17.7,17.7
2025-07-05 21:00:00,17.34,0.0,0.0,0.0,318.006981792847,17.34,17.34
2025-07-05 22:00:00,17.46,0.0,0.0,0.0,318.006981792847,17.46,17.46
2025-07-05 23:00:00,15.54,0.0,0.0,0.0,318.006981792847,15.54,15.54
2025-07-06 00:00:00,6.66,0.0,0.0,0.0,318.006981792847,6.66,6.66
2025-07-06 01:00:00,4.26,0.0,0.0,0.0,318.006981792847,4.26,4.26
2025-07-06 02:00:00,3.3,0.0,0.0,0.0,318.006981792847,3.3,3.3
2025-07-06 03:00:00,3.18,0.0,0.0,0.0,318.006981792847,3.18,3.18
2025-07-06 04:00:00,3.12,0.863862527719617,0.0,0.0,318.006981792847,2.256137472280383,2.256137472280383
2025-07-06 05:00:00,2.88,11.121348730020024,0.0,0.0,318.006981792847,-8.241348730020025,-8.241348730020025
2025-07-06 06:00:00,3.0,21.740679866146724,0.0,0.0,318.006981792847,-18.740679866146724,-18.740679866146724
2025-07-06 07:00:00,3.36,31.998166068447134,0.0,0.0,318.006981792847,-28.638166068447134,-28.638166068447134
2025-07-06 08:00:00,3.3,41.19477660353192,0.0,0.0,318.006981792847,-37.89477660353192,-37.89477660353192
2025-07-06 09:00:00,3.54,48.70377766155254,0.0,0.0,318.006981792847,-45.163777661552544,-45.163777661552544
2025-07-06 10:00:00,3.66,54.01344322961588,0.0,0.0,318.006981792847,-50.35344322961588,-50.35344322961588
2025-07-06 11:00:00,4.08,56.76192837389567,0.0,0.0,318.006981792847,-52.68192837389567,-52.68192837389567
2025-07-06 12:00:00,4.26,56.76192837389567,0.0,0.0,318.006981792847,-52.50192837389567,-52.50192837389567
2025-07-06 13:00:00,4.08,54.01344322961588,0.0,0.0,318.006981792847,-49.93344322961588,-49.93344322961588
2025-07-06 14:00:00,3.9,48.70377766155254,0.0,0.0,318.006981792847,-44.803777661552544,-44.803777661552544
2025-07-06 15:00:00,4.26,41.19477660353192,0.0,0.0,318.006981792847,-36.93477660353192,-36.93477660353192
2025-07-06 16:00:00,3.72,31.998166068447134,0.0,0.0,318.006981792847,-28.278166068447135,-28.278166068447135
2025-07-06 17:00:00,4.32,21.740679866146724,0.0,0.0,318.006981792847,-17.420679866146724,-17.420679866146724
2025-07-06 18:00:00,3.96,11.121348730020024,0.0,0.0,318.006981792847,-7.161348730020024,-7.161348730020024
2025-07-06 19:00:00,6.78,0.863862527719617,0.0,0.0,318.006981792847,5.916137472280383,5.916137472280383
2025-07-06 20:00:00,10.26,0.0,0.0,0.0,318.006981792847,10.26,10.26
2025-07-06 21:00:00,10.08,0.0,0.0,0.0,318.006981792847,10.08,10.08
2025-07-06 22:00:00,10.02,0.0,0.0,0.0,318.006981792847,10.02,10.02
2025-07-06 23:00:00,10.2,0.0,0.0,0.0,318.006981792847,10.2,10.2
2025-07-07 00:00:00,9.96,0.0,0.0,0.0,318.006981792847,9.96,9.96
2025-07-07 01:00:00,9.84,0.0,0.0,0.0,318.006981792847,9.84,9.84
2025-07-07 02:00:00,9.9,0.0,0.0,0.0,318.006981792847,9.9,9.9
2025-07-07 03:00:00,9.96,0.0,0.0,0.0,318.006981792847,9.96,9.96
2025-07-07 04:00:00,10.08,0.7801328811696896,0.0,0.0,318.006981792847,9.29986711883031,9.29986711883031
2025-07-07 05:00:00,9.78,11.04544629584985,0.0,0.0,318.006981792847,-1.2654462958498502,-1.2654462958498502
2025-07-07 06:00:00,10.38,21.67288075851232,0.0,0.0,318.006981792847,-11.29288075851232,-11.29288075851232
2025-07-07 07:00:00,9.36,31.938194173192485,0.0,0.0,318.006981792847,-22.578194173192486,-22.578194173192486
2025-07-07 08:00:00,4.74,41.14182239491241,0.0,0.0,318.006981792847,-36.40182239491241,-36.40182239491241
2025-07-07 09:00:00,4.74,48.65655337007664,0.0,0.0,318.006981792847,-43.916553370076635,-43.916553370076635
2025-07-07 10:00:00,4.68,53.97027060140788,0.0,0.0,318.006981792847,-49.29027060140788,-49.29027060140788
2025-07-07 11:00:00,5.04,56.72085304092379,0.0,0.0,318.006981792847,-51.68085304092379,-51.68085304092379
2025-07-07 12:00:00,4.68,56.72085304092379,0.0,0.0,318.006981792847,-52.04085304092379,-52.04085304092379
2025-07-07 13:00:00,4.86,53.97027060140788,0.0,0.0,318.006981792847,-49.11027060140788,-49.11027060140788
2025-07-07 14:00:00,6.12,48.65655337007664,0.0,0.0,318.006981792847,-42.53655337007664,-42.53655337007664
2025-07-07 15:00:00,4.92,41.14182239491241,0.0,0.0,318.006981792847,-36.22182239491241,-36.22182239491241
2025-07-07 16:00:00,3.42,31.938194173192485,0.0,0.0,318.006981792847,-28.518194173192484,-28.518194173192484
2025-07-07 17:00:00,3.36,21.67288075851232,0.0,0.0,318.006981792847,-18.31288075851232,-18.31288075851232
2025-07-07 18:00:00,3.18,11.04544629584985,0.0,0.0,318.006981792847,-7.86544629584985,-7.86544629584985
2025-07-07 19:00:00,3.72,0.7801328811696896,0.0,0.0,318.006981792847,2.9398671188303105,2.9398671188303105
2025-07-07 20:00:00,3.24,0.0,0.0,0.0,318.006981792847,3.24,3.24
2025-07-07 21:00:00,3.18,0.0,0.0,0.0,318.006981792847,3.18,3.18
2025-07-07 22:00:00,3.12,0.0,0.0,0.0,318.006981792847,3.12,3.12
2025-07-07 23:00:00,3.3,0.0,0.0,0.0,318.006981792847,3.3,3.3
2025-07-08 00:00:00,3.3,0.0,0.0,0.0,318.006981792847,3.3,3.3
2025-07-08 01:00:00,3.18,0.0,0.0,0.0,318.006981792847,3.18,3.18
2025-07-08 02:00:00,3.06,0.0,0.0,0.0,318.006981792847,3.06,3.06
2025-07-08 03:00:00,3.3,0.0,0.0,0.0,318.006981792847,3.3,3.3
2025-07-08 04:00:00,3.3,0.6910492881810664,0.0,0.0,318.006981792847,2.6089507118189337,2.6089507118189337
2025-07-08 05:00:00,2.88,10.964652469888083,0.0,0.0,318.006981792847,-8.084652469888084,-8.084652469888084
2025-07-08 06:00:00,2.94,21.600669130894605,0.0,0.0,318.006981792847,-18.660669130894604,-18.660669130894604
2025-07-08 07:00:00,3.84,31.874272312601637,0.0,0.0,318.006981792847,-28.034272312601637,-28.034272312601637
2025-07-08 08:00:00,5.64,41.08533293610781,0.0,0.0,318.006981792847,-35.44533293610781,-35.44533293610781
2025-07-08 09:00:00,5.22,48.60613244191863,0.0,0.0,318.006981792847,-43.38613244191863,-43.38613244191863
2025-07-08 10:00:00,5.52,53.92414077242188,0.0,0.0,318.006981792847,-48.40414077242188,-48.40414077242188
2025-07-08 11:00:00,5.28,56.67694444831808,0.0,0.0,318.006981792847,-51.39694444831808,-51.39694444831808
2025-07-08 12:00:00,5.88,56.67694444831808,0.0,0.0,318.006981792847,-50.79694444831808,-50.79694444831808
2025-07-08 13:00:00,5.64,53.92414077242188,0.0,0.0,318.006981792847,-48.28414077242188,-48.28414077242188
2025-07-08 14:00:00,5.76,48.60613244191863,0.0,0.0,318.006981792847,-42.846132441918634,-42.846132441918634
2025-07-08 15:00:00,4.98,41.08533293610781,0.0,0.0,318.006981792847,-36.105332936107814,-36.105332936107814
2025-07-08 16:00:00,3.48,31.874272312601637,0.0,0.0,318.006981792847,-28.394272312601636,-28.394272312601636
2025-07-08 17:00:00,3.78,21.600669130894605,0.0,0.0,318.006981792847,-17.820669130894604,-17.820669130894604
2025-07-08 18:00:00,3.54,10.964652469888083,0.0,0.0,318.006981792847,-7.424652469888083,-7.424652469888083
2025-07-08 19:00:00,3.42,0.6910492881810664,0.0,0.0,318.006981792847,2.728950711818934,2.728950711818934
2025-07-08 20:00:00,3.6,0.0,0.0,0.0,318.006981792847,3.6,3.6
2025-07-08 21:00:00,3.42,0.0,0.0,0.0,318.006981792847,3.42,3.42
2025-07-08 22:00:00,3.06,0.0,0.0,0.0,318.006981792847,3.06,3.06
2025-07-08 23:00:00,3.36,0.0,0.0,0.0,318.006981792847,3.36,3.36
2025-07-09 00:00:00,3.18,0.0,0.0,0.0,318.006981792847,3.18,3.18
2025-07-09 01:00:00,2.94,0.0,0.0,0.0,318.006981792847,2.94,2.94
2025-07-09 02:00:00,3.18,0.0,0.0,0.0,318.006981792847,3.18,3.18
2025-07-09 03:00:00,3.42,0.0,0.0,0.0,318.006981792847,3.42,3.42
2025-07-09 04:00:00,3.12,0.5966379846291658,0.0,0.0,318.006981792847,2.523362015370834,2.523362015370834
2025-07-09 05:00:00,4.26,10.878984015497718,0.0,0.0,318.006981792847,-6.618984015497718,-6.618984015497718
2025-07-09 06:00:00,4.8,21.524051939990105,0.0,0.0,318.006981792847,-16.724051939990105,-16.724051939990105
2025-07-09 07:00:00,5.28,31.806397970858654,0.0,0.0,318.006981792847,-26.526397970858653,-26.526397970858653
2025-07-09 08:00:00,5.28,41.02529721847994,0.0,0.0,318.006981792847,-35.74529721847994,-35.74529721847994
2025-07-09 09:00:00,5.64,48.55249693407991,0.0,0.0,318.006981792847,-42.91249693407991,-42.91249693407991
2025-07-09 10:00:00,6.0,53.87503089632609,0.0,0.0,318.006981792847,-47.87503089632609,-47.87503089632609
2025-07-09 11:00:00,6.06,56.630177211594685,0.0,0.0,318.006981792847,-50.57017721159468,-50.57017721159468
2025-07-09 12:00:00,5.82,56.630177211594685,0.0,0.0,318.006981792847,-50.810177211594684,-50.810177211594684
2025-07-09 13:00:00,6.12,53.87503089632609,0.0,0.0,318.006981792847,-47.75503089632609,-47.75503089632609
2025-07-09 14:00:00,6.12,48.55249693407991,0.0,0.0,318.006981792847,-42.432496934079914,-42.432496934079914
2025-07-09 15:00:00,5.76,41.02529721847994,0.0,0.0,318.006981792847,-35.265297218479944,-35.265297218479944
2025-07-09 16:00:00,3.96,31.806397970858654,0.0,0.0,318.006981792847,-27.846397970858654,-27.846397970858654
2025-07-09 17:00:00,3.54,21.524051939990105,0.0,0.0,318.006981792847,-17.984051939990106,-17.984051939990106
2025-07-09 18:00:00,3.66,10.878984015497718,0.0,0.0,318.006981792847,-7.218984015497718,-7.218984015497718
2025-07-09 19:00:00,3.18,0.5966379846291658,0.0,0.0,318.006981792847,2.5833620153708345,2.5833620153708345
2025-07-09 20:00:00,3.24,0.0,0.0,0.0,318.006981792847,3.24,3.24
2025-07-09 21:00:00,3.24,0.0,0.0,0.0,318.006981792847,3.24,3.24
2025-07-09 22:00:00,3.06,0.0,0.0,0.0,318.006981792847,3.06,3.06
2025-07-09 23:00:00,3.12,0.0,0.0,0.0,318.006981792847,3.12,3.12
2025-07-10 00:00:00,3.24,0.0,0.0,0.0,318.006981792847,3.24,3.24
2025-07-10 01:00:00,3.12,0.0,0.0,0.0,318.006981792847,3.12,3.12
2025-07-10 02:00:00,3.24,0.0,0.0,0.0,318.006981792847,3.24,3.24
2025-07-10 03:00:00,3.18,0.0,0.0,0.0,318.006981792847,3.18,3.18
2025-07-10 04:00:00,3.0,0.496926887903817,0.0,0.0,318.006981792847,2.503073112096183,2.503073112096183
2025-07-10 05:00:00,4.44,10.788458851603975,0.0,0.0,318.006981792847,-6.348458851603975,-6.348458851603975
2025-07-10 06:00:00,4.92,21.44303675355177,0.0,0.0,318.006981792847,-16.52303675355177,-16.52303675355177
2025-07-10 07:00:00,5.04,31.73456871725193,0.0,0.0,318.006981792847,-26.69456871725193,-26.69456871725193
2025-07-10 08:00:00,4.32,40.96170384693902,0.0,0.0,318.006981792847,-36.641703846939016,-36.641703846939016
2025-07-10 09:00:00,5.22,48.49562813208664,0.0,0.0,318.006981792847,-43.27562813208664,-43.27562813208664
2025-07-10 10:00:00,5.28,53.82291708306053,0.0,0.0,318.006981792847,-48.54291708306053,-48.54291708306053
2025-07-10 11:00:00,5.7,56.58052476161307,0.0,0.0,318.006981792847,-50.88052476161307,-50.88052476161307
2025-07-10 12:00:00,6.12,56.58052476161307,0.0,0.0,318.006981792847,-50.46052476161307,-50.46052476161307
2025-07-10 13:00:00,6.72,53.82291708306053,0.0,0.0,318.006981792847,-47.10291708306053,-47.10291708306053
2025-07-10 14:00:00,5.82,48.49562813208664,0.0,0.0,318.006981792847,-42.675628132086636,-42.675628132086636
2025-07-10 15:00:00,5.52,40.96170384693902,0.0,0.0,318.006981792847,-35.44170384693902,-35.44170384693902
2025-07-10 16:00:00,4.02,31.73456871725193,0.0,0.0,318.006981792847,-27.71456871725193,-27.71456871725193
2025-07-10 17:00:00,3.84,21.44303675355177,0.0,0.0,318.006981792847,-17.60303675355177,-17.60303675355177
2025-07-10 18:00:00,3.96,10.788458851603975,0.0,0.0,318.006981792847,-6.828458851603975,-6.828458851603975
2025-07-10 19:00:00,3.24,0.496926887903817,0.0,0.0,318.006981792847,2.7430731120961833,2.7430731120961833
2025-07-10 20:00:00,3.66,0.0,0.0,0.0,318.006981792847,3.66,3.66
2025-07-10 21:00:00,3.36,0.0,0.0,0.0,318.006981792847,3.36,3.36
2025-07-10 22:00:00,3.42,0.0,0.0,0.0,318.006981792847,3.42,3.42
2025-07-10 23:00:00,3.42,0.0,0.0,0.0,318.006981792847,3.42,3.42
2025-07-11 00:00:00,3.06,0.0,0.0,0.0,318.006981792847,3.06,3.06
2025-07-11 01:00:00,3.0,0.0,0.0,0.0,318.006981792847,3.0,3.0
2025-07-11 02:00:00,3.36,0.0,0.0,0.0,318.006981792847,3.36,3.36
2025-07-11 03:00:00,2.82,0.0,0.0,0.0,318.006981792847,2.82,2.82
2025-07-11 04:00:00,3.06,0.3919456071516154,0.0,0.0,318.006981792847,2.6680543928483846,2.6680543928483846
2025-07-11 05:00:00,3.06,10.69309607307654,0.0,0.0,318.006981792847,-7.633096073076539,-7.633096073076539
2025-07-11 06:00:00,4.56,21.357631781268854,0.0,0.0,318.006981792847,-16.797631781268855,-16.797631781268855
2025-07-11 07:00:00,5.22,31.658782247193784,0.0,0.0,318.006981792847,-26.438782247193785,-26.438782247193785
2025-07-11 08:00:00,5.58,40.89454109005459,0.0,0.0,318.006981792847,-35.31454109005459,-35.31454109005459
2025-07-11 09:00:00,5.82,48.43550660752344,0.0,0.0,318.006981792847,-42.61550660752344,-42.61550660752344
2025-07-11 10:00:00,5.94,53.7677744616196,0.0,0.0,318.006981792847,-47.827774461619605,-47.827774461619605
2025-07-11 11:00:00,6.24,56.52795941007568,0.0,0.0,318.006981792847,-50.28795941007568,-50.28795941007568
2025-07-11 12:00:00,5.94,56.52795941007568,0.0,0.0,318.006981792847,-50.58795941007568,-50.58795941007568
2025-07-11 13:00:00,15.42,53.7677744616196,0.0,0.0,318.006981792847,-38.3477744616196,-38.3477744616196
2025-07-11 14:00:00,19.5,48.43550660752344,0.0,0.0,318.006981792847,-28.935506607523443,-28.935506607523443
2025-07-11 15:00:00,18.84,40.89454109005459,0.0,0.0,318.006981792847,-22.054541090054588,-22.054541090054588
2025-07-11 16:00:00,15.66,31.658782247193784,0.0,0.0,318.006981792847,-15.998782247193784,-15.998782247193784
2025-07-11 17:00:00,3.84,21.357631781268854,0.0,0.0,318.006981792847,-17.517631781268854,-17.517631781268854
2025-07-11 18:00:00,3.84,10.69309607307654,0.0,0.0,318.006981792847,-6.853096073076539,-6.853096073076539
2025-07-11 19:00:00,3.6,0.3919456071516154,0.0,0.0,318.006981792847,3.2080543928483847,3.2080543928483847
2025-07-11 20:00:00,3.78,0.0,0.0,0.0,318.006981792847,3.78,3.78
2025-07-11 21:00:00,3.3,0.0,0.0,0.0,318.006981792847,3.3,3.3
2025-07-11 22:00:00,3.84,0.0,0.0,0.0,318.006981792847,3.84,3.84
2025-07-11 23:00:00,3.3,0.0,0.0,0.0,318.006981792847,3.3,3.3
2025-07-12 00:00:00,3.36,0.0,0.0,0.0,318.006981792847,3.36,3.36
2025-07-12 01:00:00,3.3,0.0,0.0,0.0,318.006981792847,3.3,3.3
2025-07-12 02:00:00,3.54,0.0,0.0,0.0,318.006981792847,3.54,3.54
2025-07-12 03:00:00,3.36,0.0,0.0,0.0,318.006981792847,3.36,3.36
2025-07-12 04:00:00,3.06,0.2817254536182515,0.0,0.0,318.006981792847,2.7782745463817484,2.7782745463817484
2025-07-12 05:00:00,3.18,10.59291597177856,0.0,0.0,318.006981792847,-7.41291597177856,-7.41291597177856
2025-07-12 06:00:00,3.42,21.267845906900234,0.0,0.0,318.006981792847,-17.847845906900233,-17.847845906900233
2025-07-12 07:00:00,3.18,31.579036425060533,0.0,0.0,318.006981792847,-28.399036425060533,-28.399036425060533
2025-07-12 08:00:00,3.42,40.82379693249487,0.0,0.0,318.006981792847,-37.40379693249487,-37.40379693249487
2025-07-12 09:00:00,3.36,48.37211227831068,0.0,0.0,318.006981792847,-45.01211227831068,-45.01211227831068
2025-07-12 10:00:00,3.84,53.7095772458715,0.0,0.0,318.006981792847,-49.8695772458715,-49.8695772458715
2025-07-12 11:00:00,3.9,56.472452418216015,0.0,0.0,318.006981792847,-52.57245241821602,-52.57245241821602
2025-07-12 12:00:00,3.84,56.472452418216015,0.0,0.0,318.006981792847,-52.63245241821602,-52.63245241821602
2025-07-12 13:00:00,4.08,53.7095772458715,0.0,0.0,318.006981792847,-49.6295772458715,-49.6295772458715
2025-07-12 14:00:00,7.2,48.37211227831068,0.0,0.0,318.006981792847,-41.17211227831068,-41.17211227831068
2025-07-12 15:00:00,4.32,40.82379693249487,0.0,0.0,318.006981792847,-36.50379693249487,-36.50379693249487
2025-07-12 16:00:00,7.44,31.579036425060533,0.0,0.0,318.006981792847,-24.13903642506053,-24.13903642506053
2025-07-12 17:00:00,17.76,21.267845906900234,0.0,0.0,318.006981792847,-3.507845906900233,-3.507845906900233
2025-07-12 18:00:00,18.06,10.59291597177856,0.0,0.0,318.006981792847,7.467084028221439,7.467084028221439
2025-07-12 19:00:00,17.7,0.2817254536182515,0.0,0.0,318.006981792847,17.41827454638175,17.41827454638175
2025-07-12 20:00:00,6.66,0.0,0.0,0.0,318.006981792847,6.66,6.66
2025-07-12 21:00:00,4.02,0.0,0.0,0.0,318.006981792847,4.02,4.02
2025-07-12 22:00:00,3.54,0.0,0.0,0.0,318.006981792847,3.54,3.54
2025-07-12 23:00:00,3.48,0.0,0.0,0.0,318.006981792847,3.48,3.48
2025-07-13 00:00:00,3.66,0.0,0.0,0.0,318.006981792847,3.66,3.66
2025-07-13 01:00:00,3.3,0.0,0.0,0.0,318.006981792847,3.3,3.3
2025-07-13 02:00:00,3.66,0.0,0.0,0.0,318.006981792847,3.66,3.66
2025-07-13 03:00:00,3.48,0.0,0.0,0.0,318.006981792847,3.48,3.48
2025-07-13 04:00:00,3.18,0.1662994510134083,0.0,0.0,318.006981792847,3.013700548986592,3.013700548986592
2025-07-13 05:00:00,3.3,10.487940058200488,0.0,0.0,318.006981792847,-7.187940058200488,-7.187940058200488
2025-07-13 06:00:00,2.94,21.173688721574745,0.0,0.0,318.006981792847,-18.233688721574744,-18.233688721574744
2025-07-13 07:00:00,3.48,31.495329328761827,0.0,0.0,318.006981792847,-28.015329328761826,-28.015329328761826
2025-07-13 08:00:00,3.12,40.74945912969954,0.0,0.0,318.006981792847,-37.62945912969954,-37.62945912969954
2025-07-13 09:00:00,3.36,48.305424471626566,0.0,0.0,318.006981792847,-44.945424471626566,-44.945424471626566
2025-07-13 10:00:00,3.72,53.64829880331368,0.0,0.0,318.006981792847,-49.92829880331368,-49.92829880331368
2025-07-13 11:00:00,3.78,56.41397406857374,0.0,0.0,318.006981792847,-52.633974068573735,-52.633974068573735
2025-07-13 12:00:00,4.02,56.41397406857374,0.0,0.0,318.006981792847,-52.39397406857374,-52.39397406857374
2025-07-13 13:00:00,3.96,53.64829880331368,0.0,0.0,318.006981792847,-49.68829880331368,-49.68829880331368
2025-07-13 14:00:00,4.44,48.305424471626566,0.0,0.0,318.006981792847,-43.86542447162657,-43.86542447162657
2025-07-13 15:00:00,4.02,40.74945912969954,0.0,0.0,318.006981792847,-36.729459129699535,-36.729459129699535
2025-07-13 16:00:00,3.9,31.495329328761827,0.0,0.0,318.006981792847,-27.595329328761828,-27.595329328761828
2025-07-13 17:00:00,4.08,21.173688721574745,0.0,0.0,318.006981792847,-17.093688721574743,-17.093688721574743
2025-07-13 18:00:00,3.66,10.487940058200488,0.0,0.0,318.006981792847,-6.827940058200488,-6.827940058200488
2025-07-13 19:00:00,3.48,0.1662994510134083,0.0,0.0,318.006981792847,3.3137005489865916,3.3137005489865916
2025-07-13 20:00:00,5.1,0.0,0.0,0.0,318.006981792847,5.1,5.1
2025-07-13 21:00:00,10.02,0.0,0.0,0.0,318.006981792847,10.02,10.02
2025-07-13 22:00:00,9.96,0.0,0.0,0.0,318.006981792847,9.96,9.96
2025-07-13 23:00:00,10.02,0.0,0.0,0.0,318.006981792847,10.02,10.02
2025-07-14 00:00:00,9.96,0.0,0.0,0.0,318.006981792847,9.96,9.96
2025-07-14 01:00:00,9.72,0.0,0.0,0.0,318.006981792847,9.72,9.72
2025-07-14 02:00:00,9.9,0.0,0.0,0.0,318.006981792847,9.9,9.9
2025-07-14 03:00:00,9.66,0.0,0.0,0.0,318.006981792847,9.66,9.66
2025-07-14 04:00:00,10.02,0.0457023458182121,0.0,0.0,318.006981792847,9.974297654181788,9.974297654181788
2025-07-14 05:00:00,8.88,10.378191083593787,0.0,0.0,318.006981792847,-1.4981910835937864,-1.4981910835937864
2025-07-14 06:00:00,4.74,21.075170558168296,0.0,0.0,318.006981792847,-16.335170558168294,-16.335170558168294
2025-07-14 07:00:00,4.92,31.407659295943876,0.0,0.0,318.006981792847,-26.487659295943878,-26.487659295943878
2025-07-14 08:00:00,5.1,40.67151526468611,0.0,0.0,318.006981792847,-35.571515264686106,-35.571515264686106
2025-07-14 09:00:00,5.16,48.235421989371055,0.0,0.0,318.006981792847,-43.07542198937105,-43.07542198937105
2025-07-14 10:00:00,5.46,53.5839117266583,0.0,0.0,318.006981792847,-48.1239117266583,-48.1239117266583
2025-07-14 11:00:00,6.0,56.35249373974893,0.0,0.0,318.006981792847,-50.35249373974893,-50.35249373974893
2025-07-14 12:00:00,6.36,56.35249373974893,0.0,0.0,318.006981792847,-49.99249373974893,-49.99249373974893
2025-07-14 13:00:00,9.3,53.5839117266583,0.0,0.0,318.006981792847,-44.2839117266583,-44.2839117266583
2025-07-14 14:00:00,20.76,48.235421989371055,0.0,0.0,318.006981792847,-27.475421989371053,-27.475421989371053
2025-07-14 15:00:00,19.44,40.67151526468611,0.0,0.0,318.006981792847,-21.231515264686106,-21.231515264686106
2025-07-14 16:00:00,18.48,31.407659295943876,0.0,0.0,318.006981792847,-12.927659295943876,-12.927659295943876
2025-07-14 17:00:00,17.88,21.075170558168296,0.0,0.0,318.006981792847,-3.1951705581682965,-3.1951705581682965
2025-07-14 18:00:00,17.82,10.378191083593787,0.0,7.44180891640622,310.565172876441,-7.105427357601002e-15,7.441808916406213
2025-07-14 19:00:00,6.72,0.0457023458182121,0.0,0.0,310.565172876441,6.674297654181788,6.674297654181788
2025-07-14 20:00:00,4.02,0.0,0.0,0.0,310.565172876441,4.02,4.02
2025-07-14 21:00:00,3.3,0.0,0.0,0.0,310.565172876441,3.3,3.3
2025-07-14 22:00:00,3.36,0.0,0.0,0.0,310.565172876441,3.36,3.36
2025-07-14 23:00:00,3.36,0.0,0.0,0.0,310.565172876441,3.36,3.36
2025-07-15 00:00:00,3.3,0.0,0.0,0.0,310.565172876441,3.3,3.3
2025-07-15 01:00:00,3.3,0.0,0.0,0.0,310.565172876441,3.3,3.3
2025-07-15 02:00:00,2.94,0.0,0.0,0.0,310.565172876441,2.94,2.94
2025-07-15 03:00:00,3.24,0.0,0.0,0.0,310.565172876441,3.24,3.24
2025-07-15 04:00:00,2.94,0.0,0.0,0.0,310.565172876441,2.94,2.94
2025-07-15 05:00:00,4.68,10.263693062516804,0.0,0.0,310.565172876441,-5.583693062516804,-5.583693062516804
2025-07-15 06:00:00,4.68,20.972302526664382,0.0,0.0,310.565172876441,-16.292302526664383,-16.292302526664383
2025-07-15 07:00:00,5.1,31.316024971728066,0.0,0.0,310.565172876441,-26.216024971728068,-26.216024971728068
2025-07-15 08:00:00,5.58,40.58995280688632,0.0,0.0,310.565172876441,-35.009952806886325,-35.009952806886325
2025-07-15 09:00:00,6.18,48.162083176063504,0.0,0.0,310.565172876441,-41.982083176063504,-41.982083176063504
2025-07-15 10:00:00,6.48,53.51638790813728,0.0,0.0,310.565172876441,-47.036387908137286,-47.036387908137286
2025-07-15 11:00:00,6.3,56.28797998402378,0.0,0.0,310.565172876441,-49.98797998402378,-49.98797998402378
2025-07-15 12:00:00,6.42,56.28797998402378,0.0,0.0,310.565172876441,-49.867979984023776,-49.867979984023776
2025-07-15 13:00:00,6.6,53.51638790813728,0.0,0.0,310.565172876441,-46.91638790813728,-46.91638790813728
2025-07-15 14:00:00,6.6,48.162083176063504,0.0,0.0,310.565172876441,-41.5620831760635,-41.5620831760635
2025-07-15 15:00:00,5.82,40.58995280688632,0.0,0.0,310.565172876441,-34.76995280688632,-34.76995280688632
2025-07-15 16:00:00,4.68,31.316024971728066,0.0,0.0,310.565172876441,-26.636024971728066,-26.636024971728066
2025-07-15 17:00:00,4.26,20.972302526664382,0.0,0.0,310.565172876441,-16.71230252666438,-16.71230252666438
2025-07-15 18:00:00,4.08,10.263693062516804,0.0,0.0,310.565172876441,-6.183693062516804,-6.183693062516804
2025-07-15 19:00:00,3.9,0.0,0.0,0.0,310.565172876441,3.9,3.9
2025-07-15 20:00:00,3.78,0.0,0.0,0.0,310.565172876441,3.78,3.78
2025-07-15 21:00:00,3.66,0.0,0.0,0.0,310.565172876441,3.66,3.66
2025-07-15 22:00:00,3.6,0.0,0.0,0.0,310.565172876441,3.6,3.6
2025-07-15 23:00:00,6.66,0.0,0.0,0.0,310.565172876441,6.66,6.66
2025-07-16 00:00:00,9.84,0.0,0.0,0.0,310.565172876441,9.84,9.84
2025-07-16 01:00:00,10.08,0.0,0.0,0.0,310.565172876441,10.08,10.08
2025-07-16 02:00:00,9.66,0.0,0.0,0.0,310.565172876441,9.66,9.66
2025-07-16 03:00:00,10.08,0.0,0.0,0.0,310.565172876441,10.08,10.08
2025-07-16 04:00:00,9.72,0.0,0.0,0.0,310.565172876441,9.72,9.72
2025-07-16 05:00:00,9.54,10.144471295702084,0.0,0.0,310.565172876441,-0.6044712957020852,-0.6044712957020852
2025-07-16 06:00:00,10.32,20.86509655040101,0.0,0.0,310.565172876441,-10.54509655040101,-10.54509655040101
2025-07-16 07:00:00,6.0,31.2204253578815,0.0,0.0,310.565172876441,-25.2204253578815,-25.2204253578815
2025-07-16 08:00:00,5.64,40.504759172903775,0.0,0.0,310.565172876441,-34.864759172903774,-34.864759172903774
2025-07-16 09:00:00,6.66,48.08538598906114,0.0,0.0,310.565172876441,-41.42538598906114,-41.42538598906114
2025-07-16 10:00:00,6.96,53.4456986164106,0.0,0.0,310.565172876441,-46.4856986164106,-46.4856986164106
2025-07-16 11:00:00,7.14,56.22040060773374,0.0,0.0,310.565172876441,-49.080400607733736,-49.080400607733736
2025-07-16 12:00:00,7.38,56.22040060773374,0.0,0.0,310.565172876441,-48.840400607733734,-48.840400607733734
2025-07-16 13:00:00,7.2,53.4456986164106,0.0,0.0,310.565172876441,-46.2456986164106,-46.2456986164106
2025-07-16 14:00:00,7.2,48.08538598906114,0.0,0.0,310.565172876441,-40.885385989061135,-40.885385989061135
2025-07-16 15:00:00,6.24,40.504759172903775,0.0,0.0,310.565172876441,-34.26475917290377,-34.26475917290377
2025-07-16 16:00:00,4.62,31.2204253578815,0.0,0.0,310.565172876441,-26.600425357881498,-26.600425357881498
2025-07-16 17:00:00,3.84,20.86509655040101,0.0,0.0,310.565172876441,-17.02509655040101,-17.02509655040101
2025-07-16 18:00:00,3.48,10.144471295702084,0.0,0.0,310.565172876441,-6.664471295702084,-6.664471295702084
2025-07-16 19:00:00,3.66,0.0,0.0,0.0,310.565172876441,3.66,3.66
2025-07-16 20:00:00,3.42,0.0,0.0,0.0,310.565172876441,3.42,3.42
2025-07-16 21:00:00,7.74,0.0,0.0,0.0,310.565172876441,7.74,7.74
2025-07-16 22:00:00,10.14,0.0,0.0,0.0,310.565172876441,10.14,10.14
2025-07-16 23:00:00,10.08,0.0,0.0,0.0,310.565172876441,10.08,10.08
2025-07-17 00:00:00,9.78,0.0,0.0,0.0,310.565172876441,9.78,9.78
2025-07-17 01:00:00,10.02,0.0,0.0,0.0,310.565172876441,10.02,10.02
2025-07-17 02:00:00,10.02,0.0,0.0,0.0,310.565172876441,10.02,10.02
2025-07-17 03:00:00,10.2,0.0,0.0,0.0,310.565172876441,10.2,10.2
2025-07-17 04:00:00,10.08,0.0,0.0,0.0,310.565172876441,10.08,10.08
2025-07-17 05:00:00,9.54,10.02055239315242,0.0,0.0,310.565172876441,-0.48055239315242027,-0.48055239315242027
2025-07-17 06:00:00,10.08,20.75356540310437,0.0,0.0,310.565172876441,-10.673565403104371,-10.673565403104371
2025-07-17 07:00:00,7.56,31.120859863313516,0.0,0.0,310.565172876441,-23.560859863313517,-23.560859863313517
2025-07-17 08:00:00,5.52,40.41592178908078,0.0,0.0,310.565172876441,-34.895921789080774,-34.895921789080774
2025-07-17 09:00:00,4.98,48.00530807098123,0.0,0.0,310.565172876441,-43.025308070981225,-43.025308070981225
2025-07-17 10:00:00,5.22,53.37181457595721,0.0,0.0,310.565172876441,-48.15181457595721,-48.15181457595721
2025-07-17 11:00:00,4.74,56.1497227542659,0.0,0.0,310.565172876441,-51.4097227542659,-51.4097227542659
2025-07-17 12:00:00,4.56,56.1497227542659,0.0,0.0,310.565172876441,-51.5897227542659,-51.5897227542659
2025-07-17 13:00:00,5.34,53.37181457595721,0.0,0.0,310.565172876441,-48.03181457595721,-48.03181457595721
2025-07-17 14:00:00,4.74,48.00530807098123,0.0,0.0,310.565172876441,-43.26530807098123,-43.26530807098123
2025-07-17 15:00:00,3.72,40.41592178908078,0.0,0.0,310.565172876441,-36.69592178908078,-36.69592178908078
2025-07-17 16:00:00,3.24,31.120859863313516,0.0,0.0,310.565172876441,-27.880859863313518,-27.880859863313518
2025-07-17 17:00:00,2.88,20.75356540310437,0.0,0.0,310.565172876441,-17.873565403104372,-17.873565403104372
2025-07-17 18:00:00,3.18,10.02055239315242,0.0,0.0,310.565172876441,-6.84055239315242,-6.84055239315242
2025-07-17 19:00:00,3.06,0.0,0.0,0.0,310.565172876441,3.06,3.06
2025-07-17 20:00:00,3.0,0.0,0.0,0.0,310.565172876441,3.0,3.0
2025-07-17 21:00:00,2.88,0.0,0.0,0.0,310.565172876441,2.88,2.88
2025-07-17 22:00:00,3.24,0.0,0.0,0.0,310.565172876441,3.24,3.24
2025-07-17 23:00:00,3.0,0.0,0.0,0.0,310.565172876441,3.0,3.0
2025-07-18 00:00:00,3.18,0.0,0.0,0.0,310.565172876441,3.18,3.18
2025-07-18 01:00:00,3.24,0.0,0.0,0.0,310.565172876441,3.24,3.24
2025-07-18 02:00:00,3.3,0.0,0.0,0.0,310.565172876441,3.3,3.3
2025-07-18 03:00:00,4.02,0.0,0.0,0.0,310.565172876441,4.02,4.02
2025-07-18 04:00:00,3.78,0.0,0.0,0.0,310.565172876441,3.78,3.78
2025-07-18 05:00:00,3.72,9.891964297370365,0.0,0.0,310.565172876441,-6.171964297370364,-6.171964297370364
2025-07-18 06:00:00,8.04,20.63772274660656,0.0,0.0,310.565172876441,-12.59772274660656,-12.59772274660656
2025-07-18 07:00:00,11.46,31.01732835578776,0.0,0.0,310.565172876441,-19.55732835578776,-19.55732835578776
2025-07-18 08:00:00,11.4,40.323428155757576,0.0,0.0,310.565172876441,-28.923428155757577,-28.923428155757577
2025-07-18 09:00:00,5.7,47.92182682420512,0.0,0.0,310.565172876441,-42.22182682420512,-42.22182682420512
2025-07-18 10:00:00,4.14,53.29470604882321,0.0,0.0,310.565172876441,-49.15470604882321,-49.15470604882321
2025-07-18 11:00:00,4.02,56.07591298955687,0.0,0.0,310.565172876441,-52.05591298955687,-52.05591298955687
2025-07-18 12:00:00,4.32,56.07591298955687,0.0,0.0,310.565172876441,-51.75591298955687,-51.75591298955687
2025-07-18 13:00:00,4.44,53.29470604882321,0.0,0.0,310.565172876441,-48.85470604882321,-48.85470604882321
2025-07-18 14:00:00,4.68,47.92182682420512,0.0,0.0,310.565172876441,-43.24182682420512,-43.24182682420512
2025-07-18 15:00:00,4.32,40.323428155757576,0.0,0.0,310.565172876441,-36.003428155757575,-36.003428155757575
2025-07-18 16:00:00,3.36,31.01732835578776,0.0,0.0,310.565172876441,-27.65732835578776,-27.65732835578776
2025-07-18 17:00:00,3.0,20.63772274660656,0.0,0.0,310.565172876441,-17.63772274660656,-17.63772274660656
2025-07-18 18:00:00,3.24,9.891964297370365,0.0,0.0,310.565172876441,-6.651964297370364,-6.651964297370364
2025-07-18 19:00:00,2.76,0.0,0.0,0.0,310.565172876441,2.76,2.76
2025-07-18 20:00:00,3.0,0.0,0.0,0.0,310.565172876441,3.0,3.0
2025-07-18 21:00:00,3.0,0.0,0.0,0.0,310.565172876441,3.0,3.0
2025-07-18 22:00:00,3.24,0.0,0.0,0.0,310.565172876441,3.24,3.24
2025-07-18 23:00:00,3.12,0.0,0.0,0.0,310.565172876441,3.12,3.12
2025-07-19 00:00:00,6.06,0.0,0.0,0.0,310.565172876441,6.06,6.06
2025-07-19 01:00:00,11.94,0.0,0.0,0.0,310.565172876441,11.94,11.94
2025-07-19 02:00:00,11.7,0.0,0.0,0.0,310.565172876441,11.7,11.7
2025-07-19 03:00:00,11.82,0.0,0.0,0.0,310.565172876441,11.82,11.82
2025-07-19 04:00:00,12.06,0.0,0.0,0.0,310.565172876441,12.06,12.06
2025-07-19 05:00:00,12.3,9.758736306624128,0.0,0.0,310.565172876441,2.541263693375873,2.541263693375873
2025-07-19 06:00:00,11.34,20.51758316914198,0.0,0.0,310.565172876441,-9.177583169141979,-9.177583169141979
2025-07-19 07:00:00,11.28,30.90983121473707,0.0,0.0,310.565172876441,-19.629831214737074,-19.629831214737074
2025-07-19 08:00:00,11.1,40.22726591310403,0.0,0.0,310.565172876441,-29.127265913104026,-29.127265913104026
2025-07-19 09:00:00,11.22,47.834919487338006,0.0,0.0,310.565172876441,-36.61491948733801,-36.61491948733801
2025-07-19 10:00:00,11.28,53.21434291859693,0.0,0.0,310.565172876441,-41.934342918596926,-41.934342918596926
2025-07-19 11:00:00,11.1,55.99893738995805,0.0,0.0,310.565172876441,-44.89893738995805,-44.89893738995805
2025-07-19 12:00:00,11.94,55.99893738995805,0.0,0.0,310.565172876441,-44.058937389958054,-44.058937389958054
2025-07-19 13:00:00,15.42,53.21434291859693,0.0,0.0,310.565172876441,-37.794342918596925,-37.794342918596925
2025-07-19 14:00:00,17.34,47.834919487338006,0.0,0.0,310.565172876441,-30.494919487338006,-30.494919487338006
2025-07-19 15:00:00,17.46,40.22726591310403,0.0,0.0,310.565172876441,-22.767265913104026,-22.767265913104026
2025-07-19 16:00:00,17.52,30.90983121473707,0.0,0.0,310.565172876441,-13.389831214737072,-13.389831214737072
2025-07-19 17:00:00,17.52,20.51758316914198,0.0,0.0,310.565172876441,-2.997583169141979,-2.997583169141979
2025-07-19 18:00:00,3.78,9.758736306624128,0.0,0.0,310.565172876441,-5.978736306624128,-5.978736306624128
2025-07-19 19:00:00,3.0,0.0,0.0,0.0,310.565172876441,3.0,3.0
2025-07-19 20:00:00,2.94,0.0,0.0,0.0,310.565172876441,2.94,2.94
2025-07-19 21:00:00,3.24,0.0,0.0,0.0,310.565172876441,3.24,3.24
2025-07-19 22:00:00,3.3,0.0,0.0,0.0,310.565172876441,3.3,3.3
2025-07-19 23:00:00,3.06,0.0,0.0,0.0,310.565172876441,3.06,3.06
2025-07-20 00:00:00,3.0,0.0,0.0,0.0,310.565172876441,3.0,3.0
2025-07-20 01:00:00,3.12,0.0,0.0,0.0,310.565172876441,3.12,3.12
2025-07-20 02:00:00,3.18,0.0,0.0,0.0,310.565172876441,3.18,3.18
2025-07-20 03:00:00,2.94,0.0,0.0,0.0,310.565172876441,2.94,2.94
2025-07-20 04:00:00,3.06,0.0,0.0,0.0,310.565172876441,3.06,3.06
2025-07-20 05:00:00,2.88,9.62089909815152,0.0,0.0,310.565172876441,-6.74089909815152,-6.74089909815152
2025-07-20 06:00:00,3.0,20.393162224115173,0.0,0.0,310.565172876441,-17.393162224115173,-17.393162224115173
2025-07-20 07:00:00,2.94,30.798369385064877,0.0,0.0,310.565172876441,-27.858369385064876,-27.858369385064876
2025-07-20 08:00:00,3.06,40.12742290839976,0.0,0.0,310.565172876441,-37.067422908399756,-37.067422908399756
2025-07-20 09:00:00,3.06,47.74456321349445,0.0,0.0,310.565172876441,-44.68456321349445,-44.68456321349445
2025-07-20 10:00:00,2.94,53.13069477647628,0.0,0.0,310.565172876441,-50.190694776476285,-50.190694776476285
2025-07-20 11:00:00,3.0,55.91876163233128,0.0,0.0,310.565172876441,-52.91876163233128,-52.91876163233128
2025-07-20 12:00:00,3.06,55.91876163233128,0.0,0.0,310.565172876441,-52.85876163233128,-52.85876163233128
2025-07-20 13:00:00,3.06,53.13069477647628,0.0,0.0,310.565172876441,-50.07069477647628,-50.07069477647628
2025-07-20 14:00:00,3.18,47.74456321349445,0.0,0.0,310.565172876441,-44.56456321349445,-44.56456321349445
2025-07-20 15:00:00,3.0,40.12742290839976,0.0,0.0,310.565172876441,-37.12742290839976,-37.12742290839976
2025-07-20 16:00:00,3.3,30.798369385064877,0.0,0.0,310.565172876441,-27.498369385064876,-27.498369385064876
2025-07-20 17:00:00,3.0,20.393162224115173,0.0,0.0,310.565172876441,-17.393162224115173,-17.393162224115173
2025-07-20 18:00:00,3.24,9.62089909815152,0.0,0.0,310.565172876441,-6.38089909815152,-6.38089909815152
2025-07-20 19:00:00,3.06,0.0,0.0,0.0,310.565172876441,3.06,3.06
2025-07-20 20:00:00,3.0,0.0,0.0,0.0,310.565172876441,3.0,3.0
2025-07-20 21:00:00,3.12,0.0,0.0,0.0,310.565172876441,3.12,3.12
2025-07-20 22:00:00,3.06,0.0,0.0,0.0,310.565172876441,3.06,3.06
2025-07-20 23:00:00,3.06,0.0,0.0,0.0,310.565172876441,3.06,3.06
2025-07-21 00:00:00,3.12,0.0,0.0,0.0,310.565172876441,3.12,3.12
2025-07-21 01:00:00,3.0,0.0,0.0,0.0,310.565172876441,3.0,3.0
2025-07-21 02:00:00,3.06,0.0,0.0,0.0,310.565172876441,3.06,3.06
2025-07-21 03:00:00,3.12,0.0,0.0,0.0,310.565172876441,3.12,3.12
2025-07-21 04:00:00,3.12,0.0,0.0,0.0,310.565172876441,3.12,3.12
2025-07-21 05:00:00,3.42,9.47848475120119,0.0,0.0,310.565172876441,-6.05848475120119,-6.05848475120119
2025-07-21 06:00:00,4.56,20.264476469229816,0.0,0.0,310.565172876441,-15.704476469229817,-15.704476469229817
2025-07-21 07:00:00,4.98,30.68294443181366,0.0,0.0,310.565172876441,-25.70294443181366,-25.70294443181366
2025-07-21 08:00:00,5.34,40.02388726463501,0.0,0.0,310.565172876441,-34.683887264635004,-34.683887264635004
2025-07-21 09:00:00,5.16,47.65073515027498,0.0,0.0,310.565172876441,-42.490735150274986,-42.490735150274986
2025-07-21 10:00:00,5.46,53.043731009289296,0.0,0.0,310.565172876441,-47.583731009289295,-47.583731009289295
2025-07-21 11:00:00,5.52,55.83535108623315,0.0,0.0,310.565172876441,-50.31535108623315,-50.31535108623315
2025-07-21 12:00:00,5.4,55.83535108623315,0.0,0.0,310.565172876441,-50.435351086233155,-50.435351086233155
2025-07-21 13:00:00,5.58,53.043731009289296,0.0,0.0,310.565172876441,-47.4637310092893,-47.4637310092893
2025-07-21 14:00:00,5.82,47.65073515027498,0.0,0.0,310.565172876441,-41.83073515027498,-41.83073515027498
2025-07-21 15:00:00,4.2,40.02388726463501,0.0,0.0,310.565172876441,-35.823887264635005,-35.823887264635005
2025-07-21 16:00:00,8.58,30.68294443181366,0.0,0.0,310.565172876441,-22.10294443181366,-22.10294443181366
2025-07-21 17:00:00,8.04,20.264476469229816,0.0,0.0,310.565172876441,-12.224476469229817,-12.224476469229817
2025-07-21 18:00:00,3.12,9.47848475120119,0.0,0.0,310.565172876441,-6.35848475120119,-6.35848475120119
2025-07-21 19:00:00,3.0,0.0,0.0,0.0,310.565172876441,3.0,3.0
2025-07-21 20:00:00,3.42,0.0,0.0,0.0,310.565172876441,3.42,3.42
2025-07-21 21:00:00,3.18,0.0,0.0,0.0,310.565172876441,3.18,3.18
2025-07-21 22:00:00,3.18,0.0,0.0,0.0,310.565172876441,3.18,3.18
2025-07-21 23:00:00,3.3,0.0,0.0,0.0,310.565172876441,3.3,3.3
2025-07-22 00:00:00,3.36,0.0,0.0,0.0,310.565172876441,3.36,3.36
2025-07-22 01:00:00,3.66,0.0,0.0,0.0,310.565172876441,3.66,3.66
2025-07-22 02:00:00,3.84,0.0,0.0,0.0,310.565172876441,3.84,3.84
2025-07-22 03:00:00,4.2,0.0,0.0,0.0,310.565172876441,4.2,4.2
2025-07-22 04:00:00,4.08,0.0,0.0,0.0,310.565172876441,4.08,4.08
2025-07-22 05:00:00,3.78,9.331526769810534,0.0,0.0,310.565172876441,-5.551526769810534,-5.551526769810534
2025-07-22 06:00:00,4.56,20.131543505867658,0.0,0.0,310.565172876441,-15.571543505867659,-15.571543505867659
2025-07-22 07:00:00,5.22,30.5635585955794,0.0,0.0,310.565172876441,-25.343558595579402,-25.343558595579402
2025-07-22 08:00:00,5.4,39.91664745030195,0.0,0.0,310.565172876441,-34.51664745030195,-34.51664745030195
2025-07-22 09:00:00,5.34,47.55341252129615,0.0,0.0,310.565172876441,-42.21341252129615,-42.21341252129615
2025-07-22 10:00:00,5.28,52.95342088932471,0.0,0.0,310.565172876441,-47.67342088932471,-47.67342088932471
2025-07-22 11:00:00,5.64,55.74867090804226,0.0,0.0,310.565172876441,-50.10867090804226,-50.10867090804226
2025-07-22 12:00:00,5.1,55.74867090804226,0.0,0.0,310.565172876441,-50.648670908042256,-50.648670908042256
2025-07-22 13:00:00,5.82,52.95342088932471,0.0,0.0,310.565172876441,-47.13342088932471,-47.13342088932471
2025-07-22 14:00:00,5.88,47.55341252129615,0.0,0.0,310.565172876441,-41.67341252129615,-41.67341252129615
2025-07-22 15:00:00,5.4,39.91664745030195,0.0,0.0,310.565172876441,-34.51664745030195,-34.51664745030195
2025-07-22 16:00:00,4.02,30.5635585955794,0.0,0.0,310.565172876441,-26.543558595579402,-26.543558595579402
2025-07-22 17:00:00,3.3,20.131543505867658,0.0,0.0,310.565172876441,-16.831543505867657,-16.831543505867657
2025-07-22 18:00:00,3.36,9.331526769810534,0.0,0.0,310.565172876441,-5.971526769810534,-5.971526769810534
2025-07-22 19:00:00,3.06,0.0,0.0,0.0,310.565172876441,3.06,3.06
2025-07-22 20:00:00,3.06,0.0,0.0,0.0,310.565172876441,3.06,3.06
2025-07-22 21:00:00,3.36,0.0,0.0,0.0,310.565172876441,3.36,3.36
2025-07-22 22:00:00,8.34,0.0,0.0,0.0,310.565172876441,8.34,8.34
2025-07-22 23:00:00,9.6,0.0,0.0,0.0,310.565172876441,9.6,9.6
2025-07-23 00:00:00,9.72,0.0,0.0,0.0,310.565172876441,9.72,9.72
2025-07-23 01:00:00,9.54,0.0,0.0,0.0,310.565172876441,9.54,9.54
2025-07-23 02:00:00,9.66,0.0,0.0,0.0,310.565172876441,9.66,9.66
2025-07-23 03:00:00,9.84,0.0,0.0,0.0,310.565172876441,9.84,9.84
2025-07-23 04:00:00,9.78,0.0,0.0,0.0,310.565172876441,9.78,9.78
2025-07-23 05:00:00,3.24,9.180060105217596,0.0,0.0,310.565172876441,-5.940060105217595,-5.940060105217595
2025-07-23 06:00:00,4.26,19.994382018603677,0.0,0.0,310.565172876441,-15.734382018603677,-15.734382018603677
2025-07-23 07:00:00,4.08,30.440214848547093,0.0,0.0,310.565172876441,-26.360214848547095,-26.360214848547095
2025-07-23 08:00:00,4.14,39.80569235024216,0.0,0.0,310.565172876441,-35.66569235024216,-35.66569235024216
2025-07-23 09:00:00,4.56,47.45257270913175,0.0,0.0,310.565172876441,-42.89257270913175,-42.89257270913175
2025-07-23 10:00:00,4.38,52.85973366582478,0.0,0.0,310.565172876441,-48.479733665824774,-48.479733665824774
2025-07-23 11:00:00,4.38,55.65868613687863,0.0,0.0,310.565172876441,-51.278686136878626,-51.278686136878626
2025-07-23 12:00:00,4.92,55.65868613687863,0.0,0.0,310.565172876441,-50.73868613687863,-50.73868613687863
2025-07-23 13:00:00,5.52,52.85973366582478,0.0,0.0,310.565172876441,-47.33973366582478,-47.33973366582478
2025-07-23 14:00:00,5.64,47.45257270913175,0.0,0.0,310.565172876441,-41.81257270913175,-41.81257270913175
2025-07-23 15:00:00,5.22,39.80569235024216,0.0,0.0,310.565172876441,-34.58569235024216,-34.58569235024216
2025-07-23 16:00:00,4.2,30.440214848547093,0.0,0.0,310.565172876441,-26.240214848547094,-26.240214848547094
2025-07-23 17:00:00,4.14,19.994382018603677,0.0,0.0,310.565172876441,-15.854382018603676,-15.854382018603676
2025-07-23 18:00:00,4.5,9.180060105217596,0.0,0.0,310.565172876441,-4.680060105217596,-4.680060105217596
2025-07-23 19:00:00,3.84,0.0,0.0,0.0,310.565172876441,3.84,3.84
2025-07-23 20:00:00,4.14,0.0,0.0,0.0,310.565172876441,4.14,4.14
2025-07-23 21:00:00,4.44,0.0,0.0,0.0,310.565172876441,4.44,4.44
2025-07-23 22:00:00,4.5,0.0,0.0,0.0,310.565172876441,4.5,4.5
2025-07-23 23:00:00,4.5,0.0,0.0,0.0,310.565172876441,4.5,4.5
2025-07-24 00:00:00,4.5,0.0,0.0,0.0,310.565172876441,4.5,4.5
2025-07-24 01:00:00,4.56,0.0,0.0,0.0,310.565172876441,4.56,4.56
2025-07-24 02:00:00,4.38,0.0,0.0,0.0,310.565172876441,4.38,4.38
2025-07-24 03:00:00,4.38,0.0,0.0,0.0,310.565172876441,4.38,4.38
2025-07-24 04:00:00,4.32,0.0,0.0,0.0,310.565172876441,4.32,4.32
2025-07-24 05:00:00,4.44,9.02412117780466,0.0,0.0,310.565172876441,-4.58412117780466,-4.58412117780466
2025-07-24 06:00:00,4.44,19.853011814743063,0.0,0.0,310.565172876441,-15.413011814743061,-15.413011814743061
2025-07-24 07:00:00,4.8,30.31291695102174,0.0,0.0,310.565172876441,-25.51291695102174,-25.51291695102174
2025-07-24 08:00:00,5.22,39.69101133741383,0.0,0.0,310.565172876441,-34.471011337413834,-34.471011337413834
2025-07-24 09:00:00,5.1,47.34819333952048,0.0,0.0,310.565172876441,-42.248193339520476,-42.248193339520476
2025-07-24 10:00:00,4.8,52.76263865798968,0.0,0.0,310.565172876441,-47.962638657989686,-47.962638657989686
2025-07-24 11:00:00,4.86,55.56536179216171,0.0,0.0,310.565172876441,-50.70536179216171,-50.70536179216171
2025-07-24 12:00:00,5.76,55.56536179216171,0.0,0.0,310.565172876441,-49.80536179216171,-49.80536179216171
2025-07-24 13:00:00,6.06,52.76263865798968,0.0,0.0,310.565172876441,-46.70263865798968,-46.70263865798968
2025-07-24 14:00:00,5.52,47.34819333952048,0.0,0.0,310.565172876441,-41.82819333952048,-41.82819333952048
2025-07-24 15:00:00,4.74,39.69101133741383,0.0,0.0,310.565172876441,-34.95101133741383,-34.95101133741383
2025-07-24 16:00:00,4.32,30.31291695102174,0.0,0.0,310.565172876441,-25.99291695102174,-25.99291695102174
2025-07-24 17:00:00,4.02,19.853011814743063,0.0,0.0,310.565172876441,-15.833011814743063,-15.833011814743063
2025-07-24 18:00:00,3.84,9.02412117780466,0.0,0.0,310.565172876441,-5.184121177804661,-5.184121177804661
2025-07-24 19:00:00,3.78,0.0,0.0,0.0,310.565172876441,3.78,3.78
2025-07-24 20:00:00,3.84,0.0,0.0,0.0,310.565172876441,3.84,3.84
2025-07-24 21:00:00,4.26,0.0,0.0,0.0,310.565172876441,4.26,4.26
2025-07-24 22:00:00,4.56,0.0,0.0,0.0,310.565172876441,4.56,4.56
2025-07-24 23:00:00,4.92,0.0,0.0,0.0,310.565172876441,4.92,4.92
2025-07-25 00:00:00,4.38,0.0,0.0,0.0,310.565172876441,4.38,4.38
2025-07-25 01:00:00,4.5,0.0,0.0,0.0,310.565172876441,4.5,4.5
2025-07-25 02:00:00,4.5,0.0,0.0,0.0,310.565172876441,4.5,4.5
2025-07-25 03:00:00,4.68,0.0,0.0,0.0,310.565172876441,4.68,4.68
2025-07-25 04:00:00,4.56,0.0,0.0,0.0,310.565172876441,4.56,4.56
2025-07-25 05:00:00,4.44,8.863747898470262,0.0,0.0,310.565172876441,-4.423747898470261,-4.423747898470261
2025-07-25 06:00:00,4.74,19.707453863763902,0.0,0.0,310.565172876441,-14.967453863763902,-14.967453863763902
2025-07-25 07:00:00,5.46,30.181669508325854,0.0,0.0,310.565172876441,-24.721669508325853,-24.721669508325853
2025-07-25 08:00:00,5.16,39.57259434543901,0.0,0.0,310.565172876441,-34.412594345439004,-34.412594345439004
2025-07-25 09:00:00,5.34,47.24025236669116,0.0,0.0,310.565172876441,-41.90025236669116,-41.90025236669116
2025-07-25 10:00:00,6.0,52.66210534933797,0.0,0.0,310.565172876441,-46.66210534933797,-46.66210534933797
2025-07-25 11:00:00,6.18,55.46866297264778,0.0,0.0,310.565172876441,-49.28866297264778,-49.28866297264778
2025-07-25 12:00:00,5.64,55.46866297264778,0.0,0.0,310.565172876441,-49.82866297264778,-49.82866297264778
2025-07-25 13:00:00,6.0,52.66210534933797,0.0,0.0,310.565172876441,-46.66210534933797,-46.66210534933797
2025-07-25 14:00:00,6.78,47.24025236669116,0.0,0.0,310.565172876441,-40.46025236669116,-40.46025236669116
2025-07-25 15:00:00,6.48,39.57259434543901,0.0,0.0,310.565172876441,-33.09259434543901,-33.09259434543901
2025-07-25 16:00:00,5.34,30.181669508325854,0.0,0.0,310.565172876441,-24.841669508325854,-24.841669508325854
2025-07-25 17:00:00,5.34,19.707453863763902,0.0,0.0,310.565172876441,-14.367453863763902,-14.367453863763902
2025-07-25 18:00:00,5.16,8.863747898470262,0.0,0.0,310.565172876441,-3.7037478984702616,-3.7037478984702616
2025-07-25 19:00:00,5.04,0.0,0.0,0.0,310.565172876441,5.04,5.04
2025-07-25 20:00:00,5.28,0.0,0.0,0.0,310.565172876441,5.28,5.28
2025-07-25 21:00:00,5.7,0.0,0.0,0.0,310.565172876441,5.7,5.7
2025-07-25 22:00:00,5.16,0.0,0.0,0.0,310.565172876441,5.16,5.16
2025-07-25 23:00:00,5.7,0.0,0.0,0.0,310.565172876441,5.7,5.7
2025-07-26 00:00:00,5.16,0.0,0.0,0.0,310.565172876441,5.16,5.16
2025-07-26 01:00:00,5.16,0.0,0.0,0.0,310.565172876441,5.16,5.16
2025-07-26 02:00:00,5.22,0.0,0.0,0.0,310.565172876441,5.22,5.22
2025-07-26 03:00:00,5.4,0.0,0.0,0.0,310.565172876441,5.4,5.4
2025-07-26 04:00:00,5.46,0.0,0.0,0.0,310.565172876441,5.46,5.46
2025-07-26 05:00:00,4.98,8.698979689326766,0.0,0.0,310.565172876441,-3.7189796893267655,-3.7189796893267655
2025-07-26 06:00:00,5.04,19.55773033654897,0.0,0.0,310.565172876441,-14.517730336548972,-14.517730336548972
2025-07-26 07:00:00,5.16,30.046478027934032,0.0,0.0,310.565172876441,-24.886478027934032,-24.886478027934032
2025-07-26 08:00:00,4.98,39.45043194178917,0.0,0.0,310.565172876441,-34.47043194178917,-34.47043194178917
2025-07-26 09:00:00,5.46,47.12872815965381,0.0,0.0,310.565172876441,-41.66872815965381,-41.66872815965381
2025-07-26 10:00:00,5.16,52.55810348326491,0.0,0.0,310.565172876441,-47.398103483264904,-47.398103483264904
2025-07-26 11:00:00,5.28,55.36855495678534,0.0,0.0,310.565172876441,-50.08855495678534,-50.08855495678534
2025-07-26 12:00:00,15.48,55.36855495678534,0.0,0.0,310.565172876441,-39.88855495678534,-39.88855495678534
2025-07-26 13:00:00,18.78,52.55810348326491,0.0,0.0,310.565172876441,-33.77810348326491,-33.77810348326491
2025-07-26 14:00:00,15.42,47.12872815965381,0.0,0.0,310.565172876441,-31.70872815965381,-31.70872815965381
2025-07-26 15:00:00,19.92,39.45043194178917,0.0,0.0,310.565172876441,-19.530431941789168,-19.530431941789168
2025-07-26 16:00:00,8.58,30.046478027934032,0.0,0.0,310.565172876441,-21.46647802793403,-21.46647802793403
2025-07-26 17:00:00,5.34,19.55773033654897,0.0,0.0,310.565172876441,-14.217730336548971,-14.217730336548971
2025-07-26 18:00:00,5.4,8.698979689326766,0.0,0.0,310.565172876441,-3.2989796893267656,-3.2989796893267656
2025-07-26 19:00:00,5.7,0.0,0.0,0.0,310.565172876441,5.7,5.7
2025-07-26 20:00:00,5.58,0.0,0.0,0.0,310.565172876441,5.58,5.58
2025-07-26 21:00:00,5.34,0.0,0.0,0.0,310.565172876441,5.34,5.34
2025-07-26 22:00:00,5.52,0.0,0.0,0.0,310.565172876441,5.52,5.52
2025-07-26 23:00:00,5.4,0.0,0.0,0.0,310.565172876441,5.4,5.4
2025-07-27 00:00:00,5.58,0.0,0.0,0.0,310.565172876441,5.58,5.58
2025-07-27 01:00:00,5.4,0.0,0.0,0.0,310.565172876441,5.4,5.4
2025-07-27 02:00:00,5.34,0.0,0.0,0.0,310.565172876441,5.34,5.34
2025-07-27 03:00:00,5.16,0.0,0.0,0.0,310.565172876441,5.16,5.16
2025-07-27 04:00:00,5.52,0.0,0.0,0.0,310.565172876441,5.52,5.52
2025-07-27 05:00:00,5.4,8.529857503620535,0.0,0.0,310.565172876441,-3.129857503620535,-3.129857503620535
2025-07-27 06:00:00,5.22,19.40386464428905,0.0,0.0,310.565172876441,-14.183864644289052,-14.183864644289052
2025-07-27 07:00:00,5.22,29.907348976712512,0.0,0.0,310.565172876441,-24.687348976712514,-24.687348976712514
2025-07-27 08:00:00,14.64,39.32451540146483,0.0,0.0,310.565172876441,-24.68451540146483,-24.68451540146483
2025-07-27 09:00:00,19.26,47.01359958930247,0.0,0.0,310.565172876441,-27.75359958930247,-27.75359958930247
2025-07-27 10:00:00,19.44,52.45060315963673,0.0,0.0,310.565172876441,-33.01060315963673,-33.01060315963673
2025-07-27 11:00:00,18.3,55.26500330422254,0.0,0.0,310.565172876441,-36.965003304222535,-36.965003304222535
2025-07-27 12:00:00,11.34,55.26500330422254,0.0,0.0,310.565172876441,-43.92500330422254,-43.92500330422254
2025-07-27 13:00:00,5.46,52.45060315963673,0.0,0.0,310.565172876441,-46.99060315963673,-46.99060315963673
2025-07-27 14:00:00,5.28,47.01359958930247,0.0,0.0,310.565172876441,-41.73359958930247,-41.73359958930247
2025-07-27 15:00:00,5.28,39.32451540146483,0.0,0.0,310.565172876441,-34.04451540146483,-34.04451540146483
2025-07-27 16:00:00,5.1,29.907348976712512,0.0,0.0,310.565172876441,-24.80734897671251,-24.80734897671251
2025-07-27 17:00:00,5.46,19.40386464428905,0.0,0.0,310.565172876441,-13.94386464428905,-13.94386464428905
2025-07-27 18:00:00,5.34,8.529857503620535,0.0,0.0,310.565172876441,-3.1898575036205354,-3.1898575036205354
2025-07-27 19:00:00,4.98,0.0,0.0,0.0,310.565172876441,4.98,4.98
2025-07-27 20:00:00,5.4,0.0,0.0,0.0,310.565172876441,5.4,5.4
2025-07-27 21:00:00,5.28,0.0,0.0,0.0,310.565172876441,5.28,5.28
2025-07-27 22:00:00,5.46,0.0,0.0,0.0,310.565172876441,5.46,5.46
2025-07-27 23:00:00,5.4,0.0,0.0,0.0,310.565172876441,5.4,5.4
2025-07-28 00:00:00,5.7,0.0,0.0,0.0,310.565172876441,5.7,5.7
2025-07-28 01:00:00,5.16,0.0,0.0,0.0,310.565172876441,5.16,5.16
2025-07-28 02:00:00,5.28,0.0,0.0,0.0,310.565172876441,5.28,5.28
2025-07-28 03:00:00,5.4,0.0,0.0,0.0,310.565172876441,5.4,5.4
2025-07-28 04:00:00,5.88,0.0,0.0,0.0,310.565172876441,5.88,5.88
2025-07-28 05:00:00,7.2,8.356423844772824,0.0,0.0,310.565172876441,-1.1564238447728235,-1.1564238447728235
2025-07-28 06:00:00,6.54,19.24588147694039,0.0,0.0,310.565172876441,-12.705881476940391,-12.705881476940391
2025-07-28 07:00:00,6.48,29.76428983813164,0.0,0.0,310.565172876441,-23.284289838131638,-23.284289838131638
2025-07-28 08:00:00,7.32,39.19483678102309,0.0,0.0,310.565172876441,-31.87483678102309,-31.87483678102309
2025-07-28 09:00:00,7.8,46.89484611617237,0.0,0.0,310.565172876441,-39.09484611617237,-39.09484611617237
2025-07-28 10:00:00,7.56,52.33957493225615,0.0,0.0,310.565172876441,-44.779574932256146,-44.779574932256146
2025-07-28 11:00:00,7.44,55.15797395829812,0.0,0.0,310.565172876441,-47.717973958298124,-47.717973958298124
2025-07-28 12:00:00,8.22,55.15797395829812,0.0,0.0,310.565172876441,-46.93797395829812,-46.93797395829812
2025-07-28 13:00:00,7.44,52.33957493225615,0.0,0.0,310.565172876441,-44.89957493225615,-44.89957493225615
2025-07-28 14:00:00,6.9,46.89484611617237,0.0,0.0,310.565172876441,-39.99484611617237,-39.99484611617237
2025-07-28 15:00:00,5.4,39.19483678102309,0.0,0.0,310.565172876441,-33.79483678102309,-33.79483678102309
2025-07-28 16:00:00,5.34,29.76428983813164,0.0,0.0,310.565172876441,-24.42428983813164,-24.42428983813164
2025-07-28 17:00:00,4.74,19.24588147694039,0.0,0.0,310.565172876441,-14.50588147694039,-14.50588147694039
2025-07-28 18:00:00,4.86,8.356423844772824,0.0,0.0,310.565172876441,-3.4964238447728233,-3.4964238447728233
2025-07-28 19:00:00,4.86,0.0,0.0,0.0,310.565172876441,4.86,4.86
2025-07-28 20:00:00,4.8,0.0,0.0,0.0,310.565172876441,4.8,4.8
2025-07-28 21:00:00,4.68,0.0,0.0,0.0,310.565172876441,4.68,4.68
2025-07-28 22:00:00,4.68,0.0,0.0,0.0,310.565172876441,4.68,4.68
2025-07-28 23:00:00,4.26,0.0,0.0,0.0,310.565172876441,4.26,4.26
2025-07-29 00:00:00,4.92,0.0,0.0,0.0,310.565172876441,4.92,4.92
2025-07-29 01:00:00,4.44,0.0,0.0,0.0,310.565172876441,4.44,4.44
2025-07-29 02:00:00,4.32,0.0,0.0,0.0,310.565172876441,4.32,4.32
2025-07-29 03:00:00,4.38,0.0,0.0,0.0,310.565172876441,4.38,4.38
2025-07-29 04:00:00,4.38,0.0,0.0,0.0,310.565172876441,4.38,4.38
2025-07-29 05:00:00,4.68,8.178722784440028,0.0,0.0,310.565172876441,-3.4987227844400284,-3.4987227844400284
2025-07-29 06:00:00,5.58,19.08380684111845,0.0,0.0,310.565172876441,-13.503806841118449,-13.503806841118449
2025-07-29 07:00:00,6.96,29.6173091693173,0.0,0.0,310.565172876441,-22.657309169317298,-22.657309169317298
2025-07-29 08:00:00,7.02,39.06138899280546,0.0,0.0,310.565172876441,-32.041388992805466,-32.041388992805466
2025-07-29 09:00:00,7.56,46.77244787869208,0.0,0.0,310.565172876441,-39.212447878692075,-39.212447878692075
2025-07-29 10:00:00,8.4,52.224989907031286,0.0,0.0,310.565172876441,-43.82498990703129,-43.82498990703129
2025-07-29 11:00:00,7.56,55.04743334934352,0.0,0.0,310.565172876441,-47.48743334934352,-47.48743334934352
2025-07-29 12:00:00,8.1,55.04743334934352,0.0,0.0,310.565172876441,-46.94743334934352,-46.94743334934352
2025-07-29 13:00:00,12.78,52.224989907031286,0.0,0.0,310.565172876441,-39.444989907031285,-39.444989907031285
2025-07-29 14:00:00,12.96,46.77244787869208,0.0,0.0,310.565172876441,-33.812447878692076,-33.812447878692076
2025-07-29 15:00:00,12.48,39.06138899280546,0.0,0.0,310.565172876441,-26.58138899280546,-26.58138899280546
2025-07-29 16:00:00,11.16,29.6173091693173,0.0,0.0,310.565172876441,-18.4573091693173,-18.4573091693173
2025-07-29 17:00:00,10.68,19.08380684111845,0.0,0.0,310.565172876441,-8.403806841118449,-8.403806841118449
2025-07-29 18:00:00,9.78,8.178722784440028,0.0,1.60127721555997,308.963895660881,1.3322676295501878e-15,1.6012772155599713
2025-07-29 19:00:00,9.48,0.0,0.0,0.0,308.963895660881,9.48,9.48
2025-07-29 20:00:00,4.14,0.0,0.0,0.0,308.963895660881,4.14,4.14
2025-07-29 21:00:00,3.54,0.0,0.0,0.0,308.963895660881,3.54,3.54
2025-07-29 22:00:00,3.18,0.0,0.0,0.0,308.963895660881,3.18,3.18
2025-07-29 23:00:00,3.3,0.0,0.0,0.0,308.963895660881,3.3,3.3
2025-07-30 00:00:00,3.3,0.0,0.0,0.0,308.963895660881,3.3,3.3
2025-07-30 01:00:00,3.48,0.0,0.0,0.0,308.963895660881,3.48,3.48
2025-07-30 02:00:00,3.36,0.0,0.0,0.0,308.963895660881,3.36,3.36
2025-07-30 03:00:00,3.06,0.0,0.0,0.0,308.963895660881,3.06,3.06
2025-07-30 04:00:00,3.18,0.0,0.0,0.0,308.963895660881,3.18,3.18
2025-07-30 05:00:00,3.24,7.99679997949295,0.0,0.0,308.963895660881,-4.75679997949295,-4.75679997949295
2025-07-30 06:00:00,3.78,18.917668097310308,0.0,0.0,308.963895660881,-15.137668097310309,-15.137668097310309
2025-07-30 07:00:00,4.02,29.46641665780697,0.0,0.0,308.963895660881,-25.44641665780697,-25.44641665780697
2025-07-30 08:00:00,4.74,38.924165879216346,0.0,0.0,308.963895660881,-34.184165879216344,-34.184165879216344
2025-07-30 09:00:00,5.94,46.64638578176897,0.0,0.0,308.963895660881,-40.70638578176897,-40.70638578176897
2025-07-30 10:00:00,6.72,52.10681984067764,0.0,0.0,308.963895660881,-45.38681984067764,-45.38681984067764
2025-07-30 11:00:00,7.2,54.93334849862168,0.0,0.0,308.963895660881,-47.73334849862168,-47.73334849862168
2025-07-30 12:00:00,17.34,54.93334849862168,0.0,0.0,308.963895660881,-37.59334849862168,-37.59334849862168
2025-07-30 13:00:00,21.3,52.10681984067764,0.0,0.0,308.963895660881,-30.806819840677637,-30.806819840677637
2025-07-30 14:00:00,8.88,46.64638578176897,0.0,0.0,308.963895660881,-37.76638578176897,-37.76638578176897
2025-07-30 15:00:00,6.24,38.924165879216346,0.0,0.0,308.963895660881,-32.684165879216344,-32.684165879216344
2025-07-30 16:00:00,4.5,29.46641665780697,0.0,0.0,308.963895660881,-24.96641665780697,-24.96641665780697
2025-07-30 17:00:00,3.48,18.917668097310308,0.0,0.0,308.963895660881,-15.437668097310308,-15.437668097310308
2025-07-30 18:00:00,3.12,7.99679997949295,0.0,0.0,308.963895660881,-4.87679997949295,-4.87679997949295
2025-07-30 19:00:00,11.34,0.0,0.0,0.0,308.963895660881,11.34,11.34
2025-07-30 20:00:00,3.24,0.0,0.0,0.0,308.963895660881,3.24,3.24
2025-07-30 21:00:00,3.18,0.0,0.0,0.0,308.963895660881,3.18,3.18
2025-07-30 22:00:00,2.94,0.0,0.0,0.0,308.963895660881,2.94,2.94
2025-07-30 23:00:00,2.94,0.0,0.0,0.0,308.963895660881,2.94,2.94
2025-07-31 00:00:00,3.0,0.0,0.0,0.0,308.963895660881,3.0,3.0
2025-07-31 01:00:00,3.06,0.0,0.0,0.0,308.963895660881,3.06,3.06
2025-07-31 02:00:00,2.94,0.0,0.0,0.0,308.963895660881,2.94,2.94
2025-07-31 03:00:00,2.94,0.0,0.0,0.0,308.963895660881,2.94,2.94
2025-07-31 04:00:00,3.12,0.0,0.0,0.0,308.963895660881,3.12,3.12
2025-07-31 05:00:00,5.58,7.810702687816891,0.0,0.0,308.963895660881,-2.2307026878168905,-2.2307026878168905
2025-07-31 06:00:00,19.14,18.74749399628908,0.0,0.0,308.963895660881,0.3925060037109205,0.3925060037109205
2025-07-31 07:00:00,19.98,29.31162317787616,0.0,0.0,308.963895660881,-9.33162317787616,-9.33162317787616
2025-07-31 08:00:00,19.86,38.78316228690192,0.0,0.0,308.963895660881,-18.92316228690192,-18.92316228690192
2025-07-31 09:00:00,20.04,46.5166415855447,0.0,0.0,308.963895660881,-26.476641585544698,-26.476641585544698
2025-07-31 10:00:00,11.04,51.98503723978078,0.0,0.0,308.963895660881,-40.94503723978078,-40.94503723978078
2025-07-31 11:00:00,5.76,54.81568712272509,0.0,0.0,308.963895660881,-49.05568712272509,-49.05568712272509
2025-07-31 12:00:00,4.98,54.81568712272509,0.0,0.0,308.963895660881,-49.83568712272509,-49.83568712272509
2025-07-31 13:00:00,4.38,51.98503723978078,0.0,0.0,308.963895660881,-47.60503723978078,-47.60503723978078
2025-07-31 14:00:00,4.38,46.5166415855447,0.0,0.0,308.963895660881,-42.136641585544695,-42.136641585544695
2025-07-31 15:00:00,3.42,38.78316228690192,0.0,0.0,308.963895660881,-35.36316228690192,-35.36316228690192
2025-07-31 16:00:00,4.92,29.31162317787616,0.0,0.0,308.963895660881,-24.391623177876163,-24.391623177876163
2025-07-31 17:00:00,9.9,18.74749399628908,0.0,0.0,308.963895660881,-8.84749399628908,-8.84749399628908
2025-07-31 18:00:00,3.36,7.810702687816891,0.0,0.0,308.963895660881,-4.450702687816891,-4.450702687816891
2025-07-31 19:00:00,3.54,0.0,0.0,0.0,308.963895660881,3.54,3.54
2025-07-31 20:00:00,3.3,0.0,0.0,0.0,308.963895660881,3.3,3.3
2025-07-31 21:00:00,3.54,0.0,14.16,0.0,321.424695660881,17.7,3.54
2025-07-31 22:00:00,3.42,0.0,4.06284583990804,0.0,325.0,7.48284583990804,3.42
2025-07-31 23:00:00,3.6,0.0,0.0,0.0,325.0,3.6,3.6
2025-08-01 00:00:00,3.42,0.0,0.0,0.0,325.0,3.42,3.42
2025-08-01 01:00:00,3.66,0.0,0.0,0.0,325.0,3.66,3.66
2025-08-01 02:00:00,3.78,0.0,0.0,0.0,325.0,3.78,3.78
2025-08-01 03:00:00,4.32,0.0,0.0,0.0,325.0,4.32,4.32
2025-08-01 04:00:00,3.66,0.0,0.0,0.0,325.0,3.66,3.66
2025-08-01 05:00:00,4.02,6.91705087980443,0.0,0.0,325.0,-2.8970508798044303,-2.8970508798044303
2025-08-01 06:00:00,3.54,16.8588548948035,0.0,0.0,325.0,-13.3188548948035,-13.3188548948035
2025-08-01 07:00:00,3.9,26.461900152795444,0.0,0.0,325.0,-22.561900152795445,-22.561900152795445
2025-08-01 08:00:00,3.24,35.07175498923076,0.0,0.0,325.0,-31.83175498923076,-31.83175498923076
2025-08-01 09:00:00,3.36,42.10167202546425,0.0,0.0,325.0,-38.74167202546425,-38.74167202546425
2025-08-01 10:00:00,3.24,47.07257403296377,0.0,0.0,325.0,-43.83257403296377,-43.83257403296377
2025-08-01 11:00:00,3.48,49.64570225472223,0.0,0.0,325.0,-46.165702254722234,-46.165702254722234
2025-08-01 12:00:00,12.42,49.64570225472223,0.0,0.0,325.0,-37.22570225472223,-37.22570225472223
2025-08-01 13:00:00,17.4,47.07257403296377,0.0,0.0,325.0,-29.672574032963773,-29.672574032963773
2025-08-01 14:00:00,22.02,42.10167202546425,0.0,0.0,325.0,-20.081672025464247,-20.081672025464247
2025-08-01 15:00:00,24.0,35.07175498923076,0.0,0.0,325.0,-11.071754989230762,-11.071754989230762
2025-08-01 16:00:00,19.38,26.461900152795444,0.0,0.0,325.0,-7.081900152795445,-7.081900152795445
2025-08-01 17:00:00,16.92,16.8588548948035,0.0,0.061145105196502,324.938854894804,-4.163336342344337e-17,0.06114510519650196
2025-08-01 18:00:00,16.86,6.91705087980443,0.0,9.94294912019557,314.995905774608,0.0,9.94294912019557
2025-08-01 19:00:00,8.82,0.0,0.0,0.0,314.995905774608,8.82,8.82
2025-08-01 20:00:00,6.9,0.0,0.0,0.0,314.995905774608,6.9,6.9
2025-08-01 21:00:00,10.08,0.0,0.0,0.0,314.995905774608,10.08,10.08
2025-08-01 22:00:00,10.02,0.0,0.0,0.0,314.995905774608,10.02,10.02
2025-08-01 23:00:00,10.02,0.0,0.0,0.0,314.995905774608,10.02,10.02
2025-08-02 00:00:00,10.08,0.0,0.0,0.0,314.995905774608,10.08,10.08
2025-08-02 01:00:00,10.5,0.0,0.0,0.0,314.995905774608,10.5,10.5
2025-08-02 02:00:00,10.62,0.0,0.0,0.0,314.995905774608,10.62,10.62
2025-08-02 03:00:00,10.68,0.0,0.0,0.0,314.995905774608,10.68,10.68
2025-08-02 04:00:00,10.74,0.0,0.0,0.0,314.995905774608,10.74,10.74
2025-08-02 05:00:00,10.92,6.7406880651249335,0.0,0.0,314.995905774608,4.1793119348750665,4.1793119348750665
2025-08-02 06:00:00,10.62,16.69714694549219,0.0,0.0,314.995905774608,-6.07714694549219,-6.07714694549219
2025-08-02 07:00:00,3.9,26.314347716424063,0.0,0.0,314.995905774608,-22.414347716424064,-22.414347716424064
2025-08-02 08:00:00,3.24,34.93689403855726,0.0,0.0,314.995905774608,-31.69689403855726,-31.69689403855726
2025-08-02 09:00:00,3.18,41.97717362946997,0.0,0.0,314.995905774608,-38.797173629469974,-38.797173629469974
2025-08-02 10:00:00,3.66,46.9554030696536,0.0,0.0,314.995905774608,-43.2954030696536,-43.2954030696536
2025-08-02 11:00:00,3.12,49.53232424967277,0.0,0.0,314.995905774608,-46.41232424967277,-46.41232424967277
2025-08-02 12:00:00,3.06,49.53232424967277,0.0,0.0,314.995905774608,-46.472324249672766,-46.472324249672766
2025-08-02 13:00:00,3.12,46.9554030696536,0.0,0.0,314.995905774608,-43.8354030696536,-43.8354030696536
2025-08-02 14:00:00,3.24,41.97717362946997,0.0,0.0,314.995905774608,-38.73717362946997,-38.73717362946997
2025-08-02 15:00:00,3.42,34.93689403855726,0.0,0.0,314.995905774608,-31.51689403855726,-31.51689403855726
2025-08-02 16:00:00,3.24,26.314347716424063,0.0,0.0,314.995905774608,-23.074347716424064,-23.074347716424064
2025-08-02 17:00:00,3.06,16.69714694549219,0.0,0.0,314.995905774608,-13.637146945492189,-13.637146945492189
2025-08-02 18:00:00,3.18,6.7406880651249335,0.0,0.0,314.995905774608,-3.5606880651249333,-3.5606880651249333
2025-08-02 19:00:00,3.24,0.0,0.0,0.0,314.995905774608,3.24,3.24
2025-08-02 20:00:00,3.96,0.0,0.0,0.0,314.995905774608,3.96,3.96
2025-08-02 21:00:00,3.36,0.0,0.0,0.0,314.995905774608,3.36,3.36
2025-08-02 22:00:00,3.36,0.0,0.0,0.0,314.995905774608,3.36,3.36
2025-08-02 23:00:00,3.36,0.0,0.0,0.0,314.995905774608,3.36,3.36
2025-08-03 00:00:00,3.3,0.0,0.0,0.0,314.995905774608,3.3,3.3
2025-08-03 01:00:00,3.36,0.0,0.0,0.0,314.995905774608,3.36,3.36
2025-08-03 02:00:00,3.84,0.0,0.0,0.0,314.995905774608,3.84,3.84
2025-08-03 03:00:00,3.48,0.0,0.0,0.0,314.995905774608,3.48,3.48
2025-08-03 04:00:00,3.6,0.0,0.0,0.0,314.995905774608,3.6,3.6
2025-08-03 05:00:00,3.42,6.560673632706166,0.0,0.0,314.995905774608,-3.140673632706166,-3.140673632706166
2025-08-03 06:00:00,3.42,16.53186231321611,0.0,0.0,314.995905774608,-13.11186231321611,-13.11186231321611
2025-08-03 07:00:00,3.6,26.163290978521868,0.0,0.0,314.995905774608,-22.563290978521866,-22.563290978521866
2025-08-03 08:00:00,3.18,34.79859368177131,0.0,0.0,314.995905774608,-31.61859368177131,-31.61859368177131
2025-08-03 09:00:00,3.3,41.84928881425043,0.0,0.0,314.995905774608,-38.54928881425043,-38.54928881425043
2025-08-03 10:00:00,3.18,46.8348831545054,0.0,0.0,314.995905774608,-43.6548831545054,-43.6548831545054
2025-08-03 11:00:00,3.06,49.41561668733203,0.0,0.0,314.995905774608,-46.35561668733203,-46.35561668733203
2025-08-03 12:00:00,5.04,49.41561668733203,0.0,0.0,314.995905774608,-44.375616687332034,-44.375616687332034
2025-08-03 13:00:00,9.72,46.8348831545054,0.0,0.0,314.995905774608,-37.1148831545054,-37.1148831545054
2025-08-03 14:00:00,6.0,41.84928881425043,0.0,0.0,314.995905774608,-35.84928881425043,-35.84928881425043
2025-08-03 15:00:00,3.48,34.79859368177131,0.0,0.0,314.995905774608,-31.318593681771308,-31.318593681771308
2025-08-03 16:00:00,3.36,26.163290978521868,0.0,0.0,314.995905774608,-22.80329097852187,-22.80329097852187
2025-08-03 17:00:00,3.54,16.53186231321611,0.0,0.0,314.995905774608,-12.99186231321611,-12.99186231321611
2025-08-03 18:00:00,3.36,6.560673632706166,0.0,0.0,314.995905774608,-3.2006736327061662,-3.2006736327061662
2025-08-03 19:00:00,3.42,0.0,0.0,0.0,314.995905774608,3.42,3.42
2025-08-03 20:00:00,3.24,0.0,0.0,0.0,314.995905774608,3.24,3.24
2025-08-03 21:00:00,3.24,0.0,0.0,0.0,314.995905774608,3.24,3.24
2025-08-03 22:00:00,3.54,0.0,0.0,0.0,314.995905774608,3.54,3.54
2025-08-03 23:00:00,3.36,0.0,0.0,0.0,314.995905774608,3.36,3.36
2025-08-04 00:00:00,3.24,0.0,0.0,0.0,314.995905774608,3.24,3.24
2025-08-04 01:00:00,3.42,0.0,0.0,0.0,314.995905774608,3.42,3.42
2025-08-04 02:00:00,3.48,0.0,0.0,0.0,314.995905774608,3.48,3.48
2025-08-04 03:00:00,3.42,0.0,0.0,0.0,314.995905774608,3.42,3.42
2025-08-04 04:00:00,3.36,0.0,0.0,0.0,314.995905774608,3.36,3.36
2025-08-04 05:00:00,3.18,6.377056410051095,0.0,0.0,314.995905774608,-3.1970564100510948,-3.1970564100510948
2025-08-04 06:00:00,3.24,16.363032455014732,0.0,0.0,314.995905774608,-13.123032455014732,-13.123032455014732
2025-08-04 07:00:00,3.42,26.008744617549063,0.0,0.0,314.995905774608,-22.58874461754906,-22.58874461754906
2025-08-04 08:00:00,3.12,34.65685355407043,0.0,0.0,314.995905774608,-31.53685355407043,-31.53685355407043
2025-08-04 09:00:00,3.18,41.71800493223062,0.0,0.0,314.995905774608,-38.53800493223062,-38.53800493223062
2025-08-04 10:00:00,3.12,46.710992954712445,0.0,0.0,314.995905774608,-43.59099295471245,-43.59099295471245
2025-08-04 11:00:00,3.12,49.29555373908658,0.0,0.0,314.995905774608,-46.17555373908658,-46.17555373908658
2025-08-04 12:00:00,3.66,49.29555373908658,0.0,0.0,314.995905774608,-45.635553739086575,-45.635553739086575
2025-08-04 13:00:00,3.3,46.710992954712445,0.0,0.0,314.995905774608,-43.41099295471245,-43.41099295471245
2025-08-04 14:00:00,3.48,41.71800493223062,0.0,0.0,314.995905774608,-38.23800493223062,-38.23800493223062
2025-08-04 15:00:00,3.54,34.65685355407043,0.0,0.0,314.995905774608,-31.11685355407043,-31.11685355407043
2025-08-04 16:00:00,3.48,26.008744617549063,0.0,0.0,314.995905774608,-22.528744617549062,-22.528744617549062
2025-08-04 17:00:00,3.36,16.363032455014732,0.0,0.0,314.995905774608,-13.003032455014733,-13.003032455014733
2025-08-04 18:00:00,3.72,6.377056410051095,0.0,0.0,314.995905774608,-2.6570564100510947,-2.6570564100510947
2025-08-04 19:00:00,3.24,0.0,0.0,0.0,314.995905774608,3.24,3.24
2025-08-04 20:00:00,3.42,0.0,0.0,0.0,314.995905774608,3.42,3.42
2025-08-04 21:00:00,3.6,0.0,0.0,0.0,314.995905774608,3.6,3.6
2025-08-04 22:00:00,3.24,0.0,0.0,0.0,314.995905774608,3.24,3.24
2025-08-04 23:00:00,3.48,0.0,0.0,0.0,314.995905774608,3.48,3.48
2025-08-05 00:00:00,3.24,0.0,0.0,0.0,314.995905774608,3.24,3.24
2025-08-05 01:00:00,3.24,0.0,0.0,0.0,314.995905774608,3.24,3.24
2025-08-05 02:00:00,3.36,0.0,0.0,0.0,314.995905774608,3.36,3.36
2025-08-05 03:00:00,3.36,0.0,0.0,0.0,314.995905774608,3.36,3.36
2025-08-05 04:00:00,3.48,0.0,0.0,0.0,314.995905774608,3.48,3.48
2025-08-05 05:00:00,3.3,6.189886730536133,0.0,0.0,314.995905774608,-2.8898867305361335,-2.8898867305361335
2025-08-05 06:00:00,4.44,16.190690240630758,0.0,0.0,314.995905774608,-11.750690240630757,-11.750690240630757
2025-08-05 07:00:00,4.5,25.850724634673515,0.0,0.0,314.995905774608,-21.350724634673515,-21.350724634673515
2025-08-05 08:00:00,4.2,34.51167453267203,0.0,0.0,314.995905774608,-30.311674532672033,-30.311674532672033
2025-08-05 09:00:00,4.14,41.58331051197417,0.0,0.0,314.995905774608,-37.44331051197417,-37.44331051197417
2025-08-05 10:00:00,4.2,46.58371226702148,0.0,0.0,314.995905774608,-42.38371226702148,-42.38371226702148
2025-08-05 11:00:00,3.3,49.1721106817621,0.0,0.0,314.995905774608,-45.8721106817621,-45.8721106817621
2025-08-05 12:00:00,3.6,49.1721106817621,0.0,0.0,314.995905774608,-45.5721106817621,-45.5721106817621
2025-08-05 13:00:00,5.88,46.58371226702148,0.0,0.0,314.995905774608,-40.70371226702148,-40.70371226702148
2025-08-05 14:00:00,17.52,41.58331051197417,0.0,0.0,314.995905774608,-24.06331051197417,-24.06331051197417
2025-08-05 15:00:00,16.5,34.51167453267203,0.0,0.0,314.995905774608,-18.011674532672032,-18.011674532672032
2025-08-05 16:00:00,3.66,25.850724634673515,0.0,0.0,314.995905774608,-22.190724634673515,-22.190724634673515
2025-08-05 17:00:00,3.6,16.190690240630758,0.0,0.0,314.995905774608,-12.590690240630758,-12.590690240630758
2025-08-05 18:00:00,3.66,6.189886730536133,0.0,0.0,314.995905774608,-2.529886730536133,-2.529886730536133
2025-08-05 19:00:00,3.24,0.0,0.0,0.0,314.995905774608,3.24,3.24
2025-08-05 20:00:00,3.42,0.0,0.0,0.0,314.995905774608,3.42,3.42
2025-08-05 21:00:00,3.54,0.0,0.0,0.0,314.995905774608,3.54,3.54
2025-08-05 22:00:00,3.42,0.0,0.0,0.0,314.995905774608,3.42,3.42
2025-08-05 23:00:00,3.18,0.0,0.0,0.0,314.995905774608,3.18,3.18
2025-08-06 00:00:00,3.48,0.0,0.0,0.0,314.995905774608,3.48,3.48
2025-08-06 01:00:00,3.48,0.0,0.0,0.0,314.995905774608,3.48,3.48
2025-08-06 02:00:00,3.3,0.0,0.0,0.0,314.995905774608,3.3,3.3
2025-08-06 03:00:00,3.66,0.0,0.0,0.0,314.995905774608,3.66,3.66
2025-08-06 04:00:00,3.18,0.0,0.0,0.0,314.995905774608,3.18,3.18
2025-08-06 05:00:00,3.42,5.999216439558967,0.0,0.0,314.995905774608,-2.5792164395589667,-2.5792164395589667
2025-08-06 06:00:00,3.18,16.014869979048488,0.0,0.0,314.995905774608,-12.834869979048488,-12.834869979048488
2025-08-06 07:00:00,3.54,25.689248400004924,0.0,0.0,314.995905774608,-22.149248400004925,-22.149248400004925
2025-08-06 08:00:00,3.42,34.36305880070637,0.0,0.0,314.995905774608,-30.943058800706368,-30.943058800706368
2025-08-06 09:00:00,3.3,41.44519533649445,0.0,0.0,314.995905774608,-38.14519533649445,-38.14519533649445
2025-08-06 10:00:00,3.36,46.45302210623921,0.0,0.0,314.995905774608,-43.09302210623921,-43.09302210623921
2025-08-06 11:00:00,4.8,49.04526399140757,0.0,0.0,314.995905774608,-44.245263991407576,-44.245263991407576
2025-08-06 12:00:00,4.44,49.04526399140757,0.0,0.0,314.995905774608,-44.605263991407575,-44.605263991407575
2025-08-06 13:00:00,10.8,46.45302210623921,0.0,0.0,314.995905774608,-35.653022106239206,-35.653022106239206
2025-08-06 14:00:00,17.94,41.44519533649445,0.0,0.0,314.995905774608,-23.50519533649445,-23.50519533649445
2025-08-06 15:00:00,17.58,34.36305880070637,0.0,0.0,314.995905774608,-16.78305880070637,-16.78305880070637
2025-08-06 16:00:00,17.22,25.689248400004924,0.0,0.0,314.995905774608,-8.469248400004926,-8.469248400004926
2025-08-06 17:00:00,17.4,16.014869979048488,0.0,1.38513002095152,313.610775753656,-9.103828801926284e-15,1.385130020951511
2025-08-06 18:00:00,17.16,5.999216439558967,0.0,11.160783560441,302.449992193215,3.197442310920451e-14,11.160783560441033
2025-08-06 19:00:00,4.14,0.0,0.0,0.0,302.449992193215,4.14,4.14
2025-08-06 20:00:00,3.78,0.0,0.0,0.0,302.449992193215,3.78,3.78
2025-08-06 21:00:00,3.54,0.0,0.0,0.0,302.449992193215,3.54,3.54
2025-08-06 22:00:00,3.3,0.0,0.0,0.0,302.449992193215,3.3,3.3
2025-08-06 23:00:00,3.72,0.0,0.0,0.0,302.449992193215,3.72,3.72
2025-08-07 00:00:00,3.48,0.0,0.0,0.0,302.449992193215,3.48,3.48
2025-08-07 01:00:00,3.24,0.0,0.0,0.0,302.449992193215,3.24,3.24
2025-08-07 02:00:00,3.66,0.0,0.0,0.0,302.449992193215,3.66,3.66
2025-08-07 03:00:00,3.36,0.0,0.0,0.0,302.449992193215,3.36,3.36
2025-08-07 04:00:00,3.42,0.0,0.0,0.0,302.449992193215,3.42,3.42
2025-08-07 05:00:00,3.42,5.805098899049311,0.0,0.0,302.449992193215,-2.3850988990493107,-2.3850988990493107
2025-08-07 06:00:00,3.36,15.835607443600892,0.0,0.0,302.449992193215,-12.475607443600893,-12.475607443600893
2025-08-07 07:00:00,3.3,25.524334697596437,0.0,0.0,302.449992193215,-22.224334697596436,-22.224334697596436
2025-08-07 08:00:00,4.02,34.21100991005497,0.0,0.0,302.449992193215,-30.19100991005497,-30.19100991005497
2025-08-07 09:00:00,4.08,41.303650520657,0.0,0.0,302.449992193215,-37.223650520657,-37.223650520657
2025-08-07 10:00:00,3.9,46.31890479293279,0.0,0.0,302.449992193215,-42.41890479293279,-42.41890479293279
2025-08-07 11:00:00,3.78,48.914991436326304,0.0,0.0,302.449992193215,-45.1349914363263,-45.1349914363263
2025-08-07 12:00:00,3.06,48.914991436326304,0.0,0.0,302.449992193215,-45.8549914363263,-45.8549914363263
2025-08-07 13:00:00,3.48,46.31890479293279,0.0,0.0,302.449992193215,-42.838904792932794,-42.838904792932794
2025-08-07 14:00:00,3.0,41.303650520657,0.0,0.0,302.449992193215,-38.303650520657,-38.303650520657
2025-08-07 15:00:00,3.3,34.21100991005497,0.0,0.0,302.449992193215,-30.91100991005497,-30.91100991005497
2025-08-07 16:00:00,2.94,25.524334697596437,0.0,0.0,302.449992193215,-22.584334697596436,-22.584334697596436
2025-08-07 17:00:00,3.0,15.835607443600892,0.0,0.0,302.449992193215,-12.835607443600892,-12.835607443600892
2025-08-07 18:00:00,3.18,5.805098899049311,0.0,0.0,302.449992193215,-2.6250988990493105,-2.6250988990493105
2025-08-07 19:00:00,3.0,0.0,0.0,0.0,302.449992193215,3.0,3.0
2025-08-07 20:00:00,2.88,0.0,0.0,0.0,302.449992193215,2.88,2.88
2025-08-07 21:00:00,3.3,0.0,0.0,0.0,302.449992193215,3.3,3.3
2025-08-07 22:00:00,2.88,0.0,0.0,0.0,302.449992193215,2.88,2.88
2025-08-07 23:00:00,2.88,0.0,0.0,0.0,302.449992193215,2.88,2.88
2025-08-08 00:00:00,3.06,0.0,0.0,0.0,302.449992193215,3.06,3.06
2025-08-08 01:00:00,2.82,0.0,0.0,0.0,302.449992193215,2.82,2.82
2025-08-08 02:00:00,3.12,0.0,0.0,0.0,302.449992193215,3.12,3.12
2025-08-08 03:00:00,2.82,0.0,0.0,0.0,302.449992193215,2.82,2.82
2025-08-08 04:00:00,3.0,0.0,0.0,0.0,302.449992193215,3.0,3.0
2025-08-08 05:00:00,2.64,5.607588990273492,0.0,0.0,302.449992193215,-2.967588990273492,-2.967588990273492
2025-08-08 06:00:00,2.94,15.652939895552764,0.0,0.0,302.449992193215,-12.712939895552765,-12.712939895552765
2025-08-08 07:00:00,2.82,25.356003769098272,0.0,0.0,302.449992193215,-22.536003769098272,-22.536003769098272
2025-08-08 08:00:00,3.42,34.05553284299913,0.0,0.0,302.449992193215,-30.635532842999126,-30.635532842999126
2025-08-08 09:00:00,4.2,41.15866858752051,0.0,0.0,302.449992193215,-36.958668587520506,-36.958668587520506
2025-08-08 10:00:00,4.5,46.18134404016014,0.0,0.0,302.449992193215,-41.68134404016014,-41.68134404016014
2025-08-08 11:00:00,4.14,48.78127216918427,0.0,0.0,302.449992193215,-44.64127216918427,-44.64127216918427
2025-08-08 12:00:00,4.62,48.78127216918427,0.0,0.0,302.449992193215,-44.16127216918427,-44.16127216918427
2025-08-08 13:00:00,4.68,46.18134404016014,0.0,0.0,302.449992193215,-41.50134404016014,-41.50134404016014
2025-08-08 14:00:00,4.44,41.15866858752051,0.0,0.0,302.449992193215,-36.71866858752051,-36.71866858752051
2025-08-08 15:00:00,3.96,34.05553284299913,0.0,0.0,302.449992193215,-30.095532842999127,-30.095532842999127
2025-08-08 16:00:00,3.72,25.356003769098272,0.0,0.0,302.449992193215,-21.636003769098274,-21.636003769098274
2025-08-08 17:00:00,3.42,15.652939895552764,0.0,0.0,302.449992193215,-12.232939895552764,-12.232939895552764
2025-08-08 18:00:00,3.48,5.607588990273492,0.0,0.0,302.449992193215,-2.1275889902734924,-2.1275889902734924
2025-08-08 19:00:00,3.54,0.0,0.0,0.0,302.449992193215,3.54,3.54
2025-08-08 20:00:00,3.6,0.0,0.0,0.0,302.449992193215,3.6,3.6
2025-08-08 21:00:00,3.6,0.0,0.0,0.0,302.449992193215,3.6,3.6
2025-08-08 22:00:00,3.54,0.0,0.0,0.0,302.449992193215,3.54,3.54
2025-08-08 23:00:00,3.12,0.0,0.0,0.0,302.449992193215,3.12,3.12
2025-08-09 00:00:00,3.6,0.0,0.0,0.0,302.449992193215,3.6,3.6
2025-08-09 01:00:00,3.36,0.0,0.0,0.0,302.449992193215,3.36,3.36
2025-08-09 02:00:00,3.3,0.0,0.0,0.0,302.449992193215,3.3,3.3
2025-08-09 03:00:00,3.42,0.0,0.0,0.0,302.449992193215,3.42,3.42
2025-08-09 04:00:00,3.48,0.0,0.0,0.0,302.449992193215,3.48,3.48
2025-08-09 05:00:00,3.12,5.406743114867395,0.0,0.0,302.449992193215,-2.286743114867395,-2.286743114867395
2025-08-09 06:00:00,3.24,15.46690610607034,0.0,0.0,302.449992193215,-12.22690610607034,-12.22690610607034
2025-08-09 07:00:00,3.0,25.18427735595075,0.0,0.0,302.449992193215,-22.18427735595075,-22.18427735595075
2025-08-09 08:00:00,3.18,33.896634072544536,0.0,0.0,302.449992193215,-30.716634072544537,-30.716634072544537
2025-08-09 09:00:00,3.6,41.01024354346608,0.0,0.0,302.449992193215,-37.41024354346608,-37.41024354346608
2025-08-09 10:00:00,3.6,46.04032503906755,0.0,0.0,302.449992193215,-42.440325039067545,-42.440325039067545
2025-08-09 11:00:00,4.68,48.644086818026416,0.0,0.0,302.449992193215,-43.964086818026416,-43.964086818026416
2025-08-09 12:00:00,17.76,48.644086818026416,0.0,0.0,302.449992193215,-30.884086818026415,-30.884086818026415
2025-08-09 13:00:00,17.82,46.04032503906755,0.0,0.0,302.449992193215,-28.220325039067546,-28.220325039067546
2025-08-09 14:00:00,17.82,41.01024354346608,0.0,0.0,302.449992193215,-23.19024354346608,-23.19024354346608
2025-08-09 15:00:00,5.58,33.896634072544536,0.0,0.0,302.449992193215,-28.316634072544538,-28.316634072544538
2025-08-09 16:00:00,3.78,25.18427735595075,0.0,0.0,302.449992193215,-21.40427735595075,-21.40427735595075
2025-08-09 17:00:00,3.6,15.46690610607034,0.0,0.0,302.449992193215,-11.86690610607034,-11.86690610607034
2025-08-09 18:00:00,4.08,5.406743114867395,0.0,0.0,302.449992193215,-1.3267431148673952,-1.3267431148673952
2025-08-09 19:00:00,3.6,0.0,0.0,0.0,302.449992193215,3.6,3.6
2025-08-09 20:00:00,3.6,0.0,0.0,0.0,302.449992193215,3.6,3.6
2025-08-09 21:00:00,3.36,0.0,0.0,0.0,302.449992193215,3.36,3.36
2025-08-09 22:00:00,3.6,0.0,0.0,0.0,302.449992193215,3.6,3.6
2025-08-09 23:00:00,3.6,0.0,0.0,0.0,302.449992193215,3.6,3.6
2025-08-10 00:00:00,3.3,0.0,0.0,0.0,302.449992193215,3.3,3.3
2025-08-10 01:00:00,3.42,0.0,0.0,0.0,302.449992193215,3.42,3.42
2025-08-10 02:00:00,3.3,0.0,0.0,0.0,302.449992193215,3.3,3.3
2025-08-10 03:00:00,3.36,0.0,0.0,0.0,302.449992193215,3.36,3.36
2025-08-10 04:00:00,3.48,0.0,0.0,0.0,302.449992193215,3.48,3.48
2025-08-10 05:00:00,3.18,5.202619194035965,0.0,0.0,302.449992193215,-2.0226191940359652,-2.0226191940359652
2025-08-10 06:00:00,3.3,15.277546376490733,0.0,0.0,302.449992193215,-11.977546376490732,-11.977546376490732
2025-08-10 07:00:00,3.18,25.009178740005545,0.0,0.0,302.449992193215,-21.829178740005545,-21.829178740005545
2025-08-10 08:00:00,3.24,33.734321621289745,0.0,0.0,302.449992193215,-30.494321621289743,-30.494321621289743
2025-08-10 09:00:00,3.6,40.85837095196418,0.0,0.0,302.449992193215,-37.25837095196418,-37.25837095196418
2025-08-10 10:00:00,3.48,45.89583454319156,0.0,0.0,302.449992193215,-42.415834543191565,-42.415834543191565
2025-08-10 11:00:00,3.6,48.50341757603194,0.0,0.0,302.449992193215,-44.90341757603194,-44.90341757603194
2025-08-10 12:00:00,3.66,48.50341757603194,0.0,0.0,302.449992193215,-44.84341757603194,-44.84341757603194
2025-08-10 13:00:00,3.84,45.89583454319156,0.0,0.0,302.449992193215,-42.055834543191565,-42.055834543191565
2025-08-10 14:00:00,4.26,40.85837095196418,0.0,0.0,302.449992193215,-36.598370951964185,-36.598370951964185
2025-08-10 15:00:00,3.96,33.734321621289745,0.0,0.0,302.449992193215,-29.774321621289744,-29.774321621289744
2025-08-10 16:00:00,3.84,25.009178740005545,0.0,0.0,302.449992193215,-21.169178740005545,-21.169178740005545
2025-08-10 17:00:00,3.84,15.277546376490733,0.0,0.0,302.449992193215,-11.437546376490733,-11.437546376490733
2025-08-10 18:00:00,3.84,5.202619194035965,0.0,0.0,302.449992193215,-1.3626191940359655,-1.3626191940359655
2025-08-10 19:00:00,3.78,0.0,0.0,0.0,302.449992193215,3.78,3.78
2025-08-10 20:00:00,3.78,0.0,0.0,0.0,302.449992193215,3.78,3.78
2025-08-10 21:00:00,3.36,0.0,0.0,0.0,302.449992193215,3.36,3.36
2025-08-10 22:00:00,3.6,0.0,0.0,0.0,302.449992193215,3.6,3.6
2025-08-10 23:00:00,3.36,0.0,0.0,0.0,302.449992193215,3.36,3.36
2025-08-11 00:00:00,3.24,0.0,0.0,0.0,302.449992193215,3.24,3.24
2025-08-11 01:00:00,3.78,0.0,0.0,0.0,302.449992193215,3.78,3.78
2025-08-11 02:00:00,3.24,0.0,0.0,0.0,302.449992193215,3.24,3.24
2025-08-11 03:00:00,3.3,0.0,0.0,0.0,302.449992193215,3.3,3.3
2025-08-11 04:00:00,3.24,0.0,0.0,0.0,302.449992193215,3.24,3.24
2025-08-11 05:00:00,3.42,4.995276665861998,0.0,0.0,302.449992193215,-1.575276665861998,-1.575276665861998
2025-08-11 06:00:00,3.78,15.084902556808064,0.0,0.0,302.449992193215,-11.304902556808065,-11.304902556808065
2025-08-11 07:00:00,4.32,24.830732782467717,0.0,0.0,302.449992193215,-20.510732782467716,-20.510732782467716
2025-08-11 08:00:00,4.5,33.5686051187082,0.0,0.0,302.449992193215,-29.0686051187082,-29.0686051187082
2025-08-11 09:00:00,4.44,40.70304800583152,0.0,0.0,302.449992193215,-36.26304800583152,-36.26304800583152
2025-08-11 10:00:00,4.5,45.74786095130455,0.0,0.0,302.449992193215,-41.24786095130455,-41.24786095130455
2025-08-11 11:00:00,4.68,48.35924828984087,0.0,0.0,302.449992193215,-43.67924828984087,-43.67924828984087
2025-08-11 12:00:00,4.86,48.35924828984087,0.0,0.0,302.449992193215,-43.49924828984087,-43.49924828984087
2025-08-11 13:00:00,5.16,45.74786095130455,0.0,0.0,302.449992193215,-40.58786095130455,-40.58786095130455
2025-08-11 14:00:00,5.28,40.70304800583152,0.0,0.0,302.449992193215,-35.42304800583152,-35.42304800583152
2025-08-11 15:00:00,4.74,33.5686051187082,0.0,0.0,302.449992193215,-28.828605118708197,-28.828605118708197
2025-08-11 16:00:00,3.78,24.830732782467717,0.0,0.0,302.449992193215,-21.050732782467716,-21.050732782467716
2025-08-11 17:00:00,4.26,15.084902556808064,0.0,0.0,302.449992193215,-10.824902556808064,-10.824902556808064
2025-08-11 18:00:00,3.54,4.995276665861998,0.0,0.0,302.449992193215,-1.455276665861998,-1.455276665861998
2025-08-11 19:00:00,4.8,0.0,0.0,0.0,302.449992193215,4.8,4.8
2025-08-11 20:00:00,10.2,0.0,0.0,0.0,302.449992193215,10.2,10.2
2025-08-11 21:00:00,10.44,0.0,0.0,0.0,302.449992193215,10.44,10.44
2025-08-11 22:00:00,9.84,0.0,0.0,0.0,302.449992193215,9.84,9.84
2025-08-11 23:00:00,10.2,0.0,0.0,0.0,302.449992193215,10.2,10.2
2025-08-12 00:00:00,10.08,0.0,0.0,0.0,302.449992193215,10.08,10.08
2025-08-12 01:00:00,10.26,0.0,0.0,0.0,302.449992193215,10.26,10.26
2025-08-12 02:00:00,10.02,0.0,0.0,0.0,302.449992193215,10.02,10.02
2025-08-12 03:00:00,10.14,0.0,0.0,0.0,302.449992193215,10.14,10.14
2025-08-12 04:00:00,9.96,0.0,0.0,0.0,302.449992193215,9.96,9.96
2025-08-12 05:00:00,9.96,4.78477648067071,0.0,0.0,302.449992193215,5.175223519329291,5.175223519329291
2025-08-12 06:00:00,9.84,14.889018062296602,0.0,0.0,302.449992193215,-5.049018062296602,-5.049018062296602
2025-08-12 07:00:00,9.96,24.64896596105295,0.0,0.0,302.449992193215,-14.68896596105295,-14.68896596105295
2025-08-12 08:00:00,5.88,33.39949585671602,0.0,0.0,302.449992193215,-27.519495856716023,-27.519495856716023
2025-08-12 09:00:00,4.68,40.54427359783077,0.0,0.0,302.449992193215,-35.86427359783077,-35.86427359783077
2025-08-12 10:00:00,3.72,45.59639438864372,0.0,0.0,302.449992193215,-41.876394388643725,-41.876394388643725
2025-08-12 11:00:00,4.38,48.21156454628531,0.0,0.0,302.449992193215,-43.83156454628531,-43.83156454628531
2025-08-12 12:00:00,4.26,48.21156454628531,0.0,0.0,302.449992193215,-43.95156454628531,-43.95156454628531
2025-08-12 13:00:00,4.38,45.59639438864372,0.0,0.0,302.449992193215,-41.21639438864372,-41.21639438864372
2025-08-12 14:00:00,4.5,40.54427359783077,0.0,0.0,302.449992193215,-36.04427359783077,-36.04427359783077
2025-08-12 15:00:00,4.2,33.39949585671602,0.0,0.0,302.449992193215,-29.199495856716023,-29.199495856716023
2025-08-12 16:00:00,3.3,24.64896596105295,0.0,0.0,302.449992193215,-21.34896596105295,-21.34896596105295
2025-08-12 17:00:00,2.94,14.889018062296602,0.0,0.0,302.449992193215,-11.949018062296602,-11.949018062296602
2025-08-12 18:00:00,3.18,4.78477648067071,0.0,0.0,302.449992193215,-1.60477648067071,-1.60477648067071
2025-08-12 19:00:00,3.18,0.0,0.0,0.0,302.449992193215,3.18,3.18
2025-08-12 20:00:00,3.12,0.0,0.0,0.0,302.449992193215,3.12,3.12
2025-08-12 21:00:00,2.88,0.0,0.0,0.0,302.449992193215,2.88,2.88
2025-08-12 22:00:00,3.3,0.0,0.0,0.0,302.449992193215,3.3,3.3
2025-08-12 23:00:00,2.94,0.0,0.0,0.0,302.449992193215,2.94,2.94
2025-08-13 00:00:00,3.3,0.0,0.0,0.0,302.449992193215,3.3,3.3
2025-08-13 01:00:00,2.7,0.0,0.0,0.0,302.449992193215,2.7,2.7
2025-08-13 02:00:00,2.94,0.0,0.0,0.0,302.449992193215,2.94,2.94
2025-08-13 03:00:00,2.94,0.0,0.0,0.0,302.449992193215,2.94,2.94
2025-08-13 04:00:00,3.3,0.0,0.0,0.0,302.449992193215,3.3,3.3
2025-08-13 05:00:00,2.88,4.571181094401907,0.0,0.0,302.449992193215,-1.691181094401907,-1.691181094401907
2025-08-13 06:00:00,3.9,14.689937888195598,0.0,0.0,302.449992193215,-10.789937888195597,-10.789937888195597
2025-08-13 07:00:00,3.78,24.46390640525888,0.0,0.0,302.449992193215,-20.683906405258877,-20.683906405258877
2025-08-13 08:00:00,3.84,33.2270068434006,0.0,0.0,302.449992193215,-29.387006843400602,-29.387006843400602
2025-08-13 09:00:00,4.14,40.382048389469546,0.0,0.0,302.449992193215,-36.242048389469545,-36.242048389469545
2025-08-13 10:00:00,3.9,45.4414267863664,0.0,0.0,302.449992193215,-41.5414267863664,-41.5414267863664
2025-08-13 11:00:00,3.9,48.06035375736071,0.0,0.0,302.449992193215,-44.16035375736071,-44.16035375736071
2025-08-13 12:00:00,3.96,48.06035375736071,0.0,0.0,302.449992193215,-44.10035375736071,-44.10035375736071
2025-08-13 13:00:00,4.38,45.4414267863664,0.0,0.0,302.449992193215,-41.0614267863664,-41.0614267863664
2025-08-13 14:00:00,3.9,40.382048389469546,0.0,0.0,302.449992193215,-36.48204838946955,-36.48204838946955
2025-08-13 15:00:00,4.26,33.2270068434006,0.0,0.0,302.449992193215,-28.967006843400604,-28.967006843400604
2025-08-13 16:00:00,3.48,24.46390640525888,0.0,0.0,302.449992193215,-20.983906405258878,-20.983906405258878
2025-08-13 17:00:00,3.18,14.689937888195598,0.0,0.0,302.449992193215,-11.509937888195598,-11.509937888195598
2025-08-13 18:00:00,3.18,4.571181094401907,0.0,0.0,302.449992193215,-1.3911810944019067,-1.3911810944019067
2025-08-13 19:00:00,3.3,0.0,0.0,0.0,302.449992193215,3.3,3.3
2025-08-13 20:00:00,2.88,0.0,0.0,0.0,302.449992193215,2.88,2.88
2025-08-13 21:00:00,3.18,0.0,0.0,0.0,302.449992193215,3.18,3.18
2025-08-13 22:00:00,2.82,0.0,0.0,0.0,302.449992193215,2.82,2.82
2025-08-13 23:00:00,3.3,0.0,0.0,0.0,302.449992193215,3.3,3.3
2025-08-14 00:00:00,2.88,0.0,0.0,0.0,302.449992193215,2.88,2.88
2025-08-14 01:00:00,2.82,0.0,0.0,0.0,302.449992193215,2.82,2.82
2025-08-14 02:00:00,2.88,0.0,0.0,0.0,302.449992193215,2.88,2.88
2025-08-14 03:00:00,3.12,0.0,0.0,0.0,302.449992193215,3.12,3.12
2025-08-14 04:00:00,2.94,0.0,0.0,0.0,302.449992193215,2.94,2.94
2025-08-14 05:00:00,2.76,4.354554459945496,0.0,0.0,302.449992193215,-1.5945544599454964,-1.5945544599454964
2025-08-14 06:00:00,3.84,14.48770862238389,0.0,0.0,302.449992193215,-10.64770862238389,-10.64770862238389
2025-08-14 07:00:00,4.02,24.2755839296517,0.0,0.0,302.449992193215,-20.2555839296517,-20.2555839296517
2025-08-14 08:00:00,4.02,33.05115285478736,0.0,0.0,302.449992193215,-29.03115285478736,-29.03115285478736
2025-08-14 09:00:00,3.66,40.21637487785624,0.0,0.0,302.449992193215,-36.55637487785624,-36.55637487785624
2025-08-14 10:00:00,3.48,45.28295195907543,0.0,0.0,302.449992193215,-41.802951959075436,-41.802951959075436
2025-08-14 11:00:00,4.08,47.905605243274366,0.0,0.0,302.449992193215,-43.82560524327437,-43.82560524327437
2025-08-14 12:00:00,3.9,47.905605243274366,0.0,0.0,302.449992193215,-44.00560524327437,-44.00560524327437
2025-08-14 13:00:00,3.84,45.28295195907543,0.0,0.0,302.449992193215,-41.44295195907543,-41.44295195907543
2025-08-14 14:00:00,3.96,40.21637487785624,0.0,0.0,302.449992193215,-36.25637487785624,-36.25637487785624
2025-08-14 15:00:00,3.24,33.05115285478736,0.0,0.0,302.449992193215,-29.81115285478736,-29.81115285478736
2025-08-14 16:00:00,3.0,24.2755839296517,0.0,0.0,302.449992193215,-21.2755839296517,-21.2755839296517
2025-08-14 17:00:00,3.12,14.48770862238389,0.0,0.0,302.449992193215,-11.36770862238389,-11.36770862238389
2025-08-14 18:00:00,2.88,4.354554459945496,0.0,0.0,302.449992193215,-1.4745544599454963,-1.4745544599454963
2025-08-14 19:00:00,3.18,0.0,0.0,0.0,302.449992193215,3.18,3.18
2025-08-14 20:00:00,3.18,0.0,0.0,0.0,302.449992193215,3.18,3.18
2025-08-14 21:00:00,2.94,0.0,0.0,0.0,302.449992193215,2.94,2.94
2025-08-14 22:00:00,3.06,0.0,0.0,0.0,302.449992193215,3.06,3.06
2025-08-14 23:00:00,2.82,0.0,0.0,0.0,302.449992193215,2.82,2.82
2025-08-15 00:00:00,3.18,0.0,0.0,0.0,302.449992193215,3.18,3.18
2025-08-15 01:00:00,2.94,0.0,0.0,0.0,302.449992193215,2.94,2.94
2025-08-15 02:00:00,2.88,0.0,0.0,0.0,302.449992193215,2.88,2.88
2025-08-15 03:00:00,3.0,0.0,0.0,0.0,302.449992193215,3.0,3.0
2025-08-15 04:00:00,2.88,0.0,0.0,0.0,302.449992193215,2.88,2.88
2025-08-15 05:00:00,3.06,4.1349620164017225,0.0,0.0,302.449992193215,-1.0749620164017224,-1.0749620164017224
2025-08-15 06:00:00,3.78,14.282378455977478,0.0,0.0,302.449992193215,-10.502378455977478,-10.502378455977478
2025-08-15 07:00:00,3.84,24.08403006507396,0.0,0.0,302.449992193215,-20.24403006507396,-20.24403006507396
2025-08-15 08:00:00,3.78,32.8719504845264,0.0,0.0,302.449992193215,-29.0919504845264,-29.0919504845264
2025-08-15 09:00:00,4.44,40.04725746047427,0.0,0.0,302.449992193215,-35.60725746047427,-35.60725746047427
2025-08-15 10:00:00,3.12,45.12096568026215,0.0,0.0,302.449992193215,-42.000965680262155,-42.000965680262155
2025-08-15 11:00:00,4.14,47.74731031341076,0.0,0.0,302.449992193215,-43.60731031341076,-43.60731031341076
2025-08-15 12:00:00,4.02,47.74731031341076,0.0,0.0,302.449992193215,-43.727310313410754,-43.727310313410754
2025-08-15 13:00:00,4.2,45.12096568026215,0.0,0.0,302.449992193215,-40.92096568026215,-40.92096568026215
2025-08-15 14:00:00,4.08,40.04725746047427,0.0,0.0,302.449992193215,-35.96725746047427,-35.96725746047427
2025-08-15 15:00:00,3.3,32.8719504845264,0.0,0.0,302.449992193215,-29.5719504845264,-29.5719504845264
2025-08-15 16:00:00,3.24,24.08403006507396,0.0,0.0,302.449992193215,-20.84403006507396,-20.84403006507396
2025-08-15 17:00:00,3.06,14.282378455977478,0.0,0.0,302.449992193215,-11.222378455977477,-11.222378455977477
2025-08-15 18:00:00,3.24,4.1349620164017225,0.0,0.0,302.449992193215,-0.8949620164017222,-0.8949620164017222
2025-08-15 19:00:00,3.12,0.0,0.0,0.0,302.449992193215,3.12,3.12
2025-08-15 20:00:00,3.06,0.0,0.0,0.0,302.449992193215,3.06,3.06
2025-08-15 21:00:00,3.24,0.0,0.0,0.0,302.449992193215,3.24,3.24
2025-08-15 22:00:00,2.94,0.0,0.0,0.0,302.449992193215,2.94,2.94
2025-08-15 23:00:00,3.0,0.0,0.0,0.0,302.449992193215,3.0,3.0
2025-08-16 00:00:00,2.94,0.0,0.0,0.0,302.449992193215,2.94,2.94
2025-08-16 01:00:00,2.94,0.0,0.0,0.0,302.449992193215,2.94,2.94
2025-08-16 02:00:00,3.12,0.0,0.0,0.0,302.449992193215,3.12,3.12
2025-08-16 03:00:00,3.0,0.0,0.0,0.0,302.449992193215,3.0,3.0
2025-08-16 04:00:00,2.76,0.0,0.0,0.0,302.449992193215,2.76,2.76
2025-08-16 05:00:00,2.82,3.912470676231752,0.0,0.0,302.449992193215,-1.092470676231752,-1.092470676231752
2025-08-16 06:00:00,2.82,14.073997191786932,0.0,0.0,302.449992193215,-11.253997191786931,-11.253997191786931
2025-08-16 07:00:00,3.0,23.88927808768284,0.0,0.0,302.449992193215,-20.88927808768284,-20.88927808768284
2025-08-16 08:00:00,2.58,32.689418191382785,0.0,0.0,302.449992193215,-30.109418191382787,-30.109418191382787
2025-08-16 09:00:00,2.82,39.87470249773877,0.0,0.0,302.449992193215,-37.05470249773877,-37.05470249773877
2025-08-16 10:00:00,2.88,44.95546575551635,0.0,0.0,302.449992193215,-42.07546575551635,-42.07546575551635
2025-08-16 11:00:00,2.64,47.58546234505628,0.0,0.0,302.449992193215,-44.94546234505628,-44.94546234505628
2025-08-16 12:00:00,3.0,47.58546234505628,0.0,0.0,302.449992193215,-44.58546234505628,-44.58546234505628
2025-08-16 13:00:00,2.82,44.95546575551635,0.0,0.0,302.449992193215,-42.13546575551635,-42.13546575551635
2025-08-16 14:00:00,2.94,39.87470249773877,0.0,0.0,302.449992193215,-36.93470249773877,-36.93470249773877
2025-08-16 15:00:00,3.18,32.689418191382785,0.0,0.0,302.449992193215,-29.509418191382785,-29.509418191382785
2025-08-16 16:00:00,2.88,23.88927808768284,0.0,0.0,302.449992193215,-21.00927808768284,-21.00927808768284
2025-08-16 17:00:00,3.0,14.073997191786932,0.0,0.0,302.449992193215,-11.073997191786932,-11.073997191786932
2025-08-16 18:00:00,3.12,3.912470676231752,0.0,0.0,302.449992193215,-0.7924706762317517,-0.7924706762317517
2025-08-16 19:00:00,2.88,0.0,0.0,0.0,302.449992193215,2.88,2.88
2025-08-16 20:00:00,2.88,0.0,0.0,0.0,302.449992193215,2.88,2.88
2025-08-16 21:00:00,2.7,0.0,0.0,0.0,302.449992193215,2.7,2.7
2025-08-16 22:00:00,2.94,0.0,0.0,0.0,302.449992193215,2.94,2.94
2025-08-16 23:00:00,2.76,0.0,0.0,0.0,302.449992193215,2.76,2.76
2025-08-17 00:00:00,2.58,0.0,0.0,0.0,302.449992193215,2.58,2.58
2025-08-17 01:00:00,2.64,0.0,0.0,0.0,302.449992193215,2.64,2.64
2025-08-17 02:00:00,2.58,0.0,0.0,0.0,302.449992193215,2.58,2.58
2025-08-17 03:00:00,2.58,0.0,0.0,0.0,302.449992193215,2.58,2.58
2025-08-17 04:00:00,2.88,0.0,0.0,0.0,302.449992193215,2.88,2.88
2025-08-17 05:00:00,2.58,3.687148810270534,0.0,0.0,302.449992193215,-1.1071488102705338,-1.1071488102705338
2025-08-17 06:00:00,2.34,13.862616250577185,0.0,0.0,302.449992193215,-11.522616250577185,-11.522616250577185
2025-08-17 07:00:00,2.58,23.69136304573289,0.0,0.0,302.449992193215,-21.111363045732887,-21.111363045732887
2025-08-17 08:00:00,2.34,32.50357634441986,0.0,0.0,302.449992193215,-30.163576344419862,-30.163576344419862
2025-08-17 09:00:00,3.0,39.69871837320362,0.0,0.0,302.449992193215,-36.69871837320362,-36.69871837320362
2025-08-17 10:00:00,2.46,44.78645209335694,0.0,0.0,302.449992193215,-42.32645209335694,-42.32645209335694
2025-08-17 11:00:00,2.76,47.420056859728895,0.0,0.0,302.449992193215,-44.6600568597289,-44.6600568597289
2025-08-17 12:00:00,2.52,47.420056859728895,0.0,0.0,302.449992193215,-44.90005685972889,-44.90005685972889
2025-08-17 13:00:00,2.76,44.78645209335694,0.0,0.0,302.449992193215,-42.026452093356944,-42.026452093356944
2025-08-17 14:00:00,2.82,39.69871837320362,0.0,0.0,302.449992193215,-36.87871837320362,-36.87871837320362
2025-08-17 15:00:00,2.82,32.50357634441986,0.0,0.0,302.449992193215,-29.683576344419862,-29.683576344419862
2025-08-17 16:00:00,2.46,23.69136304573289,0.0,0.0,302.449992193215,-21.231363045732888,-21.231363045732888
2025-08-17 17:00:00,2.58,13.862616250577185,0.0,0.0,302.449992193215,-11.282616250577185,-11.282616250577185
2025-08-17 18:00:00,2.4,3.687148810270534,0.0,0.0,302.449992193215,-1.287148810270534,-1.287148810270534
2025-08-17 19:00:00,2.88,0.0,0.0,0.0,302.449992193215,2.88,2.88
2025-08-17 20:00:00,2.58,0.0,0.0,0.0,302.449992193215,2.58,2.58
2025-08-17 21:00:00,2.46,0.0,0.0,0.0,302.449992193215,2.46,2.46
2025-08-17 22:00:00,2.64,0.0,0.0,0.0,302.449992193215,2.64,2.64
2025-08-17 23:00:00,2.58,0.0,0.0,0.0,302.449992193215,2.58,2.58
2025-08-18 00:00:00,2.82,0.0,0.0,0.0,302.449992193215,2.82,2.82
2025-08-18 01:00:00,2.58,0.0,0.0,0.0,302.449992193215,2.58,2.58
2025-08-18 02:00:00,2.64,0.0,0.0,0.0,302.449992193215,2.64,2.64
2025-08-18 03:00:00,2.82,0.0,0.0,0.0,302.449992193215,2.82,2.82
2025-08-18 04:00:00,3.48,0.0,0.0,0.0,302.449992193215,3.48,3.48
2025-08-18 05:00:00,4.14,3.4590662305783444,0.0,0.0,302.449992193215,0.6809337694216553,0.6809337694216553
2025-08-18 06:00:00,5.1,13.648288675076602,0.0,0.0,302.449992193215,-8.548288675076602,-8.548288675076602
2025-08-18 07:00:00,5.16,23.49032178402169,0.0,0.0,302.449992193215,-18.330321784021688,-18.330321784021688
2025-08-18 08:00:00,5.22,32.314447265767754,0.0,0.0,302.449992193215,-27.094447265767755,-27.094447265767755
2025-08-18 09:00:00,5.04,39.51931555129063,0.0,0.0,302.449992193215,-34.47931555129063,-34.47931555129063
2025-08-18 10:00:00,4.98,44.61392677353976,0.0,0.0,302.449992193215,-39.633926773539756,-39.633926773539756
2025-08-18 11:00:00,4.62,47.25109159696196,0.0,0.0,302.449992193215,-42.631091596961966,-42.631091596961966
2025-08-18 12:00:00,5.22,47.25109159696196,0.0,0.0,302.449992193215,-42.031091596961964,-42.031091596961964
2025-08-18 13:00:00,4.62,44.61392677353976,0.0,0.0,302.449992193215,-39.99392677353976,-39.99392677353976
2025-08-18 14:00:00,2.64,39.51931555129063,0.0,0.0,302.449992193215,-36.87931555129063,-36.87931555129063
2025-08-18 15:00:00,2.58,32.314447265767754,0.0,0.0,302.449992193215,-29.734447265767756,-29.734447265767756
2025-08-18 16:00:00,2.76,23.49032178402169,0.0,0.0,302.449992193215,-20.73032178402169,-20.73032178402169
2025-08-18 17:00:00,2.52,13.648288675076602,0.0,0.0,302.449992193215,-11.128288675076602,-11.128288675076602
2025-08-18 18:00:00,2.52,3.4590662305783444,0.0,0.0,302.449992193215,-0.9390662305783444,-0.9390662305783444
2025-08-18 19:00:00,2.52,0.0,0.0,0.0,302.449992193215,2.52,2.52
2025-08-18 20:00:00,3.0,0.0,0.0,0.0,302.449992193215,3.0,3.0
2025-08-18 21:00:00,2.7,0.0,0.0,0.0,302.449992193215,2.7,2.7
2025-08-18 22:00:00,2.82,0.0,0.0,0.0,302.449992193215,2.82,2.82
2025-08-18 23:00:00,2.88,0.0,0.0,0.0,302.449992193215,2.88,2.88
2025-08-19 00:00:00,2.88,0.0,0.0,0.0,302.449992193215,2.88,2.88
2025-08-19 01:00:00,3.18,0.0,0.0,0.0,302.449992193215,3.18,3.18
2025-08-19 02:00:00,2.94,0.0,0.0,0.0,302.449992193215,2.94,2.94
2025-08-19 03:00:00,2.94,0.0,0.0,0.0,302.449992193215,2.94,2.94
2025-08-19 04:00:00,3.06,0.0,0.0,0.0,302.449992193215,3.06,3.06
2025-08-19 05:00:00,7.68,3.228294171113108,0.0,0.0,302.449992193215,4.451705828886892,4.451705828886892
2025-08-19 06:00:00,9.54,13.4310691316872,0.0,0.0,302.449992193215,-3.8910691316872015,-3.8910691316872015
2025-08-19 07:00:00,12.36,23.286192965921146,0.0,0.0,302.449992193215,-10.926192965921146,-10.926192965921146
2025-08-19 08:00:00,12.18,32.12205527087407,0.0,0.0,302.449992193215,-19.94205527087407,-19.94205527087407
2025-08-19 09:00:00,11.94,39.33650663241632,0.0,0.0,302.449992193215,-27.39650663241632,-27.39650663241632
2025-08-19 10:00:00,12.12,44.43789411270337,0.0,0.0,302.449992193215,-32.31789411270337,-32.31789411270337
2025-08-19 11:00:00,11.52,47.07856658539505,0.0,0.0,302.449992193215,-35.558566585395056,-35.558566585395056
2025-08-19 12:00:00,11.7,47.07856658539505,0.0,0.0,302.449992193215,-35.37856658539505,-35.37856658539505
2025-08-19 13:00:00,6.9,44.43789411270337,0.0,0.0,302.449992193215,-37.53789411270337,-37.53789411270337
2025-08-19 14:00:00,5.22,39.33650663241632,0.0,0.0,302.449992193215,-34.11650663241632,-34.11650663241632
2025-08-19 15:00:00,4.8,32.12205527087407,0.0,0.0,302.449992193215,-27.32205527087407,-27.32205527087407
2025-08-19 16:00:00,2.88,23.286192965921146,0.0,0.0,302.449992193215,-20.406192965921147,-20.406192965921147
2025-08-19 17:00:00,2.58,13.4310691316872,0.0,0.0,302.449992193215,-10.8510691316872,-10.8510691316872
2025-08-19 18:00:00,2.7,3.228294171113108,0.0,0.0,302.449992193215,-0.528294171113108,-0.528294171113108
2025-08-19 19:00:00,3.24,0.0,0.0,0.0,302.449992193215,3.24,3.24
2025-08-19 20:00:00,2.76,0.0,0.0,0.0,302.449992193215,2.76,2.76
2025-08-19 21:00:00,2.88,0.0,0.0,0.0,302.449992193215,2.88,2.88
2025-08-19 22:00:00,3.18,0.0,0.0,0.0,302.449992193215,3.18,3.18
2025-08-19 23:00:00,2.88,0.0,0.0,0.0,302.449992193215,2.88,2.88
2025-08-20 00:00:00,2.88,0.0,0.0,0.0,302.449992193215,2.88,2.88
2025-08-20 01:00:00,3.0,0.0,0.0,0.0,302.449992193215,3.0,3.0
2025-08-20 02:00:00,2.94,0.0,0.0,0.0,302.449992193215,2.94,2.94
2025-08-20 03:00:00,2.64,0.0,0.0,0.0,302.449992193215,2.64,2.64
2025-08-20 04:00:00,2.94,0.0,0.0,0.0,302.449992193215,2.94,2.94
2025-08-20 05:00:00,2.7,2.994905266211741,0.0,0.0,302.449992193215,-0.2949052662117406,-0.2949052662117406
2025-08-20 06:00:00,3.0,13.211013909854003,0.0,0.0,302.449992193215,-10.211013909854003,-10.211013909854003
2025-08-20 07:00:00,3.48,23.07901709292305,0.0,0.0,302.449992193215,-19.59901709292305,-19.59901709292305
2025-08-20 08:00:00,4.38,31.926426706139026,0.0,0.0,302.449992193215,-27.546426706139027,-27.546426706139027
2025-08-20 09:00:00,3.96,39.15030640539697,0.0,0.0,302.449992193215,-35.19030640539697,-35.19030640539697
2025-08-20 10:00:00,3.6,44.2583607272181,0.0,0.0,302.449992193215,-40.658360727218096,-40.658360727218096
2025-08-20 11:00:00,3.42,46.90248421102919,0.0,0.0,302.449992193215,-43.48248421102919,-43.48248421102919
2025-08-20 12:00:00,4.08,46.90248421102919,0.0,0.0,302.449992193215,-42.82248421102919,-42.82248421102919
2025-08-20 13:00:00,3.3,44.2583607272181,0.0,0.0,302.449992193215,-40.9583607272181,-40.9583607272181
2025-08-20 14:00:00,3.66,39.15030640539697,0.0,0.0,302.449992193215,-35.490306405396964,-35.490306405396964
2025-08-20 15:00:00,3.54,31.926426706139026,0.0,0.0,302.449992193215,-28.386426706139027,-28.386426706139027
2025-08-20 16:00:00,3.18,23.07901709292305,0.0,0.0,302.449992193215,-19.89901709292305,-19.89901709292305
2025-08-20 17:00:00,9.0,13.211013909854003,0.0,0.0,302.449992193215,-4.211013909854003,-4.211013909854003
2025-08-20 18:00:00,8.82,2.994905266211741,0.0,5.82509473378818,296.624897459427,7.904787935331115e-14,5.8250947337882595
2025-08-20 19:00:00,9.18,0.0,0.0,0.0,296.624897459427,9.18,9.18
2025-08-20 20:00:00,9.72,0.0,0.0,0.0,296.624897459427,9.72,9.72
2025-08-20 21:00:00,9.3,0.0,0.0,0.0,296.624897459427,9.3,9.3
2025-08-20 22:00:00,9.48,0.0,0.0,0.0,296.624897459427,9.48,9.48
2025-08-20 23:00:00,8.34,0.0,0.0,0.0,296.624897459427,8.34,8.34
2025-08-21 00:00:00,3.24,0.0,0.0,0.0,296.624897459427,3.24,3.24
2025-08-21 01:00:00,3.12,0.0,0.0,0.0,296.624897459427,3.12,3.12
2025-08-21 02:00:00,3.18,0.0,0.0,0.0,296.624897459427,3.18,3.18
2025-08-21 03:00:00,3.48,0.0,0.0,0.0,296.624897459427,3.48,3.48
2025-08-21 04:00:00,3.48,0.0,0.0,0.0,296.624897459427,3.48,3.48
2025-08-21 05:00:00,3.36,2.758973526873709,0.0,0.0,296.624897459427,0.6010264731262911,0.6010264731262911
2025-08-21 06:00:00,3.12,12.988180919055957,0.0,0.0,296.624897459427,-9.868180919055956,-9.868180919055956
2025-08-21 07:00:00,4.44,22.86883652163183,0.0,0.0,296.624897459427,-18.42883652163183,-18.42883652163183
2025-08-21 08:00:00,3.9,31.727589983841217,0.0,0.0,296.624897459427,-27.827589983841218,-27.827589983841218
2025-08-21 09:00:00,3.72,38.96073189701684,0.0,0.0,296.624897459427,-35.24073189701684,-35.24073189701684
2025-08-21 10:00:00,3.9,44.07533559310796,0.0,0.0,296.624897459427,-40.17533559310796,-40.17533559310796
2025-08-21 11:00:00,3.72,46.72284928250821,0.0,0.0,296.624897459427,-43.00284928250821,-43.00284928250821
2025-08-21 12:00:00,3.36,46.72284928250821,0.0,0.0,296.624897459427,-43.36284928250821,-43.36284928250821
2025-08-21 13:00:00,3.3,44.07533559310796,0.0,0.0,296.624897459427,-40.77533559310796,-40.77533559310796
2025-08-21 14:00:00,3.12,38.96073189701684,0.0,0.0,296.624897459427,-35.840731897016845,-35.840731897016845
2025-08-21 15:00:00,2.52,31.727589983841217,0.0,0.0,296.624897459427,-29.207589983841217,-29.207589983841217
2025-08-21 16:00:00,2.52,22.86883652163183,0.0,0.0,296.624897459427,-20.34883652163183,-20.34883652163183
2025-08-21 17:00:00,2.52,12.988180919055957,0.0,0.0,296.624897459427,-10.468180919055957,-10.468180919055957
2025-08-21 18:00:00,2.7,2.758973526873709,0.0,0.0,296.624897459427,-0.058973526873708604,-0.058973526873708604
2025-08-21 19:00:00,2.52,0.0,0.0,0.0,296.624897459427,2.52,2.52
2025-08-21 20:00:00,2.64,0.0,0.0,0.0,296.624897459427,2.64,2.64
2025-08-21 21:00:00,2.82,0.0,0.0,0.0,296.624897459427,2.82,2.82
2025-08-21 22:00:00,2.52,0.0,0.0,0.0,296.624897459427,2.52,2.52
2025-08-21 23:00:00,2.58,0.0,0.0,0.0,296.624897459427,2.58,2.58
2025-08-22 00:00:00,2.94,0.0,0.0,0.0,296.624897459427,2.94,2.94
2025-08-22 01:00:00,3.36,0.0,0.0,0.0,296.624897459427,3.36,3.36
2025-08-22 02:00:00,3.12,0.0,0.0,0.0,296.624897459427,3.12,3.12
2025-08-22 03:00:00,3.42,0.0,0.0,0.0,296.624897459427,3.42,3.42
2025-08-22 04:00:00,3.36,0.0,0.0,0.0,296.624897459427,3.36,3.36
2025-08-22 05:00:00,3.3,2.520574314846397,0.0,0.0,296.624897459427,0.779425685153603,0.779425685153603
2025-08-22 06:00:00,4.38,12.76262968338726,0.0,0.0,296.624897459427,-8.382629683387261,-8.382629683387261
2025-08-22 07:00:00,4.98,22.65569547814348,0.0,0.0,296.624897459427,-17.675695478143478,-17.675695478143478
2025-08-22 08:00:00,6.24,31.525575614266653,0.0,0.0,296.624897459427,-25.285575614266655,-25.285575614266655
2025-08-22 09:00:00,3.72,38.76780241864998,0.0,0.0,296.624897459427,-35.04780241864998,-35.04780241864998
2025-08-22 10:00:00,3.66,43.88883010292041,0.0,0.0,296.624897459427,-40.22883010292041,-40.22883010292041
2025-08-22 11:00:00,3.72,46.5396690932933,0.0,0.0,296.624897459427,-42.8196690932933,-42.8196690932933
2025-08-22 12:00:00,3.42,46.5396690932933,0.0,0.0,296.624897459427,-43.1196690932933,-43.1196690932933
2025-08-22 13:00:00,3.66,43.88883010292041,0.0,0.0,296.624897459427,-40.22883010292041,-40.22883010292041
2025-08-22 14:00:00,3.3,38.76780241864998,0.0,0.0,296.624897459427,-35.46780241864998,-35.46780241864998
2025-08-22 15:00:00,2.88,31.525575614266653,0.0,0.0,296.624897459427,-28.645575614266654,-28.645575614266654
2025-08-22 16:00:00,2.94,22.65569547814348,0.0,0.0,296.624897459427,-19.715695478143477,-19.715695478143477
2025-08-22 17:00:00,2.76,12.76262968338726,0.0,0.0,296.624897459427,-10.00262968338726,-10.00262968338726
2025-08-22 18:00:00,2.46,2.520574314846397,0.0,0.0,296.624897459427,-0.06057431484639686,-0.06057431484639686
2025-08-22 19:00:00,2.64,0.0,0.0,0.0,296.624897459427,2.64,2.64
2025-08-22 20:00:00,6.66,0.0,0.0,0.0,296.624897459427,6.66,6.66
2025-08-22 21:00:00,17.34,0.0,0.0,0.0,296.624897459427,17.34,17.34
2025-08-22 22:00:00,17.22,0.0,0.0,0.0,296.624897459427,17.22,17.22
2025-08-22 23:00:00,17.16,0.0,0.0,0.0,296.624897459427,17.16,17.16
2025-08-23 00:00:00,17.46,0.0,0.0,0.0,296.624897459427,17.46,17.46
2025-08-23 01:00:00,17.16,0.0,0.0,0.0,296.624897459427,17.16,17.16
2025-08-23 02:00:00,17.28,0.0,0.0,0.0,296.624897459427,17.28,17.28
2025-08-23 03:00:00,17.46,0.0,0.0,0.0,296.624897459427,17.46,17.46
2025-08-23 04:00:00,20.16,0.0,0.0,0.0,296.624897459427,20.16,20.16
2025-08-23 05:00:00,18.12,2.27978431451706,0.0,0.0,296.624897459427,15.84021568548294,15.84021568548294
2025-08-23 06:00:00,17.16,12.534421333702936,0.0,0.0,296.624897459427,4.625578666297065,4.625578666297065
2025-08-23 07:00:00,9.6,22.43964006975451,0.0,0.0,296.624897459427,-12.83964006975451,-12.83964006975451
2025-08-23 08:00:00,2.76,31.320416234957808,0.0,0.0,296.624897459427,-28.560416234957806,-28.560416234957806
2025-08-23 09:00:00,2.58,38.57153960983073,0.0,0.0,296.624897459427,-35.99153960983073,-35.99153960983073
2025-08-23 10:00:00,2.52,43.69885811942367,0.0,0.0,296.624897459427,-41.178858119423666,-41.178858119423666
2025-08-23 11:00:00,2.46,46.35295348060231,0.0,0.0,296.624897459427,-43.89295348060231,-43.89295348060231
2025-08-23 12:00:00,2.82,46.35295348060231,0.0,0.0,296.624897459427,-43.53295348060231,-43.53295348060231
2025-08-23 13:00:00,2.52,43.69885811942367,0.0,0.0,296.624897459427,-41.178858119423666,-41.178858119423666
2025-08-23 14:00:00,2.52,38.57153960983073,0.0,0.0,296.624897459427,-36.051539609830726,-36.051539609830726
2025-08-23 15:00:00,2.52,31.320416234957808,0.0,0.0,296.624897459427,-28.800416234957808,-28.800416234957808
2025-08-23 16:00:00,2.58,22.43964006975451,0.0,0.0,296.624897459427,-19.859640069754512,-19.859640069754512
2025-08-23 17:00:00,2.76,12.534421333702936,0.0,0.0,296.624897459427,-9.774421333702936,-9.774421333702936
2025-08-23 18:00:00,2.46,2.27978431451706,0.0,0.0,296.624897459427,0.18021568548293976,0.18021568548293976
2025-08-23 19:00:00,2.64,0.0,0.0,0.0,296.624897459427,2.64,2.64
2025-08-23 20:00:00,2.58,0.0,0.0,0.0,296.624897459427,2.58,2.58
2025-08-23 21:00:00,3.0,0.0,0.0,0.0,296.624897459427,3.0,3.0
2025-08-23 22:00:00,2.7,0.0,0.0,0.0,296.624897459427,2.7,2.7
2025-08-23 23:00:00,2.64,0.0,0.0,0.0,296.624897459427,2.64,2.64
2025-08-24 00:00:00,2.88,0.0,0.0,0.0,296.624897459427,2.88,2.88
2025-08-24 01:00:00,5.82,0.0,0.0,0.0,296.624897459427,5.82,5.82
2025-08-24 02:00:00,2.88,0.0,0.0,0.0,296.624897459427,2.88,2.88
2025-08-24 03:00:00,2.94,0.0,0.0,0.0,296.624897459427,2.94,2.94
2025-08-24 04:00:00,3.0,0.0,0.0,0.0,296.624897459427,3.0,3.0
2025-08-24 05:00:00,3.54,2.0366815026230887,0.0,0.0,296.624897459427,1.5033184973769114,1.5033184973769114
2025-08-24 06:00:00,2.94,12.303618597309177,0.0,0.0,296.624897459427,-9.363618597309177,-9.363618597309177
2025-08-24 07:00:00,4.5,22.220718293951712,0.0,0.0,296.624897459427,-17.720718293951712,-17.720718293951712
2025-08-24 08:00:00,9.3,31.112146637006656,0.0,0.0,296.624897459427,-21.812146637006656,-21.812146637006656
2025-08-24 09:00:00,5.46,38.37196747867489,0.0,0.0,296.624897459427,-32.91196747867489,-32.91196747867489
2025-08-24 10:00:00,2.58,43.50543602601794,0.0,0.0,296.624897459427,-40.92543602601794,-40.92543602601794
2025-08-24 11:00:00,2.52,46.16271488099224,0.0,0.0,296.624897459427,-43.64271488099224,-43.64271488099224
2025-08-24 12:00:00,2.46,46.16271488099224,0.0,0.0,296.624897459427,-43.70271488099224,-43.70271488099224
2025-08-24 13:00:00,2.58,43.50543602601794,0.0,0.0,296.624897459427,-40.92543602601794,-40.92543602601794
2025-08-24 14:00:00,2.64,38.37196747867489,0.0,0.0,296.624897459427,-35.73196747867489,-35.73196747867489
2025-08-24 15:00:00,2.64,31.112146637006656,0.0,0.0,296.624897459427,-28.472146637006656,-28.472146637006656
2025-08-24 16:00:00,2.4,22.220718293951712,0.0,0.0,296.624897459427,-19.820718293951714,-19.820718293951714
2025-08-24 17:00:00,2.64,12.303618597309177,0.0,0.0,296.624897459427,-9.663618597309176,-9.663618597309176
2025-08-24 18:00:00,2.52,2.0366815026230887,0.0,0.0,296.624897459427,0.48331849737691135,0.48331849737691135
2025-08-24 19:00:00,2.64,0.0,0.0,0.0,296.624897459427,2.64,2.64
2025-08-24 20:00:00,2.64,0.0,0.0,0.0,296.624897459427,2.64,2.64
2025-08-24 21:00:00,2.64,0.0,0.0,0.0,296.624897459427,2.64,2.64
2025-08-24 22:00:00,5.16,0.0,0.0,0.0,296.624897459427,5.16,5.16
2025-08-24 23:00:00,9.54,0.0,0.0,0.0,296.624897459427,9.54,9.54
2025-08-25 00:00:00,9.72,0.0,0.0,0.0,296.624897459427,9.72,9.72
2025-08-25 01:00:00,10.2,0.0,0.0,0.0,296.624897459427,10.2,10.2
2025-08-25 02:00:00,10.02,0.0,0.0,0.0,296.624897459427,10.02,10.02
2025-08-25 03:00:00,10.62,0.0,0.0,0.0,296.624897459427,10.62,10.62
2025-08-25 04:00:00,9.9,0.0,0.0,0.0,296.624897459427,9.9,9.9
2025-08-25 05:00:00,10.38,1.79134511579659,0.0,0.0,296.624897459427,8.588654884203411,8.588654884203411
2025-08-25 06:00:00,11.7,12.070285785183753,0.0,0.0,296.624897459427,-0.37028578518375355,-0.37028578518375355
2025-08-25 07:00:00,11.4,21.998980044637847,0.0,0.0,296.624897459427,-10.598980044637846,-10.598980044637846
2025-08-25 08:00:00,11.16,30.900803788320147,0.0,0.0,296.624897459427,-19.740803788320147,-19.740803788320147
2025-08-25 09:00:00,11.4,38.16911243905799,0.0,0.0,296.624897459427,-26.76911243905799,-26.76911243905799
2025-08-25 10:00:00,7.32,43.30858277375157,0.0,0.0,296.624897459427,-35.98858277375157,-35.98858277375157
2025-08-25 11:00:00,3.78,45.96896838246781,0.0,0.0,296.624897459427,-42.188968382467806,-42.188968382467806
2025-08-25 12:00:00,3.6,45.96896838246781,0.0,0.0,296.624897459427,-42.368968382467806,-42.368968382467806
2025-08-25 13:00:00,3.78,43.30858277375157,0.0,0.0,296.624897459427,-39.528582773751566,-39.528582773751566
2025-08-25 14:00:00,3.24,38.16911243905799,0.0,0.0,296.624897459427,-34.92911243905799,-34.92911243905799
2025-08-25 15:00:00,2.58,30.900803788320147,0.0,0.0,296.624897459427,-28.32080378832015,-28.32080378832015
2025-08-25 16:00:00,2.58,21.998980044637847,0.0,0.0,296.624897459427,-19.41898004463785,-19.41898004463785
2025-08-25 17:00:00,2.46,12.070285785183753,0.0,0.0,296.624897459427,-9.610285785183752,-9.610285785183752
2025-08-25 18:00:00,2.94,1.79134511579659,0.0,1.14865488420341,295.476242575224,-2.220446049250313e-16,1.1486548842034099
2025-08-25 19:00:00,3.3,0.0,0.0,0.0,295.476242575224,3.3,3.3
2025-08-25 20:00:00,3.48,0.0,0.0,0.0,295.476242575224,3.48,3.48
2025-08-25 21:00:00,3.42,0.0,0.0,0.0,295.476242575224,3.42,3.42
2025-08-25 22:00:00,3.72,0.0,0.0,0.0,295.476242575224,3.72,3.72
2025-08-25 23:00:00,3.66,0.0,0.0,0.0,295.476242575224,3.66,3.66
2025-08-26 00:00:00,3.72,0.0,0.0,0.0,295.476242575224,3.72,3.72
2025-08-26 01:00:00,3.72,0.0,0.0,0.0,295.476242575224,3.72,3.72
2025-08-26 02:00:00,4.14,0.0,0.0,0.0,295.476242575224,4.14,4.14
2025-08-26 03:00:00,4.14,0.0,0.0,0.0,295.476242575224,4.14,4.14
2025-08-26 04:00:00,3.96,0.0,0.0,0.0,295.476242575224,3.96,3.96
2025-08-26 05:00:00,4.26,1.543855615967458,0.0,0.0,295.476242575224,2.7161443840325417,2.7161443840325417
2025-08-26 06:00:00,4.14,11.834488776719375,0.0,0.0,295.476242575224,-7.694488776719376,-7.694488776719376
2025-08-26 07:00:00,3.84,21.77447711555635,0.0,0.0,295.476242575224,-17.93447711555635,-17.93447711555635
2025-08-26 08:00:00,3.42,30.68642685379406,0.0,0.0,295.476242575224,-27.26642685379406,-27.26642685379406
2025-08-26 09:00:00,3.66,37.963003344464894,0.0,0.0,295.476242575224,-34.3030033444649,-34.3030033444649
2025-08-26 10:00:00,4.2,43.10831992484085,0.0,0.0,295.476242575224,-38.908319924840846,-38.908319924840846
2025-08-26 11:00:00,3.84,45.771731773007,0.0,0.0,295.476242575224,-41.931731773007,-41.931731773007
2025-08-26 12:00:00,4.62,45.771731773007,0.0,0.0,295.476242575224,-41.151731773007,-41.151731773007
2025-08-26 13:00:00,4.14,43.10831992484085,0.0,0.0,295.476242575224,-38.96831992484085,-38.96831992484085
2025-08-26 14:00:00,4.32,37.963003344464894,0.0,0.0,295.476242575224,-33.643003344464894,-33.643003344464894
2025-08-26 15:00:00,4.26,30.68642685379406,0.0,0.0,295.476242575224,-26.426426853794062,-26.426426853794062
2025-08-26 16:00:00,3.3,21.77447711555635,0.0,0.0,295.476242575224,-18.47447711555635,-18.47447711555635
2025-08-26 17:00:00,2.94,11.834488776719375,0.0,0.0,295.476242575224,-8.894488776719376,-8.894488776719376
2025-08-26 18:00:00,3.36,1.543855615967458,0.0,1.81614438403255,293.660098191191,-7.993605777301127e-15,1.816144384032542
2025-08-26 19:00:00,3.9,0.0,0.0,0.0,293.660098191191,3.9,3.9
2025-08-26 20:00:00,3.54,0.0,0.0,0.0,293.660098191191,3.54,3.54
2025-08-26 21:00:00,4.02,0.0,0.0,0.0,293.660098191191,4.02,4.02
2025-08-26 22:00:00,4.2,0.0,0.0,0.0,293.660098191191,4.2,4.2
2025-08-26 23:00:00,3.78,0.0,0.0,0.0,293.660098191191,3.78,3.78
2025-08-27 00:00:00,4.32,0.0,0.0,0.0,293.660098191191,4.32,4.32
2025-08-27 01:00:00,4.62,0.0,0.0,0.0,293.660098191191,4.62,4.62
2025-08-27 02:00:00,4.32,0.0,0.0,0.0,293.660098191191,4.32,4.32
2025-08-27 03:00:00,4.26,0.0,0.0,0.0,293.660098191191,4.26,4.26
2025-08-27 04:00:00,4.62,0.0,0.0,0.0,293.660098191191,4.62,4.62
2025-08-27 05:00:00,4.5,1.294294653652282,0.0,0.0,293.660098191191,3.205705346347718,3.205705346347718
2025-08-27 06:00:00,5.46,11.59629500198692,0.0,0.0,293.660098191191,-6.1362950019869205,-6.1362950019869205
2025-08-27 07:00:00,5.76,21.54726320088232,0.0,0.0,293.660098191191,-15.78726320088232,-15.78726320088232
2025-08-27 08:00:00,4.98,30.46905721233624,0.0,0.0,293.660098191191,-25.489057212336238,-25.489057212336238
2025-08-27 09:00:00,4.98,37.75367151842984,0.0,0.0,293.660098191191,-32.773671518429836,-32.773671518429836
2025-08-27 10:00:00,4.14,42.90467169259716,0.0,0.0,293.660098191191,-38.76467169259716,-38.76467169259716
2025-08-27 11:00:00,4.44,45.57102558539896,0.0,0.0,293.660098191191,-41.13102558539896,-41.13102558539896
2025-08-27 12:00:00,3.72,45.57102558539896,0.0,0.0,293.660098191191,-41.85102558539896,-41.85102558539896
2025-08-27 13:00:00,3.78,42.90467169259716,0.0,0.0,293.660098191191,-39.12467169259716,-39.12467169259716
2025-08-27 14:00:00,3.12,37.75367151842984,0.0,0.0,293.660098191191,-34.63367151842984,-34.63367151842984
2025-08-27 15:00:00,2.7,30.46905721233624,0.0,0.0,293.660098191191,-27.76905721233624,-27.76905721233624
2025-08-27 16:00:00,2.94,21.54726320088232,0.0,0.0,293.660098191191,-18.60726320088232,-18.60726320088232
2025-08-27 17:00:00,2.46,11.59629500198692,0.0,0.0,293.660098191191,-9.13629500198692,-9.13629500198692
2025-08-27 18:00:00,2.58,1.294294653652282,0.0,1.28570534634773,292.374392844844,-1.176836406102666e-14,1.2857053463477182
2025-08-27 19:00:00,3.12,0.0,0.0,0.0,292.374392844844,3.12,3.12
2025-08-27 20:00:00,3.36,0.0,0.0,0.0,292.374392844844,3.36,3.36
2025-08-27 21:00:00,3.66,0.0,0.0,0.0,292.374392844844,3.66,3.66
2025-08-27 22:00:00,3.72,0.0,0.0,0.0,292.374392844844,3.72,3.72
2025-08-27 23:00:00,4.02,0.0,0.0,0.0,292.374392844844,4.02,4.02
2025-08-28 00:00:00,3.78,0.0,0.0,0.0,292.374392844844,3.78,3.78
2025-08-28 01:00:00,4.14,0.0,0.0,0.0,292.374392844844,4.14,4.14
2025-08-28 02:00:00,4.2,0.0,0.0,0.0,292.374392844844,4.2,4.2
2025-08-28 03:00:00,4.08,0.0,0.0,0.0,292.374392844844,4.08,4.08
2025-08-28 04:00:00,4.26,0.0,0.0,0.0,292.374392844844,4.26,4.26
2025-08-28 05:00:00,4.26,1.0427450291650964,0.0,0.0,292.374392844844,3.2172549708349036,3.2172549708349036
2025-08-28 06:00:00,6.72,11.355773421523692,0.0,0.0,292.374392844844,-4.635773421523692,-4.635773421523692
2025-08-28 07:00:00,6.24,21.31739389295528,0.0,0.0,292.374392844844,-15.07739389295528,-15.07739389295528
2025-08-28 08:00:00,6.06,30.248738470688004,0.0,0.0,292.374392844844,-24.188738470688005,-24.188738470688005
2025-08-28 09:00:00,6.54,37.54115078149416,0.0,0.0,292.374392844844,-31.00115078149416,-31.00115078149416
2025-08-28 10:00:00,5.58,42.697664977673455,0.0,0.0,292.374392844844,-37.117664977673456,-37.117664977673456
2025-08-28 11:00:00,6.0,45.366873138298885,0.0,0.0,292.374392844844,-39.366873138298885,-39.366873138298885
2025-08-28 12:00:00,5.94,45.366873138298885,0.0,0.0,292.374392844844,-39.42687313829889,-39.42687313829889
2025-08-28 13:00:00,5.76,42.697664977673455,0.0,0.0,292.374392844844,-36.93766497767346,-36.93766497767346
2025-08-28 14:00:00,4.92,37.54115078149416,0.0,0.0,292.374392844844,-32.62115078149416,-32.62115078149416
2025-08-28 15:00:00,3.66,30.248738470688004,0.0,0.0,292.374392844844,-26.588738470688003,-26.588738470688003
2025-08-28 16:00:00,2.7,21.31739389295528,0.0,0.0,292.374392844844,-18.61739389295528,-18.61739389295528
2025-08-28 17:00:00,3.06,11.355773421523692,0.0,0.0,292.374392844844,-8.295773421523691,-8.295773421523691
2025-08-28 18:00:00,3.36,1.0427450291650964,0.0,2.31725497083491,290.057137874009,-6.661338147750939e-15,2.3172549708349033
2025-08-28 19:00:00,3.36,0.0,0.0,0.0,290.057137874009,3.36,3.36
2025-08-28 20:00:00,3.96,0.0,0.0,0.0,290.057137874009,3.96,3.96
2025-08-28 21:00:00,4.08,0.0,0.0,0.0,290.057137874009,4.08,4.08
2025-08-28 22:00:00,4.14,0.0,0.0,0.0,290.057137874009,4.14,4.14
2025-08-28 23:00:00,4.44,0.0,0.0,0.0,290.057137874009,4.44,4.44
2025-08-29 00:00:00,4.62,0.0,0.0,0.0,290.057137874009,4.62,4.62
2025-08-29 01:00:00,4.44,0.0,0.0,0.0,290.057137874009,4.44,4.44
2025-08-29 02:00:00,4.62,0.0,0.0,0.0,290.057137874009,4.62,4.62
2025-08-29 03:00:00,4.68,0.0,0.0,0.0,290.057137874009,4.68,4.68
2025-08-29 04:00:00,5.1,0.0,0.0,0.0,290.057137874009,5.1,5.1
2025-08-29 05:00:00,4.86,0.7892906517894627,0.0,0.0,290.057137874009,4.070709348210538,4.070709348210538
2025-08-29 06:00:00,6.0,11.112994503656171,0.0,0.0,290.057137874009,-5.1129945036561715,-5.1129945036561715
2025-08-29 07:00:00,5.94,21.084926677134156,0.0,0.0,290.057137874009,-15.144926677134155,-15.144926677134155
2025-08-29 08:00:00,3.18,30.025516473997985,0.0,0.0,290.057137874009,-26.845516473997986,-26.845516473997986
2025-08-29 09:00:00,0.0,37.3254774746146,0.0,0.0,290.057137874009,-37.3254774746146,-37.3254774746146
2025-08-29 10:00:00,0.0,42.48732940054796,0.0,0.0,290.057137874009,-42.48732940054796,-42.48732940054796
2025-08-29 11:00:00,0.0,45.15930057340931,0.0,0.0,290.057137874009,-45.15930057340931,-45.15930057340931
2025-08-29 12:00:00,4.44,45.15930057340931,0.0,0.0,290.057137874009,-40.71930057340931,-40.71930057340931
2025-08-29 13:00:00,4.62,42.48732940054796,0.0,0.0,290.057137874009,-37.86732940054796,-37.86732940054796
2025-08-29 14:00:00,3.72,37.3254774746146,0.0,0.0,290.057137874009,-33.6054774746146,-33.6054774746146
2025-08-29 15:00:00,3.42,30.025516473997985,0.0,0.0,290.057137874009,-26.605516473997987,-26.605516473997987
2025-08-29 16:00:00,3.36,21.084926677134156,0.0,0.0,290.057137874009,-17.724926677134157,-17.724926677134157
2025-08-29 17:00:00,3.42,11.112994503656171,0.0,0.0,290.057137874009,-7.6929945036561715,-7.6929945036561715
2025-08-29 18:00:00,3.9,0.7892906517894627,0.0,3.11070934821055,286.946428525798,-1.2878587085651816e-14,3.1107093482105372
2025-08-29 19:00:00,3.72,0.0,0.0,0.0,286.946428525798,3.72,3.72
2025-08-29 20:00:00,4.5,0.0,0.0,0.0,286.946428525798,4.5,4.5
2025-08-29 21:00:00,4.32,0.0,0.0,0.0,286.946428525798,4.32,4.32
2025-08-29 22:00:00,4.38,0.0,0.0,0.0,286.946428525798,4.38,4.38
2025-08-29 23:00:00,4.74,0.0,0.0,0.0,286.946428525798,4.74,4.74
2025-08-30 00:00:00,4.74,0.0,0.0,0.0,286.946428525798,4.74,4.74
2025-08-30 01:00:00,4.5,0.0,0.0,0.0,286.946428525798,4.5,4.5
2025-08-30 02:00:00,5.04,0.0,0.0,0.0,286.946428525798,5.04,5.04
2025-08-30 03:00:00,4.86,0.0,0.0,0.0,286.946428525798,4.86,4.86
2025-08-30 04:00:00,4.62,0.0,0.0,0.0,286.946428525798,4.62,4.62
2025-08-30 05:00:00,4.56,0.5340164969588632,0.0,0.0,286.946428525798,4.025983503041136,4.025983503041136
2025-08-30 06:00:00,4.92,10.868030199374264,0.0,0.0,286.946428525798,-5.948030199374264,-5.948030199374264
2025-08-30 07:00:00,4.26,20.849920923762408,0.0,0.0,286.946428525798,-16.589920923762406,-16.589920923762406
2025-08-30 08:00:00,3.9,29.79943931311062,0.0,0.0,286.946428525798,-25.899439313110623,-25.899439313110623
2025-08-30 09:00:00,4.08,37.106690478963245,0.0,0.0,286.946428525798,-33.026690478963246,-33.026690478963246
2025-08-30 10:00:00,3.24,42.27369733017094,0.0,0.0,286.946428525798,-39.03369733017094,-39.03369733017094
2025-08-30 11:00:00,3.18,44.948336888706464,0.0,0.0,286.946428525798,-41.768336888706465,-41.768336888706465
2025-08-30 12:00:00,2.82,44.948336888706464,0.0,0.0,286.946428525798,-42.128336888706464,-42.128336888706464
2025-08-30 13:00:00,2.7,42.27369733017094,0.0,0.0,286.946428525798,-39.57369733017094,-39.57369733017094
2025-08-30 14:00:00,2.52,37.106690478963245,0.0,0.0,286.946428525798,-34.58669047896324,-34.58669047896324
2025-08-30 15:00:00,2.7,29.79943931311062,0.0,0.0,286.946428525798,-27.099439313110622,-27.099439313110622
2025-08-30 16:00:00,2.82,20.849920923762408,0.0,0.0,286.946428525798,-18.029920923762408,-18.029920923762408
2025-08-30 17:00:00,8.52,10.868030199374264,0.0,0.0,286.946428525798,-2.3480301993742643,-2.3480301993742643
2025-08-30 18:00:00,9.6,0.5340164969588632,0.0,0.0,286.946428525798,9.065983503041137,9.065983503041137
2025-08-30 19:00:00,10.32,0.0,0.0,0.0,286.946428525798,10.32,10.32
2025-08-30 20:00:00,10.08,0.0,0.0,0.0,286.946428525798,10.08,10.08
2025-08-30 21:00:00,10.62,0.0,0.0,0.0,286.946428525798,10.62,10.62
2025-08-30 22:00:00,10.44,0.0,0.0,0.0,286.946428525798,10.44,10.44
2025-08-30 23:00:00,10.98,0.0,0.0,0.0,286.946428525798,10.98,10.98
2025-08-31 00:00:00,10.98,0.0,0.0,0.0,286.946428525798,10.98,10.98
2025-08-31 01:00:00,10.98,0.0,0.0,0.0,286.946428525798,10.98,10.98
2025-08-31 02:00:00,11.52,0.0,0.0,0.0,286.946428525798,11.52,11.52
2025-08-31 03:00:00,11.22,0.0,0.0,0.0,286.946428525798,11.22,11.22
2025-08-31 04:00:00,11.16,0.0,0.0,0.0,286.946428525798,11.16,11.16
2025-08-31 05:00:00,10.98,0.2770085614971188,0.0,0.0,286.946428525798,10.702991438502881,10.702991438502881
2025-08-31 06:00:00,11.16,10.620953914779356,0.0,0.0,286.946428525798,0.5390460852206438,0.5390460852206438
2025-08-31 07:00:00,10.92,20.612437877237458,0.0,0.0,286.946428525798,-9.692437877237458,-9.692437877237458
2025-08-31 08:00:00,7.26,29.57055732853787,0.0,0.0,286.946428525798,-22.310557328537868,-22.310557328537868
2025-08-31 09:00:00,3.3,36.884831232066816,0.0,0.0,286.946428525798,-33.58483123206682,-33.58483123206682
2025-08-31 10:00:00,3.36,42.05680390870793,0.0,0.0,286.946428525798,-38.69680390870793,-38.69680390870793
2025-08-31 11:00:00,2.7,44.73401396763709,0.0,0.0,286.946428525798,-42.03401396763709,-42.03401396763709
2025-08-31 12:00:00,2.7,44.73401396763709,0.0,0.0,286.946428525798,-42.03401396763709,-42.03401396763709
2025-08-31 13:00:00,2.58,42.05680390870793,0.0,0.0,286.946428525798,-39.47680390870793,-39.47680390870793
2025-08-31 14:00:00,2.94,36.884831232066816,0.0,0.0,286.946428525798,-33.94483123206682,-33.94483123206682
2025-08-31 15:00:00,2.64,29.57055732853787,0.0,0.0,286.946428525798,-26.93055732853787,-26.93055732853787
2025-08-31 16:00:00,2.7,20.612437877237458,0.0,0.0,286.946428525798,-17.91243787723746,-17.91243787723746
2025-08-31 17:00:00,2.82,10.620953914779356,0.0,0.0,286.946428525798,-7.800953914779356,-7.800953914779356
2025-08-31 18:00:00,2.52,0.2770085614971188,0.0,0.0,286.946428525798,2.242991438502881,2.242991438502881
2025-08-31 19:00:00,2.82,0.0,0.0,0.0,286.946428525798,2.82,2.82
2025-08-31 20:00:00,2.76,0.0,0.0,0.0,286.946428525798,2.76,2.76
2025-08-31 21:00:00,3.54,0.0,16.62,0.0,301.572028525798,20.16,3.54
2025-08-31 22:00:00,3.42,0.0,16.74,0.0,316.303228525798,20.159999999999997,3.42
2025-08-31 23:00:00,3.9,0.0,9.88269485704759,0.0,325.0,13.78269485704759,3.9
2025-09-01 00:00:00,3.84,0.0,0.0,0.0,325.0,3.84,3.84
2025-09-01 01:00:00,4.14,0.0,0.0,0.0,325.0,4.14,4.14
2025-09-01 02:00:00,3.96,0.0,0.0,0.0,325.0,3.96,3.96
2025-09-01 03:00:00,4.08,0.0,0.0,0.0,325.0,4.08,4.08
2025-09-01 04:00:00,4.38,0.0,0.0,0.0,325.0,4.38,4.38
2025-09-01 05:00:00,4.14,0.0147763780739841,0.0,0.0,325.0,4.125223621926016,4.125223621926016
2025-09-01 06:00:00,3.72,8.35021055684567,0.0,0.0,325.0,-4.63021055684567,-4.63021055684567
2025-09-01 07:00:00,4.08,16.40162170345384,0.0,0.0,325.0,-12.321621703453841,-12.321621703453841
2025-09-01 08:00:00,3.12,23.620319453843194,0.0,0.0,325.0,-20.500319453843193,-20.500319453843193
2025-09-01 09:00:00,3.12,29.51436148578678,0.0,0.0,325.0,-26.394361485786778,-26.394361485786778
2025-09-01 10:00:00,2.52,33.68207857517262,0.0,0.0,325.0,-31.162078575172618,-31.162078575172618
2025-09-01 11:00:00,2.88,35.839447689837215,0.0,0.0,325.0,-32.95944768983721,-32.95944768983721
2025-09-01 12:00:00,2.58,35.839447689837215,0.0,0.0,325.0,-33.259447689837216,-33.259447689837216
2025-09-01 13:00:00,2.64,33.68207857517262,0.0,0.0,325.0,-31.042078575172617,-31.042078575172617
2025-09-01 14:00:00,2.88,29.51436148578678,0.0,0.0,325.0,-26.63436148578678,-26.63436148578678
2025-09-01 15:00:00,2.46,23.620319453843194,0.0,0.0,325.0,-21.160319453843194,-21.160319453843194
2025-09-01 16:00:00,2.64,16.40162170345384,0.0,0.0,325.0,-13.76162170345384,-13.76162170345384
2025-09-01 17:00:00,2.4,8.35021055684567,0.0,0.0,325.0,-5.95021055684567,-5.95021055684567
2025-09-01 18:00:00,3.0,0.0147763780739841,0.0,0.0,325.0,2.985223621926016,2.985223621926016
2025-09-01 19:00:00,2.88,0.0,0.0,0.0,325.0,2.88,2.88
2025-09-01 20:00:00,2.64,0.0,0.0,0.0,325.0,2.64,2.64
2025-09-01 21:00:00,2.82,0.0,0.0,0.0,325.0,2.82,2.82
2025-09-01 22:00:00,3.42,0.0,0.0,0.0,325.0,3.42,3.42
2025-09-01 23:00:00,3.42,0.0,0.0,0.0,325.0,3.42,3.42
2025-09-02 00:00:00,3.66,0.0,0.0,0.0,325.0,3.66,3.66
2025-09-02 01:00:00,3.6,0.0,0.0,0.0,325.0,3.6,3.6
2025-09-02 02:00:00,3.96,0.0,0.0,0.0,325.0,3.96,3.96
2025-09-02 03:00:00,3.84,0.0,0.0,0.0,325.0,3.84,3.84
2025-09-02 04:00:00,4.08,0.0,0.0,0.0,325.0,4.08,4.08
2025-09-02 05:00:00,3.6,0.0,0.0,0.0,325.0,3.6,3.6
2025-09-02 06:00:00,5.28,8.148074420699292,0.0,0.0,325.0,-2.8680744206992914,-2.8680744206992914
2025-09-02 07:00:00,4.44,16.206592761362167,0.0,0.0,325.0,-11.766592761362165,-11.766592761362165
2025-09-02 08:00:00,4.44,23.431662647616907,0.0,0.0,325.0,-18.991662647616906,-18.991662647616906
2025-09-02 09:00:00,3.48,29.33090750670777,0.0,0.0,325.0,-25.85090750670777,-25.85090750670777
2025-09-02 10:00:00,3.36,33.502303550450804,0.0,0.0,325.0,-30.142303550450805,-30.142303550450805
2025-09-02 11:00:00,3.9,35.66157703202281,0.0,0.0,325.0,-31.761577032022814,-31.761577032022814
2025-09-02 12:00:00,3.36,35.66157703202281,0.0,0.0,325.0,-32.30157703202281,-32.30157703202281
2025-09-02 13:00:00,3.24,33.502303550450804,0.0,0.0,325.0,-30.262303550450802,-30.262303550450802
2025-09-02 14:00:00,3.24,29.33090750670777,0.0,0.0,325.0,-26.090907506707772,-26.090907506707772
2025-09-02 15:00:00,3.0,23.431662647616907,0.0,0.0,325.0,-20.431662647616907,-20.431662647616907
2025-09-02 16:00:00,3.18,16.206592761362167,0.0,0.0,325.0,-13.026592761362167,-13.026592761362167
2025-09-02 17:00:00,2.52,8.148074420699292,0.0,0.0,325.0,-5.628074420699292,-5.628074420699292
2025-09-02 18:00:00,5.28,0.0,0.0,5.28,319.72,0.0,5.28
2025-09-02 19:00:00,9.48,0.0,0.0,0.0,319.72,9.48,9.48
2025-09-02 20:00:00,9.0,0.0,0.0,0.0,319.72,9.0,9.0
2025-09-02 21:00:00,9.0,0.0,0.0,0.0,319.72,9.0,9.0
2025-09-02 22:00:00,9.6,0.0,0.0,0.0,319.72,9.6,9.6
2025-09-02 23:00:00,7.8,0.0,0.0,0.0,319.72,7.8,7.8
2025-09-03 00:00:00,3.6,0.0,0.0,0.0,319.72,3.6,3.6
2025-09-03 01:00:00,3.54,0.0,0.0,0.0,319.72,3.54,3.54
2025-09-03 02:00:00,3.78,0.0,0.0,0.0,319.72,3.78,3.78
2025-09-03 03:00:00,6.9,0.0,0.0,0.0,319.72,6.9,6.9
2025-09-03 04:00:00,4.02,0.0,0.0,0.0,319.72,4.02,4.02
2025-09-03 05:00:00,4.14,0.0,0.0,0.0,319.72,4.14,4.14
2025-09-03 06:00:00,4.74,7.9444220341472,0.0,0.0,319.72,-3.2044220341472,-3.2044220341472
2025-09-03 07:00:00,4.98,16.009726238843818,0.0,0.0,319.72,-11.029726238843818,-11.029726238843818
2025-09-03 08:00:00,4.98,23.240880164348678,0.0,0.0,319.72,-18.260880164348677,-18.260880164348677
2025-09-03 09:00:00,3.9,29.14509262068549,0.0,0.0,319.72,-25.24509262068549,-25.24509262068549
2025-09-03 10:00:00,3.72,33.320001286127344,0.0,0.0,319.72,-29.600001286127345,-29.600001286127345
2025-09-03 11:00:00,3.72,35.48109303448714,0.0,0.0,319.72,-31.76109303448714,-31.76109303448714
2025-09-03 12:00:00,3.72,35.48109303448714,0.0,0.0,319.72,-31.76109303448714,-31.76109303448714
2025-09-03 13:00:00,3.6,33.320001286127344,0.0,0.0,319.72,-29.720001286127342,-29.720001286127342
2025-09-03 14:00:00,3.6,29.14509262068549,0.0,0.0,319.72,-25.545092620685487,-25.545092620685487
2025-09-03 15:00:00,2.52,23.240880164348678,0.0,0.0,319.72,-20.720880164348678,-20.720880164348678
2025-09-03 16:00:00,2.82,16.009726238843818,0.0,0.0,319.72,-13.189726238843818,-13.189726238843818
2025-09-03 17:00:00,2.76,7.9444220341472,0.0,0.0,319.72,-5.1844220341472,-5.1844220341472
2025-09-03 18:00:00,2.88,0.0,0.0,2.88,316.84,0.0,2.88
2025-09-03 19:00:00,3.0,0.0,0.0,0.0,316.84,3.0,3.0
2025-09-03 20:00:00,2.76,0.0,0.0,0.0,316.84,2.76,2.76
2025-09-03 21:00:00,2.82,0.0,0.0,0.0,316.84,2.82,2.82
2025-09-03 22:00:00,3.36,0.0,0.0,0.0,316.84,3.36,3.36
2025-09-03 23:00:00,3.06,0.0,0.0,0.0,316.84,3.06,3.06
2025-09-04 00:00:00,3.12,0.0,0.0,0.0,316.84,3.12,3.12
2025-09-04 01:00:00,3.18,0.0,0.0,0.0,316.84,3.18,3.18
2025-09-04 02:00:00,3.48,0.0,0.0,0.0,316.84,3.48,3.48
2025-09-04 03:00:00,3.78,0.0,0.0,0.0,316.84,3.78,3.78
2025-09-04 04:00:00,3.24,0.0,0.0,0.0,316.84,3.24,3.24
2025-09-04 05:00:00,3.66,0.0,0.0,0.0,316.84,3.66,3.66
2025-09-04 06:00:00,4.92,7.739316921300937,0.0,0.0,316.84,-2.8193169213009375,-2.8193169213009375
2025-09-04 07:00:00,4.86,15.811077343422838,0.0,0.0,316.84,-10.951077343422838,-10.951077343422838
2025-09-04 08:00:00,5.28,23.048019755114197,0.0,0.0,316.84,-17.768019755114196,-17.768019755114196
2025-09-04 09:00:00,4.92,28.95695849063103,0.0,0.0,316.84,-24.03695849063103,-24.03695849063103
2025-09-04 10:00:00,4.8,33.13520914013085,0.0,0.0,316.84,-28.335209140130846,-28.335209140130846
2025-09-04 11:00:00,4.14,35.29803082673592,0.0,0.0,316.84,-31.158030826735917,-31.158030826735917
2025-09-04 12:00:00,4.26,35.29803082673592,0.0,0.0,316.84,-31.03803082673592,-31.03803082673592
2025-09-04 13:00:00,3.72,33.13520914013085,0.0,0.0,316.84,-29.415209140130848,-29.415209140130848
2025-09-04 14:00:00,3.06,28.95695849063103,0.0,0.0,316.84,-25.896958490631032,-25.896958490631032
2025-09-04 15:00:00,2.82,23.048019755114197,0.0,0.0,316.84,-20.228019755114197,-20.228019755114197
2025-09-04 16:00:00,2.88,15.811077343422838,0.0,0.0,316.84,-12.931077343422839,-12.931077343422839
2025-09-04 17:00:00,2.88,7.739316921300937,0.0,0.0,316.84,-4.8593169213009375,-4.8593169213009375
2025-09-04 18:00:00,3.24,0.0,0.0,3.24,313.6,0.0,3.24
2025-09-04 19:00:00,3.9,0.0,0.0,0.0,313.6,3.9,3.9
2025-09-04 20:00:00,4.02,0.0,0.0,0.0,313.6,4.02,4.02
2025-09-04 21:00:00,4.38,0.0,0.0,0.0,313.6,4.38,4.38
2025-09-04 22:00:00,4.38,0.0,0.0,0.0,313.6,4.38,4.38
2025-09-04 23:00:00,4.38,0.0,0.0,0.0,313.6,4.38,4.38
2025-09-05 00:00:00,4.68,0.0,0.0,0.0,313.6,4.68,4.68
2025-09-05 01:00:00,4.5,0.0,0.0,0.0,313.6,4.5,4.5
2025-09-05 02:00:00,4.74,0.0,0.0,0.0,313.6,4.74,4.74
2025-09-05 03:00:00,4.8,0.0,0.0,0.0,313.6,4.8,4.8
2025-09-05 04:00:00,4.68,0.0,0.0,0.0,313.6,4.68,4.68
2025-09-05 05:00:00,4.5,0.0,0.0,0.0,313.6,4.5,4.5
2025-09-05 06:00:00,5.82,7.53282363852957,0.0,0.0,313.6,-1.7128236385295699,-1.7128236385295699
2025-09-05 07:00:00,5.28,15.61070271263313,0.0,0.0,313.6,-10.33070271263313,-10.33070271263313
2025-09-05 08:00:00,5.34,22.853130957613963,0.0,0.0,313.6,-17.513130957613964,-17.513130957613964
2025-09-05 09:00:00,4.74,28.76654885725521,0.0,0.0,313.6,-24.026548857255207,-24.026548857255207
2025-09-05 10:00:00,4.8,32.94796675408145,0.0,0.0,313.6,-28.147966754081448,-28.147966754081448
2025-09-05 11:00:00,4.32,35.11242792854376,0.0,0.0,313.6,-30.79242792854376,-30.79242792854376
2025-09-05 12:00:00,3.66,35.11242792854376,0.0,0.0,313.6,-31.45242792854376,-31.45242792854376
2025-09-05 13:00:00,3.9,32.94796675408145,0.0,0.0,313.6,-29.04796675408145,-29.04796675408145
2025-09-05 14:00:00,3.3,28.76654885725521,0.0,0.0,313.6,-25.46654885725521,-25.46654885725521
2025-09-05 15:00:00,2.82,22.853130957613963,0.0,0.0,313.6,-20.033130957613963,-20.033130957613963
2025-09-05 16:00:00,3.0,15.61070271263313,0.0,0.0,313.6,-12.61070271263313,-12.61070271263313
2025-09-05 17:00:00,5.52,7.53282363852957,0.0,0.0,313.6,-2.0128236385295706,-2.0128236385295706
2025-09-05 18:00:00,9.78,0.0,0.0,9.78,303.82,0.0,9.78
2025-09-05 19:00:00,10.26,0.0,0.0,0.0,303.82,10.26,10.26
2025-09-05 20:00:00,10.32,0.0,0.0,0.0,303.82,10.32,10.32
2025-09-05 21:00:00,10.8,0.0,0.0,0.0,303.82,10.8,10.8
2025-09-05 22:00:00,10.98,0.0,0.0,0.0,303.82,10.98,10.98
2025-09-05 23:00:00,11.1,0.0,0.0,0.0,303.82,11.1,11.1
2025-09-06 00:00:00,11.22,0.0,0.0,0.0,303.82,11.22,11.22
2025-09-06 01:00:00,11.22,0.0,0.0,0.0,303.82,11.22,11.22
2025-09-06 02:00:00,11.58,0.0,0.0,0.0,303.82,11.58,11.58
2025-09-06 03:00:00,11.46,0.0,0.0,0.0,303.82,11.46,11.46
2025-09-06 04:00:00,11.22,0.0,0.0,0.0,303.82,11.22,11.22
2025-09-06 05:00:00,11.28,0.0,0.0,0.0,303.82,11.28,11.28
2025-09-06 06:00:00,11.52,7.325007741211681,0.0,0.0,303.82,4.194992258788319,4.194992258788319
2025-09-06 07:00:00,11.1,15.408660391430338,0.0,0.0,303.82,-4.3086603914303385,-4.3086603914303385
2025-09-06 08:00:00,10.98,22.656265083142664,0.0,0.0,303.82,-11.676265083142663,-11.676265083142663
2025-09-06 09:00:00,10.62,28.57390953384152,0.0,0.0,303.82,-17.953909533841518,-17.953909533841518
2025-09-06 10:00:00,10.38,32.75831605358164,0.0,0.0,303.82,-22.378316053581635,-22.378316053581635
2025-09-06 11:00:00,9.84,34.924324253101425,0.0,0.0,303.82,-25.084324253101425,-25.084324253101425
2025-09-06 12:00:00,7.56,34.924324253101425,0.0,0.0,303.82,-27.364324253101426,-27.364324253101426
2025-09-06 13:00:00,3.12,32.75831605358164,0.0,0.0,303.82,-29.638316053581637,-29.638316053581637
2025-09-06 14:00:00,2.88,28.57390953384152,0.0,0.0,303.82,-25.69390953384152,-25.69390953384152
2025-09-06 15:00:00,3.12,22.656265083142664,0.0,0.0,303.82,-19.536265083142663,-19.536265083142663
2025-09-06 16:00:00,3.24,15.408660391430338,0.0,0.0,303.82,-12.168660391430338,-12.168660391430338
2025-09-06 17:00:00,3.36,7.325007741211681,0.0,0.0,303.82,-3.965007741211681,-3.965007741211681
2025-09-06 18:00:00,3.78,0.0,0.0,0.0,303.82,3.78,3.78
2025-09-06 19:00:00,3.78,0.0,0.0,0.0,303.82,3.78,3.78
2025-09-06 20:00:00,3.96,0.0,0.0,0.0,303.82,3.96,3.96
2025-09-06 21:00:00,4.26,0.0,0.0,0.0,303.82,4.26,4.26
2025-09-06 22:00:00,4.26,0.0,0.0,0.0,303.82,4.26,4.26
2025-09-06 23:00:00,4.2,0.0,0.0,0.0,303.82,4.2,4.2
2025-09-07 00:00:00,4.68,0.0,0.0,0.0,303.82,4.68,4.68
2025-09-07 01:00:00,4.14,0.0,0.0,0.0,303.82,4.14,4.14
2025-09-07 02:00:00,4.32,0.0,0.0,0.0,303.82,4.32,4.32
2025-09-07 03:00:00,4.86,0.0,0.0,0.0,303.82,4.86,4.86
2025-09-07 04:00:00,4.74,0.0,0.0,0.0,303.82,4.74,4.74
2025-09-07 05:00:00,4.56,0.0,0.0,0.0,303.82,4.56,4.56
2025-09-07 06:00:00,4.44,7.115935748795727,0.0,0.0,303.82,-2.6759357487957267,-2.6759357487957267
2025-09-07 07:00:00,4.92,15.20500980738873,0.0,0.0,303.82,-10.28500980738873,-10.28500980738873
2025-09-07 08:00:00,4.14,22.457475200874107,0.0,0.0,303.82,-18.317475200874107,-18.317475200874107
2025-09-07 09:00:00,3.84,28.37908839795157,0.0,0.0,303.82,-24.53908839795157,-24.53908839795157
2025-09-07 10:00:00,3.48,32.566301245168795,0.0,0.0,303.82,-29.086301245168794,-29.086301245168794
2025-09-07 11:00:00,3.48,34.73376210668434,0.0,0.0,303.82,-31.253762106684338,-31.253762106684338
2025-09-07 12:00:00,3.3,34.73376210668434,0.0,0.0,303.82,-31.433762106684338,-31.433762106684338
2025-09-07 13:00:00,3.3,32.566301245168795,0.0,0.0,303.82,-29.266301245168794,-29.266301245168794
2025-09-07 14:00:00,2.76,28.37908839795157,0.0,0.0,303.82,-25.619088397951572,-25.619088397951572
2025-09-07 15:00:00,3.0,22.457475200874107,0.0,0.0,303.82,-19.457475200874107,-19.457475200874107
2025-09-07 16:00:00,3.24,15.20500980738873,0.0,0.0,303.82,-11.96500980738873,-11.96500980738873
2025-09-07 17:00:00,3.36,7.115935748795727,0.0,0.0,303.82,-3.7559357487957272,-3.7559357487957272
2025-09-07 18:00:00,3.72,0.0,0.0,0.0,303.82,3.72,3.72
2025-09-07 19:00:00,3.96,0.0,0.0,0.0,303.82,3.96,3.96
2025-09-07 20:00:00,4.26,0.0,0.0,0.0,303.82,4.26,4.26
2025-09-07 21:00:00,4.26,0.0,0.0,0.0,303.82,4.26,4.26
2025-09-07 22:00:00,4.74,0.0,0.0,0.0,303.82,4.74,4.74
2025-09-07 23:00:00,4.8,0.0,0.0,0.0,303.82,4.8,4.8
2025-09-08 00:00:00,5.04,0.0,0.0,0.0,303.82,5.04,5.04
2025-09-08 01:00:00,4.74,0.0,0.0,0.0,303.82,4.74,4.74
2025-09-08 02:00:00,5.22,0.0,0.0,0.0,303.82,5.22,5.22
2025-09-08 03:00:00,5.34,0.0,0.0,0.0,303.82,5.34,5.34
2025-09-08 04:00:00,5.58,0.0,0.0,0.0,303.82,5.58,5.58
2025-09-08 05:00:00,4.92,0.0,0.0,0.0,303.82,4.92,4.92
2025-09-08 06:00:00,6.48,6.905675108224528,0.0,0.0,303.82,-0.42567510822452714,-0.42567510822452714
2025-09-08 07:00:00,6.18,14.999811743720844,0.0,0.0,303.82,-8.819811743720845,-8.819811743720845
2025-09-08 08:00:00,6.36,22.25681611948369,0.0,0.0,303.82,-15.896816119483692,-15.896816119483692
2025-09-08 09:00:00,5.82,28.182135380071607,0.0,0.0,303.82,-22.362135380071607,-22.362135380071607
2025-09-08 10:00:00,6.18,32.37196880992858,0.0,0.0,303.82,-26.191968809928582,-26.191968809928582
2025-09-08 11:00:00,5.4,34.54078618483699,0.0,0.0,303.82,-29.14078618483699,-29.14078618483699
2025-09-08 12:00:00,5.4,34.54078618483699,0.0,0.0,303.82,-29.14078618483699,-29.14078618483699
2025-09-08 13:00:00,4.38,32.37196880992858,0.0,0.0,303.82,-27.991968809928583,-27.991968809928583
2025-09-08 14:00:00,4.32,28.182135380071607,0.0,0.0,303.82,-23.862135380071607,-23.862135380071607
2025-09-08 15:00:00,4.14,22.25681611948369,0.0,0.0,303.82,-18.11681611948369,-18.11681611948369
2025-09-08 16:00:00,3.48,14.999811743720844,0.0,0.0,303.82,-11.519811743720844,-11.519811743720844
2025-09-08 17:00:00,2.94,6.905675108224528,0.0,0.0,303.82,-3.9656751082245276,-3.9656751082245276
2025-09-08 18:00:00,3.42,0.0,0.0,3.42,300.4,0.0,3.42
2025-09-08 19:00:00,4.26,0.0,0.0,0.0,300.4,4.26,4.26
2025-09-08 20:00:00,4.14,0.0,0.0,0.0,300.4,4.14,4.14
2025-09-08 21:00:00,4.68,0.0,0.0,0.0,300.4,4.68,4.68
2025-09-08 22:00:00,4.5,0.0,0.0,0.0,300.4,4.5,4.5
2025-09-08 23:00:00,4.86,0.0,0.0,0.0,300.4,4.86,4.86
2025-09-09 00:00:00,5.04,0.0,0.0,0.0,300.4,5.04,5.04
2025-09-09 01:00:00,4.8,0.0,0.0,0.0,300.4,4.8,4.8
2025-09-09 02:00:00,4.98,0.0,0.0,0.0,300.4,4.98,4.98
2025-09-09 03:00:00,5.76,0.0,0.0,0.0,300.4,5.76,5.76
2025-09-09 04:00:00,5.7,0.0,0.0,0.0,300.4,5.7,5.7
2025-09-09 05:00:00,4.92,0.0,0.0,0.0,300.4,4.92,4.92
2025-09-09 06:00:00,6.12,6.694294155783587,0.0,0.0,300.4,-0.574294155783587,-0.574294155783587
2025-09-09 07:00:00,6.42,14.793128310162473,0.0,0.0,300.4,-8.373128310162473,-8.373128310162473
2025-09-09 08:00:00,6.78,22.05434436613548,0.0,0.0,300.4,-15.27434436613548,-15.27434436613548
2025-09-09 09:00:00,6.42,27.983102449214947,0.0,0.0,300.4,-21.563102449214945,-21.563102449214945
2025-09-09 10:00:00,5.1,32.175367493775,0.0,0.0,300.4,-27.075367493774998,-27.075367493774998
2025-09-09 11:00:00,4.32,34.34544356507441,0.0,0.0,300.4,-30.02544356507441,-30.02544356507441
2025-09-09 12:00:00,4.26,34.34544356507441,0.0,0.0,300.4,-30.085443565074414,-30.085443565074414
2025-09-09 13:00:00,3.96,32.175367493775,0.0,0.0,300.4,-28.215367493775,-28.215367493775
2025-09-09 14:00:00,3.78,27.983102449214947,0.0,0.0,300.4,-24.203102449214946,-24.203102449214946
2025-09-09 15:00:00,3.66,22.05434436613548,0.0,0.0,300.4,-18.39434436613548,-18.39434436613548
2025-09-09 16:00:00,3.12,14.793128310162473,0.0,0.0,300.4,-11.673128310162472,-11.673128310162472
2025-09-09 17:00:00,2.58,6.694294155783587,0.0,0.0,300.4,-4.114294155783587,-4.114294155783587
2025-09-09 18:00:00,2.64,0.0,0.0,2.64,297.76,0.0,2.64
2025-09-09 19:00:00,3.18,0.0,0.0,0.0,297.76,3.18,3.18
2025-09-09 20:00:00,5.52,0.0,0.0,0.0,297.76,5.52,5.52
2025-09-09 21:00:00,10.26,0.0,0.0,0.0,297.76,10.26,10.26
2025-09-09 22:00:00,10.26,0.0,0.0,0.0,297.76,10.26,10.26
2025-09-09 23:00:00,10.8,0.0,0.0,0.0,297.76,10.8,10.8
2025-09-10 00:00:00,10.5,0.0,0.0,0.0,297.76,10.5,10.5
2025-09-10 01:00:00,10.62,0.0,0.0,0.0,297.76,10.62,10.62
2025-09-10 02:00:00,10.62,0.0,0.0,0.0,297.76,10.62,10.62
2025-09-10 03:00:00,10.74,0.0,0.0,0.0,297.76,10.74,10.74
2025-09-10 04:00:00,10.92,0.0,0.0,0.0,297.76,10.92,10.92
2025-09-10 05:00:00,10.74,0.0,0.0,0.0,297.76,10.74,10.74
2025-09-10 06:00:00,11.82,6.481862077437095,0.0,0.0,297.76,5.338137922562905,5.338137922562905
2025-09-10 07:00:00,5.28,14.585022911770654,0.0,0.0,297.76,-9.305022911770653,-9.305022911770653
2025-09-10 08:00:00,4.92,21.850118162866945,0.0,0.0,297.76,-16.930118162866947,-16.930118162866947
2025-09-10 09:00:00,4.38,27.78204359550132,0.0,0.0,297.76,-23.402043595501322,-23.402043595501322
2025-09-10 10:00:00,3.9,31.976548294410037,0.0,0.0,297.76,-28.07654829441004,-28.07654829441004
2025-09-10 11:00:00,4.32,34.14778369610921,0.0,0.0,297.76,-29.827783696109208,-29.827783696109208
2025-09-10 12:00:00,10.32,34.14778369610921,0.0,0.0,297.76,-23.827783696109208,-23.827783696109208
2025-09-10 13:00:00,10.44,31.976548294410037,0.0,0.0,297.76,-21.53654829441004,-21.53654829441004
2025-09-10 14:00:00,10.62,27.78204359550132,0.0,0.0,297.76,-17.162043595501324,-17.162043595501324
2025-09-10 15:00:00,10.02,21.850118162866945,0.0,0.0,297.76,-11.830118162866945,-11.830118162866945
2025-09-10 16:00:00,9.42,14.585022911770654,0.0,0.0,297.76,-5.165022911770654,-5.165022911770654
2025-09-10 17:00:00,9.24,6.481862077437095,0.0,2.7581379225629,295.001862077437,4.884981308350689e-15,2.758137922562905
2025-09-10 18:00:00,9.54,0.0,0.0,9.54,285.461862077437,0.0,9.54
2025-09-10 19:00:00,9.42,0.0,0.0,0.0,285.461862077437,9.42,9.42
2025-09-10 20:00:00,9.42,0.0,0.0,0.0,285.461862077437,9.42,9.42
2025-09-10 21:00:00,4.92,0.0,0.0,0.0,285.461862077437,4.92,4.92
2025-09-10 22:00:00,2.88,0.0,0.0,0.0,285.461862077437,2.88,2.88
2025-09-10 23:00:00,3.0,0.0,0.0,0.0,285.461862077437,3.0,3.0
2025-09-11 00:00:00,3.0,0.0,0.0,0.0,285.461862077437,3.0,3.0
2025-09-11 01:00:00,3.18,0.0,0.0,0.0,285.461862077437,3.18,3.18
2025-09-11 02:00:00,3.06,0.0,0.0,0.0,285.461862077437,3.06,3.06
2025-09-11 03:00:00,3.06,0.0,0.0,0.0,285.461862077437,3.06,3.06
2025-09-11 04:00:00,3.24,0.0,0.0,0.0,285.461862077437,3.24,3.24
2025-09-11 05:00:00,3.12,0.0,0.0,0.0,285.461862077437,3.12,3.12
2025-09-11 06:00:00,5.1,6.268448867719952,0.0,0.0,285.461862077437,-1.1684488677199525,-1.1684488677199525
2025-09-11 07:00:00,4.8,14.375560215687733,0.0,0.0,285.461862077437,-9.575560215687734,-9.575560215687734
2025-09-11 08:00:00,4.2,21.64419740041093,0.0,0.0,285.461862077437,-17.444197400410932,-17.444197400410932
2025-09-11 09:00:00,3.72,27.57901480974156,0.0,0.0,285.461862077437,-23.859014809741563,-23.859014809741563
2025-09-11 10:00:00,3.66,31.77556444498322,0.0,0.0,285.461862077437,-28.11556444498322,-28.11556444498322
2025-09-11 11:00:00,3.66,33.94785838362037,0.0,0.0,285.461862077437,-30.28785838362037,-30.28785838362037
2025-09-11 12:00:00,3.72,33.94785838362037,0.0,0.0,285.461862077437,-30.227858383620372,-30.227858383620372
2025-09-11 13:00:00,3.9,31.77556444498322,0.0,0.0,285.461862077437,-27.875564444983223,-27.875564444983223
2025-09-11 14:00:00,3.96,27.57901480974156,0.0,0.0,285.461862077437,-23.61901480974156,-23.61901480974156
2025-09-11 15:00:00,3.9,21.64419740041093,0.0,0.0,285.461862077437,-17.744197400410933,-17.744197400410933
2025-09-11 16:00:00,2.52,14.375560215687733,0.0,0.0,285.461862077437,-11.855560215687733,-11.855560215687733
2025-09-11 17:00:00,2.52,6.268448867719952,0.0,0.0,285.461862077437,-3.748448867719952,-3.748448867719952
2025-09-11 18:00:00,2.52,0.0,0.0,2.52,282.941862077437,0.0,2.52
2025-09-11 19:00:00,2.58,0.0,0.0,0.0,282.941862077437,2.58,2.58
2025-09-11 20:00:00,7.86,0.0,0.0,0.0,282.941862077437,7.86,7.86
2025-09-11 21:00:00,9.9,0.0,0.0,0.0,282.941862077437,9.9,9.9
2025-09-11 22:00:00,10.32,0.0,0.0,0.0,282.941862077437,10.32,10.32
2025-09-11 23:00:00,10.14,0.0,0.0,0.0,282.941862077437,10.14,10.14
2025-09-12 00:00:00,10.38,0.0,0.0,0.0,282.941862077437,10.38,10.38
2025-09-12 01:00:00,10.32,0.0,0.0,0.0,282.941862077437,10.32,10.32
2025-09-12 02:00:00,10.44,0.0,0.0,0.0,282.941862077437,10.44,10.44
2025-09-12 03:00:00,10.2,0.0,0.0,0.0,282.941862077437,10.2,10.2
2025-09-12 04:00:00,10.32,0.0,0.0,0.0,282.941862077437,10.32,10.32
2025-09-12 05:00:00,10.44,0.0,0.0,0.0,282.941862077437,10.44,10.44
2025-09-12 06:00:00,10.08,6.0541252872563085,0.0,0.0,282.941862077437,4.025874712743692,4.025874712743692
2025-09-12 07:00:00,4.5,14.16480611592774,0.0,0.0,282.941862077437,-9.66480611592774,-9.66480611592774
2025-09-12 08:00:00,4.32,21.43664360949821,0.0,0.0,282.941862077437,-17.116643609498208,-17.116643609498208
2025-09-12 09:00:00,4.74,27.374074060060547,0.0,0.0,282.941862077437,-22.63407406006055,-22.63407406006055
2025-09-12 10:00:00,4.8,31.57247139447667,0.0,0.0,282.941862077437,-26.772471394476668,-26.772471394476668
2025-09-12 11:00:00,4.44,33.74572177258577,0.0,0.0,282.941862077437,-29.305721772585766,-29.305721772585766
2025-09-12 12:00:00,4.74,33.74572177258577,0.0,0.0,282.941862077437,-29.005721772585765,-29.005721772585765
2025-09-12 13:00:00,3.84,31.57247139447667,0.0,0.0,282.941862077437,-27.73247139447667,-27.73247139447667
2025-09-12 14:00:00,4.02,27.374074060060547,0.0,0.0,282.941862077437,-23.354074060060547,-23.354074060060547
2025-09-12 15:00:00,2.58,21.43664360949821,0.0,0.0,282.941862077437,-18.856643609498207,-18.856643609498207
2025-09-12 16:00:00,2.34,14.16480611592774,0.0,0.0,282.941862077437,-11.824806115927741,-11.824806115927741
2025-09-12 17:00:00,2.4,6.0541252872563085,0.0,0.0,282.941862077437,-3.6541252872563086,-3.6541252872563086
2025-09-12 18:00:00,2.82,0.0,0.0,2.82,280.121862077437,0.0,2.82
2025-09-12 19:00:00,2.34,0.0,0.0,0.0,280.121862077437,2.34,2.34
2025-09-12 20:00:00,2.4,0.0,0.0,0.0,280.121862077437,2.4,2.4
2025-09-12 21:00:00,2.52,0.0,0.0,0.0,280.121862077437,2.52,2.52
2025-09-12 22:00:00,2.7,0.0,0.0,0.0,280.121862077437,2.7,2.7
2025-09-12 23:00:00,2.52,0.0,0.0,0.0,280.121862077437,2.52,2.52
2025-09-13 00:00:00,2.34,0.0,0.0,0.0,280.121862077437,2.34,2.34
2025-09-13 01:00:00,2.82,0.0,0.0,0.0,280.121862077437,2.82,2.82
2025-09-13 02:00:00,2.34,0.0,0.0,0.0,280.121862077437,2.34,2.34
2025-09-13 03:00:00,2.64,0.0,0.0,0.0,280.121862077437,2.64,2.64
2025-09-13 04:00:00,2.28,0.0,0.0,0.0,280.121862077437,2.28,2.28
2025-09-13 05:00:00,2.82,0.0,0.0,0.0,280.121862077437,2.82,2.82
2025-09-13 06:00:00,2.28,5.838962818980668,0.0,0.0,280.121862077437,-3.558962818980668,-3.558962818980668
2025-09-13 07:00:00,2.4,13.952827696247878,0.0,0.0,280.121862077437,-11.552827696247878,-11.552827696247878
2025-09-13 08:00:00,2.46,21.227519929691518,0.0,0.0,280.121862077437,-18.767519929691517,-18.767519929691517
2025-09-13 09:00:00,2.34,27.167281265599726,0.0,0.0,280.121862077437,-24.827281265599726,-24.827281265599726
2025-09-13 10:00:00,2.34,31.36732678485009,0.0,0.0,280.121862077437,-29.02732678485009,-29.02732678485009
2025-09-13 11:00:00,2.28,33.541430326209095,0.0,0.0,280.121862077437,-31.261430326209094,-31.261430326209094
2025-09-13 12:00:00,2.46,33.541430326209095,0.0,0.0,280.121862077437,-31.081430326209095,-31.081430326209095
2025-09-13 13:00:00,2.34,31.36732678485009,0.0,0.0,280.121862077437,-29.02732678485009,-29.02732678485009
2025-09-13 14:00:00,2.16,27.167281265599726,0.0,0.0,280.121862077437,-25.007281265599726,-25.007281265599726
2025-09-13 15:00:00,2.28,21.227519929691518,0.0,0.0,280.121862077437,-18.947519929691516,-18.947519929691516
2025-09-13 16:00:00,2.34,13.952827696247878,0.0,0.0,280.121862077437,-11.612827696247878,-11.612827696247878
2025-09-13 17:00:00,2.4,5.838962818980668,0.0,0.0,280.121862077437,-3.438962818980668,-3.438962818980668
2025-09-13 18:00:00,2.22,0.0,0.0,0.0,280.121862077437,2.22,2.22
2025-09-13 19:00:00,2.46,0.0,0.0,0.0,280.121862077437,2.46,2.46
2025-09-13 20:00:00,2.52,0.0,0.0,0.0,280.121862077437,2.52,2.52
2025-09-13 21:00:00,2.58,0.0,0.0,0.0,280.121862077437,2.58,2.58
2025-09-13 22:00:00,3.3,0.0,0.0,0.0,280.121862077437,3.3,3.3
2025-09-13 23:00:00,2.4,0.0,0.0,0.0,280.121862077437,2.4,2.4
2025-09-14 00:00:00,2.46,0.0,0.0,0.0,280.121862077437,2.46,2.46
2025-09-14 01:00:00,2.7,0.0,0.0,0.0,280.121862077437,2.7,2.7
2025-09-14 02:00:00,2.4,0.0,0.0,0.0,280.121862077437,2.4,2.4
2025-09-14 03:00:00,2.46,0.0,0.0,0.0,280.121862077437,2.46,2.46
2025-09-14 04:00:00,2.4,0.0,0.0,0.0,280.121862077437,2.4,2.4
2025-09-14 05:00:00,2.52,0.0,0.0,0.0,280.121862077437,2.52,2.52
2025-09-14 06:00:00,2.46,5.623033623139023,0.0,0.0,280.121862077437,-3.1630336231390235,-3.1630336231390235
2025-09-14 07:00:00,2.46,13.739693191170472,0.0,0.0,280.121862077437,-11.279693191170473,-11.279693191170473
2025-09-14 08:00:00,2.1,21.016891075805628,0.0,0.0,280.121862077437,-18.916891075805626,-18.916891075805626
2025-09-14 09:00:00,2.52,26.958698267344705,0.0,0.0,280.121862077437,-24.438698267344705,-24.438698267344705
2025-09-14 10:00:00,2.4,31.16019042498498,0.0,0.0,280.121862077437,-28.76019042498498,-28.76019042498498
2025-09-14 11:00:00,2.46,33.33504280147736,0.0,0.0,280.121862077437,-30.875042801477356,-30.875042801477356
2025-09-14 12:00:00,2.1,33.33504280147736,0.0,0.0,280.121862077437,-31.235042801477356,-31.235042801477356
2025-09-14 13:00:00,2.28,31.16019042498498,0.0,0.0,280.121862077437,-28.880190424984978,-28.880190424984978
2025-09-14 14:00:00,2.46,26.958698267344705,0.0,0.0,280.121862077437,-24.498698267344704,-24.498698267344704
2025-09-14 15:00:00,2.22,21.016891075805628,0.0,0.0,280.121862077437,-18.79689107580563,-18.79689107580563
2025-09-14 16:00:00,2.46,13.739693191170472,0.0,0.0,280.121862077437,-11.279693191170473,-11.279693191170473
2025-09-14 17:00:00,2.1,5.623033623139023,0.0,0.0,280.121862077437,-3.5230336231390234,-3.5230336231390234
2025-09-14 18:00:00,2.28,0.0,0.0,0.0,280.121862077437,2.28,2.28
2025-09-14 19:00:00,2.82,0.0,0.0,0.0,280.121862077437,2.82,2.82
2025-09-14 20:00:00,2.34,0.0,0.0,0.0,280.121862077437,2.34,2.34
2025-09-14 21:00:00,2.4,0.0,0.0,0.0,280.121862077437,2.4,2.4
2025-09-14 22:00:00,2.4,0.0,0.0,0.0,280.121862077437,2.4,2.4
2025-09-14 23:00:00,2.88,0.0,0.0,0.0,280.121862077437,2.88,2.88
2025-09-15 00:00:00,2.4,0.0,0.0,0.0,280.121862077437,2.4,2.4
2025-09-15 01:00:00,2.4,0.0,0.0,0.0,280.121862077437,2.4,2.4
2025-09-15 02:00:00,2.58,0.0,0.0,0.0,280.121862077437,2.58,2.58
2025-09-15 03:00:00,2.46,0.0,0.0,0.0,280.121862077437,2.46,2.46
2025-09-15 04:00:00,2.82,0.0,0.0,0.0,280.121862077437,2.82,2.82
2025-09-15 05:00:00,2.46,0.0,0.0,0.0,280.121862077437,2.46,2.46
2025-09-15 06:00:00,3.48,5.406410491152058,0.0,0.0,280.121862077437,-1.9264104911520579,-1.9264104911520579
2025-09-15 07:00:00,3.42,13.525471945226345,0.0,0.0,280.121862077437,-10.105471945226345,-10.105471945226345
2025-09-15 08:00:00,3.3,20.80482330197444,0.0,0.0,280.121862077437,-17.50482330197444,-17.50482330197444
2025-09-15 09:00:00,3.0,26.74838879613086,0.0,0.0,280.121862077437,-23.74838879613086,-23.74838879613086
2025-09-15 10:00:00,3.48,30.951124261475247,0.0,0.0,280.121862077437,-27.471124261475246,-27.471124261475246
2025-09-15 11:00:00,3.06,33.126620221393104,0.0,0.0,280.121862077437,-30.066620221393105,-30.066620221393105
2025-09-15 12:00:00,3.18,33.126620221393104,0.0,0.0,280.121862077437,-29.946620221393104,-29.946620221393104
2025-09-15 13:00:00,3.66,30.951124261475247,0.0,0.0,280.121862077437,-27.291124261475247,-27.291124261475247
2025-09-15 14:00:00,2.58,26.74838879613086,0.0,0.0,280.121862077437,-24.168388796130863,-24.168388796130863
2025-09-15 15:00:00,2.16,20.80482330197444,0.0,0.0,280.121862077437,-18.64482330197444,-18.64482330197444
2025-09-15 16:00:00,2.7,13.525471945226345,0.0,0.0,280.121862077437,-10.825471945226344,-10.825471945226344
2025-09-15 17:00:00,2.34,5.406410491152058,0.0,0.0,280.121862077437,-3.066410491152058,-3.066410491152058
2025-09-15 18:00:00,2.22,0.0,0.0,2.22,277.901862077437,0.0,2.22
2025-09-15 19:00:00,2.46,0.0,0.0,0.0,277.901862077437,2.46,2.46
2025-09-15 20:00:00,2.58,0.0,0.0,0.0,277.901862077437,2.58,2.58
2025-09-15 21:00:00,2.46,0.0,0.0,0.0,277.901862077437,2.46,2.46
2025-09-15 22:00:00,2.46,0.0,0.0,0.0,277.901862077437,2.46,2.46
2025-09-15 23:00:00,2.58,0.0,0.0,0.0,277.901862077437,2.58,2.58
2025-09-16 00:00:00,2.34,0.0,0.0,0.0,277.901862077437,2.34,2.34
2025-09-16 01:00:00,2.64,0.0,0.0,0.0,277.901862077437,2.64,2.64
2025-09-16 02:00:00,2.58,0.0,0.0,0.0,277.901862077437,2.58,2.58
2025-09-16 03:00:00,2.34,0.0,0.0,0.0,277.901862077437,2.34,2.34
2025-09-16 04:00:00,2.46,0.0,0.0,0.0,277.901862077437,2.46,2.46
2025-09-16 05:00:00,2.58,0.0,0.0,0.0,277.901862077437,2.58,2.58
2025-09-16 06:00:00,3.3,5.189166798424315,0.0,0.0,277.901862077437,-1.8891667984243155,-1.8891667984243155
2025-09-16 07:00:00,3.48,13.310234370493603,0.0,0.0,277.901862077437,-9.830234370493603,-9.830234370493603
2025-09-16 08:00:00,3.66,20.591384363430294,0.0,0.0,277.901862077437,-16.931384363430293,-16.931384363430293
2025-09-16 09:00:00,3.06,26.536418437885036,0.0,0.0,277.901862077437,-23.476418437885037,-23.476418437885037
2025-09-16 10:00:00,3.48,30.74019234631707,0.0,0.0,277.901862077437,-27.26019234631707,-27.26019234631707
2025-09-16 11:00:00,3.3,32.91622584393161,0.0,0.0,277.901862077437,-29.616225843931613,-29.616225843931613
2025-09-16 12:00:00,2.7,32.91622584393161,0.0,0.0,277.901862077437,-30.216225843931614,-30.216225843931614
2025-09-16 13:00:00,3.18,30.74019234631707,0.0,0.0,277.901862077437,-27.56019234631707,-27.56019234631707
2025-09-16 14:00:00,3.12,26.536418437885036,0.0,0.0,277.901862077437,-23.416418437885035,-23.416418437885035
2025-09-16 15:00:00,2.46,20.591384363430294,0.0,0.0,277.901862077437,-18.131384363430293,-18.131384363430293
2025-09-16 16:00:00,3.3,13.310234370493603,0.0,0.0,277.901862077437,-10.010234370493603,-10.010234370493603
2025-09-16 17:00:00,2.58,5.189166798424315,0.0,0.0,277.901862077437,-2.609166798424315,-2.609166798424315
2025-09-16 18:00:00,2.34,0.0,0.0,2.34,275.561862077437,0.0,2.34
2025-09-16 19:00:00,2.34,0.0,0.0,0.0,275.561862077437,2.34,2.34
2025-09-16 20:00:00,2.46,0.0,0.0,0.0,275.561862077437,2.46,2.46
2025-09-16 21:00:00,2.76,0.0,0.0,0.0,275.561862077437,2.76,2.76
2025-09-16 22:00:00,2.46,0.0,0.0,0.0,275.561862077437,2.46,2.46
2025-09-16 23:00:00,2.4,0.0,0.0,0.0,275.561862077437,2.4,2.4
2025-09-17 00:00:00,2.34,0.0,0.0,0.0,275.561862077437,2.34,2.34
2025-09-17 01:00:00,2.94,0.0,0.0,0.0,275.561862077437,2.94,2.94
2025-09-17 02:00:00,2.46,0.0,0.0,0.0,275.561862077437,2.46,2.46
2025-09-17 03:00:00,2.4,0.0,0.0,0.0,275.561862077437,2.4,2.4
2025-09-17 04:00:00,2.46,0.0,0.0,0.0,275.561862077437,2.46,2.46
2025-09-17 05:00:00,2.7,0.0,0.0,0.0,275.561862077437,2.7,2.7
2025-09-17 06:00:00,3.78,4.971376456186527,0.0,0.0,275.561862077437,-1.1913764561865272,-1.1913764561865272
2025-09-17 07:00:00,3.6,13.094051902510389,0.0,0.0,275.561862077437,-9.494051902510389,-9.494051902510389
2025-09-17 08:00:00,3.18,20.376643476066057,0.0,0.0,275.561862077437,-17.196643476066058,-17.196643476066058
2025-09-17 09:00:00,4.44,26.32285459616733,0.0,0.0,275.561862077437,-21.882854596167327,-21.882854596167327
2025-09-17 10:00:00,4.08,30.527460801557805,0.0,0.0,275.561862077437,-26.447460801557803,-26.447460801557803
2025-09-17 11:00:00,4.08,32.70392512778039,0.0,0.0,275.561862077437,-28.62392512778039,-28.62392512778039
2025-09-17 12:00:00,3.42,32.70392512778039,0.0,0.0,275.561862077437,-29.283925127780385,-29.283925127780385
2025-09-17 13:00:00,3.12,30.527460801557805,0.0,0.0,275.561862077437,-27.407460801557804,-27.407460801557804
2025-09-17 14:00:00,2.94,26.32285459616733,0.0,0.0,275.561862077437,-23.382854596167327,-23.382854596167327
2025-09-17 15:00:00,2.46,20.376643476066057,0.0,0.0,275.561862077437,-17.916643476066056,-17.916643476066056
2025-09-17 16:00:00,2.52,13.094051902510389,0.0,0.0,275.561862077437,-10.574051902510389,-10.574051902510389
2025-09-17 17:00:00,2.52,4.971376456186527,0.0,0.0,275.561862077437,-2.451376456186527,-2.451376456186527
2025-09-17 18:00:00,2.52,0.0,0.0,2.52,273.041862077437,0.0,2.52
2025-09-17 19:00:00,2.46,0.0,0.0,0.0,273.041862077437,2.46,2.46
2025-09-17 20:00:00,2.64,0.0,0.0,0.0,273.041862077437,2.64,2.64
2025-09-17 21:00:00,2.58,0.0,0.0,0.0,273.041862077437,2.58,2.58
2025-09-17 22:00:00,2.4,0.0,0.0,0.0,273.041862077437,2.4,2.4
2025-09-17 23:00:00,2.28,0.0,0.0,0.0,273.041862077437,2.28,2.28
2025-09-18 00:00:00,2.7,0.0,0.0,0.0,273.041862077437,2.7,2.7
2025-09-18 01:00:00,2.4,0.0,0.0,0.0,273.041862077437,2.4,2.4
2025-09-18 02:00:00,2.46,0.0,0.0,0.0,273.041862077437,2.46,2.46
2025-09-18 03:00:00,2.34,0.0,0.0,0.0,273.041862077437,2.34,2.34
2025-09-18 04:00:00,2.82,0.0,0.0,0.0,273.041862077437,2.82,2.82
2025-09-18 05:00:00,2.34,0.0,0.0,0.0,273.041862077437,2.34,2.34
2025-09-18 06:00:00,3.06,4.753113862460087,0.0,0.0,273.041862077437,-1.6931138624600872,-1.6931138624600872
2025-09-18 07:00:00,2.22,12.87699695464292,0.0,0.0,273.041862077437,-10.656996954642919,-10.656996954642919
2025-09-18 08:00:00,2.4,20.160671273854813,0.0,0.0,273.041862077437,-17.760671273854815,-17.760671273854815
2025-09-18 09:00:00,2.52,26.10776645208241,0.0,0.0,273.041862077437,-23.58776645208241,-23.58776645208241
2025-09-18 10:00:00,2.58,30.31299778096896,0.0,0.0,273.041862077437,-27.732997780968958,-27.732997780968958
2025-09-18 11:00:00,2.76,32.4897856949242,0.0,0.0,273.041862077437,-29.729785694924203,-29.729785694924203
2025-09-18 12:00:00,3.66,32.4897856949242,0.0,0.0,273.041862077437,-28.8297856949242,-28.8297856949242
2025-09-18 13:00:00,3.54,30.31299778096896,0.0,0.0,273.041862077437,-26.77299778096896,-26.77299778096896
2025-09-18 14:00:00,3.6,26.10776645208241,0.0,0.0,273.041862077437,-22.507766452082407,-22.507766452082407
2025-09-18 15:00:00,3.42,20.160671273854813,0.0,0.0,273.041862077437,-16.740671273854815,-16.740671273854815
2025-09-18 16:00:00,2.82,12.87699695464292,0.0,0.0,273.041862077437,-10.05699695464292,-10.05699695464292
2025-09-18 17:00:00,2.4,4.753113862460087,0.0,0.0,273.041862077437,-2.3531138624600874,-2.3531138624600874
2025-09-18 18:00:00,2.4,0.0,0.0,2.4,270.641862077437,0.0,2.4
2025-09-18 19:00:00,3.24,0.0,0.0,0.0,270.641862077437,3.24,3.24
2025-09-18 20:00:00,2.82,0.0,0.0,0.0,270.641862077437,2.82,2.82
2025-09-18 21:00:00,2.64,0.0,0.0,0.0,270.641862077437,2.64,2.64
2025-09-18 22:00:00,2.4,0.0,0.0,0.0,270.641862077437,2.4,2.4
2025-09-18 23:00:00,2.4,0.0,0.0,0.0,270.641862077437,2.4,2.4
2025-09-19 00:00:00,2.46,0.0,0.0,0.0,270.641862077437,2.46,2.46
2025-09-19 01:00:00,2.46,0.0,0.0,0.0,270.641862077437,2.46,2.46
2025-09-19 02:00:00,2.58,0.0,0.0,0.0,270.641862077437,2.58,2.58
2025-09-19 03:00:00,2.52,0.0,0.0,0.0,270.641862077437,2.52,2.52
2025-09-19 04:00:00,2.34,0.0,0.0,0.0,270.641862077437,2.34,2.34
2025-09-19 05:00:00,2.64,0.0,0.0,0.0,270.641862077437,2.64,2.64
2025-09-19 06:00:00,4.68,4.534453852235528,0.0,0.0,270.641862077437,0.14554614776447128,0.14554614776447128
2025-09-19 07:00:00,3.96,12.65914287099448,0.0,0.0,270.641862077437,-8.699142870994478,-8.699142870994478
2025-09-19 08:00:00,3.06,19.94353976420689,0.0,0.0,270.641862077437,-16.88353976420689,-16.88353976420689
2025-09-19 09:00:00,3.18,25.891224921635374,0.0,0.0,270.641862077437,-22.711224921635374,-22.711224921635374
2025-09-19 10:00:00,3.42,30.096873428815627,0.0,0.0,270.641862077437,-26.676873428815625,-26.676873428815625
2025-09-19 11:00:00,3.36,32.2738772901461,0.0,0.0,270.641862077437,-28.913877290146104,-28.913877290146104
2025-09-19 12:00:00,3.54,32.2738772901461,0.0,0.0,270.641862077437,-28.733877290146104,-28.733877290146104
2025-09-19 13:00:00,2.46,30.096873428815627,0.0,0.0,270.641862077437,-27.636873428815626,-27.636873428815626
2025-09-19 14:00:00,2.16,25.891224921635374,0.0,0.0,270.641862077437,-23.731224921635373,-23.731224921635373
2025-09-19 15:00:00,1.92,19.94353976420689,0.0,0.0,270.641862077437,-18.023539764206888,-18.023539764206888
2025-09-19 16:00:00,2.04,12.65914287099448,0.0,0.0,270.641862077437,-10.61914287099448,-10.61914287099448
2025-09-19 17:00:00,1.92,4.534453852235528,0.0,0.0,270.641862077437,-2.6144538522355285,-2.6144538522355285
2025-09-19 18:00:00,2.34,0.0,0.0,2.34,268.301862077437,0.0,2.34
2025-09-19 19:00:00,2.04,0.0,0.0,0.0,268.301862077437,2.04,2.04
2025-09-19 20:00:00,2.16,0.0,0.0,0.0,268.301862077437,2.16,2.16
2025-09-19 21:00:00,2.16,0.0,0.0,0.0,268.301862077437,2.16,2.16
2025-09-19 22:00:00,2.46,0.0,0.0,0.0,268.301862077437,2.46,2.46
2025-09-19 23:00:00,2.1,0.0,0.0,0.0,268.301862077437,2.1,2.1
2025-09-20 00:00:00,1.98,0.0,0.0,0.0,268.301862077437,1.98,1.98
2025-09-20 01:00:00,2.22,0.0,0.0,0.0,268.301862077437,2.22,2.22
2025-09-20 02:00:00,2.1,0.0,0.0,0.0,268.301862077437,2.1,2.1
2025-09-20 03:00:00,2.34,0.0,0.0,0.0,268.301862077437,2.34,2.34
2025-09-20 04:00:00,2.04,0.0,0.0,0.0,268.301862077437,2.04,2.04
2025-09-20 05:00:00,2.04,0.0,0.0,0.0,268.301862077437,2.04,2.04
2025-09-20 06:00:00,1.98,4.315471646958192,0.0,0.0,268.301862077437,-2.3354716469581924,-2.3354716469581924
2025-09-20 07:00:00,1.92,12.44056387794341,0.0,0.0,268.301862077437,-10.52056387794341,-10.52056387794341
2025-09-20 08:00:00,2.1,19.72532228134796,0.0,0.0,268.301862077437,-17.62532228134796,-17.62532228134796
2025-09-20 09:00:00,1.86,25.673302610612307,0.0,0.0,268.301862077437,-23.813302610612308,-23.813302610612308
2025-09-20 10:00:00,2.88,29.87915983579931,0.0,0.0,268.301862077437,-26.99915983579931,-26.99915983579931
2025-09-20 11:00:00,8.52,32.05627173752019,0.0,0.0,268.301862077437,-23.53627173752019,-23.53627173752019
2025-09-20 12:00:00,3.24,32.05627173752019,0.0,0.0,268.301862077437,-28.81627173752019,-28.81627173752019
2025-09-20 13:00:00,16.08,29.87915983579931,0.0,0.0,268.301862077437,-13.799159835799312,-13.799159835799312
2025-09-20 14:00:00,16.5,25.673302610612307,0.0,0.0,268.301862077437,-9.173302610612307,-9.173302610612307
2025-09-20 15:00:00,16.62,19.72532228134796,0.0,0.0,268.301862077437,-3.1053222813479593,-3.1053222813479593
2025-09-20 16:00:00,16.44,12.44056387794341,0.0,0.0,268.301862077437,3.9994361220565917,3.9994361220565917
2025-09-20 17:00:00,16.74,4.315471646958192,0.0,0.0,268.301862077437,12.424528353041806,12.424528353041806
2025-09-20 18:00:00,16.68,0.0,0.0,0.0,268.301862077437,16.68,16.68
2025-09-20 19:00:00,16.86,0.0,0.0,0.0,268.301862077437,16.86,16.86
2025-09-20 20:00:00,16.74,0.0,0.0,0.0,268.301862077437,16.74,16.74
2025-09-20 21:00:00,16.68,0.0,0.0,0.0,268.301862077437,16.68,16.68
2025-09-20 22:00:00,14.7,0.0,0.0,0.0,268.301862077437,14.7,14.7
2025-09-20 23:00:00,2.28,0.0,0.0,0.0,268.301862077437,2.28,2.28
2025-09-21 00:00:00,2.22,0.0,0.0,0.0,268.301862077437,2.22,2.22
2025-09-21 01:00:00,2.1,0.0,0.0,0.0,268.301862077437,2.1,2.1
2025-09-21 02:00:00,5.82,0.0,0.0,0.0,268.301862077437,5.82,5.82
2025-09-21 03:00:00,2.04,0.0,0.0,0.0,268.301862077437,2.04,2.04
2025-09-21 04:00:00,2.1,0.0,0.0,0.0,268.301862077437,2.1,2.1
2025-09-21 05:00:00,2.16,0.0,0.0,0.0,268.301862077437,2.16,2.16
2025-09-21 06:00:00,1.92,4.096242803415845,0.0,0.0,268.301862077437,-2.176242803415845,-2.176242803415845
2025-09-21 07:00:00,2.16,12.221335034401063,0.0,0.0,268.301862077437,-10.061335034401063,-10.061335034401063
2025-09-21 08:00:00,1.86,19.506093437805617,0.0,0.0,268.301862077437,-17.646093437805618,-17.646093437805618
2025-09-21 09:00:00,1.92,25.45407376706996,0.0,0.0,268.301862077437,-23.534073767069962,-23.534073767069962
2025-09-21 10:00:00,1.98,29.65993099225696,0.0,0.0,268.301862077437,-27.67993099225696,-27.67993099225696
2025-09-21 11:00:00,2.22,31.83704289397784,0.0,0.0,268.301862077437,-29.617042893977843,-29.617042893977843
2025-09-21 12:00:00,3.66,31.83704289397784,0.0,0.0,268.301862077437,-28.17704289397784,-28.17704289397784
2025-09-21 13:00:00,8.16,29.65993099225696,0.0,0.0,268.301862077437,-21.49993099225696,-21.49993099225696
2025-09-21 14:00:00,8.22,25.45407376706996,0.0,0.0,268.301862077437,-17.234073767069958,-17.234073767069958
2025-09-21 15:00:00,8.1,19.506093437805617,0.0,0.0,268.301862077437,-11.406093437805618,-11.406093437805618
2025-09-21 16:00:00,8.4,12.221335034401063,0.0,0.0,268.301862077437,-3.821335034401063,-3.821335034401063
2025-09-21 17:00:00,8.1,4.096242803415845,0.0,0.0,268.301862077437,4.0037571965841545,4.0037571965841545
2025-09-21 18:00:00,8.4,0.0,0.0,0.0,268.301862077437,8.4,8.4
2025-09-21 19:00:00,5.64,0.0,0.0,0.0,268.301862077437,5.64,5.64
2025-09-21 20:00:00,2.34,0.0,0.0,0.0,268.301862077437,2.34,2.34
2025-09-21 21:00:00,2.16,0.0,0.0,0.0,268.301862077437,2.16,2.16
2025-09-21 22:00:00,2.04,0.0,0.0,0.0,268.301862077437,2.04,2.04
2025-09-21 23:00:00,2.1,0.0,0.0,0.0,268.301862077437,2.1,2.1
2025-09-22 00:00:00,2.1,0.0,0.0,0.0,268.301862077437,2.1,2.1
2025-09-22 01:00:00,2.28,0.0,0.0,0.0,268.301862077437,2.28,2.28
2025-09-22 02:00:00,2.1,0.0,0.0,0.0,268.301862077437,2.1,2.1
2025-09-22 03:00:00,2.1,0.0,0.0,0.0,268.301862077437,2.1,2.1
2025-09-22 04:00:00,2.1,0.0,0.0,0.0,268.301862077437,2.1,2.1
2025-09-22 05:00:00,3.18,0.0,0.0,0.0,268.301862077437,3.18,3.18
2025-09-22 06:00:00,4.32,3.876843162125007,0.0,0.0,268.301862077437,0.4431568378749935,0.4431568378749935
2025-09-22 07:00:00,4.56,12.001532180883956,0.0,0.0,268.301862077437,-7.441532180883956,-7.441532180883956
2025-09-22 08:00:00,4.08,19.28592907409637,0.0,0.0,268.301862077437,-15.20592907409637,-15.20592907409637
2025-09-22 09:00:00,4.26,25.233614231524854,0.0,0.0,268.301862077437,-20.973614231524856,-20.973614231524856
2025-09-22 10:00:00,4.32,29.439262738705107,0.0,0.0,268.301862077437,-25.119262738705107,-25.119262738705107
2025-09-22 11:00:00,4.26,31.616266600035583,0.0,0.0,268.301862077437,-27.356266600035582,-27.356266600035582
2025-09-22 12:00:00,2.76,31.616266600035583,0.0,0.0,268.301862077437,-28.856266600035582,-28.856266600035582
2025-09-22 13:00:00,3.06,29.439262738705107,0.0,0.0,268.301862077437,-26.37926273870511,-26.37926273870511
2025-09-22 14:00:00,2.64,25.233614231524854,0.0,0.0,268.301862077437,-22.593614231524853,-22.593614231524853
2025-09-22 15:00:00,1.98,19.28592907409637,0.0,0.0,268.301862077437,-17.30592907409637,-17.30592907409637
2025-09-22 16:00:00,1.86,12.001532180883956,0.0,0.0,268.301862077437,-10.141532180883956,-10.141532180883956
2025-09-22 17:00:00,1.98,3.876843162125007,0.0,0.0,268.301862077437,-1.8968431621250068,-1.8968431621250068
2025-09-22 18:00:00,1.98,0.0,0.0,1.98,266.321862077437,0.0,1.98
2025-09-22 19:00:00,1.92,0.0,0.0,0.0,266.321862077437,1.92,1.92
2025-09-22 20:00:00,2.04,0.0,0.0,0.0,266.321862077437,2.04,2.04
2025-09-22 21:00:00,2.04,0.0,0.0,0.0,266.321862077437,2.04,2.04
2025-09-22 22:00:00,2.16,0.0,0.0,0.0,266.321862077437,2.16,2.16
2025-09-22 23:00:00,2.04,0.0,0.0,0.0,266.321862077437,2.04,2.04
2025-09-23 00:00:00,1.86,0.0,0.0,0.0,266.321862077437,1.86,1.86
2025-09-23 01:00:00,2.1,0.0,0.0,0.0,266.321862077437,2.1,2.1
2025-09-23 02:00:00,2.22,0.0,0.0,0.0,266.321862077437,2.22,2.22
2025-09-23 03:00:00,1.86,0.0,0.0,0.0,266.321862077437,1.86,1.86
2025-09-23 04:00:00,2.04,0.0,0.0,0.0,266.321862077437,2.04,2.04
2025-09-23 05:00:00,2.04,0.0,0.0,0.0,266.321862077437,2.04,2.04
2025-09-23 06:00:00,4.08,3.657348795313031,0.0,0.0,266.321862077437,0.42265120468696926,0.42265120468696926
2025-09-23 07:00:00,4.14,11.781231887495863,0.0,0.0,266.321862077437,-7.641231887495864,-7.641231887495864
2025-09-23 08:00:00,4.2,19.06490620670776,0.0,0.0,266.321862077437,-14.864906206707762,-14.864906206707762
2025-09-23 09:00:00,4.08,25.012001384935356,0.0,0.0,266.321862077437,-20.932001384935354,-20.932001384935354
2025-09-23 10:00:00,3.9,29.217232713821897,0.0,0.0,266.321862077437,-25.317232713821898,-25.317232713821898
2025-09-23 11:00:00,6.0,31.394020627777145,0.0,0.0,266.321862077437,-25.394020627777145,-25.394020627777145
2025-09-23 12:00:00,4.98,31.394020627777145,0.0,0.0,266.321862077437,-26.414020627777145,-26.414020627777145
2025-09-23 13:00:00,3.96,29.217232713821897,0.0,0.0,266.321862077437,-25.257232713821896,-25.257232713821896
2025-09-23 14:00:00,4.02,25.012001384935356,0.0,0.0,266.321862077437,-20.992001384935357,-20.992001384935357
2025-09-23 15:00:00,3.24,19.06490620670776,0.0,0.0,266.321862077437,-15.82490620670776,-15.82490620670776
2025-09-23 16:00:00,1.8,11.781231887495863,0.0,0.0,266.321862077437,-9.981231887495863,-9.981231887495863
2025-09-23 17:00:00,1.86,3.657348795313031,0.0,0.0,266.321862077437,-1.7973487953130307,-1.7973487953130307
2025-09-23 18:00:00,1.92,0.0,0.0,1.92,264.401862077437,0.0,1.92
2025-09-23 19:00:00,2.22,0.0,0.0,0.0,264.401862077437,2.22,2.22
2025-09-23 20:00:00,1.98,0.0,0.0,0.0,264.401862077437,1.98,1.98
2025-09-23 21:00:00,1.86,0.0,0.0,0.0,264.401862077437,1.86,1.86
2025-09-23 22:00:00,2.1,0.0,0.0,0.0,264.401862077437,2.1,2.1
2025-09-23 23:00:00,2.22,0.0,0.0,0.0,264.401862077437,2.22,2.22
2025-09-24 00:00:00,1.98,0.0,0.0,0.0,264.401862077437,1.98,1.98
2025-09-24 01:00:00,1.98,0.0,0.0,0.0,264.401862077437,1.98,1.98
2025-09-24 02:00:00,2.04,0.0,0.0,0.0,264.401862077437,2.04,2.04
2025-09-24 03:00:00,2.22,0.0,0.0,0.0,264.401862077437,2.22,2.22
2025-09-24 04:00:00,1.98,0.0,0.0,0.0,264.401862077437,1.98,1.98
2025-09-24 05:00:00,2.28,0.0,0.0,0.0,264.401862077437,2.28,2.28
2025-09-24 06:00:00,5.88,3.4378359545944246,0.0,0.0,264.401862077437,2.4421640454055753,2.4421640454055753
2025-09-24 07:00:00,4.02,11.560511400918289,0.0,0.0,264.401862077437,-7.540511400918289,-7.540511400918289
2025-09-24 08:00:00,4.02,18.843102974473958,0.0,0.0,264.401862077437,-14.823102974473958,-14.823102974473958
2025-09-24 09:00:00,4.02,24.789314094575225,0.0,0.0,264.401862077437,-20.769314094575225,-20.769314094575225
2025-09-24 10:00:00,4.2,28.99392029996569,0.0,0.0,264.401862077437,-24.79392029996569,-24.79392029996569
2025-09-24 11:00:00,3.96,31.17038462618828,0.0,0.0,264.401862077437,-27.21038462618828,-27.21038462618828
2025-09-24 12:00:00,4.2,31.17038462618828,0.0,0.0,264.401862077437,-26.97038462618828,-26.97038462618828
2025-09-24 13:00:00,3.9,28.99392029996569,0.0,0.0,264.401862077437,-25.093920299965692,-25.093920299965692
2025-09-24 14:00:00,4.26,24.789314094575225,0.0,0.0,264.401862077437,-20.529314094575227,-20.529314094575227
2025-09-24 15:00:00,4.32,18.843102974473958,0.0,0.0,264.401862077437,-14.523102974473957,-14.523102974473957
2025-09-24 16:00:00,3.84,11.560511400918289,0.0,0.0,264.401862077437,-7.720511400918289,-7.720511400918289
2025-09-24 17:00:00,2.1,3.4378359545944246,0.0,0.0,264.401862077437,-1.3378359545944245,-1.3378359545944245
2025-09-24 18:00:00,1.86,0.0,0.0,1.86,262.541862077437,0.0,1.86
2025-09-24 19:00:00,2.16,0.0,0.0,0.0,262.541862077437,2.16,2.16
2025-09-24 20:00:00,2.1,0.0,0.0,0.0,262.541862077437,2.1,2.1
2025-09-24 21:00:00,1.86,0.0,0.0,0.0,262.541862077437,1.86,1.86
2025-09-24 22:00:00,2.1,0.0,0.0,0.0,262.541862077437,2.1,2.1
2025-09-24 23:00:00,2.04,0.0,0.0,0.0,262.541862077437,2.04,2.04
2025-09-25 00:00:00,1.98,0.0,0.0,0.0,262.541862077437,1.98,1.98
2025-09-25 01:00:00,2.16,0.0,0.0,0.0,262.541862077437,2.16,2.16
2025-09-25 02:00:00,2.04,0.0,0.0,0.0,262.541862077437,2.04,2.04
2025-09-25 03:00:00,1.86,0.0,0.0,0.0,262.541862077437,1.86,1.86
2025-09-25 04:00:00,2.16,0.0,0.0,0.0,262.541862077437,2.16,2.16
2025-09-25 05:00:00,2.1,0.0,0.0,0.0,262.541862077437,2.1,2.1
2025-09-25 06:00:00,8.4,3.2183810184397816,0.0,0.0,262.541862077437,5.181618981560218,5.181618981560218
2025-09-25 07:00:00,10.08,11.339448590509068,0.0,0.0,262.541862077437,-1.2594485905090682,-1.2594485905090682
2025-09-25 08:00:00,3.9,18.620598583445755,0.0,0.0,262.541862077437,-14.720598583445755,-14.720598583445755
2025-09-25 09:00:00,2.88,24.5656326579005,0.0,0.0,262.541862077437,-21.685632657900502,-21.685632657900502
2025-09-25 10:00:00,2.58,28.76940656633254,0.0,0.0,262.541862077437,-26.189406566332536,-26.189406566332536
2025-09-25 11:00:00,2.7,30.945440063947085,0.0,0.0,262.541862077437,-28.245440063947086,-28.245440063947086
2025-09-25 12:00:00,2.82,30.945440063947085,0.0,0.0,262.541862077437,-28.125440063947085,-28.125440063947085
2025-09-25 13:00:00,2.52,28.76940656633254,0.0,0.0,262.541862077437,-26.24940656633254,-26.24940656633254
2025-09-25 14:00:00,1.8,24.5656326579005,0.0,0.0,262.541862077437,-22.7656326579005,-22.7656326579005
2025-09-25 15:00:00,1.98,18.620598583445755,0.0,0.0,262.541862077437,-16.640598583445755,-16.640598583445755
2025-09-25 16:00:00,1.8,11.339448590509068,0.0,0.0,262.541862077437,-9.539448590509068,-9.539448590509068
2025-09-25 17:00:00,1.92,3.2183810184397816,0.0,0.0,262.541862077437,-1.2983810184397817,-1.2983810184397817
2025-09-25 18:00:00,2.16,0.0,0.0,2.16,260.381862077437,0.0,2.16
2025-09-25 19:00:00,1.92,0.0,0.0,0.0,260.381862077437,1.92,1.92
2025-09-25 20:00:00,2.16,0.0,0.0,0.0,260.381862077437,2.16,2.16
2025-09-25 21:00:00,2.16,0.0,0.0,0.0,260.381862077437,2.16,2.16
2025-09-25 22:00:00,2.04,0.0,0.0,0.0,260.381862077437,2.04,2.04
2025-09-25 23:00:00,1.98,0.0,0.0,0.0,260.381862077437,1.98,1.98
2025-09-26 00:00:00,2.1,0.0,0.0,0.0,260.381862077437,2.1,2.1
2025-09-26 01:00:00,1.98,0.0,0.0,0.0,260.381862077437,1.98,1.98
2025-09-26 02:00:00,2.04,0.0,0.0,0.0,260.381862077437,2.04,2.04
2025-09-26 03:00:00,2.22,0.0,0.0,0.0,260.381862077437,2.22,2.22
2025-09-26 04:00:00,1.98,0.0,0.0,0.0,260.381862077437,1.98,1.98
2025-09-26 05:00:00,2.16,0.0,0.0,0.0,260.381862077437,2.16,2.16
2025-09-26 06:00:00,4.38,2.999060439536743,0.0,0.0,260.381862077437,1.3809395604632568,1.3809395604632568
2025-09-26 07:00:00,4.38,11.118121893611027,0.0,0.0,260.381862077437,-6.738121893611027,-6.738121893611027
2025-09-26 08:00:00,4.08,18.397473250359123,0.0,0.0,260.381862077437,-14.317473250359123,-14.317473250359123
2025-09-26 09:00:00,4.26,24.34103874451555,0.0,0.0,260.381862077437,-20.081038744515553,-20.081038744515553
2025-09-26 10:00:00,3.96,28.543774209859933,0.0,0.0,260.381862077437,-24.583774209859932,-24.583774209859932
2025-09-26 11:00:00,4.02,30.71927016977779,0.0,0.0,260.381862077437,-26.69927016977779,-26.69927016977779
2025-09-26 12:00:00,4.38,30.71927016977779,0.0,0.0,260.381862077437,-26.33927016977779,-26.33927016977779
2025-09-26 13:00:00,4.14,28.543774209859933,0.0,0.0,260.381862077437,-24.403774209859932,-24.403774209859932
2025-09-26 14:00:00,4.14,24.34103874451555,0.0,0.0,260.381862077437,-20.20103874451555,-20.20103874451555
2025-09-26 15:00:00,2.52,18.397473250359123,0.0,0.0,260.381862077437,-15.877473250359124,-15.877473250359124
2025-09-26 16:00:00,5.58,11.118121893611027,0.0,0.0,260.381862077437,-5.538121893611027,-5.538121893611027
2025-09-26 17:00:00,8.4,2.999060439536743,0.0,5.40093956046326,254.980922516974,-2.6645352591003757e-15,5.400939560463257
2025-09-26 18:00:00,8.64,0.0,0.0,8.64,246.340922516974,0.0,8.64
2025-09-26 19:00:00,8.46,0.0,0.0,0.0,246.340922516974,8.46,8.46
2025-09-26 20:00:00,8.58,0.0,0.0,0.0,246.340922516974,8.58,8.58
2025-09-26 21:00:00,8.52,0.0,0.0,0.0,246.340922516974,8.52,8.52
2025-09-26 22:00:00,8.88,0.0,0.0,0.0,246.340922516974,8.88,8.88
2025-09-26 23:00:00,8.58,0.0,0.0,0.0,246.340922516974,8.58,8.58
2025-09-27 00:00:00,8.58,0.0,0.0,0.0,246.340922516974,8.58,8.58
2025-09-27 01:00:00,8.64,0.0,0.0,0.0,246.340922516974,8.64,8.64
2025-09-27 02:00:00,8.82,0.0,0.0,0.0,246.340922516974,8.82,8.82
2025-09-27 03:00:00,8.52,0.0,0.0,0.0,246.340922516974,8.52,8.52
2025-09-27 04:00:00,8.58,0.0,0.0,0.0,246.340922516974,8.58,8.58
2025-09-27 05:00:00,8.52,0.0,0.0,0.0,246.340922516974,8.52,8.52
2025-09-27 06:00:00,8.52,2.779950692141552,0.0,0.0,246.340922516974,5.740049307858447,5.740049307858447
2025-09-27 07:00:00,8.4,10.896610260173002,0.0,0.0,246.340922516974,-2.496610260173002,-2.496610260173002
2025-09-27 08:00:00,8.28,18.173808144808152,0.0,0.0,246.340922516974,-9.893808144808153,-9.893808144808153
2025-09-27 09:00:00,8.34,24.115615336347236,0.0,0.0,246.340922516974,-15.775615336347236,-15.775615336347236
2025-09-27 10:00:00,8.58,28.317107493987518,0.0,0.0,246.340922516974,-19.737107493987516,-19.737107493987516
2025-09-27 11:00:00,8.22,30.49195987047988,0.0,0.0,246.340922516974,-22.271959870479883,-22.271959870479883
2025-09-27 12:00:00,7.02,30.49195987047988,0.0,0.0,246.340922516974,-23.471959870479882,-23.471959870479882
2025-09-27 13:00:00,1.8,28.317107493987518,0.0,0.0,246.340922516974,-26.517107493987517,-26.517107493987517
2025-09-27 14:00:00,1.68,24.115615336347236,0.0,0.0,246.340922516974,-22.435615336347237,-22.435615336347237
2025-09-27 15:00:00,1.98,18.173808144808152,0.0,0.0,246.340922516974,-16.193808144808152,-16.193808144808152
2025-09-27 16:00:00,1.8,10.896610260173002,0.0,0.0,246.340922516974,-9.096610260173001,-9.096610260173001
2025-09-27 17:00:00,1.8,2.779950692141552,0.0,0.0,246.340922516974,-0.979950692141552,-0.979950692141552
2025-09-27 18:00:00,1.86,0.0,0.0,0.0,246.340922516974,1.86,1.86
2025-09-27 19:00:00,1.92,0.0,0.0,0.0,246.340922516974,1.92,1.92
2025-09-27 20:00:00,2.22,0.0,0.0,0.0,246.340922516974,2.22,2.22
2025-09-27 21:00:00,1.98,0.0,0.0,0.0,246.340922516974,1.98,1.98
2025-09-27 22:00:00,1.98,0.0,0.0,0.0,246.340922516974,1.98,1.98
2025-09-27 23:00:00,1.92,0.0,0.0,0.0,246.340922516974,1.92,1.92
2025-09-28 00:00:00,2.1,0.0,0.0,0.0,246.340922516974,2.1,2.1
2025-09-28 01:00:00,2.04,0.0,0.0,0.0,246.340922516974,2.04,2.04
2025-09-28 02:00:00,1.98,0.0,0.0,0.0,246.340922516974,1.98,1.98
2025-09-28 03:00:00,1.98,0.0,0.0,0.0,246.340922516974,1.98,1.98
2025-09-28 04:00:00,1.92,0.0,0.0,0.0,246.340922516974,1.92,1.92
2025-09-28 05:00:00,2.16,0.0,0.0,0.0,246.340922516974,2.16,2.16
2025-09-28 06:00:00,1.86,2.561128219520055,0.0,0.0,246.340922516974,-0.701128219520055,-0.701128219520055
2025-09-28 07:00:00,1.74,10.674993096787263,0.0,0.0,246.340922516974,-8.934993096787263,-8.934993096787263
2025-09-28 08:00:00,1.92,17.9496853302309,0.0,0.0,246.340922516974,-16.029685330230897,-16.029685330230897
2025-09-28 09:00:00,1.8,23.889446666139115,0.0,0.0,246.340922516974,-22.089446666139114,-22.089446666139114
2025-09-28 10:00:00,2.04,28.089492185389474,0.0,0.0,246.340922516974,-26.049492185389475,-26.049492185389475
2025-09-28 11:00:00,1.8,30.26359572674848,0.0,0.0,246.340922516974,-28.46359572674848,-28.46359572674848
2025-09-28 12:00:00,1.74,30.26359572674848,0.0,0.0,246.340922516974,-28.523595726748482,-28.523595726748482
2025-09-28 13:00:00,1.8,28.089492185389474,0.0,0.0,246.340922516974,-26.289492185389474,-26.289492185389474
2025-09-28 14:00:00,2.04,23.889446666139115,0.0,0.0,246.340922516974,-21.849446666139116,-21.849446666139116
2025-09-28 15:00:00,1.74,17.9496853302309,0.0,0.0,246.340922516974,-16.2096853302309,-16.2096853302309
2025-09-28 16:00:00,1.68,10.674993096787263,0.0,0.0,246.340922516974,-8.994993096787264,-8.994993096787264
2025-09-28 17:00:00,1.8,2.561128219520055,0.0,0.0,246.340922516974,-0.761128219520055,-0.761128219520055
2025-09-28 18:00:00,2.1,0.0,0.0,0.0,246.340922516974,2.1,2.1
2025-09-28 19:00:00,2.04,0.0,0.0,0.0,246.340922516974,2.04,2.04
2025-09-28 20:00:00,1.98,0.0,0.0,0.0,246.340922516974,1.98,1.98
2025-09-28 21:00:00,1.98,0.0,0.0,0.0,246.340922516974,1.98,1.98
2025-09-28 22:00:00,2.04,0.0,0.0,0.0,246.340922516974,2.04,2.04
2025-09-28 23:00:00,2.04,0.0,0.0,0.0,246.340922516974,2.04,2.04
2025-09-29 00:00:00,1.92,0.0,0.0,0.0,246.340922516974,1.92,1.92
2025-09-29 01:00:00,2.22,0.0,0.0,0.0,246.340922516974,2.22,2.22
2025-09-29 02:00:00,2.04,0.0,0.0,0.0,246.340922516974,2.04,2.04
2025-09-29 03:00:00,1.92,0.0,0.0,0.0,246.340922516974,1.92,1.92
2025-09-29 04:00:00,1.98,0.0,0.0,0.0,246.340922516974,1.98,1.98
2025-09-29 05:00:00,2.34,0.0,0.0,0.0,246.340922516974,2.34,2.34
2025-09-29 06:00:00,4.2,2.3426693815759334,0.0,0.0,246.340922516974,1.8573306184240668,1.8573306184240668
2025-09-29 07:00:00,6.72,10.453350210247365,0.0,0.0,246.340922516974,-3.733350210247365,-3.733350210247365
2025-09-29 08:00:00,4.56,17.725187703817834,0.0,0.0,246.340922516974,-13.165187703817836,-13.165187703817836
2025-09-29 09:00:00,4.32,23.66261815438016,0.0,0.0,246.340922516974,-19.34261815438016,-19.34261815438016
2025-09-29 10:00:00,4.26,27.861015488796287,0.0,0.0,246.340922516974,-23.601015488796286,-23.601015488796286
2025-09-29 11:00:00,4.32,30.034265866905383,0.0,0.0,246.340922516974,-25.714265866905382,-25.714265866905382
2025-09-29 12:00:00,4.08,30.034265866905383,0.0,0.0,246.340922516974,-25.95426586690538,-25.95426586690538
2025-09-29 13:00:00,4.14,27.861015488796287,0.0,0.0,246.340922516974,-23.721015488796287,-23.721015488796287
2025-09-29 14:00:00,4.32,23.66261815438016,0.0,0.0,246.340922516974,-19.34261815438016,-19.34261815438016
2025-09-29 15:00:00,3.66,17.725187703817834,0.0,0.0,246.340922516974,-14.065187703817834,-14.065187703817834
2025-09-29 16:00:00,2.52,10.453350210247365,0.0,0.0,246.340922516974,-7.933350210247365,-7.933350210247365
2025-09-29 17:00:00,1.8,2.3426693815759334,0.0,0.0,246.340922516974,-0.5426693815759334,-0.5426693815759334
2025-09-29 18:00:00,2.16,0.0,0.0,2.16,244.180922516974,0.0,2.16
2025-09-29 19:00:00,1.92,0.0,0.0,0.0,244.180922516974,1.92,1.92
2025-09-29 20:00:00,1.92,0.0,0.0,0.0,244.180922516974,1.92,1.92
2025-09-29 21:00:00,1.98,0.0,0.0,0.0,244.180922516974,1.98,1.98
2025-09-29 22:00:00,2.22,0.0,0.0,0.0,244.180922516974,2.22,2.22
2025-09-29 23:00:00,2.1,0.0,0.0,0.0,244.180922516974,2.1,2.1
2025-09-30 00:00:00,1.98,0.0,0.0,0.0,244.180922516974,1.98,1.98
2025-09-30 01:00:00,2.16,0.0,0.0,0.0,244.180922516974,2.16,2.16
2025-09-30 02:00:00,1.92,0.0,0.0,0.0,244.180922516974,1.92,1.92
2025-09-30 03:00:00,1.92,0.0,0.0,0.0,244.180922516974,1.92,1.92
2025-09-30 04:00:00,2.04,0.0,0.0,0.0,244.180922516974,2.04,2.04
2025-09-30 05:00:00,2.16,0.0,0.0,0.0,244.180922516974,2.16,2.16
2025-09-30 06:00:00,2.16,2.1246504027633897,0.0,0.0,244.180922516974,0.035349597236610464,0.035349597236610464
2025-09-30 07:00:00,2.22,10.23176175073117,0.0,0.0,244.180922516974,-8.01176175073117,-8.01176175073117
2025-09-30 08:00:00,2.22,17.50039893545437,0.0,0.0,244.180922516974,-15.28039893545437,-15.28039893545437
2025-09-30 09:00:00,2.4,23.435216344785,0.0,0.0,244.180922516974,-21.035216344785002,-21.035216344785002
2025-09-30 10:00:00,2.52,27.631765980026657,0.0,0.0,244.180922516974,-25.111765980026657,-25.111765980026657
2025-09-30 11:00:00,3.06,29.80405991866381,0.0,0.0,244.180922516974,-26.74405991866381,-26.74405991866381
2025-09-30 12:00:00,2.82,29.80405991866381,0.0,0.0,244.180922516974,-26.98405991866381,-26.98405991866381
2025-09-30 13:00:00,2.76,27.631765980026657,0.0,0.0,244.180922516974,-24.87176598002666,-24.87176598002666
2025-09-30 14:00:00,2.58,23.435216344785,0.0,0.0,244.180922516974,-20.855216344785,-20.855216344785
2025-09-30 15:00:00,2.64,17.50039893545437,0.0,0.0,244.180922516974,-14.86039893545437,-14.86039893545437
2025-09-30 16:00:00,2.34,10.23176175073117,0.0,0.0,244.180922516974,-7.89176175073117,-7.89176175073117
2025-09-30 17:00:00,1.8,2.1246504027633897,0.0,0.0,244.180922516974,-0.32465040276338963,-0.32465040276338963
2025-09-30 18:00:00,1.62,0.0,0.0,1.62,242.560922516974,0.0,1.62
2025-09-30 19:00:00,1.68,0.0,0.0,0.0,242.560922516974,1.68,1.68
2025-09-30 20:00:00,1.68,0.0,0.0,0.0,242.560922516974,1.68,1.68
2025-09-30 21:00:00,1.98,0.0,46.6603849335376,0.0,283.622061258487,48.6403849335376,1.98
2025-09-30 22:00:00,1.68,0.0,0.0,0.0,283.622061258487,1.68,1.68
2025-09-30 23:00:00,1.62,0.0,47.0203849335376,0.0,325.0,48.6403849335376,1.62
2025-10-01 00:00:00,1.68,0.0,0.0,0.0,325.0,1.68,1.68
2025-10-01 01:00:00,1.92,0.0,0.0,0.0,325.0,1.92,1.92
2025-10-01 02:00:00,1.8,0.0,0.0,0.0,325.0,1.8,1.8
2025-10-01 03:00:00,1.74,0.0,0.0,0.0,325.0,1.74,1.74
2025-10-01 04:00:00,1.68,0.0,0.0,0.0,325.0,1.68,1.68
2025-10-01 05:00:00,1.68,0.0,0.0,0.0,325.0,1.68,1.68
2025-10-01 06:00:00,1.8,1.3651159766933034,0.0,0.0,325.0,0.4348840233066966,0.4348840233066966
2025-10-01 07:00:00,2.22,7.165273205479431,0.0,0.0,325.0,-4.945273205479431,-4.945273205479431
2025-10-01 08:00:00,2.52,12.365551911527302,0.0,0.0,325.0,-9.845551911527302,-9.845551911527302
2025-10-01 09:00:00,2.58,16.611561694886642,0.0,0.0,325.0,-14.031561694886642,-14.031561694886642
2025-10-01 10:00:00,2.58,19.613944005684463,0.0,0.0,325.0,-17.03394400568446,-17.03394400568446
2025-10-01 11:00:00,2.76,21.168091451111245,0.0,0.0,325.0,-18.408091451111247,-18.408091451111247
2025-10-01 12:00:00,2.28,21.168091451111245,0.0,0.0,325.0,-18.888091451111244,-18.888091451111244
2025-10-01 13:00:00,2.34,19.613944005684463,0.0,0.0,325.0,-17.273944005684463,-17.273944005684463
2025-10-01 14:00:00,2.46,16.611561694886642,0.0,0.0,325.0,-14.151561694886642,-14.151561694886642
2025-10-01 15:00:00,2.52,12.365551911527302,0.0,0.0,325.0,-9.845551911527302,-9.845551911527302
2025-10-01 16:00:00,1.62,7.165273205479431,0.0,0.0,325.0,-5.545273205479431,-5.545273205479431
2025-10-01 17:00:00,1.44,1.3651159766933034,0.0,0.0748840233066965,324.925115976693,2.7755575615628914e-17,0.07488402330669652
2025-10-01 18:00:00,1.68,0.0,0.0,1.68,323.245115976693,0.0,1.68
2025-10-01 19:00:00,1.8,0.0,0.0,0.0,323.245115976693,1.8,1.8
2025-10-01 20:00:00,1.62,0.0,0.0,0.0,323.245115976693,1.62,1.62
2025-10-01 21:00:00,1.74,0.0,0.0,0.0,323.245115976693,1.74,1.74
2025-10-01 22:00:00,1.86,0.0,0.0,0.0,323.245115976693,1.86,1.86
2025-10-01 23:00:00,1.8,0.0,0.0,0.0,323.245115976693,1.8,1.8
2025-10-02 00:00:00,1.68,0.0,0.0,0.0,323.245115976693,1.68,1.68
2025-10-02 01:00:00,1.74,0.0,0.0,0.0,323.245115976693,1.74,1.74
2025-10-02 02:00:00,1.86,0.0,0.0,0.0,323.245115976693,1.86,1.86
2025-10-02 03:00:00,1.74,0.0,0.0,0.0,323.245115976693,1.74,1.74
2025-10-02 04:00:00,1.56,0.0,0.0,0.0,323.245115976693,1.56,1.56
2025-10-02 05:00:00,1.62,0.0,0.0,0.0,323.245115976693,1.62,1.62
2025-10-02 06:00:00,1.74,1.2098530891250951,0.0,0.0,323.245115976693,0.5301469108749048,0.5301469108749048
2025-10-02 07:00:00,1.5,7.006913325943667,0.0,0.0,323.245115976693,-5.506913325943667,-5.506913325943667
2025-10-02 08:00:00,2.58,12.204415344955924,0.0,0.0,323.245115976693,-9.624415344955924,-9.624415344955924
2025-10-02 09:00:00,2.58,16.44815797284439,0.0,0.0,323.245115976693,-13.868157972844388,-13.868157972844388
2025-10-02 10:00:00,2.64,19.44893716263474,0.0,0.0,323.245115976693,-16.808937162634738,-16.808937162634738
2025-10-02 11:00:00,2.64,21.00225477156485,0.0,0.0,323.245115976693,-18.36225477156485,-18.36225477156485
2025-10-02 12:00:00,2.64,21.00225477156485,0.0,0.0,323.245115976693,-18.36225477156485,-18.36225477156485
2025-10-02 13:00:00,1.98,19.44893716263474,0.0,0.0,323.245115976693,-17.468937162634738,-17.468937162634738
2025-10-02 14:00:00,1.74,16.44815797284439,0.0,0.0,323.245115976693,-14.708157972844388,-14.708157972844388
2025-10-02 15:00:00,1.5,12.204415344955924,0.0,0.0,323.245115976693,-10.704415344955924,-10.704415344955924
2025-10-02 16:00:00,1.68,7.006913325943667,0.0,0.0,323.245115976693,-5.326913325943667,-5.326913325943667
2025-10-02 17:00:00,1.56,1.2098530891250951,0.0,0.350146910874905,322.894969065818,-1.1102230246251565e-16,0.3501469108749049
2025-10-02 18:00:00,1.8,0.0,0.0,1.8,321.094969065818,0.0,1.8
2025-10-02 19:00:00,1.74,0.0,0.0,0.0,321.094969065818,1.74,1.74
2025-10-02 20:00:00,1.8,0.0,0.0,0.0,321.094969065818,1.8,1.8
2025-10-02 21:00:00,1.8,0.0,0.0,0.0,321.094969065818,1.8,1.8
2025-10-02 22:00:00,1.8,0.0,0.0,0.0,321.094969065818,1.8,1.8
2025-10-02 23:00:00,1.8,0.0,0.0,0.0,321.094969065818,1.8,1.8
2025-10-03 00:00:00,1.8,0.0,0.0,0.0,321.094969065818,1.8,1.8
2025-10-03 01:00:00,1.68,0.0,0.0,0.0,321.094969065818,1.68,1.68
2025-10-03 02:00:00,1.92,0.0,0.0,0.0,321.094969065818,1.92,1.92
2025-10-03 03:00:00,1.8,0.0,0.0,0.0,321.094969065818,1.8,1.8
2025-10-03 04:00:00,1.68,0.0,0.0,0.0,321.094969065818,1.68,1.68
2025-10-03 05:00:00,1.92,0.0,0.0,0.0,321.094969065818,1.92,1.92
2025-10-03 06:00:00,2.7,1.0550677800134782,0.0,0.0,321.094969065818,1.644932219986522,1.644932219986522
2025-10-03 07:00:00,3.78,6.848765582263474,0.0,0.0,321.094969065818,-3.0687655822634743,-3.0687655822634743
2025-10-03 08:00:00,4.56,12.043252924914777,0.0,0.0,321.094969065818,-7.483252924914777,-7.483252924914777
2025-10-03 09:00:00,4.68,16.284534079861917,0.0,0.0,321.094969065818,-11.604534079861917,-11.604534079861917
2025-10-03 10:00:00,4.5,19.28357274544375,0.0,0.0,321.094969065818,-14.783572745443749,-14.783572745443749
2025-10-03 11:00:00,4.44,20.835989392746608,0.0,0.0,321.094969065818,-16.395989392746607,-16.395989392746607
2025-10-03 12:00:00,4.44,20.835989392746608,0.0,0.0,321.094969065818,-16.395989392746607,-16.395989392746607
2025-10-03 13:00:00,4.44,19.28357274544375,0.0,0.0,321.094969065818,-14.843572745443748,-14.843572745443748
2025-10-03 14:00:00,4.14,16.284534079861917,0.0,0.0,321.094969065818,-12.144534079861916,-12.144534079861916
2025-10-03 15:00:00,3.3,12.043252924914777,0.0,0.0,321.094969065818,-8.743252924914778,-8.743252924914778
2025-10-03 16:00:00,2.94,6.848765582263474,0.0,0.0,321.094969065818,-3.908765582263474,-3.908765582263474
2025-10-03 17:00:00,3.12,1.0550677800134782,0.0,2.06493221998652,319.030036845832,2.220446049250313e-15,2.064932219986522
2025-10-03 18:00:00,3.12,0.0,0.0,3.11999999999998,315.910036845832,1.9984014443252818e-14,3.12
2025-10-03 19:00:00,3.12,0.0,0.0,0.0,315.910036845832,3.12,3.12
2025-10-03 20:00:00,3.3,0.0,0.0,0.0,315.910036845832,3.3,3.3
2025-10-03 21:00:00,3.12,0.0,0.0,0.0,315.910036845832,3.12,3.12
2025-10-03 22:00:00,3.06,0.0,0.0,0.0,315.910036845832,3.06,3.06
2025-10-03 23:00:00,3.42,0.0,0.0,0.0,315.910036845832,3.42,3.42
2025-10-04 00:00:00,3.06,0.0,0.0,0.0,315.910036845832,3.06,3.06
2025-10-04 01:00:00,3.18,0.0,0.0,0.0,315.910036845832,3.18,3.18
2025-10-04 02:00:00,3.12,0.0,0.0,0.0,315.910036845832,3.12,3.12
2025-10-04 03:00:00,3.3,0.0,0.0,0.0,315.910036845832,3.3,3.3
2025-10-04 04:00:00,3.18,0.0,0.0,0.0,315.910036845832,3.18,3.18
2025-10-04 05:00:00,3.06,0.0,0.0,0.0,315.910036845832,3.06,3.06
2025-10-04 06:00:00,2.82,0.900813855825627,0.0,0.0,315.910036845832,1.9191861441743727,1.9191861441743727
2025-10-04 07:00:00,2.94,6.690887918818515,0.0,0.0,315.910036845832,-3.7508879188185147,-3.7508879188185147
2025-10-04 08:00:00,3.12,11.882126305734362,0.0,0.0,315.910036845832,-8.762126305734363,-8.762126305734363
2025-10-04 09:00:00,3.06,16.120754699431917,0.0,0.0,315.910036845832,-13.060754699431916,-13.060754699431916
2025-10-04 10:00:00,2.88,19.1179175795453,0.0,0.0,315.910036845832,-16.2379175795453,-16.2379175795453
2025-10-04 11:00:00,1.8,20.66936324884064,0.0,0.0,315.910036845832,-18.86936324884064,-18.86936324884064
2025-10-04 12:00:00,1.74,20.66936324884064,0.0,0.0,315.910036845832,-18.92936324884064,-18.92936324884064
2025-10-04 13:00:00,1.56,19.1179175795453,0.0,0.0,315.910036845832,-17.5579175795453,-17.5579175795453
2025-10-04 14:00:00,1.56,16.120754699431917,0.0,0.0,315.910036845832,-14.560754699431916,-14.560754699431916
2025-10-04 15:00:00,1.44,11.882126305734362,0.0,0.0,315.910036845832,-10.442126305734362,-10.442126305734362
2025-10-04 16:00:00,1.62,6.690887918818515,0.0,0.0,315.910036845832,-5.0708879188185145,-5.0708879188185145
2025-10-04 17:00:00,1.8,0.900813855825627,0.0,0.0,315.910036845832,0.899186144174373,0.899186144174373
2025-10-04 18:00:00,1.74,0.0,0.0,0.0,315.910036845832,1.74,1.74
2025-10-04 19:00:00,1.68,0.0,0.0,0.0,315.910036845832,1.68,1.68
2025-10-04 20:00:00,1.68,0.0,0.0,0.0,315.910036845832,1.68,1.68
2025-10-04 21:00:00,1.68,0.0,0.0,0.0,315.910036845832,1.68,1.68
2025-10-04 22:00:00,1.74,0.0,0.0,0.0,315.910036845832,1.74,1.74
2025-10-04 23:00:00,1.86,0.0,0.0,0.0,315.910036845832,1.86,1.86
2025-10-05 00:00:00,1.68,0.0,0.0,0.0,315.910036845832,1.68,1.68
2025-10-05 01:00:00,1.74,0.0,0.0,0.0,315.910036845832,1.74,1.74
2025-10-05 02:00:00,1.62,0.0,0.0,0.0,315.910036845832,1.62,1.62
2025-10-05 03:00:00,1.92,0.0,0.0,0.0,315.910036845832,1.92,1.92
2025-10-05 04:00:00,1.74,0.0,0.0,0.0,315.910036845832,1.74,1.74
2025-10-05 05:00:00,1.68,0.0,0.0,0.0,315.910036845832,1.68,1.68
2025-10-05 06:00:00,1.56,0.7471448450764541,0.0,0.0,315.910036845832,0.812855154923546,0.812855154923546
2025-10-05 07:00:00,3.3,6.533338321022439,0.0,0.0,315.910036845832,-3.2333383210224396,-3.2333383210224396
2025-10-05 08:00:00,2.28,11.721097468774424,0.0,0.0,315.910036845832,-9.441097468774425,-9.441097468774425
2025-10-05 09:00:00,1.56,15.956885075590453,0.0,0.0,315.910036845832,-14.396885075590452,-14.396885075590452
2025-10-05 10:00:00,1.44,18.95203921603601,0.0,0.0,315.910036845832,-17.51203921603601,-17.51203921603601
2025-10-05 11:00:00,1.62,20.502445085165963,0.0,0.0,315.910036845832,-18.882445085165962,-18.882445085165962
2025-10-05 12:00:00,1.74,20.502445085165963,0.0,0.0,315.910036845832,-18.762445085165965,-18.762445085165965
2025-10-05 13:00:00,1.5,18.95203921603601,0.0,0.0,315.910036845832,-17.45203921603601,-17.45203921603601
2025-10-05 14:00:00,1.5,15.956885075590453,0.0,0.0,315.910036845832,-14.456885075590453,-14.456885075590453
2025-10-05 15:00:00,1.68,11.721097468774424,0.0,0.0,315.910036845832,-10.041097468774424,-10.041097468774424
2025-10-05 16:00:00,1.74,6.533338321022439,0.0,0.0,315.910036845832,-4.793338321022439,-4.793338321022439
2025-10-05 17:00:00,1.92,0.7471448450764541,0.0,0.0,315.910036845832,1.1728551549235458,1.1728551549235458
2025-10-05 18:00:00,1.74,0.0,0.0,0.0,315.910036845832,1.74,1.74
2025-10-05 19:00:00,1.68,0.0,0.0,0.0,315.910036845832,1.68,1.68
2025-10-05 20:00:00,1.68,0.0,0.0,0.0,315.910036845832,1.68,1.68
2025-10-05 21:00:00,1.74,0.0,0.0,0.0,315.910036845832,1.74,1.74
2025-10-05 22:00:00,2.04,0.0,0.0,0.0,315.910036845832,2.04,2.04
2025-10-05 23:00:00,1.74,0.0,0.0,0.0,315.910036845832,1.74,1.74
2025-10-06 00:00:00,1.62,0.0,0.0,0.0,315.910036845832,1.62,1.62
2025-10-06 01:00:00,1.74,0.0,0.0,0.0,315.910036845832,1.74,1.74
2025-10-06 02:00:00,1.62,0.0,0.0,0.0,315.910036845832,1.62,1.62
2025-10-06 03:00:00,1.92,0.0,0.0,0.0,315.910036845832,1.92,1.92
2025-10-06 04:00:00,1.68,0.0,0.0,0.0,315.910036845832,1.68,1.68
2025-10-06 05:00:00,1.68,0.0,0.0,0.0,315.910036845832,1.68,1.68
2025-10-06 06:00:00,1.56,0.5941139636669327,0.0,0.0,315.910036845832,0.9658860363330674,0.9658860363330674
2025-10-06 07:00:00,1.8,6.376174774604218,0.0,0.0,315.910036845832,-4.576174774604218,-4.576174774604218
2025-10-06 08:00:00,2.76,11.560228676274711,0.0,0.0,315.910036845832,-8.800228676274712,-8.800228676274712
2025-10-06 09:00:00,2.52,15.79299096233371,0.0,0.0,315.910036845832,-13.27299096233371,-13.27299096233371
2025-10-06 10:00:00,2.7,18.7860058779567,0.0,0.0,315.910036845832,-16.0860058779567,-16.0860058779567
2025-10-06 11:00:00,2.4,20.335304402834986,0.0,0.0,315.910036845832,-17.935304402834987,-17.935304402834987
2025-10-06 12:00:00,2.46,20.335304402834986,0.0,0.0,315.910036845832,-17.875304402834985,-17.875304402834985
2025-10-06 13:00:00,2.94,18.7860058779567,0.0,0.0,315.910036845832,-15.846005877956701,-15.846005877956701
2025-10-06 14:00:00,2.88,15.79299096233371,0.0,0.0,315.910036845832,-12.912990962333708,-12.912990962333708
2025-10-06 15:00:00,1.68,11.560228676274711,0.0,0.0,315.910036845832,-9.880228676274712,-9.880228676274712
2025-10-06 16:00:00,1.8,6.376174774604218,0.0,0.0,315.910036845832,-4.576174774604218,-4.576174774604218
2025-10-06 17:00:00,1.62,0.5941139636669327,0.0,1.02588603633307,314.884150809499,-2.4424906541753444e-15,1.0258860363330675
2025-10-06 18:00:00,1.98,0.0,0.0,1.98,312.904150809499,0.0,1.98
2025-10-06 19:00:00,1.74,0.0,0.0,0.0,312.904150809499,1.74,1.74
2025-10-06 20:00:00,1.74,0.0,0.0,0.0,312.904150809499,1.74,1.74
2025-10-06 21:00:00,1.8,0.0,0.0,0.0,312.904150809499,1.8,1.8
2025-10-06 22:00:00,2.04,0.0,0.0,0.0,312.904150809499,2.04,2.04
2025-10-06 23:00:00,1.74,0.0,0.0,0.0,312.904150809499,1.74,1.74
2025-10-07 00:00:00,1.74,0.0,0.0,0.0,312.904150809499,1.74,1.74
2025-10-07 01:00:00,1.74,0.0,0.0,0.0,312.904150809499,1.74,1.74
2025-10-07 02:00:00,2.04,0.0,0.0,0.0,312.904150809499,2.04,2.04
2025-10-07 03:00:00,1.74,0.0,0.0,0.0,312.904150809499,1.74,1.74
2025-10-07 04:00:00,1.74,0.0,0.0,0.0,312.904150809499,1.74,1.74
2025-10-07 05:00:00,1.74,0.0,0.0,0.0,312.904150809499,1.74,1.74
2025-10-07 06:00:00,2.34,0.4417740808790842,0.0,0.0,312.904150809499,1.8982259191209157,1.8982259191209157
2025-10-07 07:00:00,1.86,6.2194552251347615,0.0,0.0,312.904150809499,-4.359455225134761,-4.359455225134761
2025-10-07 08:00:00,1.5,11.399582425082254,0.0,0.0,312.904150809499,-9.899582425082254,-9.899582425082254
2025-10-07 09:00:00,1.56,15.6291385726101,0.0,0.0,312.904150809499,-14.0691385726101,-14.0691385726101
2025-10-07 10:00:00,1.74,18.619886405936285,0.0,0.0,312.904150809499,-16.879886405936286,-16.879886405936286
2025-10-07 11:00:00,2.22,20.16801140266412,0.0,0.0,312.904150809499,-17.94801140266412,-17.94801140266412
2025-10-07 12:00:00,2.58,20.16801140266412,0.0,0.0,312.904150809499,-17.588011402664122,-17.588011402664122
2025-10-07 13:00:00,2.46,18.619886405936285,0.0,0.0,312.904150809499,-16.159886405936284,-16.159886405936284
2025-10-07 14:00:00,2.46,15.6291385726101,0.0,0.0,312.904150809499,-13.169138572610102,-13.169138572610102
2025-10-07 15:00:00,2.34,11.399582425082254,0.0,0.0,312.904150809499,-9.059582425082255,-9.059582425082255
2025-10-07 16:00:00,2.4,6.2194552251347615,0.0,0.0,312.904150809499,-3.8194552251347615,-3.8194552251347615
2025-10-07 17:00:00,2.58,0.4417740808790842,0.0,2.13822591912092,310.765924890378,-4.440892098500626e-15,2.1382259191209156
2025-10-07 18:00:00,2.52,0.0,0.0,2.52000000000001,308.245924890378,-9.769962616701378e-15,2.52
2025-10-07 19:00:00,2.58,0.0,0.0,0.0,308.245924890378,2.58,2.58
2025-10-07 20:00:00,2.94,0.0,0.0,0.0,308.245924890378,2.94,2.94
2025-10-07 21:00:00,2.76,0.0,0.0,0.0,308.245924890378,2.76,2.76
2025-10-07 22:00:00,2.7,0.0,0.0,0.0,308.245924890378,2.7,2.7
2025-10-07 23:00:00,2.7,0.0,0.0,0.0,308.245924890378,2.7,2.7
2025-10-08 00:00:00,2.94,0.0,0.0,0.0,308.245924890378,2.94,2.94
2025-10-08 01:00:00,2.76,0.0,0.0,0.0,308.245924890378,2.76,2.76
2025-10-08 02:00:00,2.7,0.0,0.0,0.0,308.245924890378,2.7,2.7
2025-10-08 03:00:00,2.76,0.0,0.0,0.0,308.245924890378,2.76,2.76
2025-10-08 04:00:00,2.82,0.0,0.0,0.0,308.245924890378,2.82,2.82
2025-10-08 05:00:00,2.76,0.0,0.0,0.0,308.245924890378,2.76,2.76
2025-10-08 06:00:00,2.52,0.290177686085085,0.0,0.0,308.245924890378,2.229822313914915,2.229822313914915
2025-10-08 07:00:00,2.22,6.063237537867929,0.0,0.0,308.245924890378,-3.8432375378679287,-3.8432375378679287
2025-10-08 08:00:00,1.74,11.239221400334564,0.0,0.0,308.245924890378,-9.499221400334564,-9.499221400334564
2025-10-08 09:00:00,1.56,15.46539452697566,0.0,0.0,308.245924890378,-13.905394526975659,-13.905394526975659
2025-10-08 10:00:00,1.44,18.45375020329193,0.0,0.0,308.245924890378,-17.013750203291927,-17.013750203291927
2025-10-08 11:00:00,1.5,20.00063692843368,0.0,0.0,308.245924890378,-18.50063692843368,-18.50063692843368
2025-10-08 12:00:00,1.5,20.00063692843368,0.0,0.0,308.245924890378,-18.50063692843368,-18.50063692843368
2025-10-08 13:00:00,1.68,18.45375020329193,0.0,0.0,308.245924890378,-16.77375020329193,-16.77375020329193
2025-10-08 14:00:00,1.56,15.46539452697566,0.0,0.0,308.245924890378,-13.905394526975659,-13.905394526975659
2025-10-08 15:00:00,1.38,11.239221400334564,0.0,0.0,308.245924890378,-9.859221400334565,-9.859221400334565
2025-10-08 16:00:00,1.56,6.063237537867929,0.0,0.0,308.245924890378,-4.503237537867928,-4.503237537867928
2025-10-08 17:00:00,1.74,0.290177686085085,0.0,1.44982231391492,306.796102576463,-4.884981308350689e-15,1.4498223139149151
2025-10-08 18:00:00,1.68,0.0,0.0,1.68,305.116102576463,0.0,1.68
2025-10-08 19:00:00,1.62,0.0,0.0,0.0,305.116102576463,1.62,1.62
2025-10-08 20:00:00,1.8,0.0,0.0,0.0,305.116102576463,1.8,1.8
2025-10-08 21:00:00,1.74,0.0,0.0,0.0,305.116102576463,1.74,1.74
2025-10-08 22:00:00,2.22,0.0,0.0,0.0,305.116102576463,2.22,2.22
2025-10-08 23:00:00,2.28,0.0,0.0,0.0,305.116102576463,2.28,2.28
2025-10-09 00:00:00,2.16,0.0,0.0,0.0,305.116102576463,2.16,2.16
2025-10-09 01:00:00,2.22,0.0,0.0,0.0,305.116102576463,2.22,2.22
2025-10-09 02:00:00,2.4,0.0,0.0,0.0,305.116102576463,2.4,2.4
2025-10-09 03:00:00,2.16,0.0,0.0,0.0,305.116102576463,2.16,2.16
2025-10-09 04:00:00,2.16,0.0,0.0,0.0,305.116102576463,2.16,2.16
2025-10-09 05:00:00,2.22,0.0,0.0,0.0,305.116102576463,2.22,2.22
2025-10-09 06:00:00,2.28,0.1393768562263343,0.0,0.0,305.116102576463,2.1406231437736656,2.1406231437736656
2025-10-09 07:00:00,2.1,5.907579457963973,0.0,0.0,305.116102576463,-3.8075794579639726,-3.8075794579639726
2025-10-09 08:00:00,2.4,11.079208429177893,0.0,0.0,305.116102576463,-8.679208429177892,-8.679208429177892
2025-10-09 09:00:00,2.4,15.301825802000833,0.0,0.0,305.116102576463,-12.901825802000833,-12.901825802000833
2025-10-09 10:00:00,2.64,18.287667180680053,0.0,0.0,305.116102576463,-15.647667180680052,-15.647667180680052
2025-10-09 11:00:00,2.04,19.833252409594756,0.0,0.0,305.116102576463,-17.793252409594757,-17.793252409594757
2025-10-09 12:00:00,1.86,19.833252409594756,0.0,0.0,305.116102576463,-17.973252409594757,-17.973252409594757
2025-10-09 13:00:00,1.8,18.287667180680053,0.0,0.0,305.116102576463,-16.487667180680052,-16.487667180680052
2025-10-09 14:00:00,2.1,15.301825802000833,0.0,0.0,305.116102576463,-13.201825802000833,-13.201825802000833
2025-10-09 15:00:00,1.74,11.079208429177893,0.0,0.0,305.116102576463,-9.339208429177893,-9.339208429177893
2025-10-09 16:00:00,1.92,5.907579457963973,0.0,0.0,305.116102576463,-3.9875794579639727,-3.9875794579639727
2025-10-09 17:00:00,1.8,0.1393768562263343,0.0,1.66062314377367,303.455479432689,-4.218847493575595e-15,1.6606231437736658
2025-10-09 18:00:00,1.92,0.0,0.0,1.91999999999999,301.535479432689,9.992007221626409e-15,1.92
2025-10-09 19:00:00,2.22,0.0,0.0,0.0,301.535479432689,2.22,2.22
2025-10-09 20:00:00,2.34,0.0,0.0,0.0,301.535479432689,2.34,2.34
2025-10-09 21:00:00,2.52,0.0,0.0,0.0,301.535479432689,2.52,2.52
2025-10-09 22:00:00,2.52,0.0,0.0,0.0,301.535479432689,2.52,2.52
2025-10-09 23:00:00,2.82,0.0,0.0,0.0,301.535479432689,2.82,2.82
2025-10-10 00:00:00,2.46,0.0,0.0,0.0,301.535479432689,2.46,2.46
2025-10-10 01:00:00,2.52,0.0,0.0,0.0,301.535479432689,2.52,2.52
2025-10-10 02:00:00,2.46,0.0,0.0,0.0,301.535479432689,2.46,2.46
2025-10-10 03:00:00,2.88,0.0,0.0,0.0,301.535479432689,2.88,2.88
2025-10-10 04:00:00,2.4,0.0,0.0,0.0,301.535479432689,2.4,2.4
2025-10-10 05:00:00,2.52,0.0,0.0,0.0,301.535479432689,2.52,2.52
2025-10-10 06:00:00,2.28,0.0,0.0,0.0,301.535479432689,2.28,2.28
2025-10-10 07:00:00,2.28,5.752538571161327,0.0,0.0,301.535479432689,-3.472538571161327,-3.472538571161327
2025-10-10 08:00:00,2.58,10.919606434597917,0.0,0.0,301.535479432689,-8.339606434597917,-8.339606434597917
2025-10-10 09:00:00,2.04,15.138499678515426,0.0,0.0,301.535479432689,-13.098499678515427,-13.098499678515427
2025-10-10 10:00:00,1.8,18.121707700391603,0.0,0.0,301.535479432689,-16.321707700391602,-16.321707700391602
2025-10-10 11:00:00,2.52,19.665929803519948,0.0,0.0,301.535479432689,-17.145929803519948,-17.145929803519948
2025-10-10 12:00:00,3.0,19.665929803519948,0.0,0.0,301.535479432689,-16.665929803519948,-16.665929803519948
2025-10-10 13:00:00,2.58,18.121707700391603,0.0,0.0,301.535479432689,-15.541707700391603,-15.541707700391603
2025-10-10 14:00:00,2.64,15.138499678515426,0.0,0.0,301.535479432689,-12.498499678515426,-12.498499678515426
2025-10-10 15:00:00,2.52,10.919606434597917,0.0,0.0,301.535479432689,-8.399606434597917,-8.399606434597917
2025-10-10 16:00:00,2.88,5.752538571161327,0.0,0.0,301.535479432689,-2.8725385711613267,-2.8725385711613267
2025-10-10 17:00:00,1.86,0.0,0.0,1.86,299.675479432689,0.0,1.86
2025-10-10 18:00:00,1.68,0.0,0.0,1.67999999999998,297.995479432689,1.9984014443252818e-14,1.68
2025-10-10 19:00:00,1.62,0.0,0.0,0.0,297.995479432689,1.62,1.62
2025-10-10 20:00:00,1.92,0.0,0.0,0.0,297.995479432689,1.92,1.92
2025-10-10 21:00:00,1.74,0.0,0.0,0.0,297.995479432689,1.74,1.74
2025-10-10 22:00:00,1.68,0.0,0.0,0.0,297.995479432689,1.68,1.68
2025-10-10 23:00:00,1.74,0.0,0.0,0.0,297.995479432689,1.74,1.74
2025-10-11 00:00:00,1.92,0.0,0.0,0.0,297.995479432689,1.92,1.92
2025-10-11 01:00:00,1.74,0.0,0.0,0.0,297.995479432689,1.74,1.74
2025-10-11 02:00:00,1.62,0.0,0.0,0.0,297.995479432689,1.62,1.62
2025-10-11 03:00:00,1.74,0.0,0.0,0.0,297.995479432689,1.74,1.74
2025-10-11 04:00:00,1.62,0.0,0.0,0.0,297.995479432689,1.62,1.62
2025-10-11 05:00:00,1.86,0.0,0.0,0.0,297.995479432689,1.86,1.86
2025-10-11 06:00:00,1.62,0.0,0.0,0.0,297.995479432689,1.62,1.62
2025-10-11 07:00:00,1.5,5.598172264960579,0.0,0.0,297.995479432689,-4.098172264960579,-4.098172264960579
2025-10-11 08:00:00,5.7,10.760478389438784,0.0,0.0,297.995479432689,-5.060478389438784,-5.060478389438784
2025-10-11 09:00:00,8.28,14.975483689777496,0.0,0.0,297.995479432689,-6.695483689777497,-6.695483689777497
2025-10-11 10:00:00,8.1,17.955942520384237,0.0,0.0,297.995479432689,-9.855942520384238,-9.855942520384238
2025-10-11 11:00:00,7.98,19.498741537394267,0.0,0.0,297.995479432689,-11.518741537394266,-11.518741537394266
2025-10-11 12:00:00,8.04,19.498741537394267,0.0,0.0,297.995479432689,-11.458741537394268,-11.458741537394268
2025-10-11 13:00:00,2.22,17.955942520384237,0.0,0.0,297.995479432689,-15.735942520384237,-15.735942520384237
2025-10-11 14:00:00,1.62,14.975483689777496,0.0,0.0,297.995479432689,-13.355483689777497,-13.355483689777497
2025-10-11 15:00:00,1.5,10.760478389438784,0.0,0.0,297.995479432689,-9.260478389438784,-9.260478389438784
2025-10-11 16:00:00,1.44,5.598172264960579,0.0,0.0,297.995479432689,-4.158172264960578,-4.158172264960578
2025-10-11 17:00:00,1.62,0.0,0.0,0.0,297.995479432689,1.62,1.62
2025-10-11 18:00:00,1.86,0.0,0.0,0.0,297.995479432689,1.86,1.86
2025-10-11 19:00:00,1.74,0.0,0.0,0.0,297.995479432689,1.74,1.74
2025-10-11 20:00:00,1.62,0.0,0.0,0.0,297.995479432689,1.62,1.62
2025-10-11 21:00:00,1.68,0.0,0.0,0.0,297.995479432689,1.68,1.68
2025-10-11 22:00:00,1.92,0.0,0.0,0.0,297.995479432689,1.92,1.92
2025-10-11 23:00:00,1.68,0.0,0.0,0.0,297.995479432689,1.68,1.68
2025-10-12 00:00:00,1.74,0.0,0.0,0.0,297.995479432689,1.74,1.74
2025-10-12 01:00:00,1.68,0.0,0.0,0.0,297.995479432689,1.68,1.68
2025-10-12 02:00:00,1.68,0.0,0.0,0.0,297.995479432689,1.68,1.68
2025-10-12 03:00:00,1.92,0.0,0.0,0.0,297.995479432689,1.92,1.92
2025-10-12 04:00:00,1.74,0.0,0.0,0.0,297.995479432689,1.74,1.74
2025-10-12 05:00:00,1.56,0.0,0.0,0.0,297.995479432689,1.56,1.56
2025-10-12 06:00:00,1.68,0.0,0.0,0.0,297.995479432689,1.68,1.68
2025-10-12 07:00:00,1.74,5.444537690382984,0.0,0.0,297.995479432689,-3.704537690382984,-3.704537690382984
2025-10-12 08:00:00,1.5,10.601887270685346,0.0,0.0,297.995479432689,-9.101887270685346,-9.101887270685346
2025-10-12 09:00:00,2.88,14.812845569651266,0.0,0.0,297.995479432689,-11.932845569651267,-11.932845569651267
2025-10-12 10:00:00,15.96,17.790442738143838,0.0,0.0,297.995479432689,-1.8304427381438373,-1.8304427381438373
2025-10-12 11:00:00,9.72,19.331760449842275,0.0,0.0,297.995479432689,-9.611760449842274,-9.611760449842274
2025-10-12 12:00:00,1.5,19.331760449842275,0.0,0.0,297.995479432689,-17.831760449842275,-17.831760449842275
2025-10-12 13:00:00,4.68,17.790442738143838,0.0,0.0,297.995479432689,-13.110442738143838,-13.110442738143838
2025-10-12 14:00:00,16.02,14.812845569651266,0.0,0.0,297.995479432689,1.2071544303487336,1.2071544303487336
2025-10-12 15:00:00,16.32,10.601887270685346,0.0,0.0,297.995479432689,5.7181127293146545,5.7181127293146545
2025-10-12 16:00:00,15.96,5.444537690382984,0.0,0.0,297.995479432689,10.515462309617018,10.515462309617018
2025-10-12 17:00:00,16.02,0.0,0.0,0.0,297.995479432689,16.02,16.02
2025-10-12 18:00:00,3.12,0.0,0.0,0.0,297.995479432689,3.12,3.12
2025-10-12 19:00:00,1.86,0.0,0.0,0.0,297.995479432689,1.86,1.86
2025-10-12 20:00:00,1.68,0.0,0.0,0.0,297.995479432689,1.68,1.68
2025-10-12 21:00:00,1.62,0.0,0.0,0.0,297.995479432689,1.62,1.62
2025-10-12 22:00:00,1.74,0.0,0.0,0.0,297.995479432689,1.74,1.74
2025-10-12 23:00:00,1.92,0.0,0.0,0.0,297.995479432689,1.92,1.92
2025-10-13 00:00:00,1.68,0.0,0.0,0.0,297.995479432689,1.68,1.68
2025-10-13 01:00:00,1.62,0.0,0.0,0.0,297.995479432689,1.62,1.62
2025-10-13 02:00:00,1.74,0.0,0.0,0.0,297.995479432689,1.74,1.74
2025-10-13 03:00:00,1.68,0.0,0.0,0.0,297.995479432689,1.68,1.68
2025-10-13 04:00:00,2.04,0.0,0.0,0.0,297.995479432689,2.04,2.04
2025-10-13 05:00:00,1.62,0.0,0.0,0.0,297.995479432689,1.62,1.62
2025-10-13 06:00:00,1.68,0.0,0.0,0.0,297.995479432689,1.68,1.68
2025-10-13 07:00:00,1.5,5.2916917243628845,0.0,0.0,297.995479432689,-3.7916917243628845,-3.7916917243628845
2025-10-13 08:00:00,1.74,10.44389601408102,0.0,0.0,297.995479432689,-8.70389601408102,-8.70389601408102
2025-10-13 09:00:00,1.44,14.65065320087704,0.0,0.0,297.995479432689,-13.21065320087704,-13.21065320087704
2025-10-13 10:00:00,1.5,17.625279734465753,0.0,0.0,297.995479432689,-16.125279734465753,-16.125279734465753
2025-10-13 11:00:00,1.5,19.165059732385863,0.0,0.0,297.995479432689,-17.665059732385863,-17.665059732385863
2025-10-13 12:00:00,1.74,19.165059732385863,0.0,0.0,297.995479432689,-17.425059732385865,-17.425059732385865
2025-10-13 13:00:00,1.5,17.625279734465753,0.0,0.0,297.995479432689,-16.125279734465753,-16.125279734465753
2025-10-13 14:00:00,1.5,14.65065320087704,0.0,0.0,297.995479432689,-13.15065320087704,-13.15065320087704
2025-10-13 15:00:00,1.5,10.44389601408102,0.0,0.0,297.995479432689,-8.94389601408102,-8.94389601408102
2025-10-13 16:00:00,1.44,5.2916917243628845,0.0,0.0,297.995479432689,-3.8516917243628845,-3.8516917243628845
2025-10-13 17:00:00,1.92,0.0,0.0,0.0,297.995479432689,1.92,1.92
2025-10-13 18:00:00,1.68,0.0,0.0,0.0,297.995479432689,1.68,1.68
2025-10-13 19:00:00,1.68,0.0,0.0,0.0,297.995479432689,1.68,1.68
2025-10-13 20:00:00,1.68,0.0,0.0,0.0,297.995479432689,1.68,1.68
2025-10-13 21:00:00,1.92,0.0,0.0,0.0,297.995479432689,1.92,1.92
2025-10-13 22:00:00,1.68,0.0,0.0,0.0,297.995479432689,1.68,1.68
2025-10-13 23:00:00,1.74,0.0,0.0,0.0,297.995479432689,1.74,1.74
2025-10-14 00:00:00,1.68,0.0,0.0,0.0,297.995479432689,1.68,1.68
2025-10-14 01:00:00,1.92,0.0,0.0,0.0,297.995479432689,1.92,1.92
2025-10-14 02:00:00,1.74,0.0,0.0,0.0,297.995479432689,1.74,1.74
2025-10-14 03:00:00,1.62,0.0,0.0,0.0,297.995479432689,1.62,1.62
2025-10-14 04:00:00,1.74,0.0,0.0,0.0,297.995479432689,1.74,1.74
2025-10-14 05:00:00,1.86,0.0,0.0,0.0,297.995479432689,1.86,1.86
2025-10-14 06:00:00,1.56,0.0,0.0,0.0,297.995479432689,1.56,1.56
2025-10-14 07:00:00,1.5,5.139690932831546,0.0,0.0,297.995479432689,-3.639690932831546,-3.639690932831546
2025-10-14 08:00:00,1.56,10.286567469152102,0.0,0.0,297.995479432689,-8.726567469152101,-8.726567469152101
2025-10-14 09:00:00,1.8,14.48897456351497,0.0,0.0,297.995479432689,-12.68897456351497,-12.68897456351497
2025-10-14 10:00:00,1.56,17.460525117245414,0.0,0.0,297.995479432689,-15.900525117245413,-15.900525117245413
2025-10-14 11:00:00,1.5,18.99871287082617,0.0,0.0,297.995479432689,-17.49871287082617,-17.49871287082617
2025-10-14 12:00:00,1.5,18.99871287082617,0.0,0.0,297.995479432689,-17.49871287082617,-17.49871287082617
2025-10-14 13:00:00,1.8,17.460525117245414,0.0,0.0,297.995479432689,-15.660525117245413,-15.660525117245413
2025-10-14 14:00:00,1.44,14.48897456351497,0.0,0.0,297.995479432689,-13.048974563514971,-13.048974563514971
2025-10-14 15:00:00,1.56,10.286567469152102,0.0,0.0,297.995479432689,-8.726567469152101,-8.726567469152101
2025-10-14 16:00:00,1.56,5.139690932831546,0.0,0.0,297.995479432689,-3.579690932831546,-3.579690932831546
2025-10-14 17:00:00,1.5,0.0,0.0,1.5,296.495479432689,0.0,1.5
2025-10-14 18:00:00,1.98,0.0,0.0,1.97999999999999,294.515479432689,9.992007221626409e-15,1.98
2025-10-14 19:00:00,1.68,0.0,0.0,0.0,294.515479432689,1.68,1.68
2025-10-14 20:00:00,1.74,0.0,0.0,0.0,294.515479432689,1.74,1.74
2025-10-14 21:00:00,1.68,0.0,0.0,0.0,294.515479432689,1.68,1.68
2025-10-14 22:00:00,1.92,0.0,0.0,0.0,294.515479432689,1.92,1.92
2025-10-14 23:00:00,1.68,0.0,0.0,0.0,294.515479432689,1.68,1.68
2025-10-15 00:00:00,1.74,0.0,0.0,0.0,294.515479432689,1.74,1.74
2025-10-15 01:00:00,1.68,0.0,0.0,0.0,294.515479432689,1.68,1.68
2025-10-15 02:00:00,1.62,0.0,0.0,0.0,294.515479432689,1.62,1.62
2025-10-15 03:00:00,1.98,0.0,0.0,0.0,294.515479432689,1.98,1.98
2025-10-15 04:00:00,1.68,0.0,0.0,0.0,294.515479432689,1.68,1.68
2025-10-15 05:00:00,1.74,0.0,0.0,0.0,294.515479432689,1.74,1.74
2025-10-15 06:00:00,1.62,0.0,0.0,0.0,294.515479432689,1.62,1.62
2025-10-15 07:00:00,1.74,4.9885915345468765,0.0,0.0,294.515479432689,-3.2485915345468763,-3.2485915345468763
2025-10-15 08:00:00,1.62,10.129964354706766,0.0,0.0,294.515479432689,-8.509964354706767,-8.509964354706767
2025-10-15 09:00:00,1.68,14.327877683642058,0.0,0.0,294.515479432689,-12.647877683642058,-12.647877683642058
2025-10-15 10:00:00,1.8,17.296250665365598,0.0,0.0,294.515479432689,-15.496250665365597,-15.496250665365597
2025-10-15 11:00:00,1.86,18.832793586641213,0.0,0.0,294.515479432689,-16.972793586641213,-16.972793586641213
2025-10-15 12:00:00,1.5,18.832793586641213,0.0,0.0,294.515479432689,-17.332793586641213,-17.332793586641213
2025-10-15 13:00:00,1.62,17.296250665365598,0.0,0.0,294.515479432689,-15.676250665365597,-15.676250665365597
2025-10-15 14:00:00,2.76,14.327877683642058,0.0,0.0,294.515479432689,-11.567877683642058,-11.567877683642058
2025-10-15 15:00:00,1.62,10.129964354706766,0.0,0.0,294.515479432689,-8.509964354706767,-8.509964354706767
2025-10-15 16:00:00,1.74,4.9885915345468765,0.0,0.0,294.515479432689,-3.2485915345468763,-3.2485915345468763
2025-10-15 17:00:00,1.74,0.0,0.0,1.74,292.775479432689,0.0,1.74
2025-10-15 18:00:00,1.68,0.0,0.0,1.68000000000006,291.095479432689,-5.995204332975845e-14,1.68
2025-10-15 19:00:00,1.74,0.0,0.0,0.0,291.095479432689,1.74,1.74
2025-10-15 20:00:00,1.92,0.0,0.0,0.0,291.095479432689,1.92,1.92
2025-10-15 21:00:00,1.74,0.0,0.0,0.0,291.095479432689,1.74,1.74
2025-10-15 22:00:00,1.92,0.0,0.0,0.0,291.095479432689,1.92,1.92
2025-10-15 23:00:00,2.46,0.0,0.0,0.0,291.095479432689,2.46,2.46
2025-10-16 00:00:00,2.28,0.0,0.0,0.0,291.095479432689,2.28,2.28
2025-10-16 01:00:00,2.22,0.0,0.0,0.0,291.095479432689,2.22,2.22
2025-10-16 02:00:00,2.16,0.0,0.0,0.0,291.095479432689,2.16,2.16
2025-10-16 03:00:00,2.28,0.0,0.0,0.0,291.095479432689,2.28,2.28
2025-10-16 04:00:00,2.4,0.0,0.0,0.0,291.095479432689,2.4,2.4
2025-10-16 05:00:00,2.28,0.0,0.0,0.0,291.095479432689,2.28,2.28
2025-10-16 06:00:00,2.1,0.0,0.0,0.0,291.095479432689,2.1,2.1
2025-10-16 07:00:00,1.98,4.838449365721442,0.0,0.0,291.095479432689,-2.8584493657214423,-2.8584493657214423
2025-10-16 08:00:00,2.34,9.974149214875377,0.0,0.0,291.095479432689,-7.634149214875377,-7.634149214875377
2025-10-16 09:00:00,2.04,14.167430582380602,0.0,0.0,291.095479432689,-12.127430582380601,-12.127430582380601
2025-10-16 10:00:00,1.68,17.13252827276675,0.0,0.0,291.095479432689,-15.452528272766749,-15.452528272766749
2025-10-16 11:00:00,1.5,18.66737577848961,0.0,0.0,291.095479432689,-17.16737577848961,-17.16737577848961
2025-10-16 12:00:00,1.86,18.66737577848961,0.0,0.0,291.095479432689,-16.80737577848961,-16.80737577848961
2025-10-16 13:00:00,1.5,17.13252827276675,0.0,0.0,291.095479432689,-15.632528272766749,-15.632528272766749
2025-10-16 14:00:00,1.62,14.167430582380602,0.0,0.0,291.095479432689,-12.547430582380603,-12.547430582380603
2025-10-16 15:00:00,1.5,9.974149214875377,0.0,0.0,291.095479432689,-8.474149214875377,-8.474149214875377
2025-10-16 16:00:00,1.86,4.838449365721442,0.0,0.0,291.095479432689,-2.978449365721442,-2.978449365721442
2025-10-16 17:00:00,1.56,0.0,0.0,1.56,289.535479432689,0.0,1.56
2025-10-16 18:00:00,1.74,0.0,0.0,1.74000000000001,287.795479432689,-9.992007221626409e-15,1.74
2025-10-16 19:00:00,1.68,0.0,0.0,0.0,287.795479432689,1.68,1.68
2025-10-16 20:00:00,1.98,0.0,0.0,0.0,287.795479432689,1.98,1.98
2025-10-16 21:00:00,1.68,0.0,0.0,0.0,287.795479432689,1.68,1.68
2025-10-16 22:00:00,1.74,0.0,0.0,0.0,287.795479432689,1.74,1.74
2025-10-16 23:00:00,1.68,0.0,0.0,0.0,287.795479432689,1.68,1.68
2025-10-17 00:00:00,2.04,0.0,0.0,0.0,287.795479432689,2.04,2.04
2025-10-17 01:00:00,2.28,0.0,0.0,0.0,287.795479432689,2.28,2.28
2025-10-17 02:00:00,2.22,0.0,0.0,0.0,287.795479432689,2.22,2.22
2025-10-17 03:00:00,2.22,0.0,0.0,0.0,287.795479432689,2.22,2.22
2025-10-17 04:00:00,2.46,0.0,0.0,0.0,287.795479432689,2.46,2.46
2025-10-17 05:00:00,2.22,0.0,0.0,0.0,287.795479432689,2.22,2.22
2025-10-17 06:00:00,2.16,0.0,0.0,0.0,287.795479432689,2.16,2.16
2025-10-17 07:00:00,2.28,4.689319845497554,0.0,0.0,287.795479432689,-2.409319845497554,-2.409319845497554
2025-10-17 08:00:00,2.16,9.819184375755151,0.0,0.0,287.795479432689,-7.659184375755151,-7.659184375755151
2025-10-17 09:00:00,1.98,14.007701225332896,0.0,0.0,287.795479432689,-12.027701225332896,-12.027701225332896
2025-10-17 10:00:00,1.5,16.96942989278343,0.0,0.0,287.795479432689,-15.469429892783431,-15.469429892783431
2025-10-17 11:00:00,1.86,18.502533463908048,0.0,0.0,287.795479432689,-16.642533463908048,-16.642533463908048
2025-10-17 12:00:00,1.56,18.502533463908048,0.0,0.0,287.795479432689,-16.94253346390805,-16.94253346390805
2025-10-17 13:00:00,1.56,16.96942989278343,0.0,0.0,287.795479432689,-15.40942989278343,-15.40942989278343
2025-10-17 14:00:00,13.5,14.007701225332896,0.0,0.0,287.795479432689,-0.5077012253328963,-0.5077012253328963
2025-10-17 15:00:00,16.38,9.819184375755151,0.0,6.56081562424485,281.234663808444,-2.6645352591003757e-15,6.560815624244848
2025-10-17 16:00:00,16.08,4.689319845497554,0.0,11.3906801545024,269.843983653942,4.440892098500626e-14,11.390680154502444
2025-10-17 17:00:00,9.6,0.0,0.0,9.59999999999999,260.243983653942,8.881784197001252e-15,9.6
2025-10-17 18:00:00,1.8,0.0,0.0,1.79999999999998,258.443983653942,1.9984014443252818e-14,1.8
2025-10-17 19:00:00,1.86,0.0,0.0,0.0,258.443983653942,1.86,1.86
2025-10-17 20:00:00,1.8,0.0,0.0,0.0,258.443983653942,1.8,1.8
2025-10-17 21:00:00,1.68,0.0,0.0,0.0,258.443983653942,1.68,1.68
2025-10-17 22:00:00,1.74,0.0,0.0,0.0,258.443983653942,1.74,1.74
2025-10-17 23:00:00,3.24,0.0,0.0,0.0,258.443983653942,3.24,3.24
2025-10-18 00:00:00,8.28,0.0,0.0,0.0,258.443983653942,8.28,8.28
2025-10-18 01:00:00,8.22,0.0,0.0,0.0,258.443983653942,8.22,8.22
2025-10-18 02:00:00,8.34,0.0,0.0,0.0,258.443983653942,8.34,8.34
2025-10-18 03:00:00,8.46,0.0,0.0,0.0,258.443983653942,8.46,8.46
2025-10-18 04:00:00,8.28,0.0,0.0,0.0,258.443983653942,8.28,8.28
2025-10-18 05:00:00,8.22,0.0,0.0,0.0,258.443983653942,8.22,8.22
2025-10-18 06:00:00,8.28,0.0,0.0,0.0,258.443983653942,8.28,8.28
2025-10-18 07:00:00,8.34,4.54125794231632,0.0,0.0,258.443983653942,3.79874205768368,3.79874205768368
2025-10-18 08:00:00,8.16,9.665131902720864,0.0,0.0,258.443983653942,-1.5051319027208638,-1.5051319027208638
2025-10-18 09:00:00,2.46,13.848757472495786,0.0,0.0,258.443983653942,-11.388757472495787,-11.388757472495787
2025-10-18 10:00:00,1.62,16.807027482829064,0.0,0.0,258.443983653942,-15.187027482829063,-15.187027482829063
2025-10-18 11:00:00,1.74,18.33834072128883,0.0,0.0,258.443983653942,-16.59834072128883,-16.59834072128883
2025-10-18 12:00:00,1.62,18.33834072128883,0.0,0.0,258.443983653942,-16.71834072128883,-16.71834072128883
2025-10-18 13:00:00,1.5,16.807027482829064,0.0,0.0,258.443983653942,-15.307027482829064,-15.307027482829064
2025-10-18 14:00:00,1.56,13.848757472495786,0.0,0.0,258.443983653942,-12.288757472495785,-12.288757472495785
2025-10-18 15:00:00,1.74,9.665131902720864,0.0,0.0,258.443983653942,-7.925131902720864,-7.925131902720864
2025-10-18 16:00:00,1.5,4.54125794231632,0.0,0.0,258.443983653942,-3.04125794231632,-3.04125794231632
2025-10-18 17:00:00,1.62,0.0,0.0,0.0,258.443983653942,1.62,1.62
2025-10-18 18:00:00,1.92,0.0,0.0,0.0,258.443983653942,1.92,1.92
2025-10-18 19:00:00,1.62,0.0,0.0,0.0,258.443983653942,1.62,1.62
2025-10-18 20:00:00,1.8,0.0,0.0,0.0,258.443983653942,1.8,1.8
2025-10-18 21:00:00,1.68,0.0,0.0,0.0,258.443983653942,1.68,1.68
2025-10-18 22:00:00,1.86,0.0,0.0,0.0,258.443983653942,1.86,1.86
2025-10-18 23:00:00,1.8,0.0,0.0,0.0,258.443983653942,1.8,1.8
2025-10-19 00:00:00,1.74,0.0,0.0,0.0,258.443983653942,1.74,1.74
2025-10-19 01:00:00,1.86,0.0,0.0,0.0,258.443983653942,1.86,1.86
2025-10-19 02:00:00,1.68,0.0,0.0,0.0,258.443983653942,1.68,1.68
2025-10-19 03:00:00,1.74,0.0,0.0,0.0,258.443983653942,1.74,1.74
2025-10-19 04:00:00,1.8,0.0,0.0,0.0,258.443983653942,1.8,1.8
2025-10-19 05:00:00,1.74,0.0,0.0,0.0,258.443983653942,1.74,1.74
2025-10-19 06:00:00,1.62,0.0,0.0,0.0,258.443983653942,1.62,1.62
2025-10-19 07:00:00,1.74,4.394318141223272,0.0,0.0,258.443983653942,-2.654318141223272,-2.654318141223272
2025-10-19 08:00:00,1.44,9.512053558459067,0.0,0.0,258.443983653942,-8.072053558459068,-8.072053558459068
2025-10-19 09:00:00,8.58,13.690667028724826,0.0,0.0,258.443983653942,-5.110667028724826,-5.110667028724826
2025-10-19 10:00:00,1.68,16.645392949507194,0.0,0.0,258.443983653942,-14.965392949507194,-14.965392949507194
2025-10-19 11:00:00,1.5,18.174871632220302,0.0,0.0,258.443983653942,-16.674871632220302,-16.674871632220302
2025-10-19 12:00:00,1.56,18.174871632220302,0.0,0.0,258.443983653942,-16.614871632220304,-16.614871632220304
2025-10-19 13:00:00,1.74,16.645392949507194,0.0,0.0,258.443983653942,-14.905392949507194,-14.905392949507194
2025-10-19 14:00:00,1.56,13.690667028724826,0.0,0.0,258.443983653942,-12.130667028724826,-12.130667028724826
2025-10-19 15:00:00,1.56,9.512053558459067,0.0,0.0,258.443983653942,-7.952053558459067,-7.952053558459067
2025-10-19 16:00:00,1.68,4.394318141223272,0.0,0.0,258.443983653942,-2.7143181412232726,-2.7143181412232726
2025-10-19 17:00:00,1.62,0.0,0.0,0.0,258.443983653942,1.62,1.62
2025-10-19 18:00:00,1.8,0.0,0.0,0.0,258.443983653942,1.8,1.8
2025-10-19 19:00:00,1.86,0.0,0.0,0.0,258.443983653942,1.86,1.86
2025-10-19 20:00:00,1.74,0.0,0.0,0.0,258.443983653942,1.74,1.74
2025-10-19 21:00:00,1.68,0.0,0.0,0.0,258.443983653942,1.68,1.68
2025-10-19 22:00:00,5.82,0.0,0.0,0.0,258.443983653942,5.82,5.82
2025-10-19 23:00:00,8.22,0.0,0.0,0.0,258.443983653942,8.22,8.22
2025-10-20 00:00:00,8.28,0.0,0.0,0.0,258.443983653942,8.28,8.28
2025-10-20 01:00:00,8.4,0.0,0.0,0.0,258.443983653942,8.4,8.4
2025-10-20 02:00:00,8.22,0.0,0.0,0.0,258.443983653942,8.22,8.22
2025-10-20 03:00:00,8.16,0.0,0.0,0.0,258.443983653942,8.16,8.16
2025-10-20 04:00:00,8.46,0.0,0.0,0.0,258.443983653942,8.46,8.46
2025-10-20 05:00:00,8.22,0.0,0.0,0.0,258.443983653942,8.22,8.22
2025-10-20 06:00:00,8.22,0.0,0.0,0.0,258.443983653942,8.22,8.22
2025-10-20 07:00:00,8.22,4.24855441215143,0.0,3.97144558784857,254.472538066093,8.881784197001252e-16,3.971445587848571
2025-10-20 08:00:00,8.1,9.360010761781735,0.0,0.0,254.472538066093,-1.2600107617817358,-1.2600107617817358
2025-10-20 09:00:00,8.04,13.533497394816196,0.0,0.0,254.472538066093,-5.493497394816197,-5.493497394816197
2025-10-20 10:00:00,4.26,16.48459809422627,0.0,0.0,254.472538066093,-12.224598094226272,-12.224598094226272
2025-10-20 11:00:00,1.5,18.01220022427167,0.0,0.0,254.472538066093,-16.51220022427167,-16.51220022427167
2025-10-20 12:00:00,1.62,18.01220022427167,0.0,0.0,254.472538066093,-16.39220022427167,-16.39220022427167
2025-10-20 13:00:00,1.62,16.48459809422627,0.0,0.0,254.472538066093,-14.86459809422627,-14.86459809422627
2025-10-20 14:00:00,1.5,13.533497394816196,0.0,0.0,254.472538066093,-12.033497394816196,-12.033497394816196
2025-10-20 15:00:00,1.5,9.360010761781735,0.0,0.0,254.472538066093,-7.860010761781735,-7.860010761781735
2025-10-20 16:00:00,1.74,4.24855441215143,0.0,0.0,254.472538066093,-2.5085544121514296,-2.5085544121514296
2025-10-20 17:00:00,1.62,0.0,0.0,1.62,252.852538066093,0.0,1.62
2025-10-20 18:00:00,1.74,0.0,0.0,1.74000000000001,251.112538066093,-9.992007221626409e-15,1.74
2025-10-20 19:00:00,1.68,0.0,0.0,0.0,251.112538066093,1.68,1.68
2025-10-20 20:00:00,1.86,0.0,0.0,0.0,251.112538066093,1.86,1.86
2025-10-20 21:00:00,1.86,0.0,0.0,0.0,251.112538066093,1.86,1.86
2025-10-20 22:00:00,2.28,0.0,0.0,0.0,251.112538066093,2.28,2.28
2025-10-20 23:00:00,2.28,0.0,0.0,0.0,251.112538066093,2.28,2.28
2025-10-21 00:00:00,2.34,0.0,0.0,0.0,251.112538066093,2.34,2.34
2025-10-21 01:00:00,2.1,0.0,0.0,0.0,251.112538066093,2.1,2.1
2025-10-21 02:00:00,2.46,0.0,0.0,0.0,251.112538066093,2.46,2.46
2025-10-21 03:00:00,2.16,0.0,0.0,0.0,251.112538066093,2.16,2.16
2025-10-21 04:00:00,2.28,0.0,0.0,0.0,251.112538066093,2.28,2.28
2025-10-21 05:00:00,2.46,0.0,0.0,0.0,251.112538066093,2.46,2.46
2025-10-21 06:00:00,2.16,0.0,0.0,0.0,251.112538066093,2.16,2.16
2025-10-21 07:00:00,2.7,4.104020179218206,0.0,0.0,251.112538066093,-1.4040201792182057,-1.4040201792182057
2025-10-21 08:00:00,4.2,9.209064547271076,0.0,0.0,251.112538066093,-5.009064547271076,-5.009064547271076
2025-10-21 09:00:00,3.3,13.377315819270589,0.0,0.0,251.112538066093,-10.077315819270588,-10.077315819270588
2025-10-21 10:00:00,3.0,16.324714559390895,0.0,0.0,251.112538066093,-13.324714559390895,-13.324714559390895
2025-10-21 11:00:00,2.88,17.850400414299514,0.0,0.0,251.112538066093,-14.970400414299515,-14.970400414299515
2025-10-21 12:00:00,2.76,17.850400414299514,0.0,0.0,251.112538066093,-15.090400414299515,-15.090400414299515
2025-10-21 13:00:00,3.06,16.324714559390895,0.0,0.0,251.112538066093,-13.264714559390894,-13.264714559390894
2025-10-21 14:00:00,2.82,13.377315819270589,0.0,0.0,251.112538066093,-10.557315819270588,-10.557315819270588
2025-10-21 15:00:00,2.82,9.209064547271076,0.0,0.0,251.112538066093,-6.389064547271076,-6.389064547271076
2025-10-21 16:00:00,3.0,4.104020179218206,0.0,0.0,251.112538066093,-1.1040201792182058,-1.1040201792182058
2025-10-21 17:00:00,2.94,0.0,0.0,2.94,248.172538066093,0.0,2.94
2025-10-21 18:00:00,3.0,0.0,0.0,3.0,245.172538066093,0.0,3.0
2025-10-21 19:00:00,3.18,0.0,0.0,0.0,245.172538066093,3.18,3.18
2025-10-21 20:00:00,3.0,0.0,0.0,0.0,245.172538066093,3.0,3.0
2025-10-21 21:00:00,3.0,0.0,0.0,0.0,245.172538066093,3.0,3.0
2025-10-21 22:00:00,3.18,0.0,0.0,0.0,245.172538066093,3.18,3.18
2025-10-21 23:00:00,3.0,0.0,0.0,0.0,245.172538066093,3.0,3.0
2025-10-22 00:00:00,2.82,0.0,0.0,0.0,245.172538066093,2.82,2.82
2025-10-22 01:00:00,3.06,0.0,0.0,0.0,245.172538066093,3.06,3.06
2025-10-22 02:00:00,3.06,0.0,0.0,0.0,245.172538066093,3.06,3.06
2025-10-22 03:00:00,3.06,0.0,0.0,0.0,245.172538066093,3.06,3.06
2025-10-22 04:00:00,3.24,0.0,0.0,0.0,245.172538066093,3.24,3.24
2025-10-22 05:00:00,11.28,0.0,0.0,0.0,245.172538066093,11.28,11.28
2025-10-22 06:00:00,10.26,0.0,0.0,0.0,245.172538066093,10.26,10.26
2025-10-22 07:00:00,3.3,3.960768291070317,0.0,0.0,245.172538066093,-0.6607682910703172,-0.6607682910703172
2025-10-22 08:00:00,3.6,9.059275525804953,0.0,0.0,245.172538066093,-5.459275525804953,-5.459275525804953
2025-10-22 09:00:00,3.3,13.222189250801051,0.0,0.0,245.172538066093,-9.92218925080105,-9.92218925080105
2025-10-22 10:00:00,3.36,16.16581377524035,0.0,0.0,245.172538066093,-12.805813775240349,-12.805813775240349
2025-10-22 11:00:00,3.72,17.68954595235183,0.0,0.0,245.172538066093,-13.969545952351828,-13.969545952351828
2025-10-22 12:00:00,3.42,17.68954595235183,0.0,0.0,245.172538066093,-14.269545952351828,-14.269545952351828
2025-10-22 13:00:00,3.42,16.16581377524035,0.0,0.0,245.172538066093,-12.745813775240348,-12.745813775240348
2025-10-22 14:00:00,3.54,13.222189250801051,0.0,0.0,245.172538066093,-9.682189250801052,-9.682189250801052
2025-10-22 15:00:00,3.42,9.059275525804953,0.0,0.0,245.172538066093,-5.639275525804953,-5.639275525804953
2025-10-22 16:00:00,3.3,3.960768291070317,0.0,0.0,245.172538066093,-0.6607682910703172,-0.6607682910703172
2025-10-22 17:00:00,3.48,0.0,0.0,3.48,241.692538066093,0.0,3.48
2025-10-22 18:00:00,3.72,0.0,0.0,3.71999999999997,237.972538066093,3.019806626980426e-14,3.72
2025-10-22 19:00:00,3.6,0.0,0.0,0.0,237.972538066093,3.6,3.6
2025-10-22 20:00:00,3.48,0.0,0.0,0.0,237.972538066093,3.48,3.48
2025-10-22 21:00:00,3.78,0.0,0.0,0.0,237.972538066093,3.78,3.78
2025-10-22 22:00:00,10.8,0.0,0.0,0.0,237.972538066093,10.8,10.8
2025-10-22 23:00:00,18.18,0.0,0.0,0.0,237.972538066093,18.18,18.18
2025-10-23 00:00:00,18.24,0.0,0.0,0.0,237.972538066093,18.24,18.24
2025-10-23 01:00:00,18.12,0.0,0.0,0.0,237.972538066093,18.12,18.12
2025-10-23 02:00:00,18.06,0.0,0.0,0.0,237.972538066093,18.06,18.06
2025-10-23 03:00:00,18.36,0.0,0.0,0.0,237.972538066093,18.36,18.36
2025-10-23 04:00:00,18.12,0.0,0.0,0.0,237.972538066093,18.12,18.12
2025-10-23 05:00:00,17.88,0.0,0.0,0.0,237.972538066093,17.88,17.88
2025-10-23 06:00:00,17.88,0.0,0.0,0.0,237.972538066093,17.88,17.88
2025-10-23 07:00:00,16.8,3.8188509923069303,0.0,12.9811490076931,224.9913890584,-3.019806626980426e-14,12.98114900769307
2025-10-23 08:00:00,16.32,8.910703846008625,0.0,7.40929615399136,217.582092904409,1.509903313490213e-14,7.4092961539913755
2025-10-23 09:00:00,6.36,13.06818429164314,0.0,0.0,217.582092904409,-6.70818429164314,-6.70818429164314
2025-10-23 10:00:00,2.46,16.007966907401777,0.0,0.0,217.582092904409,-13.547966907401776,-13.547966907401776
2025-10-23 11:00:00,2.28,17.52971036624106,0.0,0.0,217.582092904409,-15.24971036624106,-15.24971036624106
2025-10-23 12:00:00,1.92,17.52971036624106,0.0,0.0,217.582092904409,-15.609710366241059,-15.609710366241059
2025-10-23 13:00:00,1.86,16.007966907401777,0.0,0.0,217.582092904409,-14.147966907401777,-14.147966907401777
2025-10-23 14:00:00,1.56,13.06818429164314,0.0,0.0,217.582092904409,-11.50818429164314,-11.50818429164314
2025-10-23 15:00:00,1.56,8.910703846008625,0.0,0.0,217.582092904409,-7.350703846008624,-7.350703846008624
2025-10-23 16:00:00,1.86,3.8188509923069303,0.0,0.0,217.582092904409,-1.9588509923069302,-1.9588509923069302
2025-10-23 17:00:00,1.68,0.0,0.0,1.68,215.902092904409,0.0,1.68
2025-10-23 18:00:00,1.8,0.0,0.0,1.79999999999998,214.102092904409,1.9984014443252818e-14,1.8
2025-10-23 19:00:00,1.92,0.0,0.0,0.0,214.102092904409,1.92,1.92
2025-10-23 20:00:00,1.86,0.0,0.0,0.0,214.102092904409,1.86,1.86
2025-10-23 21:00:00,2.28,0.0,0.0,0.0,214.102092904409,2.28,2.28
2025-10-23 22:00:00,2.28,0.0,0.0,0.0,214.102092904409,2.28,2.28
2025-10-23 23:00:00,2.52,0.0,0.0,0.0,214.102092904409,2.52,2.52
2025-10-24 00:00:00,2.28,0.0,0.0,0.0,214.102092904409,2.28,2.28
2025-10-24 01:00:00,2.34,0.0,0.0,0.0,214.102092904409,2.34,2.34
2025-10-24 02:00:00,2.46,0.0,0.0,0.0,214.102092904409,2.46,2.46
2025-10-24 03:00:00,2.34,0.0,0.0,0.0,214.102092904409,2.34,2.34
2025-10-24 04:00:00,2.28,0.0,0.0,0.0,214.102092904409,2.28,2.28
2025-10-24 05:00:00,2.52,0.0,0.0,0.0,214.102092904409,2.52,2.52
2025-10-24 06:00:00,9.96,0.0,0.0,0.0,214.102092904409,9.96,9.96
2025-10-24 07:00:00,17.16,3.678319896007965,0.0,13.481680103992,200.620412800417,3.552713678800501e-14,13.481680103992035
2025-10-24 08:00:00,17.1,8.763409156675188,0.0,8.33659084332481,192.283821957092,3.552713678800501e-15,8.336590843324814
2025-10-24 09:00:00,16.8,12.915367151722274,0.0,3.88463284827773,188.399189108814,-3.1086244689504383e-15,3.884632848277727
2025-10-24 10:00:00,17.22,15.85124480522177,0.0,1.36875519477823,187.030433914036,-6.661338147750939e-16,1.3687551947782293
2025-10-24 11:00:00,17.64,17.370966906854907,0.0,0.269033093145094,186.761400820891,-2.7755575615628914e-16,0.2690330931450937
2025-10-24 12:00:00,16.8,17.370966906854907,0.0,0.0,186.761400820891,-0.5709669068549061,-0.5709669068549061
2025-10-24 13:00:00,16.68,15.85124480522177,0.0,0.828755194778225,185.932645626113,5.10702591327572e-15,0.8287551947782301
2025-10-24 14:00:00,5.46,12.915367151722274,0.0,0.0,185.932645626113,-7.455367151722274,-7.455367151722274
2025-10-24 15:00:00,2.28,8.763409156675188,0.0,0.0,185.932645626113,-6.483409156675188,-6.483409156675188
2025-10-24 16:00:00,2.1,3.678319896007965,0.0,0.0,185.932645626113,-1.5783198960079647,-1.5783198960079647
2025-10-24 17:00:00,2.22,0.0,0.0,2.22,183.712645626113,0.0,2.22
2025-10-24 18:00:00,2.4,0.0,0.0,2.40000000000001,181.312645626113,-1.021405182655144e-14,2.4
2025-10-24 19:00:00,2.28,0.0,0.0,0.0,181.312645626113,2.28,2.28
2025-10-24 20:00:00,2.22,0.0,0.0,0.0,181.312645626113,2.22,2.22
2025-10-24 21:00:00,2.22,0.0,0.0,0.0,181.312645626113,2.22,2.22
2025-10-24 22:00:00,2.52,0.0,0.0,0.0,181.312645626113,2.52,2.52
2025-10-24 23:00:00,2.16,0.0,0.0,0.0,181.312645626113,2.16,2.16
2025-10-25 00:00:00,2.22,0.0,0.0,0.0,181.312645626113,2.22,2.22
2025-10-25 01:00:00,2.46,0.0,0.0,0.0,181.312645626113,2.46,2.46
2025-10-25 02:00:00,2.34,0.0,0.0,0.0,181.312645626113,2.34,2.34
2025-10-25 03:00:00,2.16,0.0,0.0,0.0,181.312645626113,2.16,2.16
2025-10-25 04:00:00,2.34,0.0,0.0,0.0,181.312645626113,2.34,2.34
2025-10-25 05:00:00,2.46,0.0,0.0,0.0,181.312645626113,2.46,2.46
2025-10-25 06:00:00,2.22,0.0,0.0,0.0,181.312645626113,2.22,2.22
2025-10-25 07:00:00,2.16,3.5392259573914653,0.0,0.0,181.312645626113,-1.3792259573914651,-1.3792259573914651
2025-10-25 08:00:00,2.28,8.617450570194126,0.0,0.0,181.312645626113,-6.337450570194127,-6.337450570194127
2025-10-25 09:00:00,2.16,12.763803603730528,0.0,0.0,181.312645626113,-10.603803603730528,-10.603803603730528
2025-10-25 10:00:00,2.1,15.695717950937526,0.0,0.0,181.312645626113,-13.595717950937527,-13.595717950937527
2025-10-25 11:00:00,2.4,17.213388494270518,0.0,0.0,181.312645626113,-14.813388494270518,-14.813388494270518
2025-10-25 12:00:00,1.68,17.213388494270518,0.0,0.0,181.312645626113,-15.533388494270518,-15.533388494270518
2025-10-25 13:00:00,1.56,15.695717950937526,0.0,0.0,181.312645626113,-14.135717950937526,-14.135717950937526
2025-10-25 14:00:00,1.56,12.763803603730528,0.0,0.0,181.312645626113,-11.203803603730528,-11.203803603730528
2025-10-25 15:00:00,1.8,8.617450570194126,0.0,0.0,181.312645626113,-6.817450570194127,-6.817450570194127
2025-10-25 16:00:00,1.56,3.5392259573914653,0.0,0.0,181.312645626113,-1.9792259573914652,-1.9792259573914652
2025-10-25 17:00:00,1.62,0.0,0.0,0.0,181.312645626113,1.62,1.62
2025-10-25 18:00:00,1.98,0.0,0.0,0.0,181.312645626113,1.98,1.98
2025-10-25 19:00:00,1.86,0.0,0.0,0.0,181.312645626113,1.86,1.86
2025-10-25 20:00:00,2.28,0.0,0.0,0.0,181.312645626113,2.28,2.28
2025-10-25 21:00:00,2.22,0.0,0.0,0.0,181.312645626113,2.22,2.22
2025-10-25 22:00:00,2.46,0.0,0.0,0.0,181.312645626113,2.46,2.46
2025-10-25 23:00:00,2.28,0.0,0.0,0.0,181.312645626113,2.28,2.28
2025-10-26 00:00:00,2.22,0.0,0.0,0.0,181.312645626113,2.22,2.22
2025-10-26 01:00:00,2.46,0.0,0.0,0.0,181.312645626113,2.46,2.46
2025-10-26 02:00:00,2.28,0.0,0.0,0.0,181.312645626113,2.28,2.28
2025-10-26 03:00:00,2.28,0.0,0.0,0.0,181.312645626113,2.28,2.28
2025-10-26 04:00:00,2.4,0.0,0.0,0.0,181.312645626113,2.4,2.4
2025-10-26 05:00:00,2.34,0.0,0.0,0.0,181.312645626113,2.34,2.34
2025-10-26 06:00:00,2.28,0.0,0.0,0.0,181.312645626113,2.28,2.28
2025-10-26 07:00:00,2.04,3.40161944862003,0.0,0.0,181.312645626113,-1.3616194486200301,-1.3616194486200301
2025-10-26 08:00:00,2.34,8.472886627023392,0.0,0.0,181.312645626113,-6.132886627023392,-6.132886627023392
2025-10-26 09:00:00,2.16,12.613558939160733,0.0,0.0,181.312645626113,-10.453558939160732,-10.453558939160732
2025-10-26 10:00:00,9.6,15.541456409744429,0.0,0.0,181.312645626113,-5.941456409744429,-5.941456409744429
2025-10-26 11:00:00,11.94,17.057047664733542,0.0,0.0,181.312645626113,-5.117047664733542,-5.117047664733542
2025-10-26 12:00:00,11.58,17.057047664733542,0.0,0.0,181.312645626113,-5.477047664733542,-5.477047664733542
2025-10-26 13:00:00,11.7,15.541456409744429,0.0,0.0,181.312645626113,-3.8414564097444295,-3.8414564097444295
2025-10-26 14:00:00,11.88,12.613558939160733,0.0,0.0,181.312645626113,-0.7335589391607318,-0.7335589391607318
2025-10-26 15:00:00,11.7,8.472886627023392,0.0,0.0,181.312645626113,3.227113372976607,3.227113372976607
2025-10-26 16:00:00,9.9,3.40161944862003,0.0,0.0,181.312645626113,6.49838055137997,6.49838055137997
2025-10-26 17:00:00,2.1,0.0,0.0,0.0,181.312645626113,2.1,2.1
2025-10-26 18:00:00,2.4,0.0,0.0,0.0,181.312645626113,2.4,2.4
2025-10-26 19:00:00,2.28,0.0,0.0,0.0,181.312645626113,2.28,2.28
2025-10-26 20:00:00,2.28,0.0,0.0,0.0,181.312645626113,2.28,2.28
2025-10-26 21:00:00,2.16,0.0,0.0,0.0,181.312645626113,2.16,2.16
2025-10-26 22:00:00,2.58,0.0,0.0,0.0,181.312645626113,2.58,2.58
2025-10-26 23:00:00,2.22,0.0,0.0,0.0,181.312645626113,2.22,2.22
2025-10-27 00:00:00,2.34,0.0,0.0,0.0,181.312645626113,2.34,2.34
2025-10-27 01:00:00,2.46,0.0,0.0,0.0,181.312645626113,2.46,2.46
2025-10-27 02:00:00,2.34,0.0,0.0,0.0,181.312645626113,2.34,2.34
2025-10-27 03:00:00,2.22,0.0,0.0,0.0,181.312645626113,2.22,2.22
2025-10-27 04:00:00,2.28,0.0,0.0,0.0,181.312645626113,2.28,2.28
2025-10-27 05:00:00,2.58,0.0,0.0,0.0,181.312645626113,2.58,2.58
2025-10-27 06:00:00,2.16,0.0,0.0,0.0,181.312645626113,2.16,2.16
2025-10-27 07:00:00,2.1,3.26554993477326,0.0,0.0,181.312645626113,-1.16554993477326,-1.16554993477326
2025-10-27 08:00:00,2.34,8.32977526123738,0.0,0.0,181.312645626113,-5.98977526123738,-5.98977526123738
2025-10-27 09:00:00,2.1,12.464697925342932,0.0,0.0,181.312645626113,-10.364697925342933,-10.364697925342933
2025-10-27 10:00:00,6.42,15.388529780813911,0.0,0.0,181.312645626113,-8.968529780813912,-8.968529780813912
2025-10-27 11:00:00,3.18,16.902016518560572,0.0,0.0,181.312645626113,-13.722016518560572,-13.722016518560572
2025-10-27 12:00:00,2.4,16.902016518560572,0.0,0.0,181.312645626113,-14.502016518560572,-14.502016518560572
2025-10-27 13:00:00,4.56,15.388529780813911,0.0,0.0,181.312645626113,-10.828529780813913,-10.828529780813913
2025-10-27 14:00:00,8.7,12.464697925342932,0.0,0.0,181.312645626113,-3.764697925342933,-3.764697925342933
2025-10-27 15:00:00,9.06,8.32977526123738,0.0,0.730224738762621,180.58242088735,-3.3306690738754696e-16,0.7302247387626206
2025-10-27 16:00:00,7.86,3.26554993477326,0.0,4.59445006522674,175.987970822123,0.0,4.59445006522674
2025-10-27 17:00:00,2.58,0.0,0.0,2.58,173.407970822123,0.0,2.58
2025-10-27 18:00:00,2.52,0.0,0.0,2.52,170.887970822123,0.0,2.52
2025-10-27 19:00:00,2.82,0.0,0.0,0.0,170.887970822123,2.82,2.82
2025-10-27 20:00:00,2.52,0.0,0.0,0.0,170.887970822123,2.52,2.52
2025-10-27 21:00:00,2.58,0.0,0.0,0.0,170.887970822123,2.58,2.58
2025-10-27 22:00:00,2.76,0.0,0.0,0.0,170.887970822123,2.76,2.76
2025-10-27 23:00:00,2.58,0.0,0.0,0.0,170.887970822123,2.58,2.58
2025-10-28 00:00:00,2.52,0.0,0.0,0.0,170.887970822123,2.52,2.52
2025-10-28 01:00:00,2.58,0.0,0.0,0.0,170.887970822123,2.58,2.58
2025-10-28 02:00:00,2.82,0.0,0.0,0.0,170.887970822123,2.82,2.82
2025-10-28 03:00:00,2.52,0.0,0.0,0.0,170.887970822123,2.52,2.52
2025-10-28 04:00:00,2.58,0.0,0.0,0.0,170.887970822123,2.58,2.58
2025-10-28 05:00:00,2.76,0.0,0.0,0.0,170.887970822123,2.76,2.76
2025-10-28 06:00:00,2.52,0.0,0.0,0.0,170.887970822123,2.52,2.52
2025-10-28 07:00:00,2.34,3.1310662509993064,0.0,0.0,170.887970822123,-0.7910662509993065,-0.7910662509993065
2025-10-28 08:00:00,2.34,8.188173767179183,0.0,0.0,170.887970822123,-5.848173767179183,-5.848173767179183
2025-10-28 09:00:00,2.58,12.317284763523956,0.0,0.0,170.887970822123,-9.737284763523956,-9.737284763523956
2025-10-28 10:00:00,2.4,15.237007149311289,0.0,0.0,170.887970822123,-12.837007149311289,-12.837007149311289
2025-10-28 11:00:00,2.46,16.74836666901915,0.0,0.0,170.887970822123,-14.288366669019148,-14.288366669019148
2025-10-28 12:00:00,2.58,16.74836666901915,0.0,0.0,170.887970822123,-14.168366669019148,-14.168366669019148
2025-10-28 13:00:00,2.4,15.237007149311289,0.0,0.0,170.887970822123,-12.837007149311289,-12.837007149311289
2025-10-28 14:00:00,2.4,12.317284763523956,0.0,0.0,170.887970822123,-9.917284763523956,-9.917284763523956
2025-10-28 15:00:00,2.52,8.188173767179183,0.0,0.0,170.887970822123,-5.668173767179184,-5.668173767179184
2025-10-28 16:00:00,2.4,3.1310662509993064,0.0,0.0,170.887970822123,-0.7310662509993064,-0.7310662509993064
2025-10-28 17:00:00,2.52,0.0,0.0,2.52,168.367970822123,0.0,2.52
2025-10-28 18:00:00,2.52,0.0,0.0,2.52,165.847970822123,0.0,2.52
2025-10-28 19:00:00,2.76,0.0,0.0,0.0,165.847970822123,2.76,2.76
2025-10-28 20:00:00,2.52,0.0,0.0,0.0,165.847970822123,2.52,2.52
2025-10-28 21:00:00,2.58,0.0,0.0,0.0,165.847970822123,2.58,2.58
2025-10-28 22:00:00,2.7,0.0,0.0,0.0,165.847970822123,2.7,2.7
2025-10-28 23:00:00,2.64,0.0,0.0,0.0,165.847970822123,2.64,2.64
2025-10-29 00:00:00,2.58,0.0,0.0,0.0,165.847970822123,2.58,2.58
2025-10-29 01:00:00,2.76,0.0,0.0,0.0,165.847970822123,2.76,2.76
2025-10-29 02:00:00,2.58,0.0,0.0,0.0,165.847970822123,2.58,2.58
2025-10-29 03:00:00,2.58,0.0,0.0,0.0,165.847970822123,2.58,2.58
2025-10-29 04:00:00,2.82,0.0,0.0,0.0,165.847970822123,2.82,2.82
2025-10-29 05:00:00,2.52,0.0,0.0,0.0,165.847970822123,2.52,2.52
2025-10-29 06:00:00,2.58,0.0,0.0,0.0,165.847970822123,2.58,2.58
2025-10-29 07:00:00,2.4,2.998216480855733,0.0,0.0,165.847970822123,-0.5982164808557329,-0.5982164808557329
2025-10-29 08:00:00,2.58,8.048138767242481,0.0,0.0,165.847970822123,-5.468138767242481,-5.468138767242481
2025-10-29 09:00:00,2.64,12.171383048027987,0.0,0.0,165.847970822123,-9.531383048027987,-9.531383048027987
2025-10-29 10:00:00,2.52,15.086957039460064,0.0,0.0,165.847970822123,-12.566957039460064,-12.566957039460064
2025-10-29 11:00:00,2.76,16.596169192236452,0.0,0.0,165.847970822123,-13.836169192236452,-13.836169192236452
2025-10-29 12:00:00,2.58,16.596169192236452,0.0,0.0,165.847970822123,-14.016169192236452,-14.016169192236452
2025-10-29 13:00:00,2.64,15.086957039460064,0.0,0.0,165.847970822123,-12.446957039460063,-12.446957039460063
2025-10-29 14:00:00,2.1,12.171383048027987,0.0,0.0,165.847970822123,-10.071383048027988,-10.071383048027988
2025-10-29 15:00:00,15.0,8.048138767242481,0.0,6.95186123275752,158.896109589366,-8.881784197001252e-16,6.951861232757519
2025-10-29 16:00:00,16.26,2.998216480855733,0.0,13.2617835191443,145.634326070222,-3.197442310920451e-14,13.261783519144268
2025-10-29 17:00:00,16.08,0.0,0.0,16.08,129.554326070222,0.0,16.08
2025-10-29 18:00:00,16.5,0.0,0.0,16.5,113.054326070222,0.0,16.5
2025-10-29 19:00:00,16.2,0.0,0.0,0.0,113.054326070222,16.2,16.2
2025-10-29 20:00:00,16.86,0.0,0.0,0.0,113.054326070222,16.86,16.86
2025-10-29 21:00:00,17.04,0.0,0.0,0.0,113.054326070222,17.04,17.04
2025-10-29 22:00:00,16.8,0.0,0.0,0.0,113.054326070222,16.8,16.8
2025-10-29 23:00:00,16.8,0.0,0.0,0.0,113.054326070222,16.8,16.8
2025-10-30 00:00:00,16.8,0.0,0.0,0.0,113.054326070222,16.8,16.8
2025-10-30 01:00:00,16.98,0.0,0.0,0.0,113.054326070222,16.98,16.98
2025-10-30 02:00:00,6.3,0.0,0.0,0.0,113.054326070222,6.3,6.3
2025-10-30 03:00:00,2.28,0.0,0.0,0.0,113.054326070222,2.28,2.28
2025-10-30 04:00:00,2.46,0.0,0.0,0.0,113.054326070222,2.46,2.46
2025-10-30 05:00:00,2.94,0.0,0.0,0.0,113.054326070222,2.94,2.94
2025-10-30 06:00:00,2.28,0.0,0.0,0.0,113.054326070222,2.28,2.28
2025-10-30 07:00:00,2.28,2.8670479358459686,0.0,0.0,113.054326070222,-0.5870479358459688,-0.5870479358459688
2025-10-30 08:00:00,2.16,7.90972618080435,0.0,0.0,113.054326070222,-5.74972618080435,-5.74972618080435
2025-10-30 09:00:00,2.04,12.027055726531495,0.0,0.0,113.054326070222,-9.987055726531494,-9.987055726531494
2025-10-30 10:00:00,2.1,14.93844736869489,0.0,0.0,113.054326070222,-12.83844736869489,-12.83844736869489
2025-10-30 11:00:00,2.34,16.44549457818327,0.0,0.0,113.054326070222,-14.105494578183269,-14.105494578183269
2025-10-30 12:00:00,6.36,16.44549457818327,0.0,0.0,113.054326070222,-10.085494578183269,-10.085494578183269
2025-10-30 13:00:00,10.5,14.93844736869489,0.0,0.0,113.054326070222,-4.43844736869489,-4.43844736869489
2025-10-30 14:00:00,10.32,12.027055726531495,0.0,0.0,113.054326070222,-1.707055726531495,-1.707055726531495
2025-10-30 15:00:00,10.62,7.90972618080435,0.0,2.71027381919565,110.344052251026,-8.881784197001252e-16,2.710273819195649
2025-10-30 16:00:00,10.26,2.8670479358459686,0.0,7.39295206415403,102.951100186872,8.881784197001252e-16,7.392952064154031
2025-10-30 17:00:00,5.4,0.0,0.0,5.40000000000001,97.5511001868719,-9.769962616701378e-15,5.4
2025-10-30 18:00:00,4.44,0.0,0.0,4.44,93.1111001868719,0.0,4.44
2025-10-30 19:00:00,4.08,0.0,0.0,0.0,93.1111001868719,4.08,4.08
2025-10-30 20:00:00,4.2,0.0,0.0,0.0,93.1111001868719,4.2,4.2
2025-10-30 21:00:00,4.38,0.0,0.0,0.0,93.1111001868719,4.38,4.38
2025-10-30 22:00:00,4.2,0.0,0.0,0.0,93.1111001868719,4.2,4.2
2025-10-30 23:00:00,4.08,0.0,0.0,0.0,93.1111001868719,4.08,4.08
2025-10-31 00:00:00,4.38,0.0,0.0,0.0,93.1111001868719,4.38,4.38
2025-10-31 01:00:00,4.14,0.0,0.0,0.0,93.1111001868719,4.14,4.14
2025-10-31 02:00:00,4.14,0.0,0.0,0.0,93.1111001868719,4.14,4.14
2025-10-31 03:00:00,4.2,0.0,0.0,0.0,93.1111001868719,4.2,4.2
2025-10-31 04:00:00,4.32,0.0,0.0,0.0,93.1111001868719,4.32,4.32
2025-10-31 05:00:00,4.14,0.0,0.0,0.0,93.1111001868719,4.14,4.14
2025-10-31 06:00:00,15.72,0.0,0.0,0.0,93.1111001868719,15.72,15.72
2025-10-31 07:00:00,18.06,2.737607136154573,0.0,15.3223928638454,77.7887073230264,2.6645352591003757e-14,15.322392863845426
2025-10-31 08:00:00,6.0,7.772991194327059,0.0,0.0,77.7887073230264,-1.7729911943270587,-1.7729911943270587
2025-10-31 09:00:00,3.48,11.88436506148287,0.0,0.0,77.7887073230264,-8.404365061482869,-8.404365061482869
2025-10-31 10:00:00,3.48,14.791545402941908,0.0,0.0,77.7887073230264,-11.311545402941908,-11.311545402941908
2025-10-31 11:00:00,3.3,16.2964126827764,12.9964126827764,0.0,89.2255504838697,1.7763568394002505e-15,-12.996412682776398
2025-10-31 12:00:00,3.66,16.2964126827764,12.6364126827764,0.0,100.345593644713,1.7763568394002505e-15,-12.636412682776399
2025-10-31 13:00:00,4.26,14.791545402941908,10.5315454029419,0.0,109.613353599302,-8.881784197001252e-15,-10.531545402941909
2025-10-31 14:00:00,5.76,11.88436506148287,6.12436506148287,0.0,115.002794853407,8.881784197001252e-16,-6.1243650614828695
2025-10-31 15:00:00,13.2,7.772991194327059,0.0,5.42700880567294,109.575786047734,8.881784197001252e-16,5.427008805672941
2025-10-31 16:00:00,13.14,2.737607136154573,0.0,10.4023928638454,99.1733931838883,2.842170943040401e-14,10.402392863845428
2025-10-31 17:00:00,13.26,0.0,0.0,13.26,85.9133931838883,0.0,13.26
2025-10-31 18:00:00,12.3,0.0,0.0,12.3,73.6133931838883,0.0,12.3
2025-10-31 19:00:00,5.28,0.0,0.0,0.0,73.6133931838883,5.28,5.28
2025-10-31 20:00:00,4.44,0.0,60.6665986546724,0.0,127.0,65.1065986546724,4.44
2025-10-31 21:00:00,5.22,0.0,75.0,0.0,193.0,80.22,5.22
2025-10-31 22:00:00,3.54,0.0,75.0,0.0,259.0,78.54,3.54
2025-10-31 23:00:00,3.78,0.0,75.0,0.0,325.0,78.78,3.78
2025-11-01 00:00:00,4.68,0.0,0.0,0.0,325.0,4.68,4.68
2025-11-01 01:00:00,4.2,0.0,0.0,0.0,325.0,4.2,4.2
2025-11-01 02:00:00,3.54,0.0,0.0,0.0,325.0,3.54,3.54
2025-11-01 03:00:00,3.66,0.0,0.0,0.0,325.0,3.66,3.66
2025-11-01 04:00:00,4.56,0.0,0.0,0.0,325.0,4.56,4.56
2025-11-01 05:00:00,4.32,0.0,0.0,0.0,325.0,4.32,4.32
2025-11-01 06:00:00,3.6,0.0,0.0,0.0,325.0,3.6,3.6
2025-11-01 07:00:00,10.8,1.6120216365941704,0.0,0.0,325.0,9.187978363405831,9.187978363405831
2025-11-01 08:00:00,61.74,4.717580967220751,0.0,0.0,325.0,57.022419032779254,57.022419032779254
2025-11-01 09:00:00,67.38,7.25325954254555,0.0,0.0,325.0,60.126740457454446,60.126740457454446
2025-11-01 10:00:00,71.82,9.04625505806716,0.0,0.0,325.0,62.77374494193283,62.77374494193283
2025-11-01 11:00:00,54.18,9.974377832467972,0.0,0.0,325.0,44.20562216753203,44.20562216753203
2025-11-01 12:00:00,54.0,9.974377832467972,0.0,0.0,325.0,44.02562216753203,44.02562216753203
2025-11-01 13:00:00,54.12,9.04625505806716,0.0,0.0,325.0,45.07374494193284,45.07374494193284
2025-11-01 14:00:00,55.02,7.25325954254555,0.0,0.0,325.0,47.76674045745445,47.76674045745445
2025-11-01 15:00:00,93.24,4.717580967220751,0.0,0.0,325.0,88.52241903277924,88.52241903277924
2025-11-01 16:00:00,91.5,1.6120216365941704,0.0,0.0,325.0,89.88797836340584,89.88797836340584
2025-11-01 17:00:00,88.86,0.0,0.0,0.0,325.0,88.86,88.86
2025-11-01 18:00:00,87.48,0.0,0.0,0.0,325.0,87.48,87.48
2025-11-01 19:00:00,84.66,0.0,0.0,0.0,325.0,84.66,84.66
2025-11-01 20:00:00,94.98,0.0,0.0,0.0,325.0,94.98,94.98
2025-11-01 21:00:00,88.38,0.0,0.0,0.0,325.0,88.38,88.38
2025-11-01 22:00:00,78.0,0.0,0.0,0.0,325.0,78.0,78.0
2025-11-01 23:00:00,50.88,0.0,0.0,0.0,325.0,50.88,50.88
2025-11-02 00:00:00,50.28,0.0,0.0,0.0,325.0,50.28,50.28
2025-11-02 01:00:00,49.08,0.0,0.0,0.0,325.0,49.08,49.08
2025-11-02 02:00:00,42.96,0.0,0.0,0.0,325.0,42.96,42.96
2025-11-02 03:00:00,40.92,0.0,0.0,0.0,325.0,40.92,40.92
2025-11-02 04:00:00,39.6,0.0,0.0,0.0,325.0,39.6,39.6
2025-11-02 05:00:00,39.78,0.0,0.0,0.0,325.0,39.78,39.78
2025-11-02 06:00:00,38.22,0.0,0.0,0.0,325.0,38.22,38.22
2025-11-02 07:00:00,39.54,1.5342913700893803,0.0,0.0,325.0,38.00570862991062,38.00570862991062
2025-11-02 08:00:00,42.66,4.635299692944797,0.0,0.0,325.0,38.0247003070552,38.0247003070552
2025-11-02 09:00:00,49.74,7.167262385984668,0.0,0.0,325.0,42.57273761401533,42.57273761401533
2025-11-02 10:00:00,53.82,8.957630375944515,0.0,0.0,325.0,44.86236962405549,44.86236962405549
2025-11-02 11:00:00,51.9,9.884393043031569,0.0,0.0,325.0,42.015606956968426,42.015606956968426
2025-11-02 12:00:00,69.54,9.884393043031569,0.0,0.0,325.0,59.65560695696844,59.65560695696844
2025-11-02 13:00:00,68.52,8.957630375944515,0.0,0.0,325.0,59.56236962405548,59.56236962405548
2025-11-02 14:00:00,70.14,7.167262385984668,0.0,0.0,325.0,62.97273761401533,62.97273761401533
2025-11-02 15:00:00,69.66,4.635299692944797,0.0,0.0,325.0,65.0247003070552,65.0247003070552
2025-11-02 16:00:00,58.2,1.5342913700893803,0.0,0.0,325.0,56.665708629910625,56.665708629910625
2025-11-02 17:00:00,57.48,0.0,0.0,0.0,325.0,57.48,57.48
2025-11-02 18:00:00,55.98,0.0,0.0,0.0,325.0,55.98,55.98
2025-11-02 19:00:00,57.66,0.0,0.0,0.0,325.0,57.66,57.66
2025-11-02 20:00:00,88.2,0.0,0.0,0.0,325.0,88.2,88.2
2025-11-02 21:00:00,114.9,0.0,0.0,0.0,325.0,114.9,114.9
2025-11-02 22:00:00,111.36,0.0,0.0,0.0,325.0,111.36,111.36
2025-11-02 23:00:00,106.14,0.0,0.0,0.0,325.0,106.14,106.14
2025-11-03 00:00:00,104.82,0.0,0.0,0.0,325.0,104.82,104.82
2025-11-03 01:00:00,100.74,0.0,0.0,0.0,325.0,100.74,100.74
2025-11-03 02:00:00,82.44,0.0,0.0,0.0,325.0,82.44,82.44
2025-11-03 03:00:00,80.46,0.0,70.4545454545455,0.0,387.0,150.91454545454548,80.46
2025-11-03 04:00:00,53.88,0.0,75.0,0.0,453.0,128.88,53.88
2025-11-03 05:00:00,50.7,0.0,75.0,0.0,519.0,125.7,50.7
2025-11-03 06:00:00,52.86,0.0,75.0,0.0,585.0,127.86,52.86
2025-11-03 07:00:00,65.58,1.4577113991307231,0.0,64.1222886008693,520.877711399131,-2.842170943040401e-14,64.12228860086927
2025-11-03 08:00:00,68.64,4.5541539508581454,0.0,64.0858460491418,456.791865349989,5.684341886080802e-14,64.08584604914185
2025-11-03 09:00:00,52.26,7.082388707382708,0.0,45.1776112926173,411.614254057372,-7.105427357601002e-15,45.17761129261729
2025-11-03 10:00:00,67.38,8.870120648152747,0.0,58.5098793518472,353.104374705524,4.973799150320701e-14,58.509879351847246
2025-11-03 11:00:00,70.32,9.795518795771503,0.0,60.5244812042285,292.579893501296,-7.105427357601002e-15,60.52448120422849
2025-11-03 12:00:00,54.6,9.795518795771503,0.0,44.8044812042285,247.775412297067,-7.105427357601002e-15,44.804481204228495
2025-11-03 13:00:00,57.54,8.870120648152747,0.0,32.7754122970673,215.0,15.894467054779952,48.66987935184725
2025-11-03 14:00:00,68.64,7.082388707382708,0.0,0.0,215.0,61.557611292617295,61.557611292617295
2025-11-03 15:00:00,85.44,4.5541539508581454,0.0,0.0,215.0,80.88584604914185,80.88584604914185
2025-11-03 16:00:00,98.1,1.4577113991307231,0.0,0.0,215.0,96.64228860086926,96.64228860086926
2025-11-03 17:00:00,112.32,0.0,0.0,75.0,140.0,37.31999999999999,112.32
2025-11-03 18:00:00,112.44,0.0,0.0,75.0,65.0,37.44,112.44
2025-11-03 19:00:00,112.02,0.0,56.88,0.0,115.0544,168.9,112.02
2025-11-03 20:00:00,111.66,0.0,9.0290909090909,0.0,123.0,120.6890909090909,111.66
2025-11-03 21:00:00,111.84,0.0,0.0,0.0,123.0,111.84,111.84
2025-11-03 22:00:00,103.5,0.0,0.0,0.0,123.0,103.5,103.5
2025-11-03 23:00:00,100.08,0.0,0.0,0.0,123.0,100.08,100.08
2025-11-04 00:00:00,85.92,0.0,75.0,0.0,189.0,160.92000000000002,85.92
2025-11-04 01:00:00,86.4,0.0,75.0,0.0,255.0,161.4,86.4
2025-11-04 02:00:00,89.22,0.0,75.0,0.0,321.0,164.22,89.22
2025-11-04 03:00:00,60.54,0.0,75.0,0.0,387.0,135.54,60.54
2025-11-04 04:00:00,51.18,0.0,75.0,0.0,453.0,126.18,51.18
2025-11-04 05:00:00,50.88,0.0,75.0,0.0,519.0,125.88,50.88
2025-11-04 06:00:00,49.62,0.0,75.0,0.0,585.0,124.62,49.62
2025-11-04 07:00:00,39.84,1.38230839752323,0.0,38.4576916024768,546.542308397523,-2.842170943040401e-14,38.45769160247677
2025-11-04 08:00:00,42.6,4.474175846025422,0.0,38.1258241539746,508.416484243549,-2.1316282072803006e-14,38.12582415397458
2025-11-04 09:00:00,47.4,6.998675046409194,0.0,40.4013249535908,468.015159289958,0.0,40.4013249535908
2025-11-04 10:00:00,64.5,8.783765550100574,0.0,55.7162344498994,412.298924840058,2.1316282072803006e-14,55.716234449899424
2025-11-04 11:00:00,93.24,9.707796389274542,0.0,75.0,337.298924840058,8.532203610725446,83.53220361072545
2025-11-04 12:00:00,97.2,9.707796389274542,0.0,75.0,262.298924840058,12.492203610725454,87.49220361072545
2025-11-04 13:00:00,89.16,8.783765550100574,0.0,47.2989248400584,215.0,33.07730960984103,80.37623444989943
2025-11-04 14:00:00,81.3,6.998675046409194,0.0,0.0,215.0,74.30132495359081,74.30132495359081
2025-11-04 15:00:00,74.16,4.474175846025422,0.0,0.0,215.0,69.68582415397458,69.68582415397458
2025-11-04 16:00:00,80.88,1.38230839752323,0.0,0.0,215.0,79.49769160247676,79.49769160247676
2025-11-04 17:00:00,93.36,0.0,0.0,75.0,140.0,18.36,93.36
2025-11-04 18:00:00,102.48,0.0,0.0,75.0,65.0,27.480000000000004,102.48
2025-11-04 19:00:00,86.34,0.0,65.9090909090909,0.0,123.0,152.2490909090909,86.34
2025-11-04 20:00:00,84.42,0.0,0.0,0.0,123.0,84.42,84.42
2025-11-04 21:00:00,84.72,0.0,0.0,0.0,123.0,84.72,84.72
2025-11-04 22:00:00,84.84,0.0,0.0,0.0,123.0,84.84,84.84
2025-11-04 23:00:00,79.44,0.0,0.0,0.0,123.0,79.44,79.44
2025-11-05 00:00:00,47.64,0.0,75.0,0.0,189.0,122.64,47.64
2025-11-05 01:00:00,47.82,0.0,75.0,0.0,255.0,122.82,47.82
2025-11-05 02:00:00,53.16,0.0,75.0,0.0,321.0,128.16,53.16
2025-11-05 03:00:00,51.06,0.0,75.0,0.0,387.0,126.06,51.06
2025-11-05 04:00:00,50.4,0.0,75.0,0.0,453.0,125.4,50.4
2025-11-05 05:00:00,52.86,0.0,75.0,0.0,519.0,127.86,52.86
2025-11-05 06:00:00,51.3,0.0,75.0,0.0,585.0,126.3,51.3
2025-11-05 07:00:00,50.82,1.3081085018533358,0.0,49.5118914981467,535.488108501853,-3.552713678800501e-14,49.51189149814667
2025-11-05 08:00:00,54.12,4.395396949560631,0.0,49.7246030504394,485.763505451414,-2.842170943040401e-14,49.72460305043937
2025-11-05 09:00:00,65.76,6.916157411451303,0.0,58.8438425885487,426.919662862865,0.0,58.8438425885487
2025-11-05 10:00:00,65.4,8.698604227801132,0.0,56.7013957721989,370.218267090666,-2.842170943040401e-14,56.70139577219887
2025-11-05 11:00:00,63.42,9.621266593708514,0.0,53.7987334062915,316.419533684375,-7.105427357601002e-15,53.79873340629149
2025-11-05 12:00:00,61.68,9.621266593708514,0.0,52.0587334062915,264.360800278083,-1.4210854715202004e-14,52.05873340629149
2025-11-05 13:00:00,60.0,8.698604227801132,0.0,51.3013957721989,213.059404505885,-3.552713678800501e-14,51.301395772198866
2025-11-05 14:00:00,55.44,6.916157411451303,0.0,27.2194045058846,185.84,21.304438082664095,48.523842588548696
2025-11-05 15:00:00,55.5,4.395396949560631,0.0,0.0,185.84,51.104603050439366,51.104603050439366
2025-11-05 16:00:00,57.42,1.3081085018533358,0.0,0.0,185.84,56.11189149814667,56.11189149814667
2025-11-05 17:00:00,55.44,0.0,0.0,55.44,130.4,0.0,55.44
2025-11-05 18:00:00,65.4,0.0,0.0,65.4,65.0,0.0,65.4
2025-11-05 19:00:00,93.9,0.0,75.0,0.0,131.0,168.9,93.9
2025-11-05 20:00:00,96.84,0.0,65.9090909090909,0.0,189.0,162.7490909090909,96.84
2025-11-05 21:00:00,92.4,0.0,0.0,0.0,189.0,92.4,92.4
2025-11-05 22:00:00,61.86,0.0,0.0,0.0,189.0,61.86,61.86
2025-11-05 23:00:00,58.14,0.0,0.0,0.0,189.0,58.14,58.14
2025-11-06 00:00:00,51.6,0.0,0.0,0.0,189.0,51.6,51.6
2025-11-06 01:00:00,49.26,0.0,75.0,0.0,255.0,124.25999999999999,49.26
2025-11-06 02:00:00,48.18,0.0,75.0,0.0,321.0,123.18,48.18
2025-11-06 03:00:00,47.94,0.0,75.0,0.0,387.0,122.94,47.94
2025-11-06 04:00:00,48.06,0.0,75.0,0.0,453.0,123.06,48.06
2025-11-06 05:00:00,46.74,0.0,75.0,0.0,519.0,121.74000000000001,46.74
2025-11-06 06:00:00,45.66,0.0,75.0,0.0,585.0,120.66,45.66
2025-11-06 07:00:00,45.6,1.235137303959989,0.0,44.36486269604,540.63513730396,1.4210854715202004e-14,44.364862696040014
2025-11-06 08:00:00,44.46,4.31784828460353,0.0,40.1421517153965,500.492985588563,-2.842170943040401e-14,40.14215171539647
2025-11-06 09:00:00,46.62,6.834871260287341,0.0,39.7851287397127,460.707856848851,-4.263256414560601e-14,39.785128739712654
2025-11-06 10:00:00,46.98,8.614675274795704,0.0,38.3653247252043,422.342532123647,-1.4210854715202004e-14,38.36532472520429
2025-11-06 11:00:00,47.46,9.535969625805077,0.0,37.9240303741949,384.418501749452,2.842170943040401e-14,37.92403037419493
2025-11-06 12:00:00,46.5,9.535969625805077,0.0,36.9640303741949,347.454471375257,2.1316282072803006e-14,36.96403037419492
2025-11-06 13:00:00,48.42,8.614675274795704,0.0,39.8053247252043,307.649146650052,0.0,39.8053247252043
2025-11-06 14:00:00,46.56,6.834871260287341,0.0,39.7251287397127,267.92401791034,-4.263256414560601e-14,39.72512873971266
2025-11-06 15:00:00,50.76,4.31784828460353,0.0,46.4421517153965,221.481866194943,-2.842170943040401e-14,46.44215171539647
2025-11-06 16:00:00,51.72,1.235137303959989,0.0,33.7818661949433,187.7,16.702996501096713,50.48486269604001
2025-11-06 17:00:00,59.58,0.0,0.0,59.58,128.12,0.0,59.58
2025-11-06 18:00:00,63.12,0.0,0.0,63.12,65.0,0.0,63.12
2025-11-06 19:00:00,65.94,0.0,65.9090909090909,0.0,123.0,131.8490909090909,65.94
2025-11-06 20:00:00,67.56,0.0,0.0,0.0,123.0,67.56,67.56
2025-11-06 21:00:00,63.06,0.0,0.0,0.0,123.0,63.06,63.06
2025-11-06 22:00:00,54.6,0.0,0.0,0.0,123.0,54.6,54.6
2025-11-06 23:00:00,52.26,0.0,0.0,0.0,123.0,52.26,52.26
2025-11-07 00:00:00,44.16,0.0,75.0,0.0,189.0,119.16,44.16
2025-11-07 01:00:00,43.02,0.0,75.0,0.0,255.0,118.02000000000001,43.02
2025-11-07 02:00:00,43.38,0.0,75.0,0.0,321.0,118.38,43.38
2025-11-07 03:00:00,42.42,0.0,75.0,0.0,387.0,117.42,42.42
2025-11-07 04:00:00,43.56,0.0,75.0,0.0,453.0,118.56,43.56
2025-11-07 05:00:00,44.22,0.0,75.0,0.0,519.0,119.22,44.22
2025-11-07 06:00:00,43.92,0.0,75.0,0.0,585.0,118.92,43.92
2025-11-07 07:00:00,46.26,1.1634198441042156,0.0,45.0965801558958,539.903419844104,-2.1316282072803006e-14,45.09658015589578
2025-11-07 08:00:00,48.12,4.241560313035548,0.0,43.8784396869644,496.02498015714,4.973799150320701e-14,43.87843968696445
2025-11-07 09:00:00,49.14,6.754851481533249,0.0,42.3851485184667,453.639831638673,4.973799150320701e-14,42.38514851846675
2025-11-07 10:00:00,48.42,8.532016709874233,0.0,39.8879832901258,413.751848348547,-3.552713678800501e-14,39.88798329012577
2025-11-07 11:00:00,48.66,9.45194512465147,0.0,39.2080548753485,374.543793473199,2.1316282072803006e-14,39.20805487534852
2025-11-07 12:00:00,50.34,9.45194512465147,0.0,40.8880548753485,333.65573859785,2.842170943040401e-14,40.88805487534853
2025-11-07 13:00:00,47.52,8.532016709874233,0.0,38.9879832901258,294.667755307724,-2.842170943040401e-14,38.98798329012577
2025-11-07 14:00:00,55.44,6.754851481533249,0.0,48.6851485184667,245.982606789258,4.973799150320701e-14,48.68514851846675
2025-11-07 15:00:00,84.06,4.241560313035548,0.0,30.9826067892577,215.0,48.83583289770675,79.81843968696445
2025-11-07 16:00:00,92.34,1.1634198441042156,0.0,0.0,215.0,91.17658015589579,91.17658015589579
2025-11-07 17:00:00,90.54,0.0,0.0,75.0,140.0,15.540000000000006,90.54
2025-11-07 18:00:00,84.78,0.0,0.0,75.0,65.0,9.780000000000001,84.78
2025-11-07 19:00:00,80.7,0.0,0.0,0.0,65.0,80.7,80.7
2025-11-07 20:00:00,78.6,0.0,0.0,0.0,65.0,78.6,78.6
2025-11-07 21:00:00,53.7,0.0,0.0,0.0,65.0,53.7,53.7
2025-11-07 22:00:00,53.64,0.0,0.0,0.0,65.0,53.64,53.64
2025-11-07 23:00:00,53.46,0.0,0.0,0.0,65.0,53.46,53.46
2025-11-08 00:00:00,51.78,0.0,0.0,0.0,65.0,51.78,51.78
2025-11-08 01:00:00,51.6,0.0,0.0,0.0,65.0,51.6,51.6
2025-11-08 02:00:00,51.84,0.0,0.0,0.0,65.0,51.84,51.84
2025-11-08 03:00:00,50.46,0.0,0.0,0.0,65.0,50.46,50.46
2025-11-08 04:00:00,50.4,0.0,0.0,0.0,65.0,50.4,50.4
2025-11-08 05:00:00,51.54,0.0,0.0,0.0,65.0,51.54,51.54
2025-11-08 06:00:00,51.36,0.0,0.0,0.0,65.0,51.36,51.36
2025-11-08 07:00:00,48.24,1.0929806048235895,0.0,0.0,65.0,47.147019395176414,47.147019395176414
2025-11-08 08:00:00,46.08,4.166562922929323,0.0,0.0,65.0,41.913437077070675,41.913437077070675
2025-11-08 09:00:00,47.34,6.676132376862566,0.0,0.0,65.0,40.663867623137435,40.663867623137435
2025-11-08 10:00:00,48.3,8.450665955597385,0.0,0.0,65.0,39.84933404440261,39.84933404440261
2025-11-08 11:00:00,47.52,9.369232128298396,0.0,0.0,65.0,38.1507678717016,38.1507678717016
2025-11-08 12:00:00,47.58,9.369232128298396,0.0,0.0,65.0,38.210767871701606,38.210767871701606
2025-11-08 13:00:00,51.12,8.450665955597385,0.0,0.0,65.0,42.66933404440261,42.66933404440261
2025-11-08 14:00:00,55.92,6.676132376862566,0.0,0.0,65.0,49.24386762313743,49.24386762313743
2025-11-08 15:00:00,92.64,4.166562922929323,0.0,0.0,65.0,88.47343707707068,88.47343707707068
2025-11-08 16:00:00,104.88,1.0929806048235895,0.0,0.0,65.0,103.7870193951764,103.7870193951764
2025-11-08 17:00:00,92.34,0.0,0.0,0.0,65.0,92.34,92.34
2025-11-08 18:00:00,71.88,0.0,0.0,0.0,65.0,71.88,71.88
2025-11-08 19:00:00,70.32,0.0,0.0,0.0,65.0,70.32,70.32
2025-11-08 20:00:00,65.76,0.0,0.0,0.0,65.0,65.76,65.76
2025-11-08 21:00:00,60.96,0.0,0.0,0.0,65.0,60.96,60.96
2025-11-08 22:00:00,53.7,0.0,0.0,0.0,65.0,53.7,53.7
2025-11-08 23:00:00,46.44,0.0,0.0,0.0,65.0,46.44,46.44
2025-11-09 00:00:00,53.7,0.0,0.0,0.0,65.0,53.7,53.7
2025-11-09 01:00:00,59.04,0.0,0.0,0.0,65.0,59.04,59.04
2025-11-09 02:00:00,57.9,0.0,0.0,0.0,65.0,57.9,57.9
2025-11-09 03:00:00,57.96,0.0,0.0,0.0,65.0,57.96,57.96
2025-11-09 04:00:00,57.3,0.0,0.0,0.0,65.0,57.3,57.3
2025-11-09 05:00:00,56.04,0.0,0.0,0.0,65.0,56.04,56.04
2025-11-09 06:00:00,57.78,0.0,0.0,0.0,65.0,57.78,57.78
2025-11-09 07:00:00,54.36,1.02384350545671,0.0,0.0,65.0,53.33615649454329,53.33615649454329
2025-11-09 08:00:00,50.28,4.092885416724462,0.0,0.0,65.0,46.18711458327554,46.18711458327554
2025-11-09 09:00:00,62.94,6.598747643998476,0.0,0.0,65.0,56.34125235600152,56.34125235600152
2025-11-09 10:00:00,68.52,8.370659817623157,0.0,0.0,65.0,60.14934018237684,60.14934018237684
2025-11-09 11:00:00,60.6,9.2878690511893,0.0,0.0,65.0,51.312130948810704,51.312130948810704
2025-11-09 12:00:00,54.12,9.2878690511893,0.0,0.0,65.0,44.8321309488107,44.8321309488107
2025-11-09 13:00:00,47.94,8.370659817623157,0.0,0.0,65.0,39.56934018237684,39.56934018237684
2025-11-09 14:00:00,44.64,6.598747643998476,0.0,0.0,65.0,38.04125235600152,38.04125235600152
2025-11-09 15:00:00,43.38,4.092885416724462,0.0,0.0,65.0,39.28711458327554,39.28711458327554
2025-11-09 16:00:00,42.42,1.02384350545671,75.0,0.0,131.0,116.39615649454329,41.39615649454329
2025-11-09 17:00:00,42.78,0.0,75.0,0.0,197.0,117.78,42.78
2025-11-09 18:00:00,40.56,0.0,45.9108025337104,0.0,237.401506229665,86.47080253371041,40.56
2025-11-09 19:00:00,36.54,0.0,0.0,0.0,237.401506229665,36.54,36.54
2025-11-09 20:00:00,39.78,0.0,0.0,0.0,237.401506229665,39.78,39.78
2025-11-09 21:00:00,35.52,0.0,0.0,0.0,237.401506229665,35.52,35.52
2025-11-09 22:00:00,35.46,0.0,0.0,0.0,237.401506229665,35.46,35.46
2025-11-09 23:00:00,36.36,0.0,0.0,0.0,237.401506229665,36.36,36.36
2025-11-10 00:00:00,37.56,0.0,0.0,0.0,237.401506229665,37.56,37.56
2025-11-10 01:00:00,35.7,0.0,0.0,0.0,237.401506229665,35.7,35.7
2025-11-10 02:00:00,35.52,0.0,75.0,0.0,303.401506229665,110.52000000000001,35.52
2025-11-10 03:00:00,36.18,0.0,75.0,0.0,369.401506229665,111.18,36.18
2025-11-10 04:00:00,35.64,0.0,75.0,0.0,435.401506229665,110.64,35.64
2025-11-10 05:00:00,36.06,0.0,75.0,0.0,501.401506229665,111.06,36.06
2025-11-10 06:00:00,35.94,0.0,75.0,0.0,567.401506229665,110.94,35.94
2025-11-10 07:00:00,35.64,0.956031897320986,0.0,34.683968102679,532.717538126986,1.4210854715202004e-14,34.68396810267902
2025-11-10 08:00:00,35.34,4.020556500119997,0.0,31.31944349988,501.398094627106,7.105427357601002e-15,31.319443499880006
2025-11-10 09:00:00,37.62,6.522730360474287,0.0,31.0972696395257,470.30082498758,1.0658141036401503e-14,31.09726963952571
2025-11-10 10:00:00,35.22,8.292034464838528,0.0,26.9279655351615,443.372859452419,-3.197442310920451e-14,26.92796553516147
2025-11-10 11:00:00,41.82,9.207893662413577,0.0,32.6121063375864,410.760753114833,2.842170943040401e-14,32.612106337586425
2025-11-10 12:00:00,45.0,9.207893662413577,0.0,35.7921063375864,374.968646777246,2.842170943040401e-14,35.792106337586425
2025-11-10 13:00:00,57.06,8.292034464838528,0.0,48.7679655351615,326.200681242085,-2.842170943040401e-14,48.76796553516147
2025-11-10 14:00:00,60.0,6.522730360474287,0.0,53.4772696395257,272.723411602559,1.4210854715202004e-14,53.477269639525716
2025-11-10 15:00:00,55.08,4.020556500119997,0.0,51.05944349988,221.663968102679,7.105427357601002e-15,51.059443499880004
2025-11-10 16:00:00,59.34,0.956031897320986,0.0,58.383968102679,163.28,2.1316282072803006e-14,58.38396810267902
2025-11-10 17:00:00,58.86,0.0,0.0,58.86,104.42,0.0,58.86
2025-11-10 18:00:00,39.42,0.0,0.0,39.42,65.0,0.0,39.42
2025-11-10 19:00:00,42.66,0.0,0.0,0.0,65.0,42.66,42.66
2025-11-10 20:00:00,47.4,0.0,0.0,0.0,65.0,47.4,47.4
2025-11-10 21:00:00,51.18,0.0,0.0,0.0,65.0,51.18,51.18
2025-11-10 22:00:00,42.78,0.0,0.0,0.0,65.0,42.78,42.78
2025-11-10 23:00:00,39.66,0.0,0.0,0.0,65.0,39.66,39.66
2025-11-11 00:00:00,35.82,0.0,0.0,0.0,65.0,35.82,35.82
2025-11-11 01:00:00,36.9,0.0,0.0,0.0,65.0,36.9,36.9
2025-11-11 02:00:00,35.88,0.0,0.0,0.0,65.0,35.88,35.88
2025-11-11 03:00:00,35.76,0.0,0.0,0.0,65.0,35.76,35.76
2025-11-11 04:00:00,35.46,0.0,0.0,0.0,65.0,35.46,35.46
2025-11-11 05:00:00,36.18,0.0,0.0,0.0,65.0,36.18,36.18
2025-11-11 06:00:00,35.64,0.0,0.0,0.0,65.0,35.64,35.64
2025-11-11 07:00:00,35.28,0.8895685595257594,0.0,0.0,65.0,34.390431440474245,34.390431440474245
2025-11-11 08:00:00,36.18,3.949604271672542,0.0,0.0,65.0,32.23039572832746,32.23039572832746
2025-11-11 09:00:00,36.12,6.4481129681571305,0.0,0.0,65.0,29.671887031842868,29.671887031842868
2025-11-11 10:00:00,36.42,8.214825410294942,0.0,0.0,65.0,28.20517458970506,28.20517458970506
2025-11-11 11:00:00,43.5,9.129343064784644,0.0,0.0,65.0,34.37065693521536,34.37065693521536
2025-11-11 12:00:00,44.16,9.129343064784644,0.0,0.0,65.0,35.030656935215355,35.030656935215355
2025-11-11 13:00:00,44.88,8.214825410294942,0.0,0.0,65.0,36.66517458970506,36.66517458970506
2025-11-11 14:00:00,45.48,6.4481129681571305,0.0,0.0,65.0,39.031887031842864,39.031887031842864
2025-11-11 15:00:00,44.76,3.949604271672542,75.0,0.0,131.0,115.81039572832745,40.81039572832746
2025-11-11 16:00:00,46.44,0.8895685595257594,75.0,0.0,197.0,120.55043144047424,45.55043144047424
2025-11-11 17:00:00,55.2,0.0,65.9090909090909,0.0,255.0,121.10909090909091,55.2
2025-11-11 18:00:00,61.38,0.0,0.0,0.0,255.0,61.38,61.38
2025-11-11 19:00:00,59.76,0.0,0.0,0.0,255.0,59.76,59.76
2025-11-11 20:00:00,72.6,0.0,0.0,0.0,255.0,72.6,72.6
2025-11-11 21:00:00,74.52,0.0,0.0,0.0,255.0,74.52,74.52
2025-11-11 22:00:00,71.58,0.0,0.0,0.0,255.0,71.58,71.58
2025-11-11 23:00:00,60.18,0.0,0.0,0.0,255.0,60.18,60.18
2025-11-12 00:00:00,59.22,0.0,0.0,0.0,255.0,59.22,59.22
2025-11-12 01:00:00,57.18,0.0,0.0,0.0,255.0,57.18,57.18
2025-11-12 02:00:00,55.26,0.0,75.0,0.0,321.0,130.26,55.26
2025-11-12 03:00:00,56.16,0.0,75.0,0.0,387.0,131.16,56.16
2025-11-12 04:00:00,53.58,0.0,75.0,0.0,453.0,128.57999999999998,53.58
2025-11-12 05:00:00,51.06,0.0,75.0,0.0,519.0,126.06,51.06
2025-11-12 06:00:00,40.32,0.0,75.0,0.0,585.0,115.32,40.32
2025-11-12 07:00:00,40.74,0.8244756954012047,0.0,39.9155243045988,545.084475695401,0.0,39.9155243045988
2025-11-12 08:00:00,45.84,3.880056213087309,0.0,41.9599437869127,503.124531908489,-7.105427357601002e-15,41.959943786912696
2025-11-12 09:00:00,41.16,6.374927258527387,0.0,34.7850727414726,468.339459167016,1.4210854715202004e-14,34.78507274147261
2025-11-12 10:00:00,43.38,8.139067492944037,0.0,35.240932507056,433.09852665996,-3.552713678800501e-14,35.240932507055966
2025-11-12 11:00:00,45.0,9.052253674741342,0.0,35.9477463252587,397.150780334701,-4.263256414560601e-14,35.947746325258656
2025-11-12 12:00:00,47.28,9.052253674741342,0.0,38.2277463252587,358.923034009443,-4.263256414560601e-14,38.22774632525866
2025-11-12 13:00:00,48.0,8.139067492944037,0.0,39.860932507056,319.062101502387,-3.552713678800501e-14,39.86093250705596
2025-11-12 14:00:00,48.66,6.374927258527387,0.0,42.2850727414726,276.777028760914,1.4210854715202004e-14,42.28507274147261
2025-11-12 15:00:00,53.88,3.880056213087309,0.0,49.9999437869127,226.777084974001,-7.105427357601002e-15,49.999943786912695
2025-11-12 16:00:00,55.02,0.8244756954012047,0.0,50.9570849740014,175.82,3.2384393305974015,54.1955243045988
2025-11-12 17:00:00,57.72,0.0,0.0,57.72,118.1,0.0,57.72
2025-11-12 18:00:00,53.1,0.0,0.0,53.1,65.0,0.0,53.1
2025-11-12 19:00:00,54.54,0.0,75.0,0.0,131.0,129.54,54.54
2025-11-12 20:00:00,61.14,0.0,65.9090909090909,0.0,189.0,127.0490909090909,61.14
2025-11-12 21:00:00,58.38,0.0,0.0,0.0,189.0,58.38,58.38
2025-11-12 22:00:00,53.4,0.0,0.0,0.0,189.0,53.4,53.4
2025-11-12 23:00:00,52.08,0.0,0.0,0.0,189.0,52.08,52.08
2025-11-13 00:00:00,52.32,0.0,0.0,0.0,189.0,52.32,52.32
2025-11-13 01:00:00,48.0,0.0,75.0,0.0,255.0,123.0,48.0
2025-11-13 02:00:00,46.8,0.0,75.0,0.0,321.0,121.8,46.8
2025-11-13 03:00:00,45.6,0.0,75.0,0.0,387.0,120.6,45.6
2025-11-13 04:00:00,44.88,0.0,75.0,0.0,453.0,119.88,44.88
2025-11-13 05:00:00,43.62,0.0,75.0,0.0,519.0,118.62,43.62
2025-11-13 06:00:00,45.3,0.0,75.0,0.0,585.0,120.3,45.3
2025-11-13 07:00:00,42.48,0.7607749295220825,0.0,41.7192250704779,543.280774929522,1.4210854715202004e-14,41.71922507047791
2025-11-13 08:00:00,43.74,3.811939180187492,0.0,39.9280608198125,503.35271410971,7.105427357601002e-15,39.92806081981251
2025-11-13 09:00:00,45.3,6.303204358704706,0.0,38.9967956412953,464.355918468414,-7.105427357601002e-15,38.99679564129529
2025-11-13 10:00:00,46.56,8.064794860168142,0.0,38.4952051398319,425.860713328582,-4.263256414560601e-14,38.49520513983186
2025-11-13 11:00:00,51.72,8.976661203069018,0.0,42.743338796931,383.117374531651,-1.4210854715202004e-14,42.743338796930985
2025-11-13 12:00:00,52.02,8.976661203069018,0.0,43.043338796931,340.07403573472,-2.1316282072803006e-14,43.04333879693098
2025-11-13 13:00:00,52.14,8.064794860168142,0.0,44.0752051398319,295.998830594889,-4.263256414560601e-14,44.07520513983186
2025-11-13 14:00:00,52.32,6.303204358704706,0.0,46.0167956412953,249.982034953593,-7.105427357601002e-15,46.016795641295296
2025-11-13 15:00:00,50.52,3.811939180187492,0.0,46.7080608198125,203.273974133781,7.105427357601002e-15,46.70806081981251
2025-11-13 16:00:00,61.26,0.7607749295220825,0.0,13.4139741337808,189.86,47.085250936697115,60.49922507047791
2025-11-13 17:00:00,62.22,0.0,0.0,62.22,127.64,0.0,62.22
2025-11-13 18:00:00,62.64,0.0,0.0,62.64,65.0,0.0,62.64
2025-11-13 19:00:00,64.08,0.0,75.0,0.0,131.0,139.07999999999998,64.08
2025-11-13 20:00:00,63.36,0.0,65.9090909090909,0.0,189.0,129.2690909090909,63.36
2025-11-13 21:00:00,61.08,0.0,0.0,0.0,189.0,61.08,61.08
2025-11-13 22:00:00,56.28,0.0,0.0,0.0,189.0,56.28,56.28
2025-11-13 23:00:00,46.8,0.0,0.0,0.0,189.0,46.8,46.8
2025-11-14 00:00:00,47.28,0.0,0.0,0.0,189.0,47.28,47.28
2025-11-14 01:00:00,47.16,0.0,75.0,0.0,255.0,122.16,47.16
2025-11-14 02:00:00,43.86,0.0,75.0,0.0,321.0,118.86,43.86
2025-11-14 03:00:00,45.6,0.0,75.0,0.0,387.0,120.6,45.6
2025-11-14 04:00:00,45.12,0.0,75.0,0.0,453.0,120.12,45.12
2025-11-14 05:00:00,45.48,0.0,75.0,0.0,519.0,120.47999999999999,45.48
2025-11-14 06:00:00,46.08,0.0,75.0,0.0,585.0,121.08,46.08
2025-11-14 07:00:00,42.84,0.6984873053044176,0.0,42.1415126946956,542.858487305304,-1.4210854715202004e-14,42.141512694695585
2025-11-14 08:00:00,42.96,3.745279394546269,0.0,39.2147206054537,503.643766699851,3.552713678800501e-14,39.214720605453735
2025-11-14 09:00:00,41.7,6.232974718209886,0.0,35.4670252817901,468.176741418061,1.4210854715202004e-14,35.467025281790114
2025-11-14 10:00:00,46.32,7.992040951098493,0.0,38.3279590489015,429.848782369159,7.105427357601002e-15,38.327959048901505
2025-11-14 11:00:00,52.74,8.902600636435126,0.0,43.8373993635649,386.011383005594,-2.1316282072803006e-14,43.83739936356488
2025-11-14 12:00:00,59.4,8.902600636435126,0.0,50.4973993635649,335.513983642029,-2.842170943040401e-14,50.497399363564874
2025-11-14 13:00:00,62.7,7.992040951098493,0.0,54.7079590489015,280.806024593128,7.105427357601002e-15,54.70795904890151
2025-11-14 14:00:00,62.52,6.232974718209886,0.0,56.2870252817901,224.518999311338,1.4210854715202004e-14,56.287025281790115
2025-11-14 15:00:00,60.78,3.745279394546269,0.0,39.1589993113378,185.36,17.875721294115934,57.034720605453735
2025-11-14 16:00:00,64.56,0.6984873053044176,0.0,0.0,185.36,63.861512694695584,63.861512694695584
2025-11-14 17:00:00,62.04,0.0,0.0,62.04,123.32,0.0,62.04
2025-11-14 18:00:00,58.32,0.0,0.0,58.32,65.0,0.0,58.32
2025-11-14 19:00:00,55.44,0.0,0.0,0.0,65.0,55.44,55.44
2025-11-14 20:00:00,55.02,0.0,0.0,0.0,65.0,55.02,55.02
2025-11-14 21:00:00,53.4,0.0,0.0,0.0,65.0,53.4,53.4
2025-11-14 22:00:00,51.24,0.0,0.0,0.0,65.0,51.24,51.24
2025-11-14 23:00:00,55.32,0.0,0.0,0.0,65.0,55.32,55.32
2025-11-15 00:00:00,52.68,0.0,0.0,0.0,65.0,52.68,52.68
2025-11-15 01:00:00,52.26,0.0,0.0,0.0,65.0,52.26,52.26
2025-11-15 02:00:00,49.86,0.0,0.0,0.0,65.0,49.86,49.86
2025-11-15 03:00:00,49.74,0.0,0.0,0.0,65.0,49.74,49.74
2025-11-15 04:00:00,50.16,0.0,0.0,0.0,65.0,50.16,50.16
2025-11-15 05:00:00,50.34,0.0,0.0,0.0,65.0,50.34,50.34
2025-11-15 06:00:00,48.3,0.0,0.0,0.0,65.0,48.3,48.3
2025-11-15 07:00:00,52.62,0.6376332831517181,0.0,0.0,65.0,51.98236671684828,51.98236671684828
2025-11-15 08:00:00,60.42,3.680102435764004,0.0,0.0,65.0,56.739897564235996,56.739897564235996
2025-11-15 09:00:00,60.42,6.164268096450012,0.0,0.0,65.0,54.255731903549986,54.255731903549986
2025-11-15 10:00:00,58.26,7.92083848071185,0.0,0.0,65.0,50.33916151928815,50.33916151928815
2025-11-15 11:00:00,57.72,8.830106219731881,0.0,0.0,65.0,48.88989378026812,48.88989378026812
2025-11-15 12:00:00,55.74,8.830106219731881,0.0,0.0,65.0,46.90989378026812,46.90989378026812
2025-11-15 13:00:00,63.06,7.92083848071185,0.0,0.0,65.0,55.13916151928815,55.13916151928815
2025-11-15 14:00:00,71.04,6.164268096450012,0.0,0.0,65.0,64.87573190354999,64.87573190354999
2025-11-15 15:00:00,76.8,3.680102435764004,0.0,0.0,65.0,73.119897564236,73.119897564236
2025-11-15 16:00:00,75.9,0.6376332831517181,0.0,0.0,65.0,75.26236671684829,75.26236671684829
2025-11-15 17:00:00,72.54,0.0,0.0,0.0,65.0,72.54,72.54
2025-11-15 18:00:00,71.76,0.0,0.0,0.0,65.0,71.76,71.76
2025-11-15 19:00:00,72.3,0.0,0.0,0.0,65.0,72.3,72.3
2025-11-15 20:00:00,70.86,0.0,0.0,0.0,65.0,70.86,70.86
2025-11-15 21:00:00,68.46,0.0,0.0,0.0,65.0,68.46,68.46
2025-11-15 22:00:00,62.4,0.0,0.0,0.0,65.0,62.4,62.4
2025-11-15 23:00:00,54.36,0.0,0.0,0.0,65.0,54.36,54.36
2025-11-16 00:00:00,53.88,0.0,0.0,0.0,65.0,53.88,53.88
2025-11-16 01:00:00,53.04,0.0,0.0,0.0,65.0,53.04,53.04
2025-11-16 02:00:00,54.12,0.0,0.0,0.0,65.0,54.12,54.12
2025-11-16 03:00:00,53.7,0.0,0.0,0.0,65.0,53.7,53.7
2025-11-16 04:00:00,53.1,0.0,0.0,0.0,65.0,53.1,53.1
2025-11-16 05:00:00,53.34,0.0,0.0,0.0,65.0,53.34,53.34
2025-11-16 06:00:00,53.28,0.0,0.0,0.0,65.0,53.28,53.28
2025-11-16 07:00:00,52.68,0.5782327391265281,0.0,0.0,65.0,52.10176726087347,52.10176726087347
2025-11-16 08:00:00,51.0,3.6164332343720345,0.0,0.0,65.0,47.38356676562797,47.38356676562797
2025-11-16 09:00:00,68.58,6.097113550912915,0.0,0.0,65.0,62.48288644908708,62.48288644908708
2025-11-16 10:00:00,73.2,7.851219424694962,0.0,0.0,65.0,65.34878057530504,65.34878057530504
2025-11-16 11:00:00,73.14,8.759211439216946,0.0,0.0,65.0,64.38078856078306,64.38078856078306
2025-11-16 12:00:00,71.34,8.759211439216946,0.0,0.0,65.0,62.580788560783056,62.580788560783056
2025-11-16 13:00:00,68.88,7.851219424694962,0.0,0.0,65.0,61.028780575305035,61.028780575305035
2025-11-16 14:00:00,69.24,6.097113550912915,0.0,0.0,65.0,63.14288644908708,63.14288644908708
2025-11-16 15:00:00,65.7,3.6164332343720345,75.0,0.0,131.0,137.08356676562798,62.08356676562797
2025-11-16 16:00:00,61.38,0.5782327391265281,51.4788534840319,0.0,176.301391065948,112.28062074490538,60.801767260873476
2025-11-16 17:00:00,58.62,0.0,0.0,0.0,176.301391065948,58.62,58.62
2025-11-16 18:00:00,55.86,0.0,0.0,0.0,176.301391065948,55.86,55.86
2025-11-16 19:00:00,55.8,0.0,0.0,0.0,176.301391065948,55.8,55.8
2025-11-16 20:00:00,56.4,0.0,0.0,0.0,176.301391065948,56.4,56.4
2025-11-16 21:00:00,55.14,0.0,0.0,0.0,176.301391065948,55.14,55.14
2025-11-16 22:00:00,53.88,0.0,0.0,0.0,176.301391065948,53.88,53.88
2025-11-16 23:00:00,52.26,0.0,0.0,0.0,176.301391065948,52.26,52.26
2025-11-17 00:00:00,43.62,0.0,0.0,0.0,176.301391065948,43.62,43.62
2025-11-17 01:00:00,37.86,0.0,75.0,0.0,242.301391065948,112.86,37.86
2025-11-17 02:00:00,36.66,0.0,75.0,0.0,308.301391065948,111.66,36.66
2025-11-17 03:00:00,40.32,0.0,75.0,0.0,374.301391065948,115.32,40.32
2025-11-17 04:00:00,37.5,0.0,75.0,0.0,440.301391065948,112.5,37.5
2025-11-17 05:00:00,40.56,0.0,75.0,0.0,506.301391065948,115.56,40.56
2025-11-17 06:00:00,37.02,0.0,75.0,0.0,572.301391065948,112.02000000000001,37.02
2025-11-17 07:00:00,41.22,0.5203049641219353,0.0,40.6996950358781,531.60169603007,-3.552713678800501e-14,40.699695035878065
2025-11-17 08:00:00,38.76,3.554296065343106,0.0,35.2057039346569,496.395992095413,-7.105427357601002e-15,35.205703934656896
2025-11-17 09:00:00,43.68,6.031539426055339,0.0,37.6484605739447,458.747531521468,-4.263256414560601e-14,37.64846057394466
2025-11-17 10:00:00,43.56,7.78321500506431,0.0,35.7767849949357,422.970746526533,-7.105427357601002e-15,35.776784994935696
2025-11-17 11:00:00,48.12,8.689949006441324,0.0,39.4300509935587,383.540695532974,-2.842170943040401e-14,39.43005099355867
2025-11-17 12:00:00,50.1,8.689949006441324,0.0,41.4100509935587,342.130644539415,-2.1316282072803006e-14,41.41005099355868
2025-11-17 13:00:00,48.96,7.78321500506431,0.0,41.1767849949357,300.95385954448,-1.4210854715202004e-14,41.17678499493569
2025-11-17 14:00:00,48.9,6.031539426055339,0.0,42.8684605739447,258.085398970535,-4.263256414560601e-14,42.86846057394466
2025-11-17 15:00:00,48.12,3.554296065343106,0.0,44.5657039346569,213.519695035878,-7.105427357601002e-15,44.565703934656895
2025-11-17 16:00:00,47.04,0.5203049641219353,0.0,46.5196950358781,167.0,-3.552713678800501e-14,46.519695035878065
2025-11-17 17:00:00,50.58,0.0,0.0,50.58,116.42,0.0,50.58
2025-11-17 18:00:00,51.42,0.0,0.0,51.42,65.0,0.0,51.42
2025-11-17 19:00:00,34.56,0.0,75.0,0.0,131.0,109.56,34.56
2025-11-17 20:00:00,36.48,0.0,73.535538481722,0.0,195.711273863915,110.01553848172199,36.48
2025-11-17 21:00:00,34.62,0.0,0.0,0.0,195.711273863915,34.62,34.62
2025-11-17 22:00:00,28.2,0.0,0.0,0.0,195.711273863915,28.2,28.2
2025-11-17 23:00:00,23.88,0.0,0.0,0.0,195.711273863915,23.88,23.88
2025-11-18 00:00:00,22.08,0.0,0.0,0.0,195.711273863915,22.08,22.08
2025-11-18 01:00:00,21.72,0.0,0.0,0.0,195.711273863915,21.72,21.72
2025-11-18 02:00:00,19.56,0.0,0.0,0.0,195.711273863915,19.56,19.56
2025-11-18 03:00:00,20.04,0.0,75.0,0.0,261.711273863915,95.03999999999999,20.04
2025-11-18 04:00:00,18.9,0.0,75.0,0.0,327.711273863915,93.9,18.9
2025-11-18 05:00:00,18.78,0.0,75.0,0.0,393.711273863915,93.78,18.78
2025-11-18 06:00:00,20.28,0.0,75.0,0.0,459.711273863915,95.28,20.28
2025-11-18 07:00:00,18.72,0.4638686635069973,0.0,18.256131336493,441.455142527422,3.552713678800501e-15,18.256131336493002
2025-11-18 08:00:00,18.9,3.493714542187523,0.0,15.4062854578125,426.04885706961,-2.3092638912203256e-14,15.406285457812476
2025-11-18 09:00:00,19.5,5.967573342868134,0.0,13.5324266571319,412.516430412478,-3.375077994860476e-14,13.532426657131866
2025-11-18 10:00:00,27.84,7.716855676527411,0.0,20.1231443234726,392.393286089005,-1.4210854715202004e-14,20.123144323472587
2025-11-18 11:00:00,34.74,8.62235084295222,0.0,26.1176491570478,366.275636931958,-2.1316282072803006e-14,26.11764915704778
2025-11-18 12:00:00,34.8,8.62235084295222,0.0,26.1776491570478,340.09798777491,-2.4868995751603507e-14,26.177649157047775
2025-11-18 13:00:00,35.4,7.716855676527411,0.0,27.6831443234726,312.414843451437,-1.0658141036401503e-14,27.68314432347259
2025-11-18 14:00:00,45.54,5.967573342868134,0.0,39.5724266571319,272.842416794305,-3.552713678800501e-14,39.572426657131864
2025-11-18 15:00:00,57.78,3.493714542187523,0.0,54.2862854578125,218.556131336493,-2.1316282072803006e-14,54.286285457812475
2025-11-18 16:00:00,56.4,0.4638686635069973,0.0,55.936131336493,162.62,0.0,55.936131336493
2025-11-18 17:00:00,49.02,0.0,0.0,49.02,113.6,0.0,49.02
2025-11-18 18:00:00,48.6,0.0,0.0,48.6,65.0,0.0,48.6
2025-11-18 19:00:00,50.28,0.0,75.0,0.0,131.0,125.28,50.28
2025-11-18 20:00:00,57.66,0.0,51.3238296880462,0.0,176.164970125481,108.9838296880462,57.66
2025-11-18 21:00:00,58.14,0.0,0.0,0.0,176.164970125481,58.14,58.14
2025-11-18 22:00:00,43.32,0.0,0.0,0.0,176.164970125481,43.32,43.32
2025-11-18 23:00:00,28.74,0.0,0.0,0.0,176.164970125481,28.74,28.74
2025-11-19 00:00:00,27.72,0.0,0.0,0.0,176.164970125481,27.72,27.72
2025-11-19 01:00:00,28.08,0.0,0.0,0.0,176.164970125481,28.08,28.08
2025-11-19 02:00:00,31.8,0.0,75.0,0.0,242.164970125481,106.8,31.8
2025-11-19 03:00:00,37.26,0.0,75.0,0.0,308.164970125481,112.25999999999999,37.26
2025-11-19 04:00:00,35.58,0.0,75.0,0.0,374.164970125481,110.58,35.58
2025-11-19 05:00:00,36.42,0.0,75.0,0.0,440.164970125481,111.42,36.42
2025-11-19 06:00:00,18.96,0.0,75.0,0.0,506.164970125481,93.96000000000001,18.96
2025-11-19 07:00:00,20.58,0.4089419572191164,0.0,20.1710580427809,485.9939120827,-1.7763568394002505e-14,20.17105804278088
2025-11-19 08:00:00,28.68,3.4347116116129093,0.0,25.2452883883871,460.748623694313,-7.105427357601002e-15,25.24528838838709
2025-11-19 09:00:00,43.62,5.905242189100309,0.0,37.7147578108997,423.033865883413,-7.105427357601002e-15,37.71475781089969
2025-11-19 10:00:00,42.6,7.652171113570367,0.0,34.9478288864296,388.086036996983,3.552713678800501e-14,34.94782888642963
2025-11-19 11:00:00,41.34,8.556448065756994,0.0,32.783551934243,355.30248506274,7.105427357601002e-15,32.78355193424301
2025-11-19 12:00:00,37.32,8.556448065756994,0.0,28.763551934243,326.538933128497,3.552713678800501e-15,28.763551934243004
2025-11-19 13:00:00,38.58,7.652171113570367,0.0,30.9278288864296,295.611104242068,2.842170943040401e-14,30.92782888642963
2025-11-19 14:00:00,40.8,5.905242189100309,0.0,34.8947578108997,260.716346431168,-7.105427357601002e-15,34.89475781089969
2025-11-19 15:00:00,50.94,3.4347116116129093,0.0,47.5052883883871,213.211058042781,-1.4210854715202004e-14,47.505288388387086
2025-11-19 16:00:00,55.86,0.4089419572191164,0.0,55.4510580427809,157.76,-1.4210854715202004e-14,55.451058042780886
2025-11-19 17:00:00,47.76,0.0,0.0,47.76,110.0,0.0,47.76
2025-11-19 18:00:00,45.0,0.0,0.0,45.0,65.0,0.0,45.0
2025-11-19 19:00:00,42.6,0.0,75.0,0.0,131.0,117.6,42.6
2025-11-19 20:00:00,48.9,0.0,39.3888972479292,0.0,165.662229578178,88.2888972479292,48.9
2025-11-19 21:00:00,49.2,0.0,0.0,0.0,165.662229578178,49.2,49.2
2025-11-19 22:00:00,38.94,0.0,0.0,0.0,165.662229578178,38.94,38.94
2025-11-19 23:00:00,22.26,0.0,0.0,0.0,165.662229578178,22.26,22.26
2025-11-20 00:00:00,20.28,0.0,0.0,0.0,165.662229578178,20.28,20.28
2025-11-20 01:00:00,19.2,0.0,0.0,0.0,165.662229578178,19.2,19.2
2025-11-20 02:00:00,34.44,0.0,75.0,0.0,231.662229578178,109.44,34.44
2025-11-20 03:00:00,34.98,0.0,75.0,0.0,297.662229578178,109.97999999999999,34.98
2025-11-20 04:00:00,35.52,0.0,75.0,0.0,363.662229578178,110.52000000000001,35.52
2025-11-20 05:00:00,35.22,0.0,75.0,0.0,429.662229578178,110.22,35.22
2025-11-20 06:00:00,29.7,0.0,75.0,0.0,495.662229578178,104.7,29.7
2025-11-20 07:00:00,19.38,0.3555423802757764,0.0,19.0244576197242,476.637771958453,2.4868995751603507e-14,19.024457619724224
2025-11-20 08:00:00,19.44,3.3773095487246025,0.0,16.0626904512754,460.575081507178,-3.552713678800501e-15,16.062690451275397
2025-11-20 09:00:00,19.32,5.8445721101227255,0.0,13.4754278898773,447.099653617301,-2.6645352591003757e-14,13.475427889877274
2025-11-20 10:00:00,33.66,7.589190198255029,0.0,26.070809801745,421.028843815556,-3.197442310920451e-14,26.070809801744968
2025-11-20 11:00:00,38.52,8.492270973533005,0.0,30.027729026467,391.001114789089,0.0,30.027729026467
2025-11-20 12:00:00,39.3,8.492270973533005,0.0,30.807729026467,360.193385762622,-7.105427357601002e-15,30.807729026466994
2025-11-20 13:00:00,46.5,7.589190198255029,0.0,38.910809801745,321.282575960877,-2.842170943040401e-14,38.910809801744975
2025-11-20 14:00:00,49.08,5.8445721101227255,0.0,43.2354278898773,278.047148071,-2.842170943040401e-14,43.23542788987727
2025-11-20 15:00:00,48.06,3.3773095487246025,0.0,44.6826904512754,233.364457619724,0.0,44.6826904512754
2025-11-20 16:00:00,59.34,0.3555423802757764,0.0,58.9844576197242,174.38,2.1316282072803006e-14,58.984457619724225
2025-11-20 17:00:00,57.78,0.0,0.0,57.78,116.6,0.0,57.78
2025-11-20 18:00:00,51.6,0.0,0.0,51.6,65.0,0.0,51.6
2025-11-20 19:00:00,47.58,0.0,75.0,0.0,131.0,122.58,47.58
2025-11-20 20:00:00,47.46,0.0,75.0,0.0,197.0,122.46000000000001,47.46
2025-11-20 21:00:00,47.58,0.0,60.2304650474856,0.0,250.002809241787,107.8104650474856,47.58
2025-11-20 22:00:00,49.44,0.0,0.0,0.0,250.002809241787,49.44,49.44
2025-11-20 23:00:00,42.48,0.0,0.0,0.0,250.002809241787,42.48,42.48
2025-11-21 00:00:00,40.02,0.0,0.0,0.0,250.002809241787,40.02,40.02
2025-11-21 01:00:00,40.02,0.0,0.0,0.0,250.002809241787,40.02,40.02
2025-11-21 02:00:00,38.52,0.0,75.0,0.0,316.002809241787,113.52000000000001,38.52
2025-11-21 03:00:00,39.12,0.0,75.0,0.0,382.002809241787,114.12,39.12
2025-11-21 04:00:00,39.48,0.0,75.0,0.0,448.002809241787,114.47999999999999,39.48
2025-11-21 05:00:00,20.46,0.0,75.0,0.0,514.002809241787,95.46000000000001,20.46
2025-11-21 06:00:00,22.98,0.0,75.0,0.0,580.002809241787,97.98,22.98
2025-11-21 07:00:00,35.46,0.3036868836774701,0.0,35.1563131163225,544.846496125465,2.842170943040401e-14,35.15631311632253
2025-11-21 08:00:00,36.48,3.321529952742828,0.0,33.1584700472572,511.688026078208,-2.842170943040401e-14,33.15847004725717
2025-11-21 09:00:00,36.06,5.785588500411127,0.0,30.2744114995889,481.413614578619,-2.4868995751603507e-14,30.274411499588876
2025-11-21 10:00:00,44.58,7.52794100870806,0.0,37.0520589912919,444.361555587327,3.552713678800501e-14,37.052058991291936
2025-11-21 11:00:00,56.34,8.429849033566846,0.0,47.9101509664332,396.451404620894,-4.263256414560601e-14,47.91015096643316
2025-11-21 12:00:00,52.14,8.429849033566846,0.0,43.7101509664332,352.741253654461,-4.263256414560601e-14,43.710150966433154
2025-11-21 13:00:00,55.38,7.52794100870806,0.0,47.8520589912919,304.889194663169,4.263256414560601e-14,47.85205899129194
2025-11-21 14:00:00,54.9,5.785588500411127,0.0,49.1144114995889,255.77478316358,-2.842170943040401e-14,49.11441149958887
2025-11-21 15:00:00,47.16,3.321529952742828,0.0,43.8384700472572,211.936313116323,-3.552713678800501e-14,43.83847004725717
2025-11-21 16:00:00,50.4,0.3036868836774701,0.0,50.0963131163225,161.84,2.842170943040401e-14,50.09631311632253
2025-11-21 17:00:00,52.8,0.0,0.0,52.8,109.04,0.0,52.8
2025-11-21 18:00:00,44.04,0.0,0.0,44.04,65.0,0.0,44.04
2025-11-21 19:00:00,39.72,0.0,0.0,0.0,65.0,39.72,39.72
2025-11-21 20:00:00,37.98,0.0,0.0,0.0,65.0,37.98,37.98
2025-11-21 21:00:00,35.94,0.0,0.0,0.0,65.0,35.94,35.94
2025-11-21 22:00:00,36.72,0.0,0.0,0.0,65.0,36.72,36.72
2025-11-21 23:00:00,36.18,0.0,0.0,0.0,65.0,36.18,36.18
2025-11-22 00:00:00,40.32,0.0,0.0,0.0,65.0,40.32,40.32
2025-11-22 01:00:00,50.4,0.0,0.0,0.0,65.0,50.4,50.4
2025-11-22 02:00:00,50.34,0.0,0.0,0.0,65.0,50.34,50.34
2025-11-22 03:00:00,51.06,0.0,0.0,0.0,65.0,51.06,51.06
2025-11-22 04:00:00,50.04,0.0,0.0,0.0,65.0,50.04,50.04
2025-11-22 05:00:00,34.14,0.0,0.0,0.0,65.0,34.14,34.14
2025-11-22 06:00:00,33.72,0.0,0.0,0.0,65.0,33.72,33.72
2025-11-22 07:00:00,33.72,0.2533918356732609,0.0,0.0,65.0,33.466608164326736,33.466608164326736
2025-11-22 08:00:00,33.78,3.267393743212225,0.0,0.0,65.0,30.512606256787777,30.512606256787777
2025-11-22 09:00:00,35.16,5.728315995627431,0.0,0.0,65.0,29.431684004372563,29.431684004372563
2025-11-22 10:00:00,35.28,7.468450808283098,0.0,0.0,65.0,27.811549191716903,27.811549191716903
2025-11-22 11:00:00,36.36,8.369210869405487,0.0,0.0,65.0,27.990789130594514,27.990789130594514
2025-11-22 12:00:00,44.46,8.369210869405487,0.0,0.0,65.0,36.090789130594516,36.090789130594516
2025-11-22 13:00:00,51.54,7.468450808283098,0.0,0.0,65.0,44.0715491917169,44.0715491917169
2025-11-22 14:00:00,48.24,5.728315995627431,0.0,0.0,65.0,42.51168400437257,42.51168400437257
2025-11-22 15:00:00,53.58,3.267393743212225,0.0,0.0,65.0,50.312606256787774,50.312606256787774
2025-11-22 16:00:00,50.34,0.2533918356732609,0.0,0.0,65.0,50.08660816432674,50.08660816432674
2025-11-22 17:00:00,43.2,0.0,0.0,0.0,65.0,43.2,43.2
2025-11-22 18:00:00,43.38,0.0,0.0,0.0,65.0,43.38,43.38
2025-11-22 19:00:00,40.98,0.0,0.0,0.0,65.0,40.98,40.98
2025-11-22 20:00:00,38.94,0.0,0.0,0.0,65.0,38.94,38.94
2025-11-22 21:00:00,40.32,0.0,0.0,0.0,65.0,40.32,40.32
2025-11-22 22:00:00,24.84,0.0,0.0,0.0,65.0,24.84,24.84
2025-11-22 23:00:00,19.2,0.0,0.0,0.0,65.0,19.2,19.2
2025-11-23 00:00:00,23.46,0.0,0.0,0.0,65.0,23.46,23.46
2025-11-23 01:00:00,36.3,0.0,0.0,0.0,65.0,36.3,36.3
2025-11-23 02:00:00,35.22,0.0,0.0,0.0,65.0,35.22,35.22
2025-11-23 03:00:00,36.0,0.0,0.0,0.0,65.0,36.0,36.0
2025-11-23 04:00:00,35.22,0.0,0.0,0.0,65.0,35.22,35.22
2025-11-23 05:00:00,35.88,0.0,0.0,0.0,65.0,35.88,35.88
2025-11-23 06:00:00,35.22,0.0,0.0,0.0,65.0,35.22,35.22
2025-11-23 07:00:00,35.4,0.2046730233598537,0.0,0.0,65.0,35.195326976640146,35.195326976640146
2025-11-23 08:00:00,44.76,3.2149211566784075,0.0,0.0,65.0,41.54507884332159,41.54507884332159
2025-11-23 09:00:00,48.96,5.672778465277077,0.0,0.0,65.0,43.287221534722924,43.287221534722924
2025-11-23 10:00:00,53.04,7.410746035376114,0.0,0.0,65.0,45.629253964623885,45.629253964623885
2025-11-23 11:00:00,45.42,8.310384249200473,0.0,0.0,65.0,37.10961575079953,37.10961575079953
2025-11-23 12:00:00,42.6,8.310384249200473,0.0,0.0,65.0,34.28961575079953,34.28961575079953
2025-11-23 13:00:00,44.1,7.410746035376114,0.0,0.0,65.0,36.68925396462389,36.68925396462389
2025-11-23 14:00:00,57.3,5.672778465277077,0.0,0.0,65.0,51.62722153472292,51.62722153472292
2025-11-23 15:00:00,54.66,3.2149211566784075,0.0,0.0,65.0,51.44507884332159,51.44507884332159
2025-11-23 16:00:00,51.84,0.2046730233598537,65.6388073342949,0.0,122.76215045418,117.27413431093504,51.63532697664015
2025-11-23 17:00:00,37.02,0.0,0.0,0.0,122.76215045418,37.02,37.02
2025-11-23 18:00:00,35.76,0.0,0.0,0.0,122.76215045418,35.76,35.76
2025-11-23 19:00:00,36.0,0.0,0.0,0.0,122.76215045418,36.0,36.0
2025-11-23 20:00:00,36.3,0.0,0.0,0.0,122.76215045418,36.3,36.3
2025-11-23 21:00:00,35.52,0.0,0.0,0.0,122.76215045418,35.52,35.52
2025-11-23 22:00:00,35.88,0.0,0.0,0.0,122.76215045418,35.88,35.88
2025-11-23 23:00:00,36.3,0.0,0.0,0.0,122.76215045418,36.3,36.3
2025-11-24 00:00:00,35.64,0.0,0.0,0.0,122.76215045418,35.64,35.64
2025-11-24 01:00:00,35.76,0.0,0.0,0.0,122.76215045418,35.76,35.76
2025-11-24 02:00:00,36.54,0.0,75.0,0.0,188.76215045418,111.53999999999999,36.54
2025-11-24 03:00:00,36.06,0.0,75.0,0.0,254.76215045418,111.06,36.06
2025-11-24 04:00:00,36.24,0.0,75.0,0.0,320.76215045418,111.24000000000001,36.24
2025-11-24 05:00:00,35.58,0.0,75.0,0.0,386.76215045418,110.58,35.58
2025-11-24 06:00:00,25.44,0.0,75.0,0.0,452.76215045418,100.44,25.44
2025-11-24 07:00:00,19.98,0.1575456545850427,0.0,19.822454345415,432.939696108765,-4.263256414560601e-14,19.822454345414958
2025-11-24 08:00:00,19.56,3.1641317438060588,0.0,16.3958682561939,416.543827852571,3.907985046680551e-14,16.39586825619394
2025-11-24 09:00:00,24.18,5.618999005919883,0.0,18.5610009940801,397.982826858491,1.7763568394002505e-14,18.561000994080118
2025-11-24 10:00:00,37.26,7.354852293873421,0.0,29.9051477061266,368.077679152364,-2.1316282072803006e-14,29.905147706126577
2025-11-24 11:00:00,35.16,8.253396074725831,0.0,26.9066039252742,341.17107522709,-3.552713678800501e-14,26.906603925274165
2025-11-24 12:00:00,35.88,8.253396074725831,0.0,27.6266039252742,313.544471301816,-2.842170943040401e-14,27.62660392527417
2025-11-24 13:00:00,37.74,7.354852293873421,0.0,30.3851477061266,283.159323595689,-1.7763568394002505e-14,30.38514770612658
2025-11-24 14:00:00,41.22,5.618999005919883,0.0,35.6010009940801,247.558322601609,1.4210854715202004e-14,35.60100099408012
2025-11-24 15:00:00,41.82,3.1641317438060588,0.0,38.6558682561939,208.902454345415,4.263256414560601e-14,38.65586825619394
2025-11-24 16:00:00,39.24,0.1575456545850427,0.0,39.082454345415,169.82,-4.263256414560601e-14,39.08245434541496
2025-11-24 17:00:00,47.64,0.0,0.0,47.64,122.18,0.0,47.64
2025-11-24 18:00:00,57.18,0.0,0.0,57.18,65.0,0.0,57.18
2025-11-24 19:00:00,49.38,0.0,67.4474195972514,0.0,124.353729245581,116.8274195972514,49.38
2025-11-24 20:00:00,54.48,0.0,0.0,0.0,124.353729245581,54.48,54.48
2025-11-24 21:00:00,52.86,0.0,0.0,0.0,124.353729245581,52.86,52.86
2025-11-24 22:00:00,52.98,0.0,0.0,0.0,124.353729245581,52.98,52.98
2025-11-24 23:00:00,50.04,0.0,0.0,0.0,124.353729245581,50.04,50.04
2025-11-25 00:00:00,40.26,0.0,0.0,0.0,124.353729245581,40.26,40.26
2025-11-25 01:00:00,40.2,0.0,0.0,0.0,124.353729245581,40.2,40.2
2025-11-25 02:00:00,39.12,0.0,75.0,0.0,190.353729245581,114.12,39.12
2025-11-25 03:00:00,39.0,0.0,75.0,0.0,256.353729245581,114.0,39.0
2025-11-25 04:00:00,39.36,0.0,75.0,0.0,322.353729245581,114.36,39.36
2025-11-25 05:00:00,19.32,0.0,75.0,0.0,388.353729245581,94.32,19.32
2025-11-25 06:00:00,20.28,0.0,75.0,0.0,454.353729245581,95.28,20.28
2025-11-25 07:00:00,36.3,0.1120243601260188,0.0,36.187975639874,418.165753605707,-2.1316282072803006e-14,36.187975639873976
2025-11-25 08:00:00,36.0,3.115044366912365,0.0,32.8849556330876,385.28079797262,3.552713678800501e-14,32.884955633087635
2025-11-25 09:00:00,36.42,5.566999934910974,0.0,30.853000065089,354.427797907531,2.842170943040401e-14,30.853000065089027
2025-11-25 10:00:00,36.48,7.300794344210903,0.0,29.1792056557891,325.248592251742,-7.105427357601002e-15,29.179205655789094
2025-11-25 11:00:00,36.48,8.198272371049097,0.0,28.2817276289509,296.966864622791,0.0,28.2817276289509
2025-11-25 12:00:00,36.78,8.198272371049097,0.0,28.5817276289509,268.38513699384,3.552713678800501e-15,28.581727628950905
2025-11-25 13:00:00,36.0,7.300794344210903,0.0,28.6992056557891,239.685931338051,-3.552713678800501e-15,28.699205655789097
2025-11-25 14:00:00,37.38,5.566999934910974,0.0,31.813000065089,207.872931272962,2.842170943040401e-14,31.813000065089028
2025-11-25 15:00:00,36.0,3.115044366912365,0.0,32.8849556330876,174.987975639874,3.552713678800501e-14,32.884955633087635
2025-11-25 16:00:00,35.4,0.1120243601260188,0.0,35.287975639874,139.7,-2.1316282072803006e-14,35.28797563987398
2025-11-25 17:00:00,35.58,0.0,0.0,35.58,104.12,0.0,35.58
2025-11-25 18:00:00,39.12,0.0,0.0,39.12,65.0,0.0,39.12
2025-11-25 19:00:00,52.08,0.0,75.0,0.0,131.0,127.08,52.08
2025-11-25 20:00:00,56.94,0.0,3.84946011248311,0.0,134.387524898985,60.789460112483106,56.94
2025-11-25 21:00:00,60.48,0.0,0.0,0.0,134.387524898985,60.48,60.48
2025-11-25 22:00:00,53.94,0.0,0.0,0.0,134.387524898985,53.94,53.94
2025-11-25 23:00:00,45.6,0.0,0.0,0.0,134.387524898985,45.6,45.6
2025-11-26 00:00:00,43.08,0.0,0.0,0.0,134.387524898985,43.08,43.08
2025-11-26 01:00:00,42.72,0.0,75.0,0.0,200.387524898985,117.72,42.72
2025-11-26 02:00:00,41.82,0.0,75.0,0.0,266.387524898985,116.82,41.82
2025-11-26 03:00:00,39.9,0.0,75.0,0.0,332.387524898985,114.9,39.9
2025-11-26 04:00:00,40.5,0.0,75.0,0.0,398.387524898985,115.5,40.5
2025-11-26 05:00:00,40.68,0.0,75.0,0.0,464.387524898985,115.68,40.68
2025-11-26 06:00:00,40.2,0.0,75.0,0.0,530.387524898985,115.2,40.2
2025-11-26 07:00:00,40.44,0.0681231961130299,0.0,40.371876803887,490.015648095098,-2.842170943040401e-14,40.37187680388697
2025-11-26 08:00:00,49.26,3.067677197889457,0.0,46.1923228021105,443.823325292988,3.552713678800501e-14,46.19232280211054
2025-11-26 09:00:00,48.84,5.516802784647989,0.0,43.323197215352,400.500128077636,1.4210854715202004e-14,43.32319721535202
2025-11-26 10:00:00,48.6,7.248596095022429,0.0,41.3514039049776,359.148724172658,-2.842170943040401e-14,41.35140390497757
2025-11-26 11:00:00,51.9,8.145038276834521,0.0,43.7549617231655,315.393762449493,-2.1316282072803006e-14,43.75496172316548
2025-11-26 12:00:00,45.78,8.145038276834521,0.0,37.6349617231655,277.758800726327,-2.1316282072803006e-14,37.63496172316548
2025-11-26 13:00:00,38.58,7.248596095022429,0.0,31.3314039049776,246.42739682135,-2.842170943040401e-14,31.33140390497757
2025-11-26 14:00:00,37.5,5.516802784647989,0.0,31.983197215352,214.444199605998,1.0658141036401503e-14,31.98319721535201
2025-11-26 15:00:00,34.92,3.067677197889457,0.0,31.8523228021105,182.591876803887,4.618527782440651e-14,31.852322802110546
2025-11-26 16:00:00,34.92,0.0681231961130299,0.0,34.851876803887,147.74,-2.842170943040401e-14,34.851876803886974
2025-11-26 17:00:00,36.18,0.0,0.0,36.18,111.56,0.0,36.18
2025-11-26 18:00:00,46.56,0.0,0.0,46.56,65.0,0.0,46.56
2025-11-26 19:00:00,44.64,0.0,0.0,0.0,65.0,44.64,44.64
2025-11-26 20:00:00,51.72,0.0,0.0,0.0,65.0,51.72,51.72
2025-11-26 21:00:00,49.98,0.0,0.0,0.0,65.0,49.98,49.98
2025-11-26 22:00:00,45.0,0.0,0.0,0.0,65.0,45.0,45.0
2025-11-26 23:00:00,38.28,0.0,0.0,0.0,65.0,38.28,38.28
2025-11-27 00:00:00,37.8,0.0,0.0,0.0,65.0,37.8,37.8
2025-11-27 01:00:00,35.46,0.0,0.0,0.0,65.0,35.46,35.46
2025-11-27 02:00:00,35.16,0.0,0.0,0.0,65.0,35.16,35.16
2025-11-27 03:00:00,35.7,0.0,0.0,0.0,65.0,35.7,35.7
2025-11-27 04:00:00,19.2,0.0,0.0,0.0,65.0,19.2,19.2
2025-11-27 05:00:00,19.8,0.0,0.0,0.0,65.0,19.8,19.8
2025-11-27 06:00:00,19.32,0.0,0.0,0.0,65.0,19.32,19.32
2025-11-27 07:00:00,28.68,0.0258556466689965,0.0,0.0,65.0,28.654144353331002,28.654144353331002
2025-11-27 08:00:00,36.84,3.0220477164893573,0.0,0.0,65.0,33.81795228351065,33.81795228351065
2025-11-27 09:00:00,38.34,5.468428297300449,0.0,0.0,65.0,32.871571702699555,32.871571702699555
2025-11-27 10:00:00,34.62,7.198280595355055,0.0,0.0,65.0,27.421719404644943,27.421719404644943
2025-11-27 11:00:00,35.22,8.093718035256845,0.0,0.0,65.0,27.126281964743153,27.126281964743153
2025-11-27 12:00:00,44.58,8.093718035256845,0.0,0.0,65.0,36.486281964743156,36.486281964743156
2025-11-27 13:00:00,43.92,7.198280595355055,0.0,0.0,65.0,36.72171940464494,36.72171940464494
2025-11-27 14:00:00,42.9,5.468428297300449,0.0,0.0,65.0,37.43157170269955,37.43157170269955
2025-11-27 15:00:00,41.52,3.0220477164893573,0.0,0.0,65.0,38.49795228351064,38.49795228351064
2025-11-27 16:00:00,36.54,0.0258556466689965,75.0,0.0,131.0,111.514144353331,36.514144353331005
2025-11-27 17:00:00,36.0,0.0,53.8311951321071,0.0,178.371451716254,89.8311951321071,36.0
2025-11-27 18:00:00,20.82,0.0,0.0,0.0,178.371451716254,20.82,20.82
2025-11-27 19:00:00,22.74,0.0,0.0,0.0,178.371451716254,22.74,22.74
2025-11-27 20:00:00,18.96,0.0,0.0,0.0,178.371451716254,18.96,18.96
2025-11-27 21:00:00,32.04,0.0,0.0,0.0,178.371451716254,32.04,32.04
2025-11-27 22:00:00,35.94,0.0,0.0,0.0,178.371451716254,35.94,35.94
2025-11-27 23:00:00,34.8,0.0,0.0,0.0,178.371451716254,34.8,34.8
2025-11-28 00:00:00,35.58,0.0,0.0,0.0,178.371451716254,35.58,35.58
2025-11-28 01:00:00,31.5,0.0,0.0,0.0,178.371451716254,31.5,31.5
2025-11-28 02:00:00,19.38,0.0,75.0,0.0,244.371451716254,94.38,19.38
2025-11-28 03:00:00,19.2,0.0,75.0,0.0,310.371451716254,94.2,19.2
2025-11-28 04:00:00,19.08,0.0,75.0,0.0,376.371451716254,94.08,19.08
2025-11-28 05:00:00,29.58,0.0,75.0,0.0,442.371451716254,104.58,29.58
2025-11-28 06:00:00,36.24,0.0,75.0,0.0,508.371451716254,111.24000000000001,36.24
2025-11-28 07:00:00,34.86,0.0,0.0,34.86,473.511451716254,0.0,34.86
2025-11-28 08:00:00,36.96,2.978172708944688,0.0,33.9818272910553,439.529624425199,7.105427357601002e-15,33.98182729105531
2025-11-28 09:00:00,33.9,5.421896419996746,0.0,28.4781035800033,411.051520845196,-4.618527782440651e-14,28.478103580003253
2025-11-28 10:00:00,19.56,7.149870027428011,0.0,12.410129972572,398.641390872624,-1.2434497875801753e-14,12.410129972571987
2025-11-28 11:00:00,20.16,8.044334985503445,0.0,12.1156650144966,386.525725858127,-4.440892098500626e-14,12.115665014496555
2025-11-28 12:00:00,27.6,8.044334985503445,0.0,19.5556650144966,366.970060843631,-4.618527782440651e-14,19.555665014496554
2025-11-28 13:00:00,39.06,7.149870027428011,0.0,31.910129972572,335.059930871059,-1.0658141036401503e-14,31.91012997257199
2025-11-28 14:00:00,40.92,5.421896419996746,0.0,35.4981035800033,299.561827291055,-4.973799150320701e-14,35.49810358000325
2025-11-28 15:00:00,53.22,2.978172708944688,0.0,50.2418272910553,249.32,7.105427357601002e-15,50.24182729105531
2025-11-28 16:00:00,64.14,0.0,0.0,64.14,185.18,0.0,64.14
2025-11-28 17:00:00,63.36,0.0,0.0,63.36,121.82,0.0,63.36
2025-11-28 18:00:00,56.82,0.0,0.0,56.82,65.0,0.0,56.82
2025-11-28 19:00:00,54.54,0.0,0.0,0.0,65.0,54.54,54.54
2025-11-28 20:00:00,42.0,0.0,0.0,0.0,65.0,42.0,42.0
2025-11-28 21:00:00,38.94,0.0,0.0,0.0,65.0,38.94,38.94
2025-11-28 22:00:00,35.22,0.0,0.0,0.0,65.0,35.22,35.22
2025-11-28 23:00:00,21.18,0.0,0.0,0.0,65.0,21.18,21.18
2025-11-29 00:00:00,20.46,0.0,0.0,0.0,65.0,20.46,20.46
2025-11-29 01:00:00,28.02,0.0,0.0,0.0,65.0,28.02,28.02
2025-11-29 02:00:00,37.68,0.0,0.0,0.0,65.0,37.68,37.68
2025-11-29 03:00:00,36.72,0.0,0.0,0.0,65.0,36.72,36.72
2025-11-29 04:00:00,33.66,0.0,0.0,0.0,65.0,33.66,33.66
2025-11-29 05:00:00,20.46,0.0,0.0,0.0,65.0,20.46,20.46
2025-11-29 06:00:00,20.16,0.0,0.0,0.0,65.0,20.16,20.16
2025-11-29 07:00:00,20.22,0.0,0.0,0.0,65.0,20.22,20.22
2025-11-29 08:00:00,20.88,2.936068266898625,0.0,0.0,65.0,17.943931733101373,17.943931733101373
2025-11-29 09:00:00,34.38,5.377226300444277,0.0,0.0,65.0,29.002773699555725,29.002773699555725
2025-11-29 10:00:00,44.82,7.103385699912423,0.0,0.0,65.0,37.71661430008758,37.71661430008758
2025-11-29 11:00:00,44.16,7.996911554842597,0.0,0.0,65.0,36.1630884451574,36.1630884451574
2025-11-29 12:00:00,41.88,7.996911554842597,0.0,0.0,65.0,33.883088445157405,33.883088445157405
2025-11-29 13:00:00,39.36,7.103385699912423,0.0,0.0,65.0,32.25661430008758,32.25661430008758
2025-11-29 14:00:00,37.38,5.377226300444277,0.0,0.0,65.0,32.002773699555725,32.002773699555725
2025-11-29 15:00:00,44.7,2.936068266898625,0.0,0.0,65.0,41.76393173310138,41.76393173310138
2025-11-29 16:00:00,45.54,0.0,0.0,0.0,65.0,45.54,45.54
2025-11-29 17:00:00,38.7,0.0,0.0,0.0,65.0,38.7,38.7
2025-11-29 18:00:00,27.12,0.0,0.0,0.0,65.0,27.12,27.12
2025-11-29 19:00:00,21.96,0.0,0.0,0.0,65.0,21.96,21.96
2025-11-29 20:00:00,20.76,0.0,0.0,0.0,65.0,20.76,20.76
2025-11-29 21:00:00,20.88,0.0,0.0,0.0,65.0,20.88,20.88
2025-11-29 22:00:00,32.82,0.0,0.0,0.0,65.0,32.82,32.82
2025-11-29 23:00:00,38.34,0.0,0.0,0.0,65.0,38.34,38.34
2025-11-30 00:00:00,37.98,0.0,0.0,0.0,65.0,37.98,37.98
2025-11-30 01:00:00,36.42,0.0,0.0,0.0,65.0,36.42,36.42
2025-11-30 02:00:00,22.44,0.0,0.0,0.0,65.0,22.44,22.44
2025-11-30 03:00:00,20.52,0.0,0.0,0.0,65.0,20.52,20.52
2025-11-30 04:00:00,19.86,0.0,0.0,0.0,65.0,19.86,19.86
2025-11-30 05:00:00,21.36,0.0,0.0,0.0,65.0,21.36,21.36
2025-11-30 06:00:00,36.84,0.0,0.0,0.0,65.0,36.84,36.84
2025-11-30 07:00:00,36.6,0.0,0.0,0.0,65.0,36.6,36.6
2025-11-30 08:00:00,42.66,2.895749786617504,0.0,0.0,65.0,39.764250213382496,39.764250213382496
2025-11-30 09:00:00,49.02,5.334436282957995,0.0,0.0,65.0,43.68556371704201,43.68556371704201
2025-11-30 10:00:00,52.74,7.058848041708417,0.0,0.0,65.0,45.681151958291586,45.681151958291586
2025-11-30 11:00:00,46.86,7.951469251235102,0.0,0.0,65.0,38.908530748764896,38.908530748764896
2025-11-30 12:00:00,41.88,7.951469251235102,0.0,0.0,65.0,33.9285307487649,33.9285307487649
2025-11-30 13:00:00,39.48,7.058848041708417,0.0,0.0,65.0,32.42115195829158,32.42115195829158
2025-11-30 14:00:00,38.82,5.334436282957995,0.0,0.0,65.0,33.485563717042005,33.485563717042005
2025-11-30 15:00:00,37.02,2.895749786617504,0.0,0.0,65.0,34.124250213382496,34.124250213382496
2025-11-30 16:00:00,35.04,0.0,0.0,0.0,65.0,35.04,35.04
2025-11-30 17:00:00,27.96,0.0,0.0,0.0,65.0,27.96,27.96
2025-11-30 18:00:00,19.92,0.0,0.0,0.0,65.0,19.92,19.92
2025-11-30 19:00:00,19.98,0.0,70.4545454545455,0.0,127.0,90.4345454545455,19.98
2025-11-30 20:00:00,25.56,0.0,75.0,0.0,193.0,100.56,25.56
2025-11-30 21:00:00,36.54,0.0,75.0,0.0,259.0,111.53999999999999,36.54
2025-11-30 22:00:00,35.94,0.0,75.0,0.0,325.0,110.94,35.94
2025-11-30 23:00:00,35.52,0.0,0.0,0.0,325.0,35.52,35.52
2025-12-01 00:00:00,31.86,0.0,0.0,0.0,325.0,31.86,31.86
2025-12-01 01:00:00,20.94,0.0,0.0,0.0,325.0,20.94,20.94
2025-12-01 02:00:00,19.86,0.0,0.0,0.0,325.0,19.86,19.86
2025-12-01 03:00:00,19.98,0.0,0.0,0.0,325.0,19.98,19.98
2025-12-01 04:00:00,20.64,0.0,0.0,0.0,325.0,20.64,20.64
2025-12-01 05:00:00,20.04,0.0,75.0,0.0,391.0,95.03999999999999,20.04
2025-12-01 06:00:00,21.42,0.0,75.0,0.0,457.0,96.42,21.42
2025-12-01 07:00:00,22.2,0.0,0.0,22.2,434.8,0.0,22.2
2025-12-01 08:00:00,21.6,2.381026640383246,0.0,19.2189733596168,415.581026640383,-4.618527782440651e-14,19.218973359616754
2025-12-01 09:00:00,33.36,4.411286587394092,0.0,28.9487134126059,386.632313227777,7.105427357601002e-15,28.94871341260591
2025-12-01 10:00:00,45.42,5.846897163496903,0.0,39.5731028365031,347.059210391274,0.0,39.5731028365031
2025-12-01 11:00:00,46.74,6.59002388038892,0.0,40.1499761196111,306.909234271663,-1.4210854715202004e-14,40.14997611961108
2025-12-01 12:00:00,43.38,6.59002388038892,0.0,36.7899761196111,270.119258152052,-1.4210854715202004e-14,36.78997611961108
2025-12-01 13:00:00,41.34,5.846897163496903,0.0,35.4931028365031,234.626155315549,0.0,35.4931028365031
2025-12-01 14:00:00,38.22,4.411286587394092,0.0,33.8087134126059,200.817441902943,7.105427357601002e-15,33.808713412605904
2025-12-01 15:00:00,28.2,2.381026640383246,0.0,25.8189733596168,174.998468543326,-4.618527782440651e-14,25.818973359616752
2025-12-01 16:00:00,19.14,0.0,0.0,19.14,155.858468543326,0.0,19.14
2025-12-01 17:00:00,30.06,0.0,0.0,30.06,125.798468543326,0.0,30.06
2025-12-01 18:00:00,32.04,0.0,0.0,32.04,93.7584685433263,0.0,32.04
2025-12-01 19:00:00,35.76,0.0,42.4839483492328,0.0,131.144343090651,78.2439483492328,35.76
2025-12-01 20:00:00,47.7,0.0,0.0,0.0,131.144343090651,47.7,47.7
2025-12-01 21:00:00,56.76,0.0,0.0,0.0,131.144343090651,56.76,56.76
2025-12-01 22:00:00,36.66,0.0,0.0,0.0,131.144343090651,36.66,36.66
2025-12-01 23:00:00,34.44,0.0,0.0,0.0,131.144343090651,34.44,34.44
2025-12-02 00:00:00,17.88,0.0,0.0,0.0,131.144343090651,17.88,17.88
2025-12-02 01:00:00,18.42,0.0,0.0,0.0,131.144343090651,18.42,18.42
2025-12-02 02:00:00,18.12,0.0,75.0,0.0,197.144343090651,93.12,18.12
2025-12-02 03:00:00,17.76,0.0,75.0,0.0,263.144343090651,92.76,17.76
2025-12-02 04:00:00,18.3,0.0,75.0,0.0,329.144343090651,93.3,18.3
2025-12-02 05:00:00,23.64,0.0,75.0,0.0,395.144343090651,98.64,23.64
2025-12-02 06:00:00,34.26,0.0,75.0,0.0,461.144343090651,109.25999999999999,34.26
2025-12-02 07:00:00,33.42,0.0,0.0,33.42,427.724343090651,0.0,33.42
2025-12-02 08:00:00,47.64,2.3504406804801143,0.0,45.2895593195199,382.434783771131,-1.4210854715202004e-14,45.28955931951989
2025-12-02 09:00:00,51.3,4.378804911096781,0.0,46.9211950889032,335.513588682228,2.1316282072803006e-14,46.92119508890322
2025-12-02 10:00:00,37.26,5.813075013282059,0.0,31.4469249867179,304.06666369551,3.907985046680551e-14,31.44692498671794
2025-12-02 11:00:00,28.38,6.555507849815437,0.0,21.8244921501846,282.242171545326,-3.907985046680551e-14,21.82449215018456
2025-12-02 12:00:00,23.82,6.555507849815437,0.0,17.2644921501846,264.977679395141,-3.907985046680551e-14,17.264492150184562
2025-12-02 13:00:00,28.44,5.813075013282059,0.0,22.6269249867179,242.350754408423,4.263256414560601e-14,22.626924986717942
2025-12-02 14:00:00,37.02,4.378804911096781,0.0,32.6411950889032,209.70955931952,2.1316282072803006e-14,32.641195088903224
2025-12-02 15:00:00,39.3,2.3504406804801143,0.0,36.9495593195199,172.76,-1.4210854715202004e-14,36.949559319519885
2025-12-02 16:00:00,36.72,0.0,0.0,36.72,136.04,0.0,36.72
2025-12-02 17:00:00,35.34,0.0,0.0,35.34,100.7,0.0,35.34
2025-12-02 18:00:00,35.7,0.0,0.0,35.7,65.0,0.0,35.7
2025-12-02 19:00:00,23.64,0.0,75.0,0.0,131.0,98.64,23.64
2025-12-02 20:00:00,25.68,0.0,24.5160831232775,0.0,152.574153148484,50.1960831232775,25.68
2025-12-02 21:00:00,28.8,0.0,0.0,0.0,152.574153148484,28.8,28.8
2025-12-02 22:00:00,27.78,0.0,0.0,0.0,152.574153148484,27.78,27.78
2025-12-02 23:00:00,23.1,0.0,0.0,0.0,152.574153148484,23.1,23.1
2025-12-03 00:00:00,22.26,0.0,0.0,0.0,152.574153148484,22.26,22.26
2025-12-03 01:00:00,20.4,0.0,0.0,0.0,152.574153148484,20.4,20.4
2025-12-03 02:00:00,20.04,0.0,0.0,0.0,152.574153148484,20.04,20.04
2025-12-03 03:00:00,19.44,0.0,75.0,0.0,218.574153148484,94.44,19.44
2025-12-03 04:00:00,19.5,0.0,75.0,0.0,284.574153148484,94.5,19.5
2025-12-03 05:00:00,20.88,0.0,75.0,0.0,350.574153148484,95.88,20.88
2025-12-03 06:00:00,21.54,0.0,75.0,0.0,416.574153148484,96.53999999999999,21.54
2025-12-03 07:00:00,21.3,0.0,0.0,21.3,395.274153148484,0.0,21.3
2025-12-03 08:00:00,27.54,2.321378032344033,0.0,25.218621967656,370.055531180828,-3.197442310920451e-14,25.218621967655967
2025-12-03 09:00:00,37.74,4.34793180192864,0.0,33.3920681980714,336.663462982757,-3.552713678800501e-14,33.392068198071364
2025-12-03 10:00:00,46.74,5.780921714841074,0.0,40.9590782851589,295.704384697598,2.842170943040401e-14,40.95907828515893
2025-12-03 11:00:00,44.28,6.522691876644157,0.0,37.7573081233558,257.947076574242,4.263256414560601e-14,37.75730812335584
2025-12-03 12:00:00,42.18,6.522691876644157,0.0,35.6573081233558,222.289768450886,4.263256414560601e-14,35.65730812335584
2025-12-03 13:00:00,36.9,5.780921714841074,0.0,31.1190782851589,191.170690165727,2.4868995751603507e-14,31.119078285158924
2025-12-03 14:00:00,34.92,4.34793180192864,0.0,30.5720681980714,160.598621967656,-3.552713678800501e-14,30.572068198071364
2025-12-03 15:00:00,35.64,2.321378032344033,0.0,33.318621967656,127.28,-3.552713678800501e-14,33.318621967655965
2025-12-03 16:00:00,22.62,0.0,0.0,22.62,104.66,0.0,22.62
2025-12-03 17:00:00,19.5,0.0,0.0,19.5,85.16,0.0,19.5
2025-12-03 18:00:00,20.16,0.0,0.0,20.16,65.0,0.0,20.16
2025-12-03 19:00:00,30.6,0.0,75.0,0.0,131.0,105.6,30.6
2025-12-03 20:00:00,43.98,0.0,11.2168837963768,0.0,140.870857740812,55.196883796376795,43.98
2025-12-03 21:00:00,61.14,0.0,0.0,0.0,140.870857740812,61.14,61.14
2025-12-03 22:00:00,58.8,0.0,0.0,0.0,140.870857740812,58.8,58.8
2025-12-03 23:00:00,44.04,0.0,0.0,0.0,140.870857740812,44.04,44.04
2025-12-04 00:00:00,39.3,0.0,0.0,0.0,140.870857740812,39.3,39.3
2025-12-04 01:00:00,19.56,0.0,0.0,0.0,140.870857740812,19.56,19.56
2025-12-04 02:00:00,19.56,0.0,0.0,0.0,140.870857740812,19.56,19.56
2025-12-04 03:00:00,19.38,0.0,75.0,0.0,206.870857740812,94.38,19.38
2025-12-04 04:00:00,18.96,0.0,75.0,0.0,272.870857740812,93.96000000000001,18.96
2025-12-04 05:00:00,19.44,0.0,75.0,0.0,338.870857740812,94.44,19.44
2025-12-04 06:00:00,34.5,0.0,75.0,0.0,404.870857740812,109.5,34.5
2025-12-04 07:00:00,36.6,0.0,0.0,36.6,368.270857740811,0.0,36.6
2025-12-04 08:00:00,39.48,2.2938492056644577,0.0,37.1861507943355,331.084706946476,4.263256414560601e-14,37.18615079433554
2025-12-04 09:00:00,29.16,4.318679841844292,0.0,24.8413201581557,306.24338678832,7.105427357601002e-15,24.841320158155707
2025-12-04 10:00:00,28.92,5.750451315441321,0.0,23.1695486845587,283.073838103762,-1.7763568394002505e-14,23.16954868455868
2025-12-04 11:00:00,27.96,6.491590766644146,0.0,21.4684092333559,261.605428870406,-4.263256414560601e-14,21.468409233355857
2025-12-04 12:00:00,41.82,6.491590766644146,0.0,35.3284092333559,226.27701963705,-4.263256414560601e-14,35.328409233355856
2025-12-04 13:00:00,36.54,5.750451315441321,0.0,30.7895486845587,195.487470952491,-2.1316282072803006e-14,30.789548684558678
2025-12-04 14:00:00,36.36,4.318679841844292,0.0,32.0413201581556,163.446150794336,1.0658141036401503e-13,32.041320158155706
2025-12-04 15:00:00,34.26,2.2938492056644577,0.0,31.9661507943355,131.48,3.907985046680551e-14,31.96615079433554
2025-12-04 16:00:00,24.78,0.0,0.0,24.78,106.7,0.0,24.78
2025-12-04 17:00:00,21.6,0.0,0.0,21.6,85.1,0.0,21.6
2025-12-04 18:00:00,20.1,0.0,0.0,20.1,65.0,0.0,20.1
2025-12-04 19:00:00,22.2,0.0,24.7663165796237,0.0,86.7943585900689,46.9663165796237,22.2
2025-12-04 20:00:00,29.1,0.0,0.0,0.0,86.7943585900689,29.1,29.1
2025-12-04 21:00:00,27.78,0.0,0.0,0.0,86.7943585900689,27.78,27.78
2025-12-04 22:00:00,32.22,0.0,0.0,0.0,86.7943585900689,32.22,32.22
2025-12-04 23:00:00,24.9,0.0,0.0,0.0,86.7943585900689,24.9,24.9
2025-12-05 00:00:00,18.9,0.0,0.0,0.0,86.7943585900689,18.9,18.9
2025-12-05 01:00:00,19.14,0.0,0.0,0.0,86.7943585900689,19.14,19.14
2025-12-05 02:00:00,18.3,0.0,0.0,0.0,86.7943585900689,18.3,18.3
2025-12-05 03:00:00,18.9,0.0,75.0,0.0,152.794358590069,93.9,18.9
2025-12-05 04:00:00,18.78,0.0,75.0,0.0,218.794358590069,93.78,18.78
2025-12-05 05:00:00,19.62,0.0,75.0,0.0,284.794358590069,94.62,19.62
2025-12-05 06:00:00,20.64,0.0,75.0,0.0,350.794358590069,95.64,20.64
2025-12-05 07:00:00,20.28,0.0,0.0,20.28,330.514358590069,0.0,20.28
2025-12-05 08:00:00,29.22,2.267864130148141,0.0,26.9521358698519,303.562222720217,-4.263256414560601e-14,26.95213586985186
2025-12-05 09:00:00,28.74,4.291060931153898,0.0,24.4489390688461,279.113283651371,0.0,24.4489390688461
2025-12-05 10:00:00,26.76,5.72167710882,0.0,21.03832289118,258.074960760191,0.0,21.03832289118
2025-12-05 11:00:00,24.72,6.462218534843515,0.0,18.2577814651565,239.817179295034,-1.7763568394002505e-14,18.257781465156484
2025-12-05 12:00:00,22.08,6.462218534843515,0.0,15.6177814651565,224.199397829878,-1.7763568394002505e-14,15.617781465156483
2025-12-05 13:00:00,19.08,5.72167710882,0.0,13.35832289118,210.841074938698,-1.7763568394002505e-15,13.358322891179998
2025-12-05 14:00:00,18.12,4.291060931153898,0.0,13.8289390688461,197.012135869852,3.552713678800501e-15,13.828939068846104
2025-12-05 15:00:00,19.32,2.267864130148141,0.0,17.0521358698519,179.96,-3.907985046680551e-14,17.05213586985186
2025-12-05 16:00:00,32.22,0.0,0.0,32.22,147.74,0.0,32.22
2025-12-05 17:00:00,43.02,0.0,0.0,43.02,104.72,0.0,43.02
2025-12-05 18:00:00,39.72,0.0,0.0,39.72,65.0,0.0,39.72
2025-12-05 19:00:00,37.38,0.0,0.0,0.0,65.0,37.38,37.38
2025-12-05 20:00:00,28.56,0.0,0.0,0.0,65.0,28.56,28.56
2025-12-05 21:00:00,18.96,0.0,0.0,0.0,65.0,18.96,18.96
2025-12-05 22:00:00,19.86,0.0,0.0,0.0,65.0,19.86,19.86
2025-12-05 23:00:00,19.98,0.0,0.0,0.0,65.0,19.98,19.98
2025-12-06 00:00:00,17.82,0.0,0.0,0.0,65.0,17.82,17.82
2025-12-06 01:00:00,27.0,0.0,0.0,0.0,65.0,27.0,27.0
2025-12-06 02:00:00,35.22,0.0,0.0,0.0,65.0,35.22,35.22
2025-12-06 03:00:00,34.92,0.0,0.0,0.0,65.0,34.92,34.92
2025-12-06 04:00:00,31.44,0.0,0.0,0.0,65.0,31.44,31.44
2025-12-06 05:00:00,19.62,0.0,0.0,0.0,65.0,19.62,19.62
2025-12-06 06:00:00,20.22,0.0,0.0,0.0,65.0,20.22,20.22
2025-12-06 07:00:00,17.88,0.0,0.0,0.0,65.0,17.88,17.88
2025-12-06 08:00:00,18.6,2.2434321558290846,0.0,0.0,65.0,16.356567844170918,16.356567844170918
2025-12-06 09:00:00,34.14,4.265086286834639,0.0,0.0,65.0,29.874913713165363,29.874913713165363
2025-12-06 10:00:00,42.72,5.694611632082462,0.0,0.0,65.0,37.025388367917536,37.025388367917536
2025-12-06 11:00:00,42.42,6.4345884016962485,0.0,0.0,65.0,35.985411598303756,35.985411598303756
2025-12-06 12:00:00,42.78,6.4345884016962485,0.0,0.0,65.0,36.345411598303755,36.345411598303755
2025-12-06 13:00:00,40.5,5.694611632082462,0.0,0.0,65.0,34.80538836791754,34.80538836791754
2025-12-06 14:00:00,36.78,4.265086286834639,0.0,0.0,65.0,32.51491371316536,32.51491371316536
2025-12-06 15:00:00,42.54,2.2434321558290846,0.0,0.0,65.0,40.296567844170916,40.296567844170916
2025-12-06 16:00:00,46.26,0.0,0.0,0.0,65.0,46.26,46.26
2025-12-06 17:00:00,34.38,0.0,0.0,0.0,65.0,34.38,34.38
2025-12-06 18:00:00,21.06,0.0,0.0,0.0,65.0,21.06,21.06
2025-12-06 19:00:00,31.86,0.0,0.0,0.0,65.0,31.86,31.86
2025-12-06 20:00:00,43.62,0.0,0.0,0.0,65.0,43.62,43.62
2025-12-06 21:00:00,43.74,0.0,0.0,0.0,65.0,43.74,43.74
2025-12-06 22:00:00,41.46,0.0,0.0,0.0,65.0,41.46,41.46
2025-12-06 23:00:00,37.02,0.0,0.0,0.0,65.0,37.02,37.02
2025-12-07 00:00:00,22.5,0.0,0.0,0.0,65.0,22.5,22.5
2025-12-07 01:00:00,19.32,0.0,0.0,0.0,65.0,19.32,19.32
2025-12-07 02:00:00,18.96,0.0,0.0,0.0,65.0,18.96,18.96
2025-12-07 03:00:00,18.54,0.0,0.0,0.0,65.0,18.54,18.54
2025-12-07 04:00:00,19.26,0.0,0.0,0.0,65.0,19.26,19.26
2025-12-07 05:00:00,34.74,0.0,0.0,0.0,65.0,34.74,34.74
2025-12-07 06:00:00,35.1,0.0,0.0,0.0,65.0,35.1,35.1
2025-12-07 07:00:00,35.88,0.0,0.0,0.0,65.0,35.88,35.88
2025-12-07 08:00:00,21.54,2.2205620534692394,0.0,0.0,65.0,19.31943794653076,19.31943794653076
2025-12-07 09:00:00,24.42,4.240766441045427,0.0,0.0,65.0,20.179233558954575,20.179233558954575
2025-12-07 10:00:00,28.92,5.669266662883367,0.0,0.0,65.0,23.250733337116635,23.250733337116635
2025-12-07 11:00:00,35.34,6.408712789573036,0.0,0.0,65.0,28.931287210426966,28.931287210426966
2025-12-07 12:00:00,38.94,6.408712789573036,0.0,0.0,65.0,32.53128721042696,32.53128721042696
2025-12-07 13:00:00,38.04,5.669266662883367,0.0,0.0,65.0,32.37073333711663,32.37073333711663
2025-12-07 14:00:00,39.3,4.240766441045427,0.0,0.0,65.0,35.059233558954574,35.059233558954574
2025-12-07 15:00:00,38.34,2.2205620534692394,0.0,0.0,65.0,36.119437946530766,36.119437946530766
2025-12-07 16:00:00,37.8,0.0,0.0,0.0,65.0,37.8,37.8
2025-12-07 17:00:00,23.46,0.0,0.0,0.0,65.0,23.46,23.46
2025-12-07 18:00:00,21.72,0.0,0.0,0.0,65.0,21.72,21.72
2025-12-07 19:00:00,21.36,0.0,27.5508413834272,0.0,89.2447404174159,48.9108413834272,21.36
2025-12-07 20:00:00,21.24,0.0,0.0,0.0,89.2447404174159,21.24,21.24
2025-12-07 21:00:00,20.88,0.0,0.0,0.0,89.2447404174159,20.88,20.88
2025-12-07 22:00:00,21.6,0.0,0.0,0.0,89.2447404174159,21.6,21.6
2025-12-07 23:00:00,21.12,0.0,0.0,0.0,89.2447404174159,21.12,21.12
2025-12-08 00:00:00,21.66,0.0,0.0,0.0,89.2447404174159,21.66,21.66
2025-12-08 01:00:00,21.54,0.0,0.0,0.0,89.2447404174159,21.54,21.54
2025-12-08 02:00:00,21.36,0.0,0.0,0.0,89.2447404174159,21.36,21.36
2025-12-08 03:00:00,21.06,0.0,75.0,0.0,155.244740417416,96.06,21.06
2025-12-08 04:00:00,21.3,0.0,75.0,0.0,221.244740417416,96.3,21.3
2025-12-08 05:00:00,22.56,0.0,75.0,0.0,287.244740417416,97.56,22.56
2025-12-08 06:00:00,21.36,0.0,75.0,0.0,353.244740417416,96.36,21.36
2025-12-08 07:00:00,21.66,0.0,0.0,21.66,331.584740417416,0.0,21.66
2025-12-08 08:00:00,21.3,2.1992620150317204,0.0,19.1007379849683,312.484002432448,-2.1316282072803006e-14,19.10073798496828
2025-12-08 09:00:00,24.0,4.2181112398273815,0.0,19.7818887601726,292.702113672275,2.1316282072803006e-14,19.78188876017262
2025-12-08 10:00:00,23.64,5.645653216873597,0.0,17.9943467831264,274.707766889149,3.552713678800501e-15,17.994346783126403
2025-12-08 11:00:00,22.74,6.384603319559329,0.0,16.3553966804407,258.352370208708,-2.842170943040401e-14,16.35539668044067
2025-12-08 12:00:00,21.72,6.384603319559329,0.0,15.3353966804407,243.016973528267,-3.019806626980426e-14,15.33539668044067
2025-12-08 13:00:00,22.2,5.645653216873597,0.0,16.5543467831264,226.462626745141,0.0,16.5543467831264
2025-12-08 14:00:00,23.94,4.2181112398273815,0.0,19.7218887601726,206.740737984968,1.7763568394002505e-14,19.721888760172618
2025-12-08 15:00:00,20.88,2.1992620150317204,0.0,18.6807379849683,188.06,-2.1316282072803006e-14,18.680737984968278
2025-12-08 16:00:00,31.02,0.0,0.0,31.02,157.04,0.0,31.02
2025-12-08 17:00:00,45.48,0.0,0.0,45.48,111.56,0.0,45.48
2025-12-08 18:00:00,46.56,0.0,0.0,46.56,65.0,0.0,46.56
2025-12-08 19:00:00,46.56,0.0,0.0,0.0,65.0,46.56,46.56
2025-12-08 20:00:00,50.52,0.0,44.1074503406307,0.0,103.814556299755,94.6274503406307,50.52
2025-12-08 21:00:00,42.84,0.0,0.0,0.0,103.814556299755,42.84,42.84
2025-12-08 22:00:00,28.62,0.0,0.0,0.0,103.814556299755,28.62,28.62
2025-12-08 23:00:00,24.72,0.0,0.0,0.0,103.814556299755,24.72,24.72
2025-12-09 00:00:00,23.16,0.0,0.0,0.0,103.814556299755,23.16,23.16
2025-12-09 01:00:00,22.2,0.0,0.0,0.0,103.814556299755,22.2,22.2
2025-12-09 02:00:00,23.88,0.0,0.0,0.0,103.814556299755,23.88,23.88
2025-12-09 03:00:00,23.28,0.0,75.0,0.0,169.814556299755,98.28,23.28
2025-12-09 04:00:00,23.22,0.0,75.0,0.0,235.814556299755,98.22,23.22
2025-12-09 05:00:00,23.64,0.0,75.0,0.0,301.814556299755,98.64,23.64
2025-12-09 06:00:00,23.82,0.0,75.0,0.0,367.814556299755,98.82,23.82
2025-12-09 07:00:00,23.52,0.0,0.0,23.52,344.294556299755,0.0,23.52
2025-12-09 08:00:00,31.5,2.179539654208849,0.0,29.3204603457912,314.974095953964,-4.973799150320701e-14,29.32046034579115
2025-12-09 09:00:00,33.3,4.197129841972956,0.0,29.102870158027,285.871225795937,4.263256414560601e-14,29.10287015802704
2025-12-09 10:00:00,31.98,5.623781545396393,0.0,26.3562184546036,259.515007341333,7.105427357601002e-15,26.356218454603606
2025-12-09 11:00:00,31.5,6.362270808544273,0.0,25.1377291914557,234.377278149878,2.4868995751603507e-14,25.137729191455726
2025-12-09 12:00:00,27.54,6.362270808544273,0.0,21.1777291914557,213.199548958422,2.4868995751603507e-14,21.177729191455725
2025-12-09 13:00:00,22.26,5.623781545396393,0.0,16.6362184546036,196.563330503818,7.105427357601002e-15,16.636218454603608
2025-12-09 14:00:00,21.48,4.197129841972956,0.0,17.282870158027,179.280460345791,4.618527782440651e-14,17.282870158027045
2025-12-09 15:00:00,24.36,2.179539654208849,0.0,22.1804603457912,157.1,-4.973799150320701e-14,22.18046034579115
2025-12-09 16:00:00,21.12,0.0,0.0,21.12,135.98,0.0,21.12
2025-12-09 17:00:00,32.58,0.0,0.0,32.58,103.4,0.0,32.58
2025-12-09 18:00:00,38.4,0.0,0.0,38.4,65.0,0.0,38.4
2025-12-09 19:00:00,37.62,0.0,75.0,0.0,131.0,112.62,37.62
2025-12-09 20:00:00,42.3,0.0,66.0349565340043,0.0,189.110761749924,108.33495653400429,42.3
2025-12-09 21:00:00,45.3,0.0,0.0,0.0,189.110761749924,45.3,45.3
2025-12-09 22:00:00,31.08,0.0,0.0,0.0,189.110761749924,31.08,31.08
2025-12-09 23:00:00,24.12,0.0,0.0,0.0,189.110761749924,24.12,24.12
2025-12-10 00:00:00,23.94,0.0,0.0,0.0,189.110761749924,23.94,23.94
2025-12-10 01:00:00,27.24,0.0,0.0,0.0,189.110761749924,27.24,27.24
2025-12-10 02:00:00,36.6,0.0,75.0,0.0,255.110761749924,111.6,36.6
2025-12-10 03:00:00,37.02,0.0,75.0,0.0,321.110761749924,112.02000000000001,37.02
2025-12-10 04:00:00,37.14,0.0,75.0,0.0,387.110761749924,112.14,37.14
2025-12-10 05:00:00,37.44,0.0,75.0,0.0,453.110761749924,112.44,37.44
2025-12-10 06:00:00,37.08,0.0,75.0,0.0,519.110761749924,112.08,37.08
2025-12-10 07:00:00,30.54,0.0,0.0,30.54,488.570761749924,0.0,30.54
2025-12-10 08:00:00,20.7,2.161402006988391,0.0,18.5385979930116,470.032163756912,7.105427357601002e-15,18.538597993011606
2025-12-10 09:00:00,31.92,4.177830718047707,0.0,27.7421692819523,442.28999447496,-7.105427357601002e-15,27.742169281952293
2025-12-10 10:00:00,51.18,5.603661133417,0.0,45.576338866583,396.713655608377,0.0,45.576338866583
2025-12-10 11:00:00,45.84,6.341725266585022,0.0,39.498274733415,357.215380874962,-2.1316282072803006e-14,39.49827473341498
2025-12-10 12:00:00,42.9,6.341725266585022,0.0,36.558274733415,320.657106141547,-2.1316282072803006e-14,36.558274733414976
2025-12-10 13:00:00,40.2,5.603661133417,0.0,34.596338866583,286.060767274964,7.105427357601002e-15,34.596338866583004
2025-12-10 14:00:00,37.44,4.177830718047707,0.0,33.2621692819523,252.798597993012,-1.4210854715202004e-14,33.26216928195229
2025-12-10 15:00:00,45.72,2.161402006988391,0.0,43.5585979930116,209.24,7.105427357601002e-15,43.55859799301161
2025-12-10 16:00:00,51.78,0.0,0.0,51.78,157.46,0.0,51.78
2025-12-10 17:00:00,46.68,0.0,0.0,46.68,110.78,0.0,46.68
2025-12-10 18:00:00,45.78,0.0,0.0,45.78,65.0,0.0,45.78
2025-12-10 19:00:00,44.94,0.0,67.1514686954688,0.0,124.093292452013,112.09146869546879,44.94
2025-12-10 20:00:00,35.46,0.0,0.0,0.0,124.093292452013,35.46,35.46
2025-12-10 21:00:00,31.86,0.0,0.0,0.0,124.093292452013,31.86,31.86
2025-12-10 22:00:00,24.78,0.0,0.0,0.0,124.093292452013,24.78,24.78
2025-12-10 23:00:00,24.18,0.0,0.0,0.0,124.093292452013,24.18,24.18
2025-12-11 00:00:00,22.92,0.0,0.0,0.0,124.093292452013,22.92,22.92
2025-12-11 01:00:00,21.18,0.0,0.0,0.0,124.093292452013,21.18,21.18
2025-12-11 02:00:00,21.84,0.0,0.0,0.0,124.093292452013,21.84,21.84
2025-12-11 03:00:00,21.66,0.0,75.0,0.0,190.093292452013,96.66,21.66
2025-12-11 04:00:00,22.02,0.0,75.0,0.0,256.093292452013,97.02,22.02
2025-12-11 05:00:00,20.94,0.0,75.0,0.0,322.093292452013,95.94,20.94
2025-12-11 06:00:00,20.94,0.0,75.0,0.0,388.093292452013,95.94,20.94
2025-12-11 07:00:00,21.36,0.0,0.0,21.36,366.733292452013,0.0,21.36
2025-12-11 08:00:00,32.7,2.1448555322421026,0.0,30.5551444677579,336.178147984255,0.0,30.5551444677579
2025-12-11 09:00:00,33.84,4.16022164954927,0.0,29.6797783504507,306.498369633804,3.197442310920451e-14,29.679778350450732
2025-12-11 10:00:00,29.82,5.58530069767077,0.0,24.2346993023292,282.263670331475,2.842170943040401e-14,24.23469930232923
2025-12-11 11:00:00,27.0,6.322975894531602,0.0,20.6770241054684,261.586646226006,-3.552713678800501e-15,20.677024105468398
2025-12-11 12:00:00,23.76,6.322975894531602,0.0,17.4370241054684,244.149622120538,0.0,17.4370241054684
2025-12-11 13:00:00,27.78,5.58530069767077,0.0,22.1946993023292,221.954922818209,2.842170943040401e-14,22.19469930232923
2025-12-11 14:00:00,39.72,4.16022164954927,0.0,35.5597783504507,186.395144467758,2.842170943040401e-14,35.55977835045073
2025-12-11 15:00:00,37.74,2.1448555322421026,0.0,35.5951444677579,150.8,0.0,35.5951444677579
2025-12-11 16:00:00,37.38,0.0,0.0,37.38,113.42,0.0,37.38
2025-12-11 17:00:00,26.34,0.0,0.0,26.34,87.08,0.0,26.34
2025-12-11 18:00:00,22.08,0.0,0.0,22.08,65.0,0.0,22.08
2025-12-11 19:00:00,36.18,0.0,75.0,0.0,131.0,111.18,36.18
2025-12-11 20:00:00,36.78,0.0,55.0932838467606,0.0,179.482089785149,91.8732838467606,36.78
2025-12-11 21:00:00,37.8,0.0,0.0,0.0,179.482089785149,37.8,37.8
2025-12-11 22:00:00,39.18,0.0,0.0,0.0,179.482089785149,39.18,39.18
2025-12-11 23:00:00,37.02,0.0,0.0,0.0,179.482089785149,37.02,37.02
2025-12-12 00:00:00,35.88,0.0,0.0,0.0,179.482089785149,35.88,35.88
2025-12-12 01:00:00,36.6,0.0,0.0,0.0,179.482089785149,36.6,36.6
2025-12-12 02:00:00,30.54,0.0,0.0,0.0,179.482089785149,30.54,30.54
2025-12-12 03:00:00,21.48,0.0,75.0,0.0,245.482089785149,96.48,21.48
2025-12-12 04:00:00,21.54,0.0,75.0,0.0,311.482089785149,96.53999999999999,21.54
2025-12-12 05:00:00,21.66,0.0,75.0,0.0,377.482089785149,96.66,21.66
2025-12-12 06:00:00,25.44,0.0,75.0,0.0,443.482089785149,100.44,25.44
2025-12-12 07:00:00,23.28,0.0,0.0,23.28,420.202089785149,0.0,23.28
2025-12-12 08:00:00,28.44,2.129906112321835,0.0,26.3100938876782,393.891995897471,-3.197442310920451e-14,26.310093887678168
2025-12-12 09:00:00,30.3,4.144309728189243,0.0,26.1556902718108,367.73630562566,-4.263256414560601e-14,26.15569027181076
2025-12-12 10:00:00,29.88,5.56870818501579,0.0,24.3112918149842,343.425013810676,7.105427357601002e-15,24.31129181498421
2025-12-12 11:00:00,27.54,6.306031081898492,0.0,21.2339689181015,322.191044892575,7.105427357601002e-15,21.233968918101507
2025-12-12 12:00:00,26.22,6.306031081898492,0.0,19.9139689181015,302.277075974473,7.105427357601002e-15,19.913968918101506
2025-12-12 13:00:00,22.38,5.56870818501579,0.0,16.8112918149842,285.465784159489,7.105427357601002e-15,16.81129181498421
2025-12-12 14:00:00,23.4,4.144309728189243,0.0,19.2556902718108,266.210093887678,-4.263256414560601e-14,19.255690271810757
2025-12-12 15:00:00,25.26,2.129906112321835,0.0,23.1300938876782,243.08,-3.197442310920451e-14,23.130093887678168
2025-12-12 16:00:00,59.34,0.0,0.0,59.3400000000001,183.74,-9.947598300641403e-14,59.34
2025-12-12 17:00:00,62.28,0.0,0.0,62.28,121.46,0.0,62.28
2025-12-12 18:00:00,56.46,0.0,0.0,56.46,65.0,0.0,56.46
2025-12-12 19:00:00,55.02,0.0,0.0,0.0,65.0,55.02,55.02
2025-12-12 20:00:00,24.84,0.0,0.0,0.0,65.0,24.84,24.84
2025-12-12 21:00:00,21.78,0.0,0.0,0.0,65.0,21.78,21.78
2025-12-12 22:00:00,22.26,0.0,0.0,0.0,65.0,22.26,22.26
2025-12-12 23:00:00,20.94,0.0,0.0,0.0,65.0,20.94,20.94
2025-12-13 00:00:00,21.06,0.0,0.0,0.0,65.0,21.06,21.06
2025-12-13 01:00:00,21.78,0.0,0.0,0.0,65.0,21.78,21.78
2025-12-13 02:00:00,24.36,0.0,0.0,0.0,65.0,24.36,24.36
2025-12-13 03:00:00,36.96,0.0,0.0,0.0,65.0,36.96,36.96
2025-12-13 04:00:00,37.14,0.0,0.0,0.0,65.0,37.14,37.14
2025-12-13 05:00:00,30.96,0.0,0.0,0.0,65.0,30.96,30.96
2025-12-13 06:00:00,20.7,0.0,0.0,0.0,65.0,20.7,20.7
2025-12-13 07:00:00,21.84,0.0,0.0,0.0,65.0,21.84,21.84
2025-12-13 08:00:00,20.64,2.116559053649277,0.0,0.0,65.0,18.523440946350725,18.523440946350725
2025-12-13 09:00:00,21.12,4.1301013552844745,0.0,0.0,65.0,16.989898644715527,16.989898644715527
2025-12-13 10:00:00,24.0,5.553890770976692,0.0,0.0,65.0,18.446109229023307,18.446109229023307
2025-12-13 11:00:00,37.8,6.290898404969764,0.0,0.0,65.0,31.509101595030234,31.509101595030234
2025-12-13 12:00:00,37.86,6.290898404969764,0.0,0.0,65.0,31.569101595030236,31.569101595030236
2025-12-13 13:00:00,47.4,5.553890770976692,0.0,0.0,65.0,41.846109229023305,41.846109229023305
2025-12-13 14:00:00,48.72,4.1301013552844745,0.0,0.0,65.0,44.589898644715525,44.589898644715525
2025-12-13 15:00:00,54.6,2.116559053649277,0.0,0.0,65.0,52.483440946350726,52.483440946350726
2025-12-13 16:00:00,51.36,0.0,0.0,0.0,65.0,51.36,51.36
2025-12-13 17:00:00,33.18,0.0,0.0,0.0,65.0,33.18,33.18
2025-12-13 18:00:00,39.48,0.0,0.0,0.0,65.0,39.48,39.48
2025-12-13 19:00:00,41.22,0.0,0.0,0.0,65.0,41.22,41.22
2025-12-13 20:00:00,44.52,0.0,0.0,0.0,65.0,44.52,44.52
2025-12-13 21:00:00,36.72,0.0,0.0,0.0,65.0,36.72,36.72
2025-12-13 22:00:00,33.54,0.0,0.0,0.0,65.0,33.54,33.54
2025-12-13 23:00:00,27.42,0.0,0.0,0.0,65.0,27.42,27.42
2025-12-14 00:00:00,25.32,0.0,0.0,0.0,65.0,25.32,25.32
2025-12-14 01:00:00,24.24,0.0,0.0,0.0,65.0,24.24,24.24
2025-12-14 02:00:00,23.4,0.0,0.0,0.0,65.0,23.4,23.4
2025-12-14 03:00:00,22.56,0.0,0.0,0.0,65.0,22.56,22.56
2025-12-14 04:00:00,22.44,0.0,0.0,0.0,65.0,22.44,22.44
2025-12-14 05:00:00,22.5,0.0,0.0,0.0,65.0,22.5,22.5
2025-12-14 06:00:00,24.96,0.0,0.0,0.0,65.0,24.96,24.96
2025-12-14 07:00:00,23.76,0.0,0.0,0.0,65.0,23.76,23.76
2025-12-14 08:00:00,24.6,2.1048190872866783,0.0,0.0,65.0,22.495180912713323,22.495180912713323
2025-12-14 09:00:00,36.84,4.117602241245354,0.0,0.0,65.0,32.72239775875465,32.72239775875465
2025-12-14 10:00:00,38.34,5.54085485846758,0.0,0.0,65.0,32.79914514153242,32.79914514153242
2025-12-14 11:00:00,35.16,6.277584625125821,0.0,0.0,65.0,28.882415374874174,28.882415374874174
2025-12-14 12:00:00,30.54,6.277584625125821,0.0,0.0,65.0,24.262415374874177,24.262415374874177
2025-12-14 13:00:00,27.48,5.54085485846758,0.0,0.0,65.0,21.93914514153242,21.93914514153242
2025-12-14 14:00:00,25.5,4.117602241245354,0.0,0.0,65.0,21.382397758754646,21.382397758754646
2025-12-14 15:00:00,27.24,2.1048190872866783,0.0,0.0,65.0,25.13518091271332,25.13518091271332
2025-12-14 16:00:00,34.08,0.0,0.0,0.0,65.0,34.08,34.08
2025-12-14 17:00:00,23.52,0.0,0.0,0.0,65.0,23.52,23.52
2025-12-14 18:00:00,24.9,0.0,75.0,0.0,131.0,99.9,24.9
2025-12-14 19:00:00,23.16,0.0,19.6427055938861,0.0,148.28558092262,42.8027055938861,23.16
2025-12-14 20:00:00,22.98,0.0,0.0,0.0,148.28558092262,22.98,22.98
2025-12-14 21:00:00,23.52,0.0,0.0,0.0,148.28558092262,23.52,23.52
2025-12-14 22:00:00,22.44,0.0,0.0,0.0,148.28558092262,22.44,22.44
2025-12-14 23:00:00,22.74,0.0,0.0,0.0,148.28558092262,22.74,22.74
2025-12-15 00:00:00,22.62,0.0,0.0,0.0,148.28558092262,22.62,22.62
2025-12-15 01:00:00,22.92,0.0,0.0,0.0,148.28558092262,22.92,22.92
2025-12-15 02:00:00,22.86,0.0,0.0,0.0,148.28558092262,22.86,22.86
2025-12-15 03:00:00,23.28,0.0,75.0,0.0,214.28558092262,98.28,23.28
2025-12-15 04:00:00,22.44,0.0,75.0,0.0,280.28558092262,97.44,22.44
2025-12-15 05:00:00,22.98,0.0,75.0,0.0,346.28558092262,97.98,22.98
2025-12-15 06:00:00,22.62,0.0,75.0,0.0,412.28558092262,97.62,22.62
2025-12-15 07:00:00,22.26,0.0,0.0,22.26,390.02558092262,0.0,22.26
2025-12-15 08:00:00,26.88,2.0946903694768357,0.0,24.7853096305232,365.240271292097,-3.907985046680551e-14,24.785309630523162
2025-12-15 09:00:00,31.92,4.106817405149762,0.0,27.8131825948502,337.427088697246,3.907985046680551e-14,27.81318259485024
2025-12-15 10:00:00,31.44,5.529606076682874,0.0,25.9103939233171,311.516694773929,2.842170943040401e-14,25.910393923317127
2025-12-15 11:00:00,29.64,6.266095687380642,0.0,23.3739043126194,288.14279046131,-3.907985046680551e-14,23.37390431261936
2025-12-15 12:00:00,30.96,6.266095687380642,0.0,24.6939043126194,263.448886148691,-3.907985046680551e-14,24.69390431261936
2025-12-15 13:00:00,39.06,5.529606076682874,0.0,33.5303939233171,229.918492225373,2.842170943040401e-14,33.53039392331713
2025-12-15 14:00:00,35.88,4.106817405149762,0.0,31.7731825948503,198.145309630523,-6.039613253960852e-14,31.77318259485024
2025-12-15 15:00:00,36.78,2.0946903694768357,0.0,34.6853096305232,163.46,-3.552713678800501e-14,34.685309630523165
2025-12-15 16:00:00,33.36,0.0,0.0,33.36,130.1,0.0,33.36
2025-12-15 17:00:00,31.86,0.0,0.0,31.86,98.24,0.0,31.86
2025-12-15 18:00:00,33.24,0.0,0.0,33.24,65.0,0.0,33.24
2025-12-15 19:00:00,34.92,0.0,75.0,0.0,131.0,109.92,34.92
2025-12-15 20:00:00,46.02,0.0,71.82,0.0,194.2016,117.84,46.02
2025-12-15 21:00:00,46.8,0.0,2.58792350954591,0.0,196.4789726884,49.38792350954591,46.8
2025-12-15 22:00:00,31.62,0.0,0.0,0.0,196.4789726884,31.62,31.62
2025-12-15 23:00:00,27.06,0.0,0.0,0.0,196.4789726884,27.06,27.06
2025-12-16 00:00:00,25.08,0.0,0.0,0.0,196.4789726884,25.08,25.08
2025-12-16 01:00:00,23.28,0.0,0.0,0.0,196.4789726884,23.28,23.28
2025-12-16 02:00:00,23.88,0.0,0.0,0.0,196.4789726884,23.88,23.88
2025-12-16 03:00:00,22.8,0.0,75.0,0.0,262.4789726884,97.8,22.8
2025-12-16 04:00:00,24.06,0.0,75.0,0.0,328.4789726884,99.06,24.06
2025-12-16 05:00:00,22.68,0.0,75.0,0.0,394.4789726884,97.68,22.68
2025-12-16 06:00:00,22.86,0.0,75.0,0.0,460.4789726884,97.86,22.86
2025-12-16 07:00:00,23.4,0.0,0.0,23.4,437.0789726884,0.0,23.4
2025-12-16 08:00:00,37.86,2.086176482141905,0.0,35.7738235178581,401.305149170542,-7.105427357601002e-15,35.77382351785809
2025-12-16 09:00:00,36.06,4.097751174392408,0.0,31.9622488256076,369.342900344935,-3.552713678800501e-15,31.962248825607595
2025-12-16 10:00:00,45.84,5.520149280145979,0.0,40.319850719854,329.023049625081,2.1316282072803006e-14,40.319850719854024
2025-12-16 11:00:00,48.06,6.256436719119524,0.0,41.8035632808805,287.2194863442,-2.1316282072803006e-14,41.80356328088048
2025-12-16 12:00:00,45.9,6.256436719119524,0.0,39.6435632808805,247.57592306332,-2.842170943040401e-14,39.64356328088047
2025-12-16 13:00:00,42.72,5.520149280145979,0.0,37.1998507198541,210.376072343466,-7.815970093361102e-14,37.19985071985402
2025-12-16 14:00:00,39.24,4.097751174392408,0.0,35.1422488256076,175.233823517858,-7.105427357601002e-15,35.142248825607595
2025-12-16 15:00:00,39.54,2.086176482141905,0.0,37.4538235178581,137.78,0.0,37.4538235178581
2025-12-16 16:00:00,26.76,0.0,0.0,26.76,111.02,0.0,26.76
2025-12-16 17:00:00,23.58,0.0,0.0,23.58,87.44,0.0,23.58
2025-12-16 18:00:00,22.44,0.0,0.0,22.44,65.0,0.0,22.44
2025-12-16 19:00:00,23.76,0.0,75.0,0.0,131.0,98.76,23.76
2025-12-16 20:00:00,27.54,0.0,75.0,0.0,197.0,102.53999999999999,27.54
2025-12-16 21:00:00,31.32,0.0,47.6800268303011,0.0,238.958423610665,79.0000268303011,31.32
2025-12-16 22:00:00,51.54,0.0,0.0,0.0,238.958423610665,51.54,51.54
2025-12-16 23:00:00,42.66,0.0,0.0,0.0,238.958423610665,42.66,42.66
2025-12-17 00:00:00,40.92,0.0,0.0,0.0,238.958423610665,40.92,40.92
2025-12-17 01:00:00,40.68,0.0,0.0,0.0,238.958423610665,40.68,40.68
2025-12-17 02:00:00,35.28,0.0,75.0,0.0,304.958423610665,110.28,35.28
2025-12-17 03:00:00,21.78,0.0,75.0,0.0,370.958423610665,96.78,21.78
2025-12-17 04:00:00,23.52,0.0,75.0,0.0,436.958423610665,98.52,23.52
2025-12-17 05:00:00,22.02,0.0,75.0,0.0,502.958423610665,97.02,22.02
2025-12-17 06:00:00,33.9,0.0,75.0,0.0,568.958423610665,108.9,33.9
2025-12-17 07:00:00,39.54,0.0,0.0,39.54,529.418423610665,0.0,39.54
2025-12-17 08:00:00,41.52,2.07928043333171,0.0,39.4407195666683,489.977704043997,-7.105427357601002e-15,39.44071956666829
2025-12-17 09:00:00,48.54,4.090407184400474,0.0,44.4495928155995,445.528111228397,2.1316282072803006e-14,44.44959281559952
2025-12-17 10:00:00,46.68,5.512488547906864,0.0,41.1675114520931,404.360599776304,3.552713678800501e-14,41.16751145209314
2025-12-17 11:00:00,45.78,6.248612029028494,0.0,39.5313879709715,364.829211805332,7.105427357601002e-15,39.53138797097151
2025-12-17 12:00:00,43.86,6.248612029028494,0.0,37.6113879709715,327.217823834361,7.105427357601002e-15,37.611387970971506
2025-12-17 13:00:00,40.5,5.512488547906864,0.0,34.9875114520931,292.230312382268,3.552713678800501e-14,34.98751145209314
2025-12-17 14:00:00,44.16,4.090407184400474,0.0,40.0695928155995,252.160719566668,2.1316282072803006e-14,40.06959281559952
2025-12-17 15:00:00,50.58,2.07928043333171,0.0,48.5007195666683,203.66,-1.4210854715202004e-14,48.50071956666829
2025-12-17 16:00:00,47.16,0.0,0.0,47.16,156.5,0.0,47.16
2025-12-17 17:00:00,47.16,0.0,0.0,47.16,109.34,0.0,47.16
2025-12-17 18:00:00,44.34,0.0,0.0,44.34,65.0,0.0,44.34
2025-12-17 19:00:00,53.4,0.0,64.44,0.0,121.7072,117.84,53.4
2025-12-17 20:00:00,60.9,0.0,56.94,0.0,171.8144,117.84,60.9
2025-12-17 21:00:00,62.7,0.0,55.0108060792965,0.0,220.223909349781,117.7108060792965,62.7
2025-12-17 22:00:00,58.86,0.0,0.0,0.0,220.223909349781,58.86,58.86
2025-12-17 23:00:00,47.7,0.0,0.0,0.0,220.223909349781,47.7,47.7
2025-12-18 00:00:00,39.42,0.0,0.0,0.0,220.223909349781,39.42,39.42
2025-12-18 01:00:00,24.54,0.0,0.0,0.0,220.223909349781,24.54,24.54
2025-12-18 02:00:00,22.68,0.0,0.0,0.0,220.223909349781,22.68,22.68
2025-12-18 03:00:00,22.92,0.0,75.0,0.0,286.223909349781,97.92,22.92
2025-12-18 04:00:00,38.22,0.0,75.0,0.0,352.223909349781,113.22,38.22
2025-12-18 05:00:00,38.82,0.0,75.0,0.0,418.223909349781,113.82,38.82
2025-12-18 06:00:00,37.8,0.0,75.0,0.0,484.223909349781,112.8,37.8
2025-12-18 07:00:00,34.56,0.0,0.0,34.56,449.663909349781,0.0,34.56
2025-12-18 08:00:00,23.22,2.074004657613481,0.0,21.1459953423865,428.517914007394,1.7763568394002505e-14,21.145995342386517
2025-12-18 09:00:00,22.26,4.084788378407673,0.0,18.1752116215923,410.342702385802,2.842170943040401e-14,18.17521162159233
2025-12-18 10:00:00,24.66,5.506627182880765,0.0,19.1533728171192,391.189329568683,3.197442310920451e-14,19.153372817119234
2025-12-18 11:00:00,38.28,6.242625106207634,0.0,32.0373748937924,359.15195467489,-3.552713678800501e-14,32.03737489379237
2025-12-18 12:00:00,38.76,6.242625106207634,0.0,32.5173748937924,326.634579781098,-3.552713678800501e-14,32.517374893792365
2025-12-18 13:00:00,39.42,5.506627182880765,0.0,33.9133728171192,292.721206963979,3.552713678800501e-14,33.91337281711924
2025-12-18 14:00:00,38.7,4.084788378407673,0.0,34.6152116215923,258.105995342387,2.842170943040401e-14,34.61521162159233
2025-12-18 15:00:00,38.76,2.074004657613481,0.0,36.6859953423865,221.42,2.1316282072803006e-14,36.68599534238652
2025-12-18 16:00:00,48.72,0.0,0.0,48.72,172.7,0.0,48.72
2025-12-18 17:00:00,53.94,0.0,0.0,53.94,118.76,0.0,53.94
2025-12-18 18:00:00,53.76,0.0,0.0,53.76,65.0,0.0,53.76
2025-12-18 19:00:00,47.22,0.0,0.0,0.0,65.0,47.22,47.22
2025-12-18 20:00:00,43.32,0.0,74.52,0.0,130.5776,117.84,43.32
2025-12-18 21:00:00,42.3,0.0,75.0,0.0,196.5776,117.3,42.3
2025-12-18 22:00:00,39.66,0.0,18.7247855580471,0.0,213.055411291081,58.3847855580471,39.66
2025-12-18 23:00:00,40.62,0.0,0.0,0.0,213.055411291081,40.62,40.62
2025-12-19 00:00:00,39.54,0.0,0.0,0.0,213.055411291081,39.54,39.54
2025-12-19 01:00:00,40.68,0.0,0.0,0.0,213.055411291081,40.68,40.68
2025-12-19 02:00:00,39.6,0.0,0.0,0.0,213.055411291081,39.6,39.6
2025-12-19 03:00:00,38.94,0.0,75.0,0.0,279.055411291081,113.94,38.94
2025-12-19 04:00:00,38.34,0.0,75.0,0.0,345.055411291081,113.34,38.34
2025-12-19 05:00:00,38.16,0.0,75.0,0.0,411.055411291081,113.16,38.16
2025-12-19 06:00:00,37.62,0.0,75.0,0.0,477.055411291081,112.62,37.62
2025-12-19 07:00:00,37.8,0.0,0.0,37.8,439.255411291081,0.0,37.8
2025-12-19 08:00:00,37.32,2.070351016396183,0.0,35.2496489836038,404.005762307478,2.1316282072803006e-14,35.24964898360382
2025-12-19 09:00:00,38.16,4.080897007279976,0.0,34.07910299272,369.926659314758,2.1316282072803006e-14,34.079102992720024
2025-12-19 10:00:00,38.16,5.502567711321332,0.0,32.6574322886787,337.269227026079,-3.552713678800501e-14,32.65743228867866
2025-12-19 11:00:00,31.02,6.238478619461756,0.0,24.7815213805382,312.487705645541,4.263256414560601e-14,24.781521380538244
2025-12-19 12:00:00,22.02,6.238478619461756,0.0,15.7815213805382,296.706184265002,4.440892098500626e-14,15.781521380538244
2025-12-19 13:00:00,26.28,5.502567711321332,0.0,20.7774322886786,275.928751976324,6.750155989720952e-14,20.777432288678668
2025-12-19 14:00:00,44.34,4.080897007279976,0.0,40.25910299272,235.669648983604,2.842170943040401e-14,40.25910299272003
2025-12-19 15:00:00,46.26,2.070351016396183,0.0,44.1896489836038,191.48,1.4210854715202004e-14,44.18964898360382
2025-12-19 16:00:00,52.5,0.0,0.0,52.5,138.98,0.0,52.5
2025-12-19 17:00:00,47.28,0.0,0.0,47.28,91.7,0.0,47.28
2025-12-19 18:00:00,26.7,0.0,0.0,26.7,65.0,0.0,26.7
2025-12-19 19:00:00,25.2,0.0,0.0,0.0,65.0,25.2,25.2
2025-12-19 20:00:00,24.96,0.0,0.0,0.0,65.0,24.96,24.96
2025-12-19 21:00:00,22.32,0.0,0.0,0.0,65.0,22.32,22.32
2025-12-19 22:00:00,22.8,0.0,0.0,0.0,65.0,22.8,22.8
2025-12-19 23:00:00,21.84,0.0,0.0,0.0,65.0,21.84,21.84
2025-12-20 00:00:00,24.84,0.0,0.0,0.0,65.0,24.84,24.84
2025-12-20 01:00:00,50.04,0.0,0.0,0.0,65.0,50.04,50.04
2025-12-20 02:00:00,52.68,0.0,0.0,0.0,65.0,52.68,52.68
2025-12-20 03:00:00,52.92,0.0,0.0,0.0,65.0,52.92,52.92
2025-12-20 04:00:00,53.22,0.0,0.0,0.0,65.0,53.22,53.22
2025-12-20 05:00:00,47.4,0.0,0.0,0.0,65.0,47.4,47.4
2025-12-20 06:00:00,31.44,0.0,0.0,0.0,65.0,31.44,31.44
2025-12-20 07:00:00,25.02,0.0,0.0,0.0,65.0,25.02,25.02
2025-12-20 08:00:00,24.48,2.068320798183884,0.0,0.0,65.0,22.411679201816117,22.411679201816117
2025-12-20 09:00:00,32.94,4.078734629387607,0.0,0.0,65.0,28.86126537061239,28.86126537061239
2025-12-20 10:00:00,40.2,5.500311882422989,0.0,0.0,65.0,34.69968811757701,34.69968811757701
2025-12-20 11:00:00,50.58,6.236174416763149,0.0,0.0,65.0,44.34382558323685,44.34382558323685
2025-12-20 12:00:00,66.42,6.236174416763149,0.0,0.0,65.0,60.18382558323685,60.18382558323685
2025-12-20 13:00:00,56.64,5.500311882422989,0.0,0.0,65.0,51.13968811757701,51.13968811757701
2025-12-20 14:00:00,56.88,4.078734629387607,0.0,0.0,65.0,52.8012653706124,52.8012653706124
2025-12-20 15:00:00,53.76,2.068320798183884,0.0,0.0,65.0,51.691679201816115,51.691679201816115
2025-12-20 16:00:00,50.28,0.0,0.0,0.0,65.0,50.28,50.28
2025-12-20 17:00:00,55.86,0.0,0.0,0.0,65.0,55.86,55.86
2025-12-20 18:00:00,55.44,0.0,0.0,0.0,65.0,55.44,55.44
2025-12-20 19:00:00,55.98,0.0,0.0,0.0,65.0,55.98,55.98
2025-12-20 20:00:00,54.36,0.0,0.0,0.0,65.0,54.36,54.36
2025-12-20 21:00:00,51.24,0.0,0.0,0.0,65.0,51.24,51.24
2025-12-20 22:00:00,44.64,0.0,0.0,0.0,65.0,44.64,44.64
2025-12-20 23:00:00,43.5,0.0,0.0,0.0,65.0,43.5,43.5
2025-12-21 00:00:00,46.92,0.0,0.0,0.0,65.0,46.92,46.92
2025-12-21 01:00:00,26.28,0.0,0.0,0.0,65.0,26.28,26.28
2025-12-21 02:00:00,22.38,0.0,0.0,0.0,65.0,22.38,22.38
2025-12-21 03:00:00,23.52,0.0,0.0,0.0,65.0,23.52,23.52
2025-12-21 04:00:00,22.62,0.0,0.0,0.0,65.0,22.62,22.62
2025-12-21 05:00:00,22.08,0.0,0.0,0.0,65.0,22.08,22.08
2025-12-21 06:00:00,22.68,0.0,0.0,0.0,65.0,22.68,22.68
2025-12-21 07:00:00,22.8,0.0,0.0,0.0,65.0,22.8,22.8
2025-12-21 08:00:00,27.36,2.0679147187538764,0.0,0.0,65.0,25.292085281246123,25.292085281246123
2025-12-21 09:00:00,51.36,4.0783021105191,0.0,0.0,65.0,47.281697889480895,47.281697889480895
2025-12-21 10:00:00,54.78,5.499860668048225,0.0,0.0,65.0,49.28013933195177,49.28013933195177
2025-12-21 11:00:00,60.96,6.235713524882233,0.0,0.0,65.0,54.724286475117765,54.724286475117765
2025-12-21 12:00:00,60.42,6.235713524882233,0.0,0.0,65.0,54.184286475117766,54.184286475117766
2025-12-21 13:00:00,27.48,5.499860668048225,0.0,0.0,65.0,21.980139331951776,21.980139331951776
2025-12-21 14:00:00,25.26,4.0783021105191,0.0,0.0,65.0,21.1816978894809,21.1816978894809
2025-12-21 15:00:00,25.38,2.0679147187538764,0.0,0.0,65.0,23.312085281246123,23.312085281246123
2025-12-21 16:00:00,21.84,0.0,0.0,0.0,65.0,21.84,21.84
2025-12-21 17:00:00,22.8,0.0,75.0,0.0,131.0,97.8,22.8
2025-12-21 18:00:00,33.06,0.0,75.0,0.0,197.0,108.06,33.06
2025-12-21 19:00:00,39.54,0.0,32.5067205526105,0.0,225.605914086297,72.04672055261051,39.54
2025-12-21 20:00:00,37.02,0.0,0.0,0.0,225.605914086297,37.02,37.02
2025-12-21 21:00:00,22.08,0.0,0.0,0.0,225.605914086297,22.08,22.08
2025-12-21 22:00:00,22.14,0.0,0.0,0.0,225.605914086297,22.14,22.14
2025-12-21 23:00:00,23.76,0.0,0.0,0.0,225.605914086297,23.76,23.76
2025-12-22 00:00:00,22.32,0.0,0.0,0.0,225.605914086297,22.32,22.32
2025-12-22 01:00:00,22.02,0.0,0.0,0.0,225.605914086297,22.02,22.02
2025-12-22 02:00:00,22.44,0.0,0.0,0.0,225.605914086297,22.44,22.44
2025-12-22 03:00:00,22.92,0.0,75.0,0.0,291.605914086297,97.92,22.92
2025-12-22 04:00:00,23.22,0.0,75.0,0.0,357.605914086297,98.22,23.22
2025-12-22 05:00:00,22.2,0.0,75.0,0.0,423.605914086297,97.2,22.2
2025-12-22 06:00:00,22.5,0.0,75.0,0.0,489.605914086297,97.5,22.5
2025-12-22 07:00:00,22.56,0.0,0.0,22.56,467.045914086297,0.0,22.56
2025-12-22 08:00:00,42.96,2.069132921256603,0.0,40.8908670787434,426.155047007554,0.0,40.8908670787434
2025-12-22 09:00:00,47.46,4.079599623834475,0.0,43.3804003761655,382.774646631388,2.842170943040401e-14,43.380400376165525
2025-12-22 10:00:00,45.42,5.5012142625770455,0.0,39.918785737423,342.855860893965,-4.263256414560601e-14,39.91878573742296
2025-12-22 11:00:00,38.1,6.237096149183281,0.0,31.8629038508167,310.992957043149,2.1316282072803006e-14,31.86290385081672
2025-12-22 12:00:00,29.52,6.237096149183281,0.0,23.2829038508167,287.710053192332,1.7763568394002505e-14,23.28290385081672
2025-12-22 13:00:00,44.58,5.5012142625770455,0.0,39.078785737423,248.631267454909,-4.263256414560601e-14,39.078785737422955
2025-12-22 14:00:00,38.16,4.079599623834475,0.0,34.0804003761656,214.550867078743,-7.815970093361102e-14,34.08040037616552
2025-12-22 15:00:00,37.62,2.069132921256603,0.0,35.5508670787434,179.0,-7.105427357601002e-15,35.550867078743394
2025-12-22 16:00:00,37.38,0.0,0.0,37.38,141.62,0.0,37.38
2025-12-22 17:00:00,39.18,0.0,0.0,39.18,102.44,0.0,39.18
2025-12-22 18:00:00,37.44,0.0,0.0,37.44,65.0,0.0,37.44
2025-12-22 19:00:00,46.62,0.0,71.2200000000001,0.0,127.6736,117.84000000000009,46.62
2025-12-22 20:00:00,48.3,0.0,69.54,0.0,188.8688,117.84,48.3
2025-12-22 21:00:00,45.06,0.0,72.7800000000001,0.0,252.9152,117.8400000000001,45.06
2025-12-22 22:00:00,49.38,0.0,31.6661468578359,0.0,280.781409234896,81.04614685783591,49.38
2025-12-22 23:00:00,56.82,0.0,0.0,0.0,280.781409234896,56.82,56.82
2025-12-23 00:00:00,55.98,0.0,0.0,0.0,280.781409234896,55.98,55.98
2025-12-23 01:00:00,41.04,0.0,0.0,0.0,280.781409234896,41.04,41.04
2025-12-23 02:00:00,37.62,0.0,0.0,0.0,280.781409234896,37.62,37.62
2025-12-23 03:00:00,38.64,0.0,75.0,0.0,346.781409234896,113.64,38.64
2025-12-23 04:00:00,38.64,0.0,75.0,0.0,412.781409234896,113.64,38.64
2025-12-23 05:00:00,35.58,0.0,75.0,0.0,478.781409234896,110.58,35.58
2025-12-23 06:00:00,21.84,0.0,75.0,0.0,544.781409234896,96.84,21.84
2025-12-23 07:00:00,21.72,0.0,0.0,21.72,523.061409234896,0.0,21.72
2025-12-23 08:00:00,24.42,2.071974976235715,0.0,22.3480250237643,500.713384211131,-1.4210854715202004e-14,22.348025023764286
2025-12-23 09:00:00,52.38,4.082626649855973,0.0,48.297373350144,452.416010860987,2.842170943040401e-14,48.29737335014403
2025-12-23 10:00:00,47.16,5.504372082876938,0.0,41.6556279171231,410.760382943864,-4.263256414560601e-14,41.655627917123056
2025-12-23 11:00:00,46.62,6.240321673583649,0.0,40.3796783264163,370.380704617448,4.973799150320701e-14,40.37967832641635
2025-12-23 12:00:00,46.92,6.240321673583649,0.0,40.6796783264164,329.701026291032,-4.973799150320701e-14,40.67967832641635
2025-12-23 13:00:00,47.94,5.504372082876938,0.0,42.4356279171231,287.265398373908,-4.263256414560601e-14,42.43562791712306
2025-12-23 14:00:00,50.52,4.082626649855973,0.0,46.4373733501441,240.828025023764,-7.105427357601002e-14,46.43737335014403
2025-12-23 15:00:00,47.34,2.071974976235715,0.0,45.2680250237643,195.56,-1.4210854715202004e-14,45.26802502376429
2025-12-23 16:00:00,45.9,0.0,0.0,45.9000000000001,149.66,-9.947598300641403e-14,45.9
2025-12-23 17:00:00,42.24,0.0,0.0,42.24,107.42,0.0,42.24
2025-12-23 18:00:00,42.42,0.0,0.0,42.42,65.0,0.0,42.42
2025-12-23 19:00:00,42.54,0.0,75.0,0.0,131.0,117.53999999999999,42.54
2025-12-23 20:00:00,42.84,0.0,75.0,0.0,197.0,117.84,42.84
2025-12-23 21:00:00,39.96,0.0,40.2864616040021,0.0,232.452086211522,80.24646160400209,39.96
2025-12-23 22:00:00,39.78,0.0,0.0,0.0,232.452086211522,39.78,39.78
2025-12-23 23:00:00,40.32,0.0,0.0,0.0,232.452086211522,40.32,40.32
2025-12-24 00:00:00,39.54,0.0,0.0,0.0,232.452086211522,39.54,39.54
2025-12-24 01:00:00,43.14,0.0,0.0,0.0,232.452086211522,43.14,43.14
2025-12-24 02:00:00,40.26,0.0,0.0,0.0,232.452086211522,40.26,40.26
2025-12-24 03:00:00,39.96,0.0,75.0,0.0,298.452086211522,114.96000000000001,39.96
2025-12-24 04:00:00,31.14,0.0,75.0,0.0,364.452086211522,106.14,31.14
2025-12-24 05:00:00,20.88,0.0,75.0,0.0,430.452086211522,95.88,20.88
2025-12-24 06:00:00,2.34,0.0,75.0,0.0,496.452086211522,77.34,2.34
2025-12-24 07:00:00,0.0,0.0,0.0,0.0,496.452086211522,0.0,0.0
2025-12-24 08:00:00,0.0,2.076439881567968,2.07643988156797,0.0,498.279353307302,1.7763568394002505e-15,-2.076439881567968
2025-12-24 09:00:00,15.42,4.087381976495975,0.0,11.332618023504,486.946735283798,2.4868995751603507e-14,11.332618023504025
2025-12-24 10:00:00,39.42,5.509332768393048,0.0,33.910667231607,453.036068052191,-4.973799150320701e-14,33.91066723160695
2025-12-24 11:00:00,38.82,6.245388660676195,0.0,32.5746113393238,420.461456712867,7.105427357601002e-15,32.57461133932381
2025-12-24 12:00:00,38.88,6.245388660676195,0.0,32.6346113393238,387.826845373543,1.4210854715202004e-14,32.63461133932381
2025-12-24 13:00:00,55.74,5.509332768393048,0.0,50.230667231607,337.596178141936,-4.973799150320701e-14,50.23066723160695
2025-12-24 14:00:00,70.92,4.087381976495975,0.0,66.832618023504,270.763560118432,2.842170943040401e-14,66.83261802350403
2025-12-24 15:00:00,68.94,2.076439881567968,0.0,66.863560118432,203.9,2.842170943040401e-14,66.86356011843203
2025-12-24 16:00:00,55.26,0.0,0.0,55.26,148.64,0.0,55.26
2025-12-24 17:00:00,42.3,0.0,0.0,42.3,106.34,0.0,42.3
2025-12-24 18:00:00,41.34,0.0,0.0,41.34,65.0,0.0,41.34
2025-12-24 19:00:00,41.04,0.0,0.0,0.0,65.0,41.04,41.04
2025-12-24 20:00:00,39.06,0.0,0.0,0.0,65.0,39.06,39.06
2025-12-24 21:00:00,38.1,0.0,0.0,0.0,65.0,38.1,38.1
2025-12-24 22:00:00,27.84,0.0,0.0,0.0,65.0,27.84,27.84
2025-12-24 23:00:00,22.62,0.0,0.0,0.0,65.0,22.62,22.62
2025-12-25 00:00:00,21.96,0.0,0.0,0.0,65.0,21.96,21.96
2025-12-25 01:00:00,22.62,0.0,0.0,0.0,65.0,22.62,22.62
2025-12-25 02:00:00,33.66,0.0,0.0,0.0,65.0,33.66,33.66
2025-12-25 03:00:00,38.4,0.0,0.0,0.0,65.0,38.4,38.4
2025-12-25 04:00:00,38.52,0.0,0.0,0.0,65.0,38.52,38.52
2025-12-25 05:00:00,37.8,0.0,0.0,0.0,65.0,37.8,37.8
2025-12-25 06:00:00,27.72,0.0,0.0,0.0,65.0,27.72,27.72
2025-12-25 07:00:00,23.1,0.0,0.0,0.0,65.0,23.1,23.1
2025-12-25 08:00:00,21.66,2.0825260623239017,0.0,0.0,65.0,19.5774739376761,19.5774739376761
2025-12-25 09:00:00,25.08,4.093863699123093,0.0,0.0,65.0,20.986136300876908,20.986136300876908
2025-12-25 10:00:00,38.94,5.516094181359524,0.0,0.0,65.0,33.42390581864048,33.42390581864048
2025-12-25 11:00:00,39.3,6.252294852015787,0.0,0.0,65.0,33.04770514798421,33.04770514798421
2025-12-25 12:00:00,38.82,6.252294852015787,0.0,0.0,65.0,32.56770514798421,32.56770514798421
2025-12-25 13:00:00,38.4,5.516094181359524,0.0,0.0,65.0,32.88390581864047,32.88390581864047
2025-12-25 14:00:00,38.1,4.093863699123093,0.0,0.0,65.0,34.00613630087691,34.00613630087691
2025-12-25 15:00:00,38.58,2.0825260623239017,0.0,0.0,65.0,36.4974739376761,36.4974739376761
2025-12-25 16:00:00,40.2,0.0,0.0,0.0,65.0,40.2,40.2
2025-12-25 17:00:00,38.58,0.0,0.0,0.0,65.0,38.58,38.58
2025-12-25 18:00:00,38.58,0.0,75.0,0.0,131.0,113.58,38.58
2025-12-25 19:00:00,38.7,0.0,75.0,0.0,197.0,113.7,38.7
2025-12-25 20:00:00,30.9,0.0,10.9591109842574,0.0,206.644017666147,41.8591109842574,30.9
2025-12-25 21:00:00,33.6,0.0,0.0,0.0,206.644017666147,33.6,33.6
2025-12-25 22:00:00,36.48,0.0,0.0,0.0,206.644017666147,36.48,36.48
2025-12-25 23:00:00,36.66,0.0,0.0,0.0,206.644017666147,36.66,36.66
2025-12-26 00:00:00,36.96,0.0,0.0,0.0,206.644017666147,36.96,36.96
2025-12-26 01:00:00,36.78,0.0,0.0,0.0,206.644017666147,36.78,36.78
2025-12-26 02:00:00,36.84,0.0,0.0,0.0,206.644017666147,36.84,36.84
2025-12-26 03:00:00,36.84,0.0,0.0,0.0,206.644017666147,36.84,36.84
2025-12-26 04:00:00,36.78,0.0,75.0,0.0,272.644017666147,111.78,36.78
2025-12-26 05:00:00,28.02,0.0,75.0,0.0,338.644017666147,103.02,28.02
2025-12-26 06:00:00,24.72,0.0,75.0,0.0,404.644017666147,99.72,24.72
2025-12-26 07:00:00,22.8,0.0,0.0,22.8,381.844017666146,0.0,22.8
2025-12-26 08:00:00,21.96,2.0902313705516304,0.0,19.8697686294484,361.974249036698,-3.197442310920451e-14,19.86976862944837
2025-12-26 09:00:00,22.8,4.102069220668702,0.0,18.6979307793313,343.276318257367,-3.552713678800501e-15,18.697930779331298
2025-12-26 10:00:00,21.72,5.524653407134246,0.0,16.1953465928658,327.080971664501,-4.618527782440651e-14,16.195346592865754
2025-12-26 11:00:00,23.22,6.261037168572163,0.0,16.9589628314278,310.122008833073,3.552713678800501e-14,16.958962831427836
2025-12-26 12:00:00,22.38,6.261037168572163,0.0,16.1189628314278,294.003046001645,3.552713678800501e-14,16.118962831427837
2025-12-26 13:00:00,22.62,5.524653407134246,0.0,17.0953465928658,276.90769940878,-4.263256414560601e-14,17.095346592865756
2025-12-26 14:00:00,38.46,4.102069220668702,0.0,34.3579307793313,242.549768629448,0.0,34.3579307793313
2025-12-26 15:00:00,49.26,2.0902313705516304,0.0,47.1697686294484,195.38,-2.842170943040401e-14,47.16976862944837
2025-12-26 16:00:00,47.82,0.0,0.0,47.82,147.56,0.0,47.82
2025-12-26 17:00:00,44.94,0.0,0.0,44.94,102.62,0.0,44.94
2025-12-26 18:00:00,37.62,0.0,0.0,37.62,65.0,0.0,37.62
2025-12-26 19:00:00,23.94,0.0,0.0,0.0,65.0,23.94,23.94
2025-12-26 20:00:00,22.32,0.0,0.0,0.0,65.0,22.32,22.32
2025-12-26 21:00:00,23.52,0.0,0.0,0.0,65.0,23.52,23.52
2025-12-26 22:00:00,22.68,0.0,0.0,0.0,65.0,22.68,22.68
2025-12-26 23:00:00,22.08,0.0,0.0,0.0,65.0,22.08,22.08
2025-12-27 00:00:00,23.1,0.0,0.0,0.0,65.0,23.1,23.1
2025-12-27 01:00:00,22.62,0.0,0.0,0.0,65.0,22.62,22.62
2025-12-27 02:00:00,22.08,0.0,0.0,0.0,65.0,22.08,22.08
2025-12-27 03:00:00,22.56,0.0,0.0,0.0,65.0,22.56,22.56
2025-12-27 04:00:00,22.8,0.0,0.0,0.0,65.0,22.8,22.8
2025-12-27 05:00:00,22.5,0.0,0.0,0.0,65.0,22.5,22.5
2025-12-27 06:00:00,22.02,0.0,0.0,0.0,65.0,22.02,22.02
2025-12-27 07:00:00,22.86,0.0,0.0,0.0,65.0,22.86,22.86
2025-12-27 08:00:00,22.38,2.099553084987409,0.0,0.0,65.0,20.28044691501259,20.28044691501259
2025-12-27 09:00:00,26.34,4.111995251777488,0.0,0.0,65.0,22.22800474822251,22.22800474822251
2025-12-27 10:00:00,39.66,5.535006754660504,0.0,0.0,65.0,34.124993245339496,34.124993245339496
2025-12-27 11:00:00,48.6,6.271611711352673,0.0,0.0,65.0,42.32838828864733,42.32838828864733
2025-12-27 12:00:00,49.86,6.271611711352673,0.0,0.0,65.0,43.58838828864732,43.58838828864732
2025-12-27 13:00:00,49.62,5.535006754660504,0.0,0.0,65.0,44.08499324533949,44.08499324533949
2025-12-27 14:00:00,47.22,4.111995251777488,0.0,0.0,65.0,43.10800474822251,43.10800474822251
2025-12-27 15:00:00,42.36,2.099553084987409,0.0,0.0,65.0,40.260446915012594,40.260446915012594
2025-12-27 16:00:00,42.42,0.0,0.0,0.0,65.0,42.42,42.42
2025-12-27 17:00:00,41.1,0.0,0.0,0.0,65.0,41.1,41.1
2025-12-27 18:00:00,41.58,0.0,0.0,0.0,65.0,41.58,41.58
2025-12-27 19:00:00,35.04,0.0,0.0,0.0,65.0,35.04,35.04
2025-12-27 20:00:00,22.32,0.0,0.0,0.0,65.0,22.32,22.32
2025-12-27 21:00:00,22.08,0.0,0.0,0.0,65.0,22.08,22.08
2025-12-27 22:00:00,22.68,0.0,0.0,0.0,65.0,22.68,22.68
2025-12-27 23:00:00,21.96,0.0,0.0,0.0,65.0,21.96,21.96
2025-12-28 00:00:00,22.32,0.0,0.0,0.0,65.0,22.32,22.32
2025-12-28 01:00:00,22.44,0.0,0.0,0.0,65.0,22.44,22.44
2025-12-28 02:00:00,22.26,0.0,0.0,0.0,65.0,22.26,22.26
2025-12-28 03:00:00,22.26,0.0,0.0,0.0,65.0,22.26,22.26
2025-12-28 04:00:00,28.56,0.0,0.0,0.0,65.0,28.56,28.56
2025-12-28 05:00:00,39.0,0.0,0.0,0.0,65.0,39.0,39.0
2025-12-28 06:00:00,38.22,0.0,0.0,0.0,65.0,38.22,38.22
2025-12-28 07:00:00,36.78,0.0,0.0,0.0,65.0,36.78,36.78
2025-12-28 08:00:00,21.66,2.110487910697797,0.0,0.0,65.0,19.549512089302205,19.549512089302205
2025-12-28 09:00:00,26.82,4.12363781100678,0.0,0.0,65.0,22.69636218899322,22.69636218899322
2025-12-28 10:00:00,29.94,5.547149757060286,0.0,0.0,65.0,24.392850242939716,24.392850242939716
2025-12-28 11:00:00,38.16,6.284013762199484,0.0,0.0,65.0,31.87598623780051,31.87598623780051
2025-12-28 12:00:00,41.28,6.284013762199484,0.0,0.0,65.0,34.995986237800516,34.995986237800516
2025-12-28 13:00:00,38.52,5.547149757060286,0.0,0.0,65.0,32.972850242939714,32.972850242939714
2025-12-28 14:00:00,37.98,4.12363781100678,0.0,0.0,65.0,33.85636218899322,33.85636218899322
2025-12-28 15:00:00,38.7,2.110487910697797,0.0,0.0,65.0,36.589512089302204,36.589512089302204
2025-12-28 16:00:00,37.62,0.0,0.0,0.0,65.0,37.62,37.62
2025-12-28 17:00:00,24.06,0.0,0.0,0.0,65.0,24.06,24.06
2025-12-28 18:00:00,22.02,0.0,75.0,0.0,131.0,97.02,22.02
2025-12-28 19:00:00,21.84,0.0,71.1833200889247,0.0,193.641321678254,93.0233200889247,21.84
2025-12-28 20:00:00,36.96,0.0,0.0,0.0,193.641321678254,36.96,36.96
2025-12-28 21:00:00,37.8,0.0,0.0,0.0,193.641321678254,37.8,37.8
2025-12-28 22:00:00,36.3,0.0,0.0,0.0,193.641321678254,36.3,36.3
2025-12-28 23:00:00,36.3,0.0,0.0,0.0,193.641321678254,36.3,36.3
2025-12-29 00:00:00,36.9,0.0,0.0,0.0,193.641321678254,36.9,36.9
2025-12-29 01:00:00,37.5,0.0,0.0,0.0,193.641321678254,37.5,37.5
2025-12-29 02:00:00,36.72,0.0,0.0,0.0,193.641321678254,36.72,36.72
2025-12-29 03:00:00,37.56,0.0,75.0,0.0,259.641321678254,112.56,37.56
2025-12-29 04:00:00,36.78,0.0,75.0,0.0,325.641321678254,111.78,36.78
2025-12-29 05:00:00,37.68,0.0,75.0,0.0,391.641321678254,112.68,37.68
2025-12-29 06:00:00,37.92,0.0,75.0,0.0,457.641321678254,112.92,37.92
2025-12-29 07:00:00,38.4,0.0,0.0,38.4,419.241321678254,0.0,38.4
2025-12-29 08:00:00,39.12,2.123031978659719,0.0,36.9969680213403,382.244353656913,-2.1316282072803006e-14,36.99696802134028
2025-12-29 09:00:00,38.22,4.1369922250808,0.0,34.0830077749192,348.161345881994,-7.105427357601002e-15,34.083007774919196
2025-12-29 10:00:00,32.76,5.561077172365272,0.0,27.1989228276347,320.962423054359,2.4868995751603507e-14,27.198922827634725
2025-12-29 11:00:00,21.3,6.298237784767356,0.0,15.0017622152326,305.960660839127,4.618527782440651e-14,15.001762215232645
2025-12-29 12:00:00,20.52,6.298237784767356,0.0,14.2217622152326,291.738898623894,4.440892098500626e-14,14.221762215232644
2025-12-29 13:00:00,20.76,5.561077172365272,0.0,15.1989228276347,276.539975796259,2.842170943040401e-14,15.198922827634728
2025-12-29 14:00:00,28.8,4.1369922250808,0.0,24.6630077749192,251.87696802134,0.0,24.6630077749192
2025-12-29 15:00:00,39.12,2.123031978659719,0.0,36.9969680213403,214.88,-2.1316282072803006e-14,36.99696802134028
2025-12-29 16:00:00,42.06,0.0,0.0,42.06,172.82,0.0,42.06
2025-12-29 17:00:00,54.36,0.0,0.0,54.36,118.46,0.0,54.36
2025-12-29 18:00:00,53.46,0.0,0.0,53.46,65.0,0.0,53.46
2025-12-29 19:00:00,36.72,0.0,75.0,0.0,131.0,111.72,36.72
2025-12-29 20:00:00,31.8,0.0,0.0,0.0,131.0,31.8,31.8
2025-12-29 21:00:00,21.3,0.0,0.0,0.0,131.0,21.3,21.3
2025-12-29 22:00:00,21.24,0.0,0.0,0.0,131.0,21.24,21.24
2025-12-29 23:00:00,21.54,0.0,0.0,0.0,131.0,21.54,21.54
2025-12-30 00:00:00,21.0,0.0,0.0,0.0,131.0,21.0,21.0
2025-12-30 01:00:00,21.72,0.0,0.0,0.0,131.0,21.72,21.72
2025-12-30 02:00:00,21.0,0.0,0.0,0.0,131.0,21.0,21.0
2025-12-30 03:00:00,20.88,0.0,75.0,0.0,197.0,95.88,20.88
2025-12-30 04:00:00,21.9,0.0,75.0,0.0,263.0,96.9,21.9
2025-12-30 05:00:00,21.6,0.0,75.0,0.0,329.0,96.6,21.6
2025-12-30 06:00:00,21.36,0.0,75.0,0.0,395.0,96.36,21.36
2025-12-30 07:00:00,21.18,0.0,0.0,21.18,373.82,0.0,21.18
2025-12-30 08:00:00,20.82,2.1371808452858074,0.0,18.6828191547142,355.137180845286,-7.105427357601002e-15,18.682819154714192
2025-12-30 09:00:00,20.88,4.152053129207084,0.0,16.7279468707929,338.409233974493,1.7763568394002505e-14,16.727946870792916
2025-12-30 10:00:00,21.9,5.576782984392644,0.0,16.3232170156074,322.086016958886,-4.618527782440651e-14,16.323217015607355
2025-12-30 11:00:00,21.3,6.314277425689004,0.0,14.985722574311,307.100294384575,-1.7763568394002505e-15,14.985722574310998
2025-12-30 12:00:00,20.82,6.314277425689004,0.0,14.505722574311,292.594571810264,-1.7763568394002505e-15,14.505722574310997
2025-12-30 13:00:00,20.88,5.576782984392644,0.0,15.3032170156074,277.291354794656,-4.440892098500626e-14,15.303217015607355
2025-12-30 14:00:00,21.12,4.152053129207084,0.0,16.9679468707929,260.323407923863,1.7763568394002505e-14,16.967946870792918
2025-12-30 15:00:00,27.12,2.1371808452858074,0.0,24.9828191547143,235.340588769149,-1.0658141036401503e-13,24.982819154714193
2025-12-30 16:00:00,39.42,0.0,0.0,39.42,195.920588769149,0.0,39.42
2025-12-30 17:00:00,54.36,0.0,0.0,54.36,141.560588769149,0.0,54.36
2025-12-30 18:00:00,48.6,0.0,0.0,48.6,92.960588769149,0.0,48.6
2025-12-30 19:00:00,39.54,0.0,75.0,0.0,158.960588769149,114.53999999999999,39.54
2025-12-30 20:00:00,30.18,0.0,53.2308539462442,0.0,205.803740241844,83.4108539462442,30.18
2025-12-30 21:00:00,27.0,0.0,0.0,0.0,205.803740241844,27.0,27.0
2025-12-30 22:00:00,23.88,0.0,0.0,0.0,205.803740241844,23.88,23.88
2025-12-30 23:00:00,22.44,0.0,0.0,0.0,205.803740241844,22.44,22.44
2025-12-31 00:00:00,23.52,0.0,0.0,0.0,205.803740241844,23.52,23.52
2025-12-31 01:00:00,22.5,0.0,0.0,0.0,205.803740241844,22.5,22.5
2025-12-31 02:00:00,22.74,0.0,0.0,0.0,205.803740241844,22.74,22.74
2025-12-31 03:00:00,23.46,0.0,0.0,0.0,205.803740241844,23.46,23.46
2025-12-31 04:00:00,22.08,0.0,75.0,0.0,271.803740241844,97.08,22.08
2025-12-31 05:00:00,22.56,0.0,75.0,0.0,337.803740241844,97.56,22.56
2025-12-31 06:00:00,23.46,0.0,75.0,0.0,403.803740241844,98.46000000000001,23.46
2025-12-31 07:00:00,22.14,0.0,0.0,22.14,381.663740241844,0.0,22.14
2025-12-31 08:00:00,21.96,2.152929491903773,0.0,19.8070705080962,361.856669733748,2.842170943040401e-14,19.807070508096228
2025-12-31 09:00:00,26.7,4.1688144674636645,0.0,22.5311855325363,339.325484201211,3.552713678800501e-14,22.531185532536334
2025-12-31 10:00:00,24.78,5.5942604037741415,0.0,19.1857395962259,320.139744604986,-4.263256414560601e-14,19.185739596225858
2025-12-31 11:00:00,23.1,6.332125515936435,0.0,16.7678744840636,303.371870120922,-3.552713678800501e-14,16.767874484063565
2025-12-31 12:00:00,22.02,6.332125515936435,0.0,15.6878744840636,287.683995636858,-3.730349362740526e-14,15.687874484063563
2025-12-31 13:00:00,38.46,5.5942604037741415,0.0,32.8657395962259,254.818256040633,-4.263256414560601e-14,32.86573959622586
2025-12-31 14:00:00,45.18,4.1688144674636645,0.0,41.0111855325362,213.807070508096,1.3500311979441904e-13,41.01118553253634
2025-12-31 15:00:00,45.6,2.152929491903773,0.0,43.4470705080963,170.36,-7.105427357601002e-14,43.44707050809623
2025-12-31 16:00:00,46.44,0.0,0.0,46.44,123.92,0.0,46.44
2025-12-31 17:00:00,31.8,0.0,0.0,31.8,92.12,0.0,31.8
2025-12-31 18:00:00,27.12,0.0,0.0,27.12,65.0,0.0,27.12
2025-12-31 19:00:00,25.02,0.0,70.4545454545455,0.0,127.0,95.47454545454549,25.02
2025-12-31 20:00:00,24.0,0.0,75.0,0.0,193.0,99.0,24.0
2025-12-31 21:00:00,22.32,0.0,75.0,0.0,259.0,97.32,22.32
2025-12-31 22:00:00,22.74,0.0,75.0,0.0,325.0,97.74,22.74
2025-12-31 23:00:00,22.26,0.0,0.0,0.0,325.0,22.26,22.26
