Date/Time,Electricity:Facility [kW](Hourly)
 01/01  00:00:00,53.76
 01/01  01:00:00,52.98
 01/01  02:00:00,53.1
 01/01  03:00:00,53.04
 01/01  04:00:00,52.68
 01/01  05:00:00,53.76
 01/01  06:00:00,51.96
 01/01  07:00:00,52.38
 01/01  08:00:00,52.8
 01/01  09:00:00,52.92
 01/01  10:00:00,58.56
 01/01  11:00:00,53.76
 01/01  12:00:00,53.58
 01/01  13:00:00,54.54
 01/01  14:00:00,54.3
 01/01  15:00:00,54.54
 01/01  16:00:00,56.88
 01/01  17:00:00,64.74
 01/01  18:00:00,65.88
 01/01  19:00:00,73.56
 01/01  20:00:00,73.5
 01/01  21:00:00,60.06
 01/01  22:00:00,53.82
 01/01  23:00:00,53.34
 01/02  00:00:00,51.42
 01/02  01:00:00,48.54
 01/02  02:00:00,51.54
 01/02  03:00:00,48.36
 01/02  04:00:00,48.0
 01/02  05:00:00,50.28
 01/02  06:00:00,46.44
 01/02  07:00:00,49.32
 01/02  08:00:00,47.4
 01/02  09:00:00,47.94
 01/02  10:00:00,48.48
 01/02  11:00:00,50.4
 01/02  12:00:00,50.34
 01/02  13:00:00,50.76
 01/02  14:00:00,48.36
 01/02  15:00:00,48.36
 01/02  16:00:00,47.52
 01/02  17:00:00,46.5
 01/02  18:00:00,46.5
 01/02  19:00:00,52.38
 01/02  20:00:00,50.22
 01/02  21:00:00,46.62
 01/02  22:00:00,46.74
 01/02  23:00:00,46.86
 01/03  00:00:00,46.62
 01/03  01:00:00,46.92
 01/03  02:00:00,46.68
 01/03  03:00:00,47.28
 01/03  04:00:00,46.98
 01/03  05:00:00,46.8
 01/03  06:00:00,46.56
 01/03  07:00:00,47.34
 01/03  08:00:00,54.48
 01/03  09:00:00,54.96
 01/03  10:00:00,52.02
 01/03  11:00:00,53.16
 01/03  12:00:00,54.18
 01/03  13:00:00,52.8
 01/03  14:00:00,51.36
 01/03  15:00:00,52.26
 01/03  16:00:00,60.96
 01/03  17:00:00,62.22
 01/03  18:00:00,53.1
 01/03  19:00:00,46.86
 01/03  20:00:00,46.74
 01/03  21:00:00,47.82
 01/03  22:00:00,46.8
 01/03  23:00:00,46.32
 01/04  00:00:00,46.74
 01/04  01:00:00,47.04
 01/04  02:00:00,46.62
 01/04  03:00:00,46.98
 01/04  04:00:00,46.44
 01/04  05:00:00,46.92
 01/04  06:00:00,46.92
 01/04  07:00:00,46.86
 01/04  08:00:00,46.5
 01/04  09:00:00,48.72
 01/04  10:00:00,49.74
 01/04  11:00:00,50.4
 01/04  12:00:00,69.48
 01/04  13:00:00,72.9
 01/04  14:00:00,73.62
 01/04  15:00:00,67.68
 01/04  16:00:00,67.08
 01/04  17:00:00,63.66
 01/04  18:00:00,71.82
 01/04  19:00:00,65.22
 01/04  20:00:00,53.4
 01/04  21:00:00,53.34
 01/04  22:00:00,48.96
 01/04  23:00:00,50.88
 01/05  00:00:00,60.36
 01/05  01:00:00,60.48
 01/05  02:00:00,60.78
 01/05  03:00:00,60.48
 01/05  04:00:00,60.54
 01/05  05:00:00,60.72
 01/05  06:00:00,58.86
 01/05  07:00:00,46.32
 01/05  08:00:00,48.06
 01/05  09:00:00,53.64
 01/05  10:00:00,57.84
 01/05  11:00:00,56.64
 01/05  12:00:00,49.62
 01/05  13:00:00,48.18
 01/05  14:00:00,47.34
 01/05  15:00:00,46.8
 01/05  16:00:00,46.86
 01/05  17:00:00,47.16
 01/05  18:00:00,47.04
 01/05  19:00:00,47.52
 01/05  20:00:00,47.4
 01/05  21:00:00,47.76
 01/05  22:00:00,47.16
 01/05  23:00:00,47.52
 01/06  00:00:00,47.4
 01/06  01:00:00,47.82
 01/06  02:00:00,48.18
 01/06  03:00:00,47.28
 01/06  04:00:00,47.64
 01/06  05:00:00,47.28
 01/06  06:00:00,47.7
 01/06  07:00:00,50.28
 01/06  08:00:00,50.76
 01/06  09:00:00,41.76
 01/06  10:00:00,31.68
 01/06  11:00:00,31.14
 01/06  12:00:00,40.92
 01/06  13:00:00,45.72
 01/06  14:00:00,45.0
 01/06  15:00:00,45.12
 01/06  16:00:00,44.52
 01/06  17:00:00,46.32
 01/06  18:00:00,58.26
 01/06  19:00:00,56.34
 01/06  20:00:00,57.54
 01/06  21:00:00,57.42
 01/06  22:00:00,50.28
 01/06  23:00:00,46.14
 01/07  00:00:00,45.66
 01/07  01:00:00,45.54
 01/07  02:00:00,45.54
 01/07  03:00:00,45.6
 01/07  04:00:00,45.36
 01/07  05:00:00,45.12
 01/07  06:00:00,43.5
 01/07  07:00:00,29.28
 01/07  08:00:00,29.58
 01/07  09:00:00,30.0
 01/07  10:00:00,45.12
 01/07  11:00:00,44.7
 01/07  12:00:00,43.98
 01/07  13:00:00,43.5
 01/07  14:00:00,44.1
 01/07  15:00:00,44.4
 01/07  16:00:00,46.2
 01/07  17:00:00,48.9
 01/07  18:00:00,53.64
 01/07  19:00:00,49.68
 01/07  20:00:00,54.06
 01/07  21:00:00,56.52
 01/07  22:00:00,57.66
 01/07  23:00:00,48.6
 01/08  00:00:00,45.48
 01/08  01:00:00,45.9
 01/08  02:00:00,45.42
 01/08  03:00:00,45.54
 01/08  04:00:00,45.78
 01/08  05:00:00,29.64
 01/08  06:00:00,29.4
 01/08  07:00:00,30.42
 01/08  08:00:00,30.36
 01/08  09:00:00,32.46
 01/08  10:00:00,44.22
 01/08  11:00:00,44.64
 01/08  12:00:00,45.12
 01/08  13:00:00,44.34
 01/08  14:00:00,43.8
 01/08  15:00:00,44.16
 01/08  16:00:00,43.62
 01/08  17:00:00,49.98
 01/08  18:00:00,49.86
 01/08  19:00:00,53.76
 01/08  20:00:00,71.22
 01/08  21:00:00,70.62
 01/08  22:00:00,66.84
 01/08  23:00:00,60.3
 01/09  00:00:00,60.12
 01/09  01:00:00,41.52
 01/09  02:00:00,41.58
 01/09  03:00:00,39.66
 01/09  04:00:00,32.46
 01/09  05:00:00,29.88
 01/09  06:00:00,41.82
 01/09  07:00:00,44.76
 01/09  08:00:00,45.06
 01/09  09:00:00,45.84
 01/09  10:00:00,45.3
 01/09  11:00:00,45.0
 01/09  12:00:00,44.82
 01/09  13:00:00,44.34
 01/09  14:00:00,44.1
 01/09  15:00:00,44.34
 01/09  16:00:00,42.96
 01/09  17:00:00,46.86
 01/09  18:00:00,46.02
 01/09  19:00:00,53.52
 01/09  20:00:00,53.46
 01/09  21:00:00,46.26
 01/09  22:00:00,43.08
 01/09  23:00:00,42.84
 01/10  00:00:00,42.78
 01/10  01:00:00,42.72
 01/10  02:00:00,32.94
 01/10  03:00:00,27.3
 01/10  04:00:00,27.66
 01/10  05:00:00,27.54
 01/10  06:00:00,27.78
 01/10  07:00:00,30.54
 01/10  08:00:00,32.88
 01/10  09:00:00,34.98
 01/10  10:00:00,54.54
 01/10  11:00:00,52.8
 01/10  12:00:00,53.64
 01/10  13:00:00,53.88
 01/10  14:00:00,50.4
 01/10  15:00:00,63.6
 01/10  16:00:00,67.86
 01/10  17:00:00,64.2
 01/10  18:00:00,51.42
 01/10  19:00:00,46.02
 01/10  20:00:00,45.72
 01/10  21:00:00,45.66
 01/10  22:00:00,45.6
 01/10  23:00:00,46.14
 01/11  00:00:00,45.48
 01/11  01:00:00,45.9
 01/11  02:00:00,46.32
 01/11  03:00:00,46.32
 01/11  04:00:00,45.84
 01/11  05:00:00,45.66
 01/11  06:00:00,45.66
 01/11  07:00:00,45.84
 01/11  08:00:00,45.78
 01/11  09:00:00,46.98
 01/11  10:00:00,47.7
 01/11  11:00:00,48.0
 01/11  12:00:00,47.58
 01/11  13:00:00,51.24
 01/11  14:00:00,61.2
 01/11  15:00:00,56.82
 01/11  16:00:00,52.56
 01/11  17:00:00,49.14
 01/11  18:00:00,53.04
 01/11  19:00:00,61.98
 01/11  20:00:00,61.26
 01/11  21:00:00,59.4
 01/11  22:00:00,54.12
 01/11  23:00:00,44.94
 01/12  00:00:00,44.64
 01/12  01:00:00,44.88
 01/12  02:00:00,45.18
 01/12  03:00:00,45.3
 01/12  04:00:00,45.36
 01/12  05:00:00,45.78
 01/12  06:00:00,45.78
 01/12  07:00:00,45.06
 01/12  08:00:00,47.16
 01/12  09:00:00,53.22
 01/12  10:00:00,58.26
 01/12  11:00:00,63.18
 01/12  12:00:00,71.76
 01/12  13:00:00,71.4
 01/12  14:00:00,64.2
 01/12  15:00:00,57.96
 01/12  16:00:00,52.92
 01/12  17:00:00,50.1
 01/12  18:00:00,55.38
 01/12  19:00:00,52.86
 01/12  20:00:00,53.16
 01/12  21:00:00,52.98
 01/12  22:00:00,53.1
 01/12  23:00:00,53.04
 01/13  00:00:00,53.4
 01/13  01:00:00,50.64
 01/13  02:00:00,51.0
 01/13  03:00:00,46.32
 01/13  04:00:00,47.4
 01/13  05:00:00,49.02
 01/13  06:00:00,48.48
 01/13  07:00:00,49.2
 01/13  08:00:00,49.38
 01/13  09:00:00,48.66
 01/13  10:00:00,48.6
 01/13  11:00:00,49.02
 01/13  12:00:00,48.84
 01/13  13:00:00,49.08
 01/13  14:00:00,48.9
 01/13  15:00:00,48.54
 01/13  16:00:00,47.7
 01/13  17:00:00,51.72
 01/13  18:00:00,51.84
 01/13  19:00:00,49.62
 01/13  20:00:00,55.62
 01/13  21:00:00,52.26
 01/13  22:00:00,53.64
 01/13  23:00:00,46.38
 01/14  00:00:00,45.12
 01/14  01:00:00,45.42
 01/14  02:00:00,45.72
 01/14  03:00:00,45.48
 01/14  04:00:00,45.48
 01/14  05:00:00,45.36
 01/14  06:00:00,46.14
 01/14  07:00:00,47.7
 01/14  08:00:00,44.94
 01/14  09:00:00,29.34
 01/14  10:00:00,29.76
 01/14  11:00:00,31.92
 01/14  12:00:00,46.08
 01/14  13:00:00,48.36
 01/14  14:00:00,50.58
 01/14  15:00:00,62.04
 01/14  16:00:00,58.92
 01/14  17:00:00,48.42
 01/14  18:00:00,47.58
 01/14  19:00:00,46.08
 01/14  20:00:00,56.76
 01/14  21:00:00,60.78
 01/14  22:00:00,61.92
 01/14  23:00:00,51.84
 01/15  00:00:00,45.72
 01/15  01:00:00,45.6
 01/15  02:00:00,45.3
 01/15  03:00:00,45.42
 01/15  04:00:00,40.38
 01/15  05:00:00,26.22
 01/15  06:00:00,27.0
 01/15  07:00:00,29.46
 01/15  08:00:00,40.14
 01/15  09:00:00,49.26
 01/15  10:00:00,47.82
 01/15  11:00:00,44.76
 01/15  12:00:00,45.9
 01/15  13:00:00,45.12
 01/15  14:00:00,46.2
 01/15  15:00:00,49.08
 01/15  16:00:00,43.5
 01/15  17:00:00,42.96
 01/15  18:00:00,43.02
 01/15  19:00:00,54.3
 01/15  20:00:00,64.62
 01/15  21:00:00,60.36
 01/15  22:00:00,53.04
 01/15  23:00:00,49.5
 01/16  00:00:00,47.88
 01/16  01:00:00,47.88
 01/16  02:00:00,47.16
 01/16  03:00:00,46.8
 01/16  04:00:00,47.16
 01/16  05:00:00,46.98
 01/16  06:00:00,44.82
 01/16  07:00:00,29.52
 01/16  08:00:00,30.36
 01/16  09:00:00,29.64
 01/16  10:00:00,42.96
 01/16  11:00:00,44.76
 01/16  12:00:00,45.42
 01/16  13:00:00,45.18
 01/16  14:00:00,45.3
 01/16  15:00:00,45.12
 01/16  16:00:00,43.98
 01/16  17:00:00,42.36
 01/16  18:00:00,41.76
 01/16  19:00:00,41.46
 01/16  20:00:00,41.88
 01/16  21:00:00,41.82
 01/16  22:00:00,42.54
 01/16  23:00:00,45.36
 01/17  00:00:00,45.06
 01/17  01:00:00,45.36
 01/17  02:00:00,45.66
 01/17  03:00:00,44.76
 01/17  04:00:00,45.54
 01/17  05:00:00,45.12
 01/17  06:00:00,45.3
 01/17  07:00:00,46.5
 01/17  08:00:00,47.46
 01/17  09:00:00,48.36
 01/17  10:00:00,48.0
 01/17  11:00:00,48.0
 01/17  12:00:00,48.42
 01/17  13:00:00,53.1
 01/17  14:00:00,59.04
 01/17  15:00:00,66.78
 01/17  16:00:00,72.18
 01/17  17:00:00,70.56
 01/17  18:00:00,66.0
 01/17  19:00:00,60.0
 01/17  20:00:00,52.44
 01/17  21:00:00,52.56
 01/17  22:00:00,50.34
 01/17  23:00:00,46.98
 01/18  00:00:00,48.36
 01/18  01:00:00,46.86
 01/18  02:00:00,48.12
 01/18  03:00:00,49.38
 01/18  04:00:00,48.36
 01/18  05:00:00,50.46
 01/18  06:00:00,49.08
 01/18  07:00:00,50.88
 01/18  08:00:00,49.32
 01/18  09:00:00,48.6
 01/18  10:00:00,50.94
 01/18  11:00:00,48.6
 01/18  12:00:00,51.96
 01/18  13:00:00,61.26
 01/18  14:00:00,64.44
 01/18  15:00:00,63.96
 01/18  16:00:00,64.74
 01/18  17:00:00,52.14
 01/18  18:00:00,48.3
 01/18  19:00:00,46.8
 01/18  20:00:00,46.14
 01/18  21:00:00,45.36
 01/18  22:00:00,45.0
 01/18  23:00:00,45.06
 01/19  00:00:00,45.18
 01/19  01:00:00,45.18
 01/19  02:00:00,45.0
 01/19  03:00:00,45.48
 01/19  04:00:00,44.94
 01/19  05:00:00,45.36
 01/19  06:00:00,45.36
 01/19  07:00:00,30.12
 01/19  08:00:00,28.86
 01/19  09:00:00,46.14
 01/19  10:00:00,52.86
 01/19  11:00:00,49.68
 01/19  12:00:00,48.0
 01/19  13:00:00,45.6
 01/19  14:00:00,46.5
 01/19  15:00:00,45.96
 01/19  16:00:00,45.84
 01/19  17:00:00,45.48
 01/19  18:00:00,50.46
 01/19  19:00:00,51.66
 01/19  20:00:00,52.44
 01/19  21:00:00,47.28
 01/19  22:00:00,45.42
 01/19  23:00:00,41.34
 01/20  00:00:00,27.18
 01/20  01:00:00,26.88
 01/20  02:00:00,27.3
 01/20  03:00:00,27.18
 01/20  04:00:00,33.0
 01/20  05:00:00,43.2
 01/20  06:00:00,43.26
 01/20  07:00:00,45.84
 01/20  08:00:00,46.92
 01/20  09:00:00,34.92
 01/20  10:00:00,30.66
 01/20  11:00:00,30.24
 01/20  12:00:00,29.82
 01/20  13:00:00,33.48
 01/20  14:00:00,50.16
 01/20  15:00:00,58.92
 01/20  16:00:00,52.26
 01/20  17:00:00,49.8
 01/20  18:00:00,47.82
 01/20  19:00:00,51.78
 01/20  20:00:00,61.92
 01/20  21:00:00,53.28
 01/20  22:00:00,37.56
 01/20  23:00:00,28.74
 01/21  00:00:00,28.44
 01/21  01:00:00,28.26
 01/21  02:00:00,27.78
 01/21  03:00:00,28.08
 01/21  04:00:00,28.32
 01/21  05:00:00,28.14
 01/21  06:00:00,28.68
 01/21  07:00:00,31.02
 01/21  08:00:00,33.0
 01/21  09:00:00,32.16
 01/21  10:00:00,32.1
 01/21  11:00:00,32.1
 01/21  12:00:00,41.4
 01/21  13:00:00,45.24
 01/21  14:00:00,47.64
 01/21  15:00:00,47.28
 01/21  16:00:00,44.58
 01/21  17:00:00,47.7
 01/21  18:00:00,51.36
 01/21  19:00:00,48.96
 01/21  20:00:00,54.42
 01/21  21:00:00,60.42
 01/21  22:00:00,59.22
 01/21  23:00:00,45.3
 01/22  00:00:00,32.28
 01/22  01:00:00,31.62
 01/22  02:00:00,31.86
 01/22  03:00:00,32.04
 01/22  04:00:00,32.04
 01/22  05:00:00,31.62
 01/22  06:00:00,32.28
 01/22  07:00:00,36.42
 01/22  08:00:00,33.72
 01/22  09:00:00,34.56
 01/22  10:00:00,34.86
 01/22  11:00:00,33.9
 01/22  12:00:00,33.96
 01/22  13:00:00,34.14
 01/22  14:00:00,33.84
 01/22  15:00:00,34.56
 01/22  16:00:00,32.16
 01/22  17:00:00,31.26
 01/22  18:00:00,45.84
 01/22  19:00:00,55.32
 01/22  20:00:00,61.26
 01/22  21:00:00,61.14
 01/22  22:00:00,53.94
 01/22  23:00:00,51.24
 01/23  00:00:00,39.42
 01/23  01:00:00,31.02
 01/23  02:00:00,31.26
 01/23  03:00:00,30.54
 01/23  04:00:00,30.48
 01/23  05:00:00,31.26
 01/23  06:00:00,42.78
 01/23  07:00:00,49.56
 01/23  08:00:00,48.9
 01/23  09:00:00,49.26
 01/23  10:00:00,48.72
 01/23  11:00:00,48.54
 01/23  12:00:00,48.12
 01/23  13:00:00,50.88
 01/23  14:00:00,51.78
 01/23  15:00:00,51.12
 01/23  16:00:00,49.8
 01/23  17:00:00,49.14
 01/23  18:00:00,58.86
 01/23  19:00:00,58.14
 01/23  20:00:00,52.8
 01/23  21:00:00,57.72
 01/23  22:00:00,56.88
 01/23  23:00:00,50.82
 01/24  00:00:00,48.6
 01/24  01:00:00,48.12
 01/24  02:00:00,48.6
 01/24  03:00:00,48.3
 01/24  04:00:00,48.36
 01/24  05:00:00,48.42
 01/24  06:00:00,39.48
 01/24  07:00:00,33.84
 01/24  08:00:00,33.72
 01/24  09:00:00,33.54
 01/24  10:00:00,39.48
 01/24  11:00:00,48.12
 01/24  12:00:00,47.7
 01/24  13:00:00,48.36
 01/24  14:00:00,47.82
 01/24  15:00:00,47.94
 01/24  16:00:00,46.02
 01/24  17:00:00,44.76
 01/24  18:00:00,44.46
 01/24  19:00:00,45.24
 01/24  20:00:00,44.88
 01/24  21:00:00,44.88
 01/24  22:00:00,45.54
 01/24  23:00:00,44.76
 01/25  00:00:00,44.7
 01/25  01:00:00,45.06
 01/25  02:00:00,45.12
 01/25  03:00:00,44.82
 01/25  04:00:00,45.36
 01/25  05:00:00,45.3
 01/25  06:00:00,45.3
 01/25  07:00:00,45.48
 01/25  08:00:00,45.3
 01/25  09:00:00,36.6
 01/25  10:00:00,29.34
 01/25  11:00:00,29.16
 01/25  12:00:00,32.22
 01/25  13:00:00,61.56
 01/25  14:00:00,62.88
 01/25  15:00:00,73.56
 01/25  16:00:00,80.94
 01/25  17:00:00,67.02
 01/25  18:00:00,50.58
 01/25  19:00:00,52.14
 01/25  20:00:00,59.64
 01/25  21:00:00,54.48
 01/25  22:00:00,49.8
 01/25  23:00:00,47.7
 01/26  00:00:00,46.8
 01/26  01:00:00,46.44
 01/26  02:00:00,46.86
 01/26  03:00:00,46.68
 01/26  04:00:00,47.1
 01/26  05:00:00,46.98
 01/26  06:00:00,46.68
 01/26  07:00:00,46.14
 01/26  08:00:00,46.62
 01/26  09:00:00,50.22
 01/26  10:00:00,54.54
 01/26  11:00:00,51.12
 01/26  12:00:00,49.5
 01/26  13:00:00,51.06
 01/26  14:00:00,50.94
 01/26  15:00:00,54.18
 01/26  16:00:00,52.32
 01/26  17:00:00,47.76
 01/26  18:00:00,46.74
 01/26  19:00:00,46.74
 01/26  20:00:00,46.92
 01/26  21:00:00,46.38
 01/26  22:00:00,47.1
 01/26  23:00:00,46.8
 01/27  00:00:00,46.62
 01/27  01:00:00,47.1
 01/27  02:00:00,47.04
 01/27  03:00:00,47.1
 01/27  04:00:00,47.1
 01/27  05:00:00,46.8
 01/27  06:00:00,46.98
 01/27  07:00:00,47.64
 01/27  08:00:00,29.94
 01/27  09:00:00,29.76
 01/27  10:00:00,34.98
 01/27  11:00:00,44.64
 01/27  12:00:00,45.54
 01/27  13:00:00,53.7
 01/27  14:00:00,52.86
 01/27  15:00:00,54.48
 01/27  16:00:00,50.88
 01/27  17:00:00,55.8
 01/27  18:00:00,63.36
 01/27  19:00:00,67.8
 01/27  20:00:00,78.6
 01/27  21:00:00,75.42
 01/27  22:00:00,71.76
 01/27  23:00:00,61.86
 01/28  00:00:00,46.98
 01/28  01:00:00,48.06
 01/28  02:00:00,46.56
 01/28  03:00:00,46.38
 01/28  04:00:00,46.86
 01/28  05:00:00,46.44
 01/28  06:00:00,46.8
 01/28  07:00:00,49.5
 01/28  08:00:00,49.98
 01/28  09:00:00,50.34
 01/28  10:00:00,49.8
 01/28  11:00:00,49.98
 01/28  12:00:00,49.56
 01/28  13:00:00,48.9
 01/28  14:00:00,48.0
 01/28  15:00:00,49.02
 01/28  16:00:00,48.54
 01/28  17:00:00,52.44
 01/28  18:00:00,56.28
 01/28  19:00:00,54.42
 01/28  20:00:00,59.4
 01/28  21:00:00,64.98
 01/28  22:00:00,61.8
 01/28  23:00:00,54.9
 01/29  00:00:00,51.6
 01/29  01:00:00,53.46
 01/29  02:00:00,49.2
 01/29  03:00:00,53.04
 01/29  04:00:00,52.86
 01/29  05:00:00,49.74
 01/29  06:00:00,51.48
 01/29  07:00:00,54.24
 01/29  08:00:00,63.72
 01/29  09:00:00,63.54
 01/29  10:00:00,58.2
 01/29  11:00:00,57.78
 01/29  12:00:00,55.68
 01/29  13:00:00,55.26
 01/29  14:00:00,52.5
 01/29  15:00:00,51.3
 01/29  16:00:00,50.16
 01/29  17:00:00,49.8
 01/29  18:00:00,55.98
 01/29  19:00:00,57.9
 01/29  20:00:00,60.36
 01/29  21:00:00,60.66
 01/29  22:00:00,55.8
 01/29  23:00:00,50.64
 01/30  00:00:00,49.62
 01/30  01:00:00,49.98
 01/30  02:00:00,51.24
 01/30  03:00:00,51.48
 01/30  04:00:00,51.3
 01/30  05:00:00,42.3
 01/30  06:00:00,30.3
 01/30  07:00:00,30.78
 01/30  08:00:00,32.4
 01/30  09:00:00,41.04
 01/30  10:00:00,47.88
 01/30  11:00:00,47.82
 01/30  12:00:00,47.46
 01/30  13:00:00,47.88
 01/30  14:00:00,52.38
 01/30  15:00:00,57.06
 01/30  16:00:00,56.28
 01/30  17:00:00,54.3
 01/30  18:00:00,51.78
 01/30  19:00:00,69.54
 01/30  20:00:00,72.78
 01/30  21:00:00,72.66
 01/30  22:00:00,59.76
 01/30  23:00:00,47.76
 01/31  00:00:00,47.64
 01/31  01:00:00,48.06
 01/31  02:00:00,48.24
 01/31  03:00:00,47.04
 01/31  04:00:00,47.94
 01/31  05:00:00,47.52
 01/31  06:00:00,47.34
 01/31  07:00:00,50.52
 01/31  08:00:00,51.0
 01/31  09:00:00,49.62
 01/31  10:00:00,49.56
 01/31  11:00:00,49.92
 01/31  12:00:00,58.26
 01/31  13:00:00,68.58
 01/31  14:00:00,67.98
 01/31  15:00:00,64.08
 01/31  16:00:00,70.38
 01/31  17:00:00,70.5
 01/31  18:00:00,58.2
 01/31  19:00:00,54.96
 01/31  20:00:00,50.64
 01/31  21:00:00,47.82
 01/31  22:00:00,46.68
 01/31  23:00:00,47.16
 02/01  00:00:00,46.5
 02/01  01:00:00,46.8
 02/01  02:00:00,47.1
 02/01  03:00:00,47.16
 02/01  04:00:00,47.52
 02/01  05:00:00,45.96
 02/01  06:00:00,28.68
 02/01  07:00:00,29.04
 02/01  08:00:00,28.86
 02/01  09:00:00,28.98
 02/01  10:00:00,28.38
 02/01  11:00:00,42.66
 02/01  12:00:00,43.62
 02/01  13:00:00,45.54
 02/01  14:00:00,58.38
 02/01  15:00:00,66.42
 02/01  16:00:00,64.74
 02/01  17:00:00,55.44
 02/01  18:00:00,49.92
 02/01  19:00:00,49.26
 02/01  20:00:00,48.66
 02/01  21:00:00,47.28
 02/01  22:00:00,47.58
 02/01  23:00:00,38.88
 02/02  00:00:00,29.46
 02/02  01:00:00,29.22
 02/02  02:00:00,29.64
 02/02  03:00:00,29.28
 02/02  04:00:00,30.96
 02/02  05:00:00,44.4
 02/02  06:00:00,44.82
 02/02  07:00:00,44.28
 02/02  08:00:00,47.64
 02/02  09:00:00,56.7
 02/02  10:00:00,64.98
 02/02  11:00:00,56.46
 02/02  12:00:00,50.94
 02/02  13:00:00,52.86
 02/02  14:00:00,48.42
 02/02  15:00:00,47.4
 02/02  16:00:00,47.88
 02/02  17:00:00,47.58
 02/02  18:00:00,47.94
 02/02  19:00:00,48.18
 02/02  20:00:00,47.94
 02/02  21:00:00,47.94
 02/02  22:00:00,47.64
 02/02  23:00:00,47.88
 02/03  00:00:00,47.82
 02/03  01:00:00,47.94
 02/03  02:00:00,47.76
 02/03  03:00:00,47.52
 02/03  04:00:00,47.94
 02/03  05:00:00,47.52
 02/03  06:00:00,48.78
 02/03  07:00:00,50.52
 02/03  08:00:00,52.38
 02/03  09:00:00,52.2
 02/03  10:00:00,51.9
 02/03  11:00:00,51.96
 02/03  12:00:00,51.6
 02/03  13:00:00,51.24
 02/03  14:00:00,51.36
 02/03  15:00:00,52.5
 02/03  16:00:00,57.72
 02/03  17:00:00,51.9
 02/03  18:00:00,67.26
 02/03  19:00:00,68.88
 02/03  20:00:00,76.02
 02/03  21:00:00,74.28
 02/03  22:00:00,65.58
 02/03  23:00:00,55.92
 02/04  00:00:00,52.62
 02/04  01:00:00,48.12
 02/04  02:00:00,48.06
 02/04  03:00:00,48.06
 02/04  04:00:00,48.54
 02/04  05:00:00,47.7
 02/04  06:00:00,47.82
 02/04  07:00:00,50.82
 02/04  08:00:00,51.48
 02/04  09:00:00,51.24
 02/04  10:00:00,50.82
 02/04  11:00:00,52.92
 02/04  12:00:00,53.04
 02/04  13:00:00,54.18
 02/04  14:00:00,55.26
 02/04  15:00:00,54.18
 02/04  16:00:00,50.4
 02/04  17:00:00,53.04
 02/04  18:00:00,59.4
 02/04  19:00:00,51.9
 02/04  20:00:00,54.66
 02/04  21:00:00,57.54
 02/04  22:00:00,57.54
 02/04  23:00:00,51.42
 02/05  00:00:00,48.84
 02/05  01:00:00,48.54
 02/05  02:00:00,48.54
 02/05  03:00:00,48.78
 02/05  04:00:00,42.72
 02/05  05:00:00,31.14
 02/05  06:00:00,31.62
 02/05  07:00:00,36.96
 02/05  08:00:00,52.08
 02/05  09:00:00,54.24
 02/05  10:00:00,52.32
 02/05  11:00:00,50.46
 02/05  12:00:00,50.4
 02/05  13:00:00,54.48
 02/05  14:00:00,59.34
 02/05  15:00:00,59.58
 02/05  16:00:00,58.26
 02/05  17:00:00,51.96
 02/05  18:00:00,53.58
 02/05  19:00:00,64.32
 02/05  20:00:00,62.04
 02/05  21:00:00,59.1
 02/05  22:00:00,48.66
 02/05  23:00:00,47.22
 02/06  00:00:00,47.04
 02/06  01:00:00,46.98
 02/06  02:00:00,46.62
 02/06  03:00:00,46.74
 02/06  04:00:00,47.16
 02/06  05:00:00,46.5
 02/06  06:00:00,46.74
 02/06  07:00:00,49.74
 02/06  08:00:00,50.28
 02/06  09:00:00,50.1
 02/06  10:00:00,50.64
 02/06  11:00:00,49.44
 02/06  12:00:00,50.34
 02/06  13:00:00,50.16
 02/06  14:00:00,50.34
 02/06  15:00:00,50.52
 02/06  16:00:00,48.42
 02/06  17:00:00,48.3
 02/06  18:00:00,55.02
 02/06  19:00:00,57.78
 02/06  20:00:00,64.62
 02/06  21:00:00,62.94
 02/06  22:00:00,57.3
 02/06  23:00:00,50.52
 02/07  00:00:00,48.36
 02/07  01:00:00,48.24
 02/07  02:00:00,47.94
 02/07  03:00:00,48.84
 02/07  04:00:00,48.48
 02/07  05:00:00,48.24
 02/07  06:00:00,48.48
 02/07  07:00:00,49.44
 02/07  08:00:00,49.44
 02/07  09:00:00,49.08
 02/07  10:00:00,49.8
 02/07  11:00:00,49.44
 02/07  12:00:00,49.26
 02/07  13:00:00,51.78
 02/07  14:00:00,52.62
 02/07  15:00:00,57.96
 02/07  16:00:00,63.12
 02/07  17:00:00,55.8
 02/07  18:00:00,49.68
 02/07  19:00:00,49.5
 02/07  20:00:00,48.36
 02/07  21:00:00,48.42
 02/07  22:00:00,48.12
 02/07  23:00:00,48.3
 02/08  00:00:00,48.0
 02/08  01:00:00,48.66
 02/08  02:00:00,48.36
 02/08  03:00:00,48.42
 02/08  04:00:00,48.6
 02/08  05:00:00,34.44
 02/08  06:00:00,29.46
 02/08  07:00:00,29.58
 02/08  08:00:00,34.62
 02/08  09:00:00,44.94
 02/08  10:00:00,46.2
 02/08  11:00:00,67.08
 02/08  12:00:00,74.64
 02/08  13:00:00,72.84
 02/08  14:00:00,69.54
 02/08  15:00:00,63.12
 02/08  16:00:00,64.38
 02/08  17:00:00,55.56
 02/08  18:00:00,49.08
 02/08  19:00:00,49.32
 02/08  20:00:00,48.6
 02/08  21:00:00,47.28
 02/08  22:00:00,47.4
 02/08  23:00:00,47.46
 02/09  00:00:00,46.98
 02/09  01:00:00,47.04
 02/09  02:00:00,47.4
 02/09  03:00:00,47.46
 02/09  04:00:00,47.34
 02/09  05:00:00,47.52
 02/09  06:00:00,47.1
 02/09  07:00:00,46.62
 02/09  08:00:00,51.12
 02/09  09:00:00,56.16
 02/09  10:00:00,58.92
 02/09  11:00:00,59.04
 02/09  12:00:00,57.12
 02/09  13:00:00,54.66
 02/09  14:00:00,53.22
 02/09  15:00:00,53.04
 02/09  16:00:00,50.76
 02/09  17:00:00,48.48
 02/09  18:00:00,48.72
 02/09  19:00:00,48.9
 02/09  20:00:00,49.44
 02/09  21:00:00,48.9
 02/09  22:00:00,48.42
 02/09  23:00:00,48.54
 02/10  00:00:00,48.48
 02/10  01:00:00,48.54
 02/10  02:00:00,48.9
 02/10  03:00:00,48.36
 02/10  04:00:00,49.08
 02/10  05:00:00,48.42
 02/10  06:00:00,48.78
 02/10  07:00:00,51.3
 02/10  08:00:00,51.36
 02/10  09:00:00,52.26
 02/10  10:00:00,52.56
 02/10  11:00:00,52.44
 02/10  12:00:00,52.08
 02/10  13:00:00,52.68
 02/10  14:00:00,52.38
 02/10  15:00:00,51.78
 02/10  16:00:00,51.72
 02/10  17:00:00,52.62
 02/10  18:00:00,57.12
 02/10  19:00:00,55.02
 02/10  20:00:00,61.56
 02/10  21:00:00,61.86
 02/10  22:00:00,54.42
 02/10  23:00:00,52.02
 02/11  00:00:00,50.7
 02/11  01:00:00,50.88
 02/11  02:00:00,42.3
 02/11  03:00:00,32.22
 02/11  04:00:00,32.64
 02/11  05:00:00,31.86
 02/11  06:00:00,32.52
 02/11  07:00:00,48.54
 02/11  08:00:00,54.54
 02/11  09:00:00,54.48
 02/11  10:00:00,55.98
 02/11  11:00:00,55.68
 02/11  12:00:00,54.78
 02/11  13:00:00,53.1
 02/11  14:00:00,52.74
 02/11  15:00:00,54.0
 02/11  16:00:00,54.42
 02/11  17:00:00,52.26
 02/11  18:00:00,60.72
 02/11  19:00:00,61.92
 02/11  20:00:00,66.96
 02/11  21:00:00,64.56
 02/11  22:00:00,56.82
 02/11  23:00:00,50.46
 02/12  00:00:00,48.78
 02/12  01:00:00,48.78
 02/12  02:00:00,48.48
 02/12  03:00:00,48.3
 02/12  04:00:00,48.48
 02/12  05:00:00,48.42
 02/12  06:00:00,51.12
 02/12  07:00:00,35.7
 02/12  08:00:00,38.04
 02/12  09:00:00,51.36
 02/12  10:00:00,51.6
 02/12  11:00:00,50.1
 02/12  12:00:00,48.66
 02/12  13:00:00,47.58
 02/12  14:00:00,47.64
 02/12  15:00:00,47.16
 02/12  16:00:00,45.84
 02/12  17:00:00,44.34
 02/12  18:00:00,44.82
 02/12  19:00:00,44.64
 02/12  20:00:00,44.88
 02/12  21:00:00,44.94
 02/12  22:00:00,45.0
 02/12  23:00:00,44.64
 02/13  00:00:00,44.82
 02/13  01:00:00,45.36
 02/13  02:00:00,44.88
 02/13  03:00:00,45.18
 02/13  04:00:00,44.7
 02/13  05:00:00,45.48
 02/13  06:00:00,46.38
 02/13  07:00:00,47.46
 02/13  08:00:00,47.46
 02/13  09:00:00,47.46
 02/13  10:00:00,47.7
 02/13  11:00:00,48.06
 02/13  12:00:00,47.94
 02/13  13:00:00,47.46
 02/13  14:00:00,48.0
 02/13  15:00:00,50.4
 02/13  16:00:00,50.28
 02/13  17:00:00,48.18
 02/13  18:00:00,59.52
 02/13  19:00:00,63.3
 02/13  20:00:00,63.36
 02/13  21:00:00,63.42
 02/13  22:00:00,63.54
 02/13  23:00:00,63.54
 02/14  00:00:00,63.6
 02/14  01:00:00,53.52
 02/14  02:00:00,48.72
 02/14  03:00:00,48.9
 02/14  04:00:00,50.82
 02/14  05:00:00,50.46
 02/14  06:00:00,32.1
 02/14  07:00:00,32.76
 02/14  08:00:00,34.08
 02/14  09:00:00,37.62
 02/14  10:00:00,48.18
 02/14  11:00:00,48.06
 02/14  12:00:00,48.3
 02/14  13:00:00,59.7
 02/14  14:00:00,70.98
 02/14  15:00:00,70.08
 02/14  16:00:00,75.72
 02/14  17:00:00,67.92
 02/14  18:00:00,53.88
 02/14  19:00:00,49.2
 02/14  20:00:00,48.96
 02/14  21:00:00,48.9
 02/14  22:00:00,48.54
 02/14  23:00:00,48.84
 02/15  00:00:00,48.84
 02/15  01:00:00,48.72
 02/15  02:00:00,48.72
 02/15  03:00:00,48.78
 02/15  04:00:00,49.14
 02/15  05:00:00,36.0
 02/15  06:00:00,29.52
 02/15  07:00:00,30.84
 02/15  08:00:00,49.14
 02/15  09:00:00,51.3
 02/15  10:00:00,53.34
 02/15  11:00:00,58.26
 02/15  12:00:00,54.0
 02/15  13:00:00,50.7
 02/15  14:00:00,51.6
 02/15  15:00:00,50.34
 02/15  16:00:00,47.52
 02/15  17:00:00,46.98
 02/15  18:00:00,47.28
 02/15  19:00:00,48.3
 02/15  20:00:00,48.66
 02/15  21:00:00,48.12
 02/15  22:00:00,48.6
 02/15  23:00:00,48.12
 02/16  00:00:00,48.06
 02/16  01:00:00,48.84
 02/16  02:00:00,48.06
 02/16  03:00:00,48.36
 02/16  04:00:00,48.3
 02/16  05:00:00,49.8
 02/16  06:00:00,49.38
 02/16  07:00:00,48.36
 02/16  08:00:00,48.78
 02/16  09:00:00,47.82
 02/16  10:00:00,49.62
 02/16  11:00:00,55.8
 02/16  12:00:00,57.36
 02/16  13:00:00,57.54
 02/16  14:00:00,58.62
 02/16  15:00:00,61.26
 02/16  16:00:00,66.06
 02/16  17:00:00,66.3
 02/16  18:00:00,58.74
 02/16  19:00:00,56.1
 02/16  20:00:00,51.06
 02/16  21:00:00,49.56
 02/16  22:00:00,48.18
 02/16  23:00:00,48.54
 02/17  00:00:00,48.72
 02/17  01:00:00,34.62
 02/17  02:00:00,29.76
 02/17  03:00:00,29.4
 02/17  04:00:00,30.12
 02/17  05:00:00,42.0
 02/17  06:00:00,45.3
 02/17  07:00:00,44.94
 02/17  08:00:00,45.12
 02/17  09:00:00,45.12
 02/17  10:00:00,44.94
 02/17  11:00:00,44.7
 02/17  12:00:00,48.06
 02/17  13:00:00,55.14
 02/17  14:00:00,52.86
 02/17  15:00:00,52.2
 02/17  16:00:00,46.74
 02/17  17:00:00,45.48
 02/17  18:00:00,48.36
 02/17  19:00:00,58.02
 02/17  20:00:00,67.44
 02/17  21:00:00,65.82
 02/17  22:00:00,58.38
 02/17  23:00:00,52.98
 02/18  00:00:00,50.52
 02/18  01:00:00,41.58
 02/18  02:00:00,32.28
 02/18  03:00:00,32.04
 02/18  04:00:00,31.62
 02/18  05:00:00,31.68
 02/18  06:00:00,33.3
 02/18  07:00:00,34.38
 02/18  08:00:00,41.76
 02/18  09:00:00,49.92
 02/18  10:00:00,49.8
 02/18  11:00:00,48.78
 02/18  12:00:00,48.0
 02/18  13:00:00,48.54
 02/18  14:00:00,48.06
 02/18  15:00:00,48.36
 02/18  16:00:00,46.92
 02/18  17:00:00,50.1
 02/18  18:00:00,51.54
 02/18  19:00:00,52.56
 02/18  20:00:00,58.08
 02/18  21:00:00,60.42
 02/18  22:00:00,57.66
 02/18  23:00:00,52.92
 02/19  00:00:00,50.46
 02/19  01:00:00,49.8
 02/19  02:00:00,45.48
 02/19  03:00:00,30.9
 02/19  04:00:00,30.9
 02/19  05:00:00,30.54
 02/19  06:00:00,37.74
 02/19  07:00:00,48.0
 02/19  08:00:00,48.42
 02/19  09:00:00,48.66
 02/19  10:00:00,48.06
 02/19  11:00:00,48.36
 02/19  12:00:00,49.74
 02/19  13:00:00,49.02
 02/19  14:00:00,48.24
 02/19  15:00:00,48.42
 02/19  16:00:00,52.14
 02/19  17:00:00,63.66
 02/19  18:00:00,65.64
 02/19  19:00:00,61.98
 02/19  20:00:00,61.5
 02/19  21:00:00,61.5
 02/19  22:00:00,57.72
 02/19  23:00:00,51.96
 02/20  00:00:00,50.82
 02/20  01:00:00,51.6
 02/20  02:00:00,50.34
 02/20  03:00:00,50.34
 02/20  04:00:00,50.04
 02/20  05:00:00,46.32
 02/20  06:00:00,32.52
 02/20  07:00:00,32.94
 02/20  08:00:00,33.6
 02/20  09:00:00,40.98
 02/20  10:00:00,48.72
 02/20  11:00:00,48.42
 02/20  12:00:00,48.0
 02/20  13:00:00,48.06
 02/20  14:00:00,48.72
 02/20  15:00:00,49.86
 02/20  16:00:00,50.04
 02/20  17:00:00,55.86
 02/20  18:00:00,64.38
 02/20  19:00:00,61.5
 02/20  20:00:00,61.62
 02/20  21:00:00,55.56
 02/20  22:00:00,53.94
 02/20  23:00:00,49.56
 02/21  00:00:00,47.16
 02/21  01:00:00,47.28
 02/21  02:00:00,47.46
 02/21  03:00:00,31.14
 02/21  04:00:00,28.5
 02/21  05:00:00,28.68
 02/21  06:00:00,30.96
 02/21  07:00:00,42.72
 02/21  08:00:00,47.34
 02/21  09:00:00,47.64
 02/21  10:00:00,47.1
 02/21  11:00:00,47.34
 02/21  12:00:00,46.56
 02/21  13:00:00,50.22
 02/21  14:00:00,59.7
 02/21  15:00:00,71.7
 02/21  16:00:00,75.84
 02/21  17:00:00,70.8
 02/21  18:00:00,54.72
 02/21  19:00:00,49.14
 02/21  20:00:00,47.7
 02/21  21:00:00,48.36
 02/21  22:00:00,47.64
 02/21  23:00:00,47.52
 02/22  00:00:00,47.82
 02/22  01:00:00,48.06
 02/22  02:00:00,48.0
 02/22  03:00:00,35.34
 02/22  04:00:00,29.4
 02/22  05:00:00,30.96
 02/22  06:00:00,31.44
 02/22  07:00:00,29.28
 02/22  08:00:00,42.48
 02/22  09:00:00,44.52
 02/22  10:00:00,45.06
 02/22  11:00:00,44.4
 02/22  12:00:00,53.88
 02/22  13:00:00,74.28
 02/22  14:00:00,83.22
 02/22  15:00:00,85.92
 02/22  16:00:00,90.6
 02/22  17:00:00,72.78
 02/22  18:00:00,69.36
 02/22  19:00:00,71.16
 02/22  20:00:00,62.76
 02/22  21:00:00,51.36
 02/22  22:00:00,49.68
 02/22  23:00:00,48.6
 02/23  00:00:00,49.08
 02/23  01:00:00,47.28
 02/23  02:00:00,47.76
 02/23  03:00:00,47.52
 02/23  04:00:00,47.52
 02/23  05:00:00,47.94
 02/23  06:00:00,47.64
 02/23  07:00:00,47.16
 02/23  08:00:00,48.12
 02/23  09:00:00,63.3
 02/23  10:00:00,66.48
 02/23  11:00:00,65.94
 02/23  12:00:00,62.7
 02/23  13:00:00,58.68
 02/23  14:00:00,57.96
 02/23  15:00:00,57.9
 02/23  16:00:00,58.32
 02/23  17:00:00,56.04
 02/23  18:00:00,53.04
 02/23  19:00:00,49.68
 02/23  20:00:00,45.36
 02/23  21:00:00,45.66
 02/23  22:00:00,45.84
 02/23  23:00:00,45.48
 02/24  00:00:00,45.9
 02/24  01:00:00,45.6
 02/24  02:00:00,46.26
 02/24  03:00:00,45.6
 02/24  04:00:00,45.54
 02/24  05:00:00,45.66
 02/24  06:00:00,46.74
 02/24  07:00:00,48.12
 02/24  08:00:00,47.58
 02/24  09:00:00,46.86
 02/24  10:00:00,50.4
 02/24  11:00:00,57.18
 02/24  12:00:00,62.88
 02/24  13:00:00,62.82
 02/24  14:00:00,61.44
 02/24  15:00:00,62.22
 02/24  16:00:00,61.08
 02/24  17:00:00,59.58
 02/24  18:00:00,65.4
 02/24  19:00:00,69.72
 02/24  20:00:00,71.76
 02/24  21:00:00,72.9
 02/24  22:00:00,66.06
 02/24  23:00:00,61.8
 02/25  00:00:00,54.66
 02/25  01:00:00,52.38
 02/25  02:00:00,50.7
 02/25  03:00:00,51.78
 02/25  04:00:00,50.64
 02/25  05:00:00,49.32
 02/25  06:00:00,52.86
 02/25  07:00:00,52.74
 02/25  08:00:00,53.22
 02/25  09:00:00,55.38
 02/25  10:00:00,60.96
 02/25  11:00:00,62.94
 02/25  12:00:00,62.7
 02/25  13:00:00,61.86
 02/25  14:00:00,61.74
 02/25  15:00:00,61.68
 02/25  16:00:00,60.42
 02/25  17:00:00,60.48
 02/25  18:00:00,67.38
 02/25  19:00:00,64.5
 02/25  20:00:00,71.46
 02/25  21:00:00,72.36
 02/25  22:00:00,66.54
 02/25  23:00:00,63.84
 02/26  00:00:00,61.32
 02/26  01:00:00,59.7
 02/26  02:00:00,58.26
 02/26  03:00:00,51.42
 02/26  04:00:00,48.72
 02/26  05:00:00,45.24
 02/26  06:00:00,49.02
 02/26  07:00:00,47.58
 02/26  08:00:00,48.0
 02/26  09:00:00,53.22
 02/26  10:00:00,59.94
 02/26  11:00:00,62.46
 02/26  12:00:00,62.58
 02/26  13:00:00,61.86
 02/26  14:00:00,61.86
 02/26  15:00:00,61.08
 02/26  16:00:00,59.82
 02/26  17:00:00,59.76
 02/26  18:00:00,66.48
 02/26  19:00:00,64.86
 02/26  20:00:00,71.4
 02/26  21:00:00,71.28
 02/26  22:00:00,66.78
 02/26  23:00:00,61.38
 02/27  00:00:00,60.06
 02/27  01:00:00,59.82
 02/27  02:00:00,55.38
 02/27  03:00:00,50.88
 02/27  04:00:00,49.8
 02/27  05:00:00,48.18
 02/27  06:00:00,52.44
 02/27  07:00:00,52.8
 02/27  08:00:00,53.34
 02/27  09:00:00,53.88
 02/27  10:00:00,55.02
 02/27  11:00:00,56.82
 02/27  12:00:00,60.66
 02/27  13:00:00,62.64
 02/27  14:00:00,62.94
 02/27  15:00:00,61.92
 02/27  16:00:00,57.12
 02/27  17:00:00,54.78
 02/27  18:00:00,53.16
 02/27  19:00:00,52.38
 02/27  20:00:00,51.48
 02/27  21:00:00,51.0
 02/27  22:00:00,50.58
 02/27  23:00:00,51.24
 02/28  00:00:00,46.2
 02/28  01:00:00,46.68
 02/28  02:00:00,43.86
 02/28  03:00:00,43.8
 02/28  04:00:00,43.98
 02/28  05:00:00,44.4
 02/28  06:00:00,46.14
 02/28  07:00:00,47.82
 02/28  08:00:00,47.82
 02/28  09:00:00,49.56
 02/28  10:00:00,53.7
 02/28  11:00:00,55.5
 02/28  12:00:00,56.58
 02/28  13:00:00,55.74
 02/28  14:00:00,55.5
 02/28  15:00:00,65.28
 02/28  16:00:00,71.94
 02/28  17:00:00,69.78
 02/28  18:00:00,64.56
 02/28  19:00:00,62.28
 02/28  20:00:00,60.84
 02/28  21:00:00,55.5
 02/28  22:00:00,52.98
 02/28  23:00:00,52.32
 03/01  00:00:00,52.68
 03/01  01:00:00,51.06
 03/01  02:00:00,50.34
 03/01  03:00:00,45.36
 03/01  04:00:00,43.98
 03/01  05:00:00,43.68
 03/01  06:00:00,43.74
 03/01  07:00:00,44.1
 03/01  08:00:00,43.98
 03/01  09:00:00,46.26
 03/01  10:00:00,46.86
 03/01  11:00:00,46.68
 03/01  12:00:00,45.84
 03/01  13:00:00,44.22
 03/01  14:00:00,46.08
 03/01  15:00:00,53.82
 03/01  16:00:00,52.08
 03/01  17:00:00,48.6
 03/01  18:00:00,48.6
 03/01  19:00:00,48.78
 03/01  20:00:00,47.22
 03/01  21:00:00,46.44
 03/01  22:00:00,46.86
 03/01  23:00:00,46.86
 03/02  00:00:00,31.5
 03/02  01:00:00,28.14
 03/02  02:00:00,28.2
 03/02  03:00:00,28.8
 03/02  04:00:00,28.26
 03/02  05:00:00,28.62
 03/02  06:00:00,28.62
 03/02  07:00:00,28.56
 03/02  08:00:00,40.38
 03/02  09:00:00,67.92
 03/02  10:00:00,65.64
 03/02  11:00:00,59.16
 03/02  12:00:00,52.44
 03/02  13:00:00,53.04
 03/02  14:00:00,54.36
 03/02  15:00:00,54.54
 03/02  16:00:00,49.98
 03/02  17:00:00,47.52
 03/02  18:00:00,47.4
 03/02  19:00:00,47.94
 03/02  20:00:00,47.4
 03/02  21:00:00,47.94
 03/02  22:00:00,47.88
 03/02  23:00:00,47.64
 03/03  00:00:00,47.4
 03/03  01:00:00,48.12
 03/03  02:00:00,47.76
 03/03  03:00:00,47.76
 03/03  04:00:00,29.94
 03/03  05:00:00,29.22
 03/03  06:00:00,29.46
 03/03  07:00:00,36.9
 03/03  08:00:00,45.9
 03/03  09:00:00,46.02
 03/03  10:00:00,45.3
 03/03  11:00:00,48.0
 03/03  12:00:00,60.12
 03/03  13:00:00,64.02
 03/03  14:00:00,63.78
 03/03  15:00:00,63.6
 03/03  16:00:00,63.24
 03/03  17:00:00,62.52
 03/03  18:00:00,73.08
 03/03  19:00:00,73.26
 03/03  20:00:00,82.08
 03/03  21:00:00,81.36
 03/03  22:00:00,72.24
 03/03  23:00:00,59.76
 03/04  00:00:00,50.52
 03/04  01:00:00,47.52
 03/04  02:00:00,47.94
 03/04  03:00:00,47.46
 03/04  04:00:00,49.68
 03/04  05:00:00,51.3
 03/04  06:00:00,54.12
 03/04  07:00:00,54.42
 03/04  08:00:00,59.58
 03/04  09:00:00,70.56
 03/04  10:00:00,69.84
 03/04  11:00:00,70.02
 03/04  12:00:00,70.08
 03/04  13:00:00,67.02
 03/04  14:00:00,66.24
 03/04  15:00:00,67.92
 03/04  16:00:00,69.3
 03/04  17:00:00,68.34
 03/04  18:00:00,66.96
 03/04  19:00:00,65.64
 03/04  20:00:00,66.12
 03/04  21:00:00,72.3
 03/04  22:00:00,73.08
 03/04  23:00:00,66.9
 03/05  00:00:00,58.56
 03/05  01:00:00,56.76
 03/05  02:00:00,55.86
 03/05  03:00:00,54.78
 03/05  04:00:00,54.0
 03/05  05:00:00,53.94
 03/05  06:00:00,56.58
 03/05  07:00:00,61.74
 03/05  08:00:00,72.42
 03/05  09:00:00,73.02
 03/05  10:00:00,73.74
 03/05  11:00:00,67.56
 03/05  12:00:00,64.26
 03/05  13:00:00,64.14
 03/05  14:00:00,66.3
 03/05  15:00:00,72.54
 03/05  16:00:00,75.12
 03/05  17:00:00,70.86
 03/05  18:00:00,70.74
 03/05  19:00:00,75.24
 03/05  20:00:00,79.08
 03/05  21:00:00,79.38
 03/05  22:00:00,72.06
 03/05  23:00:00,68.64
 03/06  00:00:00,68.4
 03/06  01:00:00,68.04
 03/06  02:00:00,67.86
 03/06  03:00:00,67.68
 03/06  04:00:00,65.28
 03/06  05:00:00,59.76
 03/06  06:00:00,60.06
 03/06  07:00:00,53.76
 03/06  08:00:00,51.06
 03/06  09:00:00,54.12
 03/06  10:00:00,66.78
 03/06  11:00:00,61.74
 03/06  12:00:00,57.78
 03/06  13:00:00,55.56
 03/06  14:00:00,53.52
 03/06  15:00:00,53.82
 03/06  16:00:00,57.54
 03/06  17:00:00,71.7
 03/06  18:00:00,64.2
 03/06  19:00:00,57.72
 03/06  20:00:00,57.9
 03/06  21:00:00,57.36
 03/06  22:00:00,48.66
 03/06  23:00:00,46.86
 03/07  00:00:00,46.68
 03/07  01:00:00,45.9
 03/07  02:00:00,46.2
 03/07  03:00:00,45.84
 03/07  04:00:00,45.84
 03/07  05:00:00,45.78
 03/07  06:00:00,46.44
 03/07  07:00:00,50.82
 03/07  08:00:00,55.38
 03/07  09:00:00,58.8
 03/07  10:00:00,58.86
 03/07  11:00:00,63.72
 03/07  12:00:00,67.2
 03/07  13:00:00,66.48
 03/07  14:00:00,66.18
 03/07  15:00:00,65.7
 03/07  16:00:00,70.8
 03/07  17:00:00,71.16
 03/07  18:00:00,70.5
 03/07  19:00:00,61.08
 03/07  20:00:00,50.58
 03/07  21:00:00,47.52
 03/07  22:00:00,46.14
 03/07  23:00:00,46.5
 03/08  00:00:00,47.46
 03/08  01:00:00,48.0
 03/08  02:00:00,46.44
 03/08  03:00:00,46.38
 03/08  04:00:00,46.44
 03/08  05:00:00,46.5
 03/08  06:00:00,46.44
 03/08  07:00:00,46.56
 03/08  08:00:00,52.8
 03/08  09:00:00,54.36
 03/08  10:00:00,54.18
 03/08  11:00:00,56.7
 03/08  12:00:00,60.78
 03/08  13:00:00,63.42
 03/08  14:00:00,67.8
 03/08  15:00:00,69.36
 03/08  16:00:00,67.44
 03/08  17:00:00,62.4
 03/08  18:00:00,54.3
 03/08  19:00:00,48.54
 03/08  20:00:00,47.58
 03/08  21:00:00,51.24
 03/08  22:00:00,53.52
 03/08  23:00:00,50.58
 03/09  00:00:00,49.74
 03/09  01:00:00,48.3
 03/09  02:00:00,47.16
 03/09  03:00:00,46.86
 03/09  04:00:00,46.86
 03/09  05:00:00,47.16
 03/09  06:00:00,46.62
 03/09  07:00:00,46.86
 03/09  08:00:00,51.48
 03/09  09:00:00,54.48
 03/09  10:00:00,57.36
 03/09  11:00:00,60.06
 03/09  12:00:00,62.46
 03/09  13:00:00,65.7
 03/09  14:00:00,62.4
 03/09  15:00:00,61.68
 03/09  16:00:00,64.08
 03/09  17:00:00,76.02
 03/09  18:00:00,76.74
 03/09  19:00:00,76.68
 03/09  20:00:00,76.5
 03/09  21:00:00,77.16
 03/09  22:00:00,77.16
 03/09  23:00:00,76.5
 03/10  00:00:00,72.12
 03/10  01:00:00,64.02
 03/10  02:00:00,53.22
 03/10  03:00:00,54.0
 03/10  04:00:00,50.7
 03/10  05:00:00,49.56
 03/10  06:00:00,48.42
 03/10  07:00:00,52.02
 03/10  08:00:00,54.72
 03/10  09:00:00,58.5
 03/10  10:00:00,65.16
 03/10  11:00:00,65.04
 03/10  12:00:00,63.72
 03/10  13:00:00,63.72
 03/10  14:00:00,64.02
 03/10  15:00:00,63.12
 03/10  16:00:00,63.84
 03/10  17:00:00,65.22
 03/10  18:00:00,66.12
 03/10  19:00:00,72.66
 03/10  20:00:00,72.84
 03/10  21:00:00,68.82
 03/10  22:00:00,67.92
 03/10  23:00:00,65.76
 03/11  00:00:00,63.84
 03/11  01:00:00,63.06
 03/11  02:00:00,63.06
 03/11  03:00:00,63.6
 03/11  04:00:00,62.76
 03/11  05:00:00,63.0
 03/11  06:00:00,64.68
 03/11  07:00:00,64.86
 03/11  08:00:00,65.22
 03/11  09:00:00,67.14
 03/11  10:00:00,65.16
 03/11  11:00:00,64.74
 03/11  12:00:00,63.72
 03/11  13:00:00,62.82
 03/11  14:00:00,62.64
 03/11  15:00:00,63.0
 03/11  16:00:00,62.58
 03/11  17:00:00,65.34
 03/11  18:00:00,65.64
 03/11  19:00:00,72.96
 03/11  20:00:00,72.54
 03/11  21:00:00,69.54
 03/11  22:00:00,62.7
 03/11  23:00:00,51.54
 03/12  00:00:00,46.56
 03/12  01:00:00,46.38
 03/12  02:00:00,46.14
 03/12  03:00:00,45.72
 03/12  04:00:00,46.5
 03/12  05:00:00,45.54
 03/12  06:00:00,48.12
 03/12  07:00:00,48.84
 03/12  08:00:00,50.4
 03/12  09:00:00,50.58
 03/12  10:00:00,58.5
 03/12  11:00:00,63.48
 03/12  12:00:00,64.56
 03/12  13:00:00,62.7
 03/12  14:00:00,61.38
 03/12  15:00:00,60.72
 03/12  16:00:00,59.94
 03/12  17:00:00,60.6
 03/12  18:00:00,68.04
 03/12  19:00:00,70.86
 03/12  20:00:00,71.04
 03/12  21:00:00,61.08
 03/12  22:00:00,53.7
 03/12  23:00:00,46.8
 03/13  00:00:00,48.06
 03/13  01:00:00,44.4
 03/13  02:00:00,44.76
 03/13  03:00:00,44.58
 03/13  04:00:00,44.82
 03/13  05:00:00,44.64
 03/13  06:00:00,46.86
 03/13  07:00:00,47.34
 03/13  08:00:00,46.56
 03/13  09:00:00,47.1
 03/13  10:00:00,48.06
 03/13  11:00:00,60.48
 03/13  12:00:00,61.98
 03/13  13:00:00,62.1
 03/13  14:00:00,63.12
 03/13  15:00:00,61.86
 03/13  16:00:00,60.24
 03/13  17:00:00,59.64
 03/13  18:00:00,59.7
 03/13  19:00:00,60.36
 03/13  20:00:00,60.78
 03/13  21:00:00,61.08
 03/13  22:00:00,60.3
 03/13  23:00:00,60.18
 03/14  00:00:00,58.32
 03/14  01:00:00,51.6
 03/14  02:00:00,48.12
 03/14  03:00:00,48.72
 03/14  04:00:00,45.42
 03/14  05:00:00,44.58
 03/14  06:00:00,51.18
 03/14  07:00:00,51.0
 03/14  08:00:00,53.7
 03/14  09:00:00,57.06
 03/14  10:00:00,62.4
 03/14  11:00:00,62.52
 03/14  12:00:00,66.06
 03/14  13:00:00,65.88
 03/14  14:00:00,69.12
 03/14  15:00:00,79.02
 03/14  16:00:00,73.98
 03/14  17:00:00,69.0
 03/14  18:00:00,67.8
 03/14  19:00:00,60.06
 03/14  20:00:00,59.88
 03/14  21:00:00,59.64
 03/14  22:00:00,59.88
 03/14  23:00:00,60.24
 03/15  00:00:00,60.24
 03/15  01:00:00,60.24
 03/15  02:00:00,60.18
 03/15  03:00:00,60.24
 03/15  04:00:00,60.06
 03/15  05:00:00,59.88
 03/15  06:00:00,60.06
 03/15  07:00:00,60.72
 03/15  08:00:00,61.44
 03/15  09:00:00,64.32
 03/15  10:00:00,64.08
 03/15  11:00:00,64.44
 03/15  12:00:00,64.44
 03/15  13:00:00,62.7
 03/15  14:00:00,67.38
 03/15  15:00:00,69.54
 03/15  16:00:00,63.96
 03/15  17:00:00,63.48
 03/15  18:00:00,63.12
 03/15  19:00:00,61.32
 03/15  20:00:00,60.96
 03/15  21:00:00,60.48
 03/15  22:00:00,61.14
 03/15  23:00:00,60.12
 03/16  00:00:00,59.64
 03/16  01:00:00,58.98
 03/16  02:00:00,59.76
 03/16  03:00:00,58.98
 03/16  04:00:00,59.16
 03/16  05:00:00,58.62
 03/16  06:00:00,58.86
 03/16  07:00:00,60.78
 03/16  08:00:00,68.28
 03/16  09:00:00,70.44
 03/16  10:00:00,67.62
 03/16  11:00:00,63.66
 03/16  12:00:00,61.5
 03/16  13:00:00,59.7
 03/16  14:00:00,59.58
 03/16  15:00:00,56.04
 03/16  16:00:00,56.76
 03/16  17:00:00,56.28
 03/16  18:00:00,60.72
 03/16  19:00:00,71.94
 03/16  20:00:00,71.88
 03/16  21:00:00,71.7
 03/16  22:00:00,71.82
 03/16  23:00:00,72.06
 03/17  00:00:00,72.0
 03/17  01:00:00,72.18
 03/17  02:00:00,71.94
 03/17  03:00:00,67.86
 03/17  04:00:00,57.9
 03/17  05:00:00,56.64
 03/17  06:00:00,52.08
 03/17  07:00:00,50.7
 03/17  08:00:00,48.48
 03/17  09:00:00,49.38
 03/17  10:00:00,52.86
 03/17  11:00:00,56.88
 03/17  12:00:00,61.26
 03/17  13:00:00,61.08
 03/17  14:00:00,60.54
 03/17  15:00:00,59.1
 03/17  16:00:00,58.74
 03/17  17:00:00,60.48
 03/17  18:00:00,62.1
 03/17  19:00:00,69.36
 03/17  20:00:00,66.78
 03/17  21:00:00,61.56
 03/17  22:00:00,59.1
 03/17  23:00:00,56.7
 03/18  00:00:00,50.16
 03/18  01:00:00,47.94
 03/18  02:00:00,42.9
 03/18  03:00:00,41.88
 03/18  04:00:00,42.0
 03/18  05:00:00,41.64
 03/18  06:00:00,44.1
 03/18  07:00:00,44.7
 03/18  08:00:00,50.22
 03/18  09:00:00,52.74
 03/18  10:00:00,60.48
 03/18  11:00:00,59.46
 03/18  12:00:00,59.46
 03/18  13:00:00,59.76
 03/18  14:00:00,59.52
 03/18  15:00:00,58.92
 03/18  16:00:00,60.84
 03/18  17:00:00,61.26
 03/18  18:00:00,59.88
 03/18  19:00:00,65.76
 03/18  20:00:00,66.36
 03/18  21:00:00,63.12
 03/18  22:00:00,60.3
 03/18  23:00:00,58.74
 03/19  00:00:00,58.26
 03/19  01:00:00,58.02
 03/19  02:00:00,58.62
 03/19  03:00:00,58.26
 03/19  04:00:00,58.2
 03/19  05:00:00,58.2
 03/19  06:00:00,60.42
 03/19  07:00:00,63.6
 03/19  08:00:00,65.52
 03/19  09:00:00,63.9
 03/19  10:00:00,65.28
 03/19  11:00:00,63.6
 03/19  12:00:00,64.44
 03/19  13:00:00,62.76
 03/19  14:00:00,63.84
 03/19  15:00:00,62.94
 03/19  16:00:00,61.68
 03/19  17:00:00,61.26
 03/19  18:00:00,62.04
 03/19  19:00:00,68.22
 03/19  20:00:00,68.64
 03/19  21:00:00,62.34
 03/19  22:00:00,61.08
 03/19  23:00:00,60.3
 03/20  00:00:00,59.4
 03/20  01:00:00,58.92
 03/20  02:00:00,58.44
 03/20  03:00:00,58.62
 03/20  04:00:00,58.44
 03/20  05:00:00,58.68
 03/20  06:00:00,61.02
 03/20  07:00:00,61.32
 03/20  08:00:00,60.18
 03/20  09:00:00,60.18
 03/20  10:00:00,59.94
 03/20  11:00:00,60.3
 03/20  12:00:00,58.56
 03/20  13:00:00,58.98
 03/20  14:00:00,58.68
 03/20  15:00:00,58.8
 03/20  16:00:00,57.66
 03/20  17:00:00,58.38
 03/20  18:00:00,58.14
 03/20  19:00:00,58.8
 03/20  20:00:00,58.44
 03/20  21:00:00,58.8
 03/20  22:00:00,58.5
 03/20  23:00:00,58.56
 03/21  00:00:00,58.62
 03/21  01:00:00,57.78
 03/21  02:00:00,51.36
 03/21  03:00:00,46.44
 03/21  04:00:00,43.92
 03/21  05:00:00,42.96
 03/21  06:00:00,42.78
 03/21  07:00:00,42.42
 03/21  08:00:00,43.32
 03/21  09:00:00,49.62
 03/21  10:00:00,53.88
 03/21  11:00:00,60.0
 03/21  12:00:00,62.82
 03/21  13:00:00,73.14
 03/21  14:00:00,79.92
 03/21  15:00:00,80.52
 03/21  16:00:00,73.8
 03/21  17:00:00,62.22
 03/21  18:00:00,59.58
 03/21  19:00:00,59.64
 03/21  20:00:00,59.58
 03/21  21:00:00,59.34
 03/21  22:00:00,59.46
 03/21  23:00:00,59.52
 03/22  00:00:00,60.36
 03/22  01:00:00,59.58
 03/22  02:00:00,59.88
 03/22  03:00:00,60.06
 03/22  04:00:00,58.32
 03/22  05:00:00,56.04
 03/22  06:00:00,54.3
 03/22  07:00:00,54.6
 03/22  08:00:00,52.14
 03/22  09:00:00,64.56
 03/22  10:00:00,69.42
 03/22  11:00:00,73.5
 03/22  12:00:00,76.08
 03/22  13:00:00,76.98
 03/22  14:00:00,84.42
 03/22  15:00:00,75.96
 03/22  16:00:00,60.06
 03/22  17:00:00,59.76
 03/22  18:00:00,55.86
 03/22  19:00:00,51.12
 03/22  20:00:00,50.76
 03/22  21:00:00,50.88
 03/22  22:00:00,51.36
 03/22  23:00:00,50.7
 03/23  00:00:00,51.54
 03/23  01:00:00,51.06
 03/23  02:00:00,51.0
 03/23  03:00:00,51.18
 03/23  04:00:00,52.02
 03/23  05:00:00,51.84
 03/23  06:00:00,51.9
 03/23  07:00:00,52.68
 03/23  08:00:00,58.32
 03/23  09:00:00,62.58
 03/23  10:00:00,55.44
 03/23  11:00:00,61.68
 03/23  12:00:00,62.04
 03/23  13:00:00,61.14
 03/23  14:00:00,60.0
 03/23  15:00:00,59.88
 03/23  16:00:00,59.94
 03/23  17:00:00,60.12
 03/23  18:00:00,57.48
 03/23  19:00:00,51.9
 03/23  20:00:00,49.14
 03/23  21:00:00,46.8
 03/23  22:00:00,46.08
 03/23  23:00:00,44.7
 03/24  00:00:00,46.68
 03/24  01:00:00,45.6
 03/24  02:00:00,48.66
 03/24  03:00:00,48.72
 03/24  04:00:00,50.82
 03/24  05:00:00,49.98
 03/24  06:00:00,55.14
 03/24  07:00:00,55.32
 03/24  08:00:00,55.38
 03/24  09:00:00,55.68
 03/24  10:00:00,55.92
 03/24  11:00:00,57.54
 03/24  12:00:00,58.2
 03/24  13:00:00,56.28
 03/24  14:00:00,58.2
 03/24  15:00:00,57.06
 03/24  16:00:00,57.42
 03/24  17:00:00,60.96
 03/24  18:00:00,71.34
 03/24  19:00:00,80.28
 03/24  20:00:00,80.7
 03/24  21:00:00,68.34
 03/24  22:00:00,65.22
 03/24  23:00:00,57.54
 03/25  00:00:00,54.36
 03/25  01:00:00,50.76
 03/25  02:00:00,50.7
 03/25  03:00:00,51.54
 03/25  04:00:00,49.26
 03/25  05:00:00,52.62
 03/25  06:00:00,47.52
 03/25  07:00:00,50.58
 03/25  08:00:00,53.34
 03/25  09:00:00,53.7
 03/25  10:00:00,55.08
 03/25  11:00:00,58.62
 03/25  12:00:00,59.04
 03/25  13:00:00,58.98
 03/25  14:00:00,59.46
 03/25  15:00:00,57.78
 03/25  16:00:00,75.0
 03/25  17:00:00,79.98
 03/25  18:00:00,79.14
 03/25  19:00:00,84.3
 03/25  20:00:00,85.44
 03/25  21:00:00,77.94
 03/25  22:00:00,70.32
 03/25  23:00:00,63.36
 03/26  00:00:00,60.18
 03/26  01:00:00,51.0
 03/26  02:00:00,47.04
 03/26  03:00:00,46.14
 03/26  04:00:00,46.26
 03/26  05:00:00,46.02
 03/26  06:00:00,48.66
 03/26  07:00:00,54.6
 03/26  08:00:00,63.42
 03/26  09:00:00,58.98
 03/26  10:00:00,58.26
 03/26  11:00:00,57.54
 03/26  12:00:00,59.34
 03/26  13:00:00,62.16
 03/26  14:00:00,64.38
 03/26  15:00:00,63.42
 03/26  16:00:00,62.82
 03/26  17:00:00,64.62
 03/26  18:00:00,70.44
 03/26  19:00:00,83.34
 03/26  20:00:00,78.84
 03/26  21:00:00,55.08
 03/26  22:00:00,46.98
 03/26  23:00:00,46.92
 03/27  00:00:00,46.92
 03/27  01:00:00,46.32
 03/27  02:00:00,46.86
 03/27  03:00:00,46.5
 03/27  04:00:00,47.04
 03/27  05:00:00,47.7
 03/27  06:00:00,50.52
 03/27  07:00:00,50.04
 03/27  08:00:00,50.58
 03/27  09:00:00,51.24
 03/27  10:00:00,49.8
 03/27  11:00:00,53.4
 03/27  12:00:00,67.08
 03/27  13:00:00,65.34
 03/27  14:00:00,64.74
 03/27  15:00:00,63.06
 03/27  16:00:00,61.44
 03/27  17:00:00,60.72
 03/27  18:00:00,61.5
 03/27  19:00:00,62.22
 03/27  20:00:00,62.16
 03/27  21:00:00,61.62
 03/27  22:00:00,61.8
 03/27  23:00:00,61.68
 03/28  00:00:00,61.14
 03/28  01:00:00,54.12
 03/28  02:00:00,52.74
 03/28  03:00:00,51.12
 03/28  04:00:00,46.02
 03/28  05:00:00,48.66
 03/28  06:00:00,55.02
 03/28  07:00:00,53.1
 03/28  08:00:00,54.78
 03/28  09:00:00,55.44
 03/28  10:00:00,61.68
 03/28  11:00:00,68.04
 03/28  12:00:00,68.16
 03/28  13:00:00,68.52
 03/28  14:00:00,67.5
 03/28  15:00:00,71.34
 03/28  16:00:00,70.86
 03/28  17:00:00,64.2
 03/28  18:00:00,62.28
 03/28  19:00:00,27.06
 03/28  20:00:00,26.52
 03/28  21:00:00,26.46
 03/28  22:00:00,26.34
 03/28  23:00:00,26.52
 03/29  00:00:00,26.34
 03/29  01:00:00,26.58
 03/29  02:00:00,26.1
 03/29  03:00:00,26.52
 03/29  04:00:00,26.58
 03/29  05:00:00,26.34
 03/29  06:00:00,26.64
 03/29  07:00:00,28.44
 03/29  08:00:00,29.4
 03/29  09:00:00,29.04
 03/29  10:00:00,29.1
 03/29  11:00:00,27.78
 03/29  12:00:00,26.58
 03/29  13:00:00,27.78
 03/29  14:00:00,34.98
 03/29  15:00:00,32.58
 03/29  16:00:00,29.46
 03/29  17:00:00,33.18
 03/29  18:00:00,32.4
 03/29  19:00:00,31.14
 03/29  20:00:00,29.52
 03/29  21:00:00,28.38
 03/29  22:00:00,27.24
 03/29  23:00:00,27.42
 03/30  00:00:00,27.06
 03/30  01:00:00,27.42
 03/30  02:00:00,27.84
 03/30  03:00:00,26.46
 03/30  04:00:00,27.48
 03/30  05:00:00,27.06
 03/30  06:00:00,26.94
 03/30  07:00:00,26.88
 03/30  08:00:00,37.62
 03/30  09:00:00,41.76
 03/30  10:00:00,96.18
 03/30  11:00:00,112.44
 03/30  12:00:00,110.52
 03/30  13:00:00,109.14
 03/30  14:00:00,109.62
 03/30  15:00:00,108.78
 03/30  16:00:00,108.12
 03/30  17:00:00,110.1
 03/30  18:00:00,109.68
 03/30  19:00:00,99.72
 03/30  20:00:00,97.62
 03/30  21:00:00,83.1
 03/30  22:00:00,75.42
 03/30  23:00:00,76.14
 03/31  00:00:00,75.12
 03/31  01:00:00,76.8
 03/31  02:00:00,76.62
 03/31  03:00:00,76.44
 03/31  04:00:00,77.46
 03/31  05:00:00,75.66
 03/31  06:00:00,73.2
 03/31  07:00:00,84.9
 03/31  08:00:00,63.66
 03/31  09:00:00,64.08
 03/31  10:00:00,65.22
 03/31  11:00:00,66.84
 03/31  12:00:00,66.9
 03/31  13:00:00,66.72
 03/31  14:00:00,66.6
 03/31  15:00:00,64.38
 03/31  16:00:00,63.12
 03/31  17:00:00,63.6
 03/31  18:00:00,84.3
 03/31  19:00:00,82.8
 03/31  20:00:00,85.08
 03/31  21:00:00,80.1
 03/31  22:00:00,68.04
 03/31  23:00:00,60.96
 04/01  00:00:00,54.24
 04/01  01:00:00,53.04
 04/01  02:00:00,50.64
 04/01  03:00:00,50.52
 04/01  04:00:00,48.36
 04/01  05:00:00,48.84
 04/01  06:00:00,49.56
 04/01  07:00:00,51.48
 04/01  08:00:00,54.84
 04/01  09:00:00,53.34
 04/01  10:00:00,58.26
 04/01  11:00:00,62.28
 04/01  12:00:00,62.76
 04/01  13:00:00,63.42
 04/01  14:00:00,63.6
 04/01  15:00:00,65.34
 04/01  16:00:00,63.42
 04/01  17:00:00,62.58
 04/01  18:00:00,63.3
 04/01  19:00:00,69.54
 04/01  20:00:00,69.12
 04/01  21:00:00,67.44
 04/01  22:00:00,62.34
 04/01  23:00:00,52.56
 04/02  00:00:00,48.9
 04/02  01:00:00,46.38
 04/02  02:00:00,44.64
 04/02  03:00:00,46.26
 04/02  04:00:00,46.38
 04/02  05:00:00,46.08
 04/02  06:00:00,45.12
 04/02  07:00:00,47.94
 04/02  08:00:00,49.92
 04/02  09:00:00,54.96
 04/02  10:00:00,50.82
 04/02  11:00:00,47.82
 04/02  12:00:00,49.14
 04/02  13:00:00,51.96
 04/02  14:00:00,49.62
 04/02  15:00:00,51.3
 04/02  16:00:00,55.32
 04/02  17:00:00,65.04
 04/02  18:00:00,65.7
 04/02  19:00:00,71.7
 04/02  20:00:00,71.34
 04/02  21:00:00,72.42
 04/02  22:00:00,59.58
 04/02  23:00:00,53.76
 04/03  00:00:00,52.92
 04/03  01:00:00,54.84
 04/03  02:00:00,53.34
 04/03  03:00:00,55.68
 04/03  04:00:00,57.12
 04/03  05:00:00,59.88
 04/03  06:00:00,65.04
 04/03  07:00:00,64.44
 04/03  08:00:00,63.78
 04/03  09:00:00,63.42
 04/03  10:00:00,63.96
 04/03  11:00:00,63.78
 04/03  12:00:00,64.02
 04/03  13:00:00,63.96
 04/03  14:00:00,63.9
 04/03  15:00:00,63.66
 04/03  16:00:00,65.28
 04/03  17:00:00,63.48
 04/03  18:00:00,62.46
 04/03  19:00:00,61.8
 04/03  20:00:00,61.92
 04/03  21:00:00,60.42
 04/03  22:00:00,60.18
 04/03  23:00:00,60.36
 04/04  00:00:00,60.9
 04/04  01:00:00,60.84
 04/04  02:00:00,60.72
 04/04  03:00:00,60.66
 04/04  04:00:00,60.24
 04/04  05:00:00,60.6
 04/04  06:00:00,62.1
 04/04  07:00:00,61.32
 04/04  08:00:00,57.42
 04/04  09:00:00,61.32
 04/04  10:00:00,62.4
 04/04  11:00:00,61.8
 04/04  12:00:00,63.72
 04/04  13:00:00,64.02
 04/04  14:00:00,69.54
 04/04  15:00:00,76.5
 04/04  16:00:00,77.52
 04/04  17:00:00,69.96
 04/04  18:00:00,64.38
 04/04  19:00:00,63.36
 04/04  20:00:00,66.12
 04/04  21:00:00,66.9
 04/04  22:00:00,66.78
 04/04  23:00:00,67.02
 04/05  00:00:00,66.84
 04/05  01:00:00,67.32
 04/05  02:00:00,67.44
 04/05  03:00:00,67.02
 04/05  04:00:00,67.2
 04/05  05:00:00,66.48
 04/05  06:00:00,67.02
 04/05  07:00:00,63.96
 04/05  08:00:00,61.08
 04/05  09:00:00,62.22
 04/05  10:00:00,64.38
 04/05  11:00:00,67.08
 04/05  12:00:00,66.72
 04/05  13:00:00,66.96
 04/05  14:00:00,69.66
 04/05  15:00:00,67.92
 04/05  16:00:00,64.26
 04/05  17:00:00,64.38
 04/05  18:00:00,63.78
 04/05  19:00:00,62.82
 04/05  20:00:00,62.04
 04/05  21:00:00,61.86
 04/05  22:00:00,62.16
 04/05  23:00:00,61.74
 04/06  00:00:00,61.74
 04/06  01:00:00,62.52
 04/06  02:00:00,58.08
 04/06  03:00:00,55.32
 04/06  04:00:00,53.4
 04/06  05:00:00,52.32
 04/06  06:00:00,50.76
 04/06  07:00:00,56.1
 04/06  08:00:00,69.54
 04/06  09:00:00,74.1
 04/06  10:00:00,70.44
 04/06  11:00:00,66.48
 04/06  12:00:00,64.92
 04/06  13:00:00,63.18
 04/06  14:00:00,64.86
 04/06  15:00:00,62.88
 04/06  16:00:00,62.76
 04/06  17:00:00,62.76
 04/06  18:00:00,62.94
 04/06  19:00:00,63.3
 04/06  20:00:00,63.84
 04/06  21:00:00,63.3
 04/06  22:00:00,57.84
 04/06  23:00:00,53.16
 04/07  00:00:00,48.12
 04/07  01:00:00,47.82
 04/07  02:00:00,47.82
 04/07  03:00:00,47.88
 04/07  04:00:00,48.9
 04/07  05:00:00,48.84
 04/07  06:00:00,49.68
 04/07  07:00:00,49.74
 04/07  08:00:00,49.5
 04/07  09:00:00,52.86
 04/07  10:00:00,63.42
 04/07  11:00:00,65.16
 04/07  12:00:00,66.48
 04/07  13:00:00,64.92
 04/07  14:00:00,64.44
 04/07  15:00:00,63.54
 04/07  16:00:00,65.76
 04/07  17:00:00,66.48
 04/07  18:00:00,69.66
 04/07  19:00:00,79.32
 04/07  20:00:00,78.78
 04/07  21:00:00,67.56
 04/07  22:00:00,53.76
 04/07  23:00:00,47.34
 04/08  00:00:00,47.52
 04/08  01:00:00,47.88
 04/08  02:00:00,47.58
 04/08  03:00:00,47.4
 04/08  04:00:00,47.28
 04/08  05:00:00,47.46
 04/08  06:00:00,49.74
 04/08  07:00:00,49.32
 04/08  08:00:00,49.92
 04/08  09:00:00,50.28
 04/08  10:00:00,50.34
 04/08  11:00:00,49.32
 04/08  12:00:00,49.32
 04/08  13:00:00,49.68
 04/08  14:00:00,48.96
 04/08  15:00:00,54.48
 04/08  16:00:00,58.86
 04/08  17:00:00,65.46
 04/08  18:00:00,67.14
 04/08  19:00:00,67.2
 04/08  20:00:00,65.52
 04/08  21:00:00,64.08
 04/08  22:00:00,59.46
 04/08  23:00:00,52.86
 04/09  00:00:00,48.24
 04/09  01:00:00,48.24
 04/09  02:00:00,48.24
 04/09  03:00:00,48.06
 04/09  04:00:00,48.54
 04/09  05:00:00,48.0
 04/09  06:00:00,48.78
 04/09  07:00:00,51.42
 04/09  08:00:00,51.66
 04/09  09:00:00,52.92
 04/09  10:00:00,52.14
 04/09  11:00:00,57.78
 04/09  12:00:00,64.14
 04/09  13:00:00,64.98
 04/09  14:00:00,64.2
 04/09  15:00:00,63.06
 04/09  16:00:00,64.38
 04/09  17:00:00,65.82
 04/09  18:00:00,77.4
 04/09  19:00:00,81.24
 04/09  20:00:00,80.52
 04/09  21:00:00,74.52
 04/09  22:00:00,72.72
 04/09  23:00:00,62.88
 04/10  00:00:00,53.58
 04/10  01:00:00,51.6
 04/10  02:00:00,47.76
 04/10  03:00:00,48.18
 04/10  04:00:00,49.74
 04/10  05:00:00,47.22
 04/10  06:00:00,54.54
 04/10  07:00:00,53.22
 04/10  08:00:00,56.82
 04/10  09:00:00,60.78
 04/10  10:00:00,64.92
 04/10  11:00:00,64.5
 04/10  12:00:00,65.04
 04/10  13:00:00,64.44
 04/10  14:00:00,61.92
 04/10  15:00:00,60.3
 04/10  16:00:00,59.4
 04/10  17:00:00,56.64
 04/10  18:00:00,56.4
 04/10  19:00:00,55.2
 04/10  20:00:00,54.9
 04/10  21:00:00,54.24
 04/10  22:00:00,55.08
 04/10  23:00:00,54.84
 04/11  00:00:00,54.0
 04/11  01:00:00,53.7
 04/11  02:00:00,54.72
 04/11  03:00:00,52.68
 04/11  04:00:00,53.34
 04/11  05:00:00,52.74
 04/11  06:00:00,55.68
 04/11  07:00:00,55.44
 04/11  08:00:00,56.1
 04/11  09:00:00,56.58
 04/11  10:00:00,60.54
 04/11  11:00:00,67.02
 04/11  12:00:00,67.2
 04/11  13:00:00,67.92
 04/11  14:00:00,69.0
 04/11  15:00:00,79.38
 04/11  16:00:00,77.88
 04/11  17:00:00,70.2
 04/11  18:00:00,65.1
 04/11  19:00:00,63.6
 04/11  20:00:00,63.72
 04/11  21:00:00,64.08
 04/11  22:00:00,63.06
 04/11  23:00:00,66.36
 04/12  00:00:00,65.58
 04/12  01:00:00,63.48
 04/12  02:00:00,62.94
 04/12  03:00:00,62.22
 04/12  04:00:00,61.08
 04/12  05:00:00,61.74
 04/12  06:00:00,57.6
 04/12  07:00:00,55.14
 04/12  08:00:00,58.26
 04/12  09:00:00,63.3
 04/12  10:00:00,64.2
 04/12  11:00:00,66.84
 04/12  12:00:00,65.7
 04/12  13:00:00,66.66
 04/12  14:00:00,72.54
 04/12  15:00:00,70.14
 04/12  16:00:00,69.12
 04/12  17:00:00,68.16
 04/12  18:00:00,66.6
 04/12  19:00:00,64.62
 04/12  20:00:00,64.32
 04/12  21:00:00,63.12
 04/12  22:00:00,62.4
 04/12  23:00:00,62.4
 04/13  00:00:00,62.7
 04/13  01:00:00,62.04
 04/13  02:00:00,62.58
 04/13  03:00:00,62.34
 04/13  04:00:00,62.64
 04/13  05:00:00,61.62
 04/13  06:00:00,61.14
 04/13  07:00:00,60.72
 04/13  08:00:00,69.18
 04/13  09:00:00,74.16
 04/13  10:00:00,80.1
 04/13  11:00:00,78.78
 04/13  12:00:00,78.66
 04/13  13:00:00,81.0
 04/13  14:00:00,74.88
 04/13  15:00:00,74.1
 04/13  16:00:00,71.82
 04/13  17:00:00,72.06
 04/13  18:00:00,70.44
 04/13  19:00:00,70.38
 04/13  20:00:00,71.4
 04/13  21:00:00,71.34
 04/13  22:00:00,69.36
 04/13  23:00:00,64.38
 04/14  00:00:00,60.36
 04/14  01:00:00,61.02
 04/14  02:00:00,60.84
 04/14  03:00:00,60.48
 04/14  04:00:00,61.74
 04/14  05:00:00,63.18
 04/14  06:00:00,63.9
 04/14  07:00:00,63.72
 04/14  08:00:00,63.96
 04/14  09:00:00,64.98
 04/14  10:00:00,64.8
 04/14  11:00:00,63.42
 04/14  12:00:00,64.02
 04/14  13:00:00,65.34
 04/14  14:00:00,64.92
 04/14  15:00:00,64.68
 04/14  16:00:00,65.7
 04/14  17:00:00,66.42
 04/14  18:00:00,64.08
 04/14  19:00:00,63.12
 04/14  20:00:00,62.4
 04/14  21:00:00,61.8
 04/14  22:00:00,60.96
 04/14  23:00:00,60.0
 04/15  00:00:00,60.66
 04/15  01:00:00,60.6
 04/15  02:00:00,60.54
 04/15  03:00:00,60.24
 04/15  04:00:00,60.3
 04/15  05:00:00,60.42
 04/15  06:00:00,62.16
 04/15  07:00:00,62.04
 04/15  08:00:00,62.34
 04/15  09:00:00,62.64
 04/15  10:00:00,62.7
 04/15  11:00:00,62.28
 04/15  12:00:00,62.22
 04/15  13:00:00,61.5
 04/15  14:00:00,62.28
 04/15  15:00:00,61.02
 04/15  16:00:00,60.66
 04/15  17:00:00,62.4
 04/15  18:00:00,61.92
 04/15  19:00:00,61.74
 04/15  20:00:00,62.28
 04/15  21:00:00,61.8
 04/15  22:00:00,62.04
 04/15  23:00:00,58.8
 04/16  00:00:00,54.54
 04/16  01:00:00,52.2
 04/16  02:00:00,53.7
 04/16  03:00:00,53.64
 04/16  04:00:00,52.26
 04/16  05:00:00,51.0
 04/16  06:00:00,52.14
 04/16  07:00:00,54.06
 04/16  08:00:00,53.94
 04/16  09:00:00,54.96
 04/16  10:00:00,54.9
 04/16  11:00:00,56.34
 04/16  12:00:00,60.78
 04/16  13:00:00,70.5
 04/16  14:00:00,74.76
 04/16  15:00:00,62.7
 04/16  16:00:00,63.84
 04/16  17:00:00,66.84
 04/16  18:00:00,70.26
 04/16  19:00:00,80.46
 04/16  20:00:00,81.0
 04/16  21:00:00,69.42
 04/16  22:00:00,55.32
 04/16  23:00:00,51.12
 04/17  00:00:00,47.7
 04/17  01:00:00,47.52
 04/17  02:00:00,47.82
 04/17  03:00:00,47.46
 04/17  04:00:00,47.4
 04/17  05:00:00,48.0
 04/17  06:00:00,49.62
 04/17  07:00:00,49.56
 04/17  08:00:00,39.78
 04/17  09:00:00,17.58
 04/17  10:00:00,17.28
 04/17  11:00:00,16.14
 04/17  12:00:00,16.62
 04/17  13:00:00,18.42
 04/17  14:00:00,28.08
 04/17  15:00:00,27.12
 04/17  16:00:00,26.58
 04/17  17:00:00,27.48
 04/17  18:00:00,26.34
 04/17  19:00:00,27.06
 04/17  20:00:00,27.48
 04/17  21:00:00,28.62
 04/17  22:00:00,28.08
 04/17  23:00:00,22.02
 04/18  00:00:00,17.338
 04/18  01:00:00,17.338
 04/18  02:00:00,17.338
 04/18  03:00:00,17.338
 04/18  04:00:00,17.338
 04/18  05:00:00,17.338
 04/18  06:00:00,17.338
 04/18  07:00:00,17.338
 04/18  08:00:00,17.338
 04/18  09:00:00,17.338
 04/18  10:00:00,17.338
 04/18  11:00:00,17.338
 04/18  12:00:00,17.338
 04/18  13:00:00,17.338
 04/18  14:00:00,17.338
 04/18  15:00:00,17.338
 04/18  16:00:00,17.338
 04/18  17:00:00,17.338
 04/18  18:00:00,17.338
 04/18  19:00:00,17.338
 04/18  20:00:00,17.338
 04/18  21:00:00,17.338
 04/18  22:00:00,17.338
 04/18  23:00:00,17.338
 04/19  00:00:00,10.14
 04/19  01:00:00,9.78
 04/19  02:00:00,9.96
 04/19  03:00:00,10.5
 04/19  04:00:00,10.02
 04/19  05:00:00,9.6
 04/19  06:00:00,9.84
 04/19  07:00:00,9.18
 04/19  08:00:00,9.72
 04/19  09:00:00,9.06
 04/19  10:00:00,9.0
 04/19  11:00:00,14.82
 04/19  12:00:00,24.48
 04/19  13:00:00,14.76
 04/19  14:00:00,10.02
 04/19  15:00:00,10.14
 04/19  16:00:00,10.2
 04/19  17:00:00,20.04
 04/19  18:00:00,25.44
 04/19  19:00:00,25.5
 04/19  20:00:00,25.92
 04/19  21:00:00,26.22
 04/19  22:00:00,26.94
 04/19  23:00:00,26.7
 04/20  00:00:00,27.24
 04/20  01:00:00,27.72
 04/20  02:00:00,23.88
 04/20  03:00:00,13.08
 04/20  04:00:00,12.84
 04/20  05:00:00,14.46
 04/20  06:00:00,13.74
 04/20  07:00:00,12.06
 04/20  08:00:00,12.36
 04/20  09:00:00,12.0
 04/20  10:00:00,11.28
 04/20  11:00:00,11.76
 04/20  12:00:00,10.86
 04/20  13:00:00,10.56
 04/20  14:00:00,9.54
 04/20  15:00:00,10.08
 04/20  16:00:00,9.36
 04/20  17:00:00,10.14
 04/20  18:00:00,9.84
 04/20  19:00:00,10.5
 04/20  20:00:00,11.1
 04/20  21:00:00,10.98
 04/20  22:00:00,12.18
 04/20  23:00:00,11.82
 04/21  00:00:00,12.12
 04/21  01:00:00,12.12
 04/21  02:00:00,11.76
 04/21  03:00:00,12.18
 04/21  04:00:00,13.68
 04/21  05:00:00,13.8
 04/21  06:00:00,12.42
 04/21  07:00:00,13.08
 04/21  08:00:00,13.44
 04/21  09:00:00,13.2
 04/21  10:00:00,13.32
 04/21  11:00:00,14.76
 04/21  12:00:00,14.4
 04/21  13:00:00,26.28
 04/21  14:00:00,26.7
 04/21  15:00:00,25.32
 04/21  16:00:00,24.12
 04/21  17:00:00,24.0
 04/21  18:00:00,23.76
 04/21  19:00:00,24.12
 04/21  20:00:00,24.6
 04/21  21:00:00,24.84
 04/21  22:00:00,21.72
 04/21  23:00:00,15.12
 04/22  00:00:00,11.76
 04/22  01:00:00,11.76
 04/22  02:00:00,12.48
 04/22  03:00:00,11.16
 04/22  04:00:00,11.88
 04/22  05:00:00,12.0
 04/22  06:00:00,13.8
 04/22  07:00:00,13.56
 04/22  08:00:00,13.32
 04/22  09:00:00,13.2
 04/22  10:00:00,13.26
 04/22  11:00:00,12.72
 04/22  12:00:00,12.36
 04/22  13:00:00,13.08
 04/22  14:00:00,12.06
 04/22  15:00:00,12.24
 04/22  16:00:00,11.64
 04/22  17:00:00,10.8
 04/22  18:00:00,10.8
 04/22  19:00:00,10.62
 04/22  20:00:00,11.22
 04/22  21:00:00,11.82
 04/22  22:00:00,11.52
 04/22  23:00:00,12.24
 04/23  00:00:00,12.48
 04/23  01:00:00,12.6
 04/23  02:00:00,12.18
 04/23  03:00:00,11.88
 04/23  04:00:00,12.54
 04/23  05:00:00,12.72
 04/23  06:00:00,13.5
 04/23  07:00:00,14.04
 04/23  08:00:00,13.5
 04/23  09:00:00,13.38
 04/23  10:00:00,12.84
 04/23  11:00:00,11.94
 04/23  12:00:00,11.64
 04/23  13:00:00,11.58
 04/23  14:00:00,10.68
 04/23  15:00:00,9.6
 04/23  16:00:00,8.94
 04/23  17:00:00,9.12
 04/23  18:00:00,9.48
 04/23  19:00:00,9.24
 04/23  20:00:00,10.32
 04/23  21:00:00,9.66
 04/23  22:00:00,10.8
 04/23  23:00:00,10.56
 04/24  00:00:00,10.56
 04/24  01:00:00,10.56
 04/24  02:00:00,11.22
 04/24  03:00:00,11.4
 04/24  04:00:00,10.8
 04/24  05:00:00,11.04
 04/24  06:00:00,12.6
 04/24  07:00:00,11.7
 04/24  08:00:00,11.64
 04/24  09:00:00,11.52
 04/24  10:00:00,10.62
 04/24  11:00:00,10.74
 04/24  12:00:00,10.68
 04/24  13:00:00,10.38
 04/24  14:00:00,9.84
 04/24  15:00:00,9.54
 04/24  16:00:00,8.34
 04/24  17:00:00,9.12
 04/24  18:00:00,7.98
 04/24  19:00:00,8.4
 04/24  20:00:00,8.52
 04/24  21:00:00,9.24
 04/24  22:00:00,9.42
 04/24  23:00:00,9.24
 04/25  00:00:00,9.78
 04/25  01:00:00,10.08
 04/25  02:00:00,10.14
 04/25  03:00:00,9.96
 04/25  04:00:00,10.08
 04/25  05:00:00,10.26
 04/25  06:00:00,11.28
 04/25  07:00:00,10.68
 04/25  08:00:00,11.04
 04/25  09:00:00,10.98
 04/25  10:00:00,10.8
 04/25  11:00:00,10.56
 04/25  12:00:00,10.56
 04/25  13:00:00,12.72
 04/25  14:00:00,16.26
 04/25  15:00:00,16.68
 04/25  16:00:00,14.76
 04/25  17:00:00,15.0
 04/25  18:00:00,15.0
 04/25  19:00:00,14.1
 04/25  20:00:00,9.36
 04/25  21:00:00,9.54
 04/25  22:00:00,10.02
 04/25  23:00:00,9.54
 04/26  00:00:00,10.02
 04/26  01:00:00,10.02
 04/26  02:00:00,9.72
 04/26  03:00:00,10.08
 04/26  04:00:00,10.02
 04/26  05:00:00,10.08
 04/26  06:00:00,10.02
 04/26  07:00:00,11.04
 04/26  08:00:00,10.26
 04/26  09:00:00,10.2
 04/26  10:00:00,10.56
 04/26  11:00:00,10.38
 04/26  12:00:00,10.32
 04/26  13:00:00,13.86
 04/26  14:00:00,24.36
 04/26  15:00:00,22.02
 04/26  16:00:00,11.16
 04/26  17:00:00,11.34
 04/26  18:00:00,11.52
 04/26  19:00:00,17.1
 04/26  20:00:00,18.96
 04/26  21:00:00,18.66
 04/26  22:00:00,18.12
 04/26  23:00:00,18.42
 04/27  00:00:00,18.66
 04/27  01:00:00,18.66
 04/27  02:00:00,18.78
 04/27  03:00:00,19.14
 04/27  04:00:00,19.2
 04/27  05:00:00,19.2
 04/27  06:00:00,19.32
 04/27  07:00:00,18.36
 04/27  08:00:00,18.06
 04/27  09:00:00,14.34
 04/27  10:00:00,4.26
 04/27  11:00:00,0.0
 04/27  12:00:00,0.0
 04/27  13:00:00,0.0
 04/27  14:00:00,0.0
 04/27  15:00:00,0.0
 04/27  16:00:00,7.68
 04/27  17:00:00,8.4
 04/27  18:00:00,8.22
 04/27  19:00:00,9.06
 04/27  20:00:00,8.88
 04/27  21:00:00,9.0
 04/27  22:00:00,9.42
 04/27  23:00:00,9.24
 04/28  00:00:00,9.6
 04/28  01:00:00,9.84
 04/28  02:00:00,10.26
 04/28  03:00:00,10.02
 04/28  04:00:00,10.26
 04/28  05:00:00,10.8
 04/28  06:00:00,12.36
 04/28  07:00:00,11.94
 04/28  08:00:00,11.64
 04/28  09:00:00,10.14
 04/28  10:00:00,10.62
 04/28  11:00:00,9.78
 04/28  12:00:00,9.66
 04/28  13:00:00,9.12
 04/28  14:00:00,9.3
 04/28  15:00:00,8.34
 04/28  16:00:00,7.56
 04/28  17:00:00,7.44
 04/28  18:00:00,7.32
 04/28  19:00:00,7.62
 04/28  20:00:00,7.8
 04/28  21:00:00,8.22
 04/28  22:00:00,8.34
 04/28  23:00:00,9.0
 04/29  00:00:00,9.0
 04/29  01:00:00,8.58
 04/29  02:00:00,9.06
 04/29  03:00:00,8.88
 04/29  04:00:00,11.04
 04/29  05:00:00,22.68
 04/29  06:00:00,21.18
 04/29  07:00:00,9.66
 04/29  08:00:00,9.84
 04/29  09:00:00,9.24
 04/29  10:00:00,9.42
 04/29  11:00:00,9.24
 04/29  12:00:00,9.06
 04/29  13:00:00,10.62
 04/29  14:00:00,11.58
 04/29  15:00:00,10.74
 04/29  16:00:00,8.76
 04/29  17:00:00,8.88
 04/29  18:00:00,8.82
 04/29  19:00:00,9.0
 04/29  20:00:00,9.72
 04/29  21:00:00,10.08
 04/29  22:00:00,10.5
 04/29  23:00:00,10.44
 04/30  00:00:00,10.86
 04/30  01:00:00,10.38
 04/30  02:00:00,11.04
 04/30  03:00:00,11.4
 04/30  04:00:00,15.84
 04/30  05:00:00,17.34
 04/30  06:00:00,19.2
 04/30  07:00:00,18.72
 04/30  08:00:00,19.68
 04/30  09:00:00,18.84
 04/30  10:00:00,14.94
 04/30  11:00:00,11.88
 04/30  12:00:00,12.18
 04/30  13:00:00,10.8
 04/30  14:00:00,11.04
 04/30  15:00:00,8.88
 04/30  16:00:00,9.24
 04/30  17:00:00,8.64
 04/30  18:00:00,9.42
 04/30  19:00:00,8.64
 04/30  20:00:00,9.36
 04/30  21:00:00,9.9
 04/30  22:00:00,9.6
 04/30  23:00:00,9.54
 05/01  00:00:00,9.84
 05/01  01:00:00,10.08
 05/01  02:00:00,9.72
 05/01  03:00:00,9.72
 05/01  04:00:00,10.14
 05/01  05:00:00,9.9
 05/01  06:00:00,11.1
 05/01  07:00:00,11.7
 05/01  08:00:00,11.7
 05/01  09:00:00,12.12
 05/01  10:00:00,11.76
 05/01  11:00:00,12.18
 05/01  12:00:00,10.8
 05/01  13:00:00,10.26
 05/01  14:00:00,10.44
 05/01  15:00:00,10.14
 05/01  16:00:00,9.96
 05/01  17:00:00,9.96
 05/01  18:00:00,9.72
 05/01  19:00:00,9.9
 05/01  20:00:00,9.96
 05/01  21:00:00,9.84
 05/01  22:00:00,9.96
 05/01  23:00:00,10.14
 05/02  00:00:00,9.54
 05/02  01:00:00,9.72
 05/02  02:00:00,9.3
 05/02  03:00:00,9.54
 05/02  04:00:00,9.6
 05/02  05:00:00,8.82
 05/02  06:00:00,11.7
 05/02  07:00:00,12.48
 05/02  08:00:00,13.44
 05/02  09:00:00,11.76
 05/02  10:00:00,12.6
 05/02  11:00:00,12.06
 05/02  12:00:00,12.84
 05/02  13:00:00,9.96
 05/02  14:00:00,9.78
 05/02  15:00:00,7.98
 05/02  16:00:00,18.42
 05/02  17:00:00,21.78
 05/02  18:00:00,22.32
 05/02  19:00:00,22.44
 05/02  20:00:00,23.34
 05/02  21:00:00,10.74
 05/02  22:00:00,9.36
 05/02  23:00:00,9.96
 05/03  00:00:00,9.66
 05/03  01:00:00,10.38
 05/03  02:00:00,9.48
 05/03  03:00:00,10.14
 05/03  04:00:00,10.38
 05/03  05:00:00,10.38
 05/03  06:00:00,10.74
 05/03  07:00:00,10.08
 05/03  08:00:00,10.32
 05/03  09:00:00,10.2
 05/03  10:00:00,9.72
 05/03  11:00:00,9.42
 05/03  12:00:00,8.28
 05/03  13:00:00,8.88
 05/03  14:00:00,8.16
 05/03  15:00:00,8.04
 05/03  16:00:00,8.4
 05/03  17:00:00,7.98
 05/03  18:00:00,9.06
 05/03  19:00:00,8.64
 05/03  20:00:00,9.3
 05/03  21:00:00,9.3
 05/03  22:00:00,10.08
 05/03  23:00:00,9.96
 05/04  00:00:00,9.84
 05/04  01:00:00,10.32
 05/04  02:00:00,9.96
 05/04  03:00:00,10.08
 05/04  04:00:00,10.86
 05/04  05:00:00,10.14
 05/04  06:00:00,9.78
 05/04  07:00:00,9.66
 05/04  08:00:00,9.48
 05/04  09:00:00,8.58
 05/04  10:00:00,8.82
 05/04  11:00:00,8.34
 05/04  12:00:00,7.74
 05/04  13:00:00,8.16
 05/04  14:00:00,7.62
 05/04  15:00:00,8.46
 05/04  16:00:00,8.04
 05/04  17:00:00,8.46
 05/04  18:00:00,8.94
 05/04  19:00:00,8.88
 05/04  20:00:00,9.0
 05/04  21:00:00,9.84
 05/04  22:00:00,9.36
 05/04  23:00:00,9.24
 05/05  00:00:00,9.3
 05/05  01:00:00,9.18
 05/05  02:00:00,9.54
 05/05  03:00:00,9.06
 05/05  04:00:00,9.96
 05/05  05:00:00,11.7
 05/05  06:00:00,12.06
 05/05  07:00:00,11.52
 05/05  08:00:00,10.44
 05/05  09:00:00,10.44
 05/05  10:00:00,10.2
 05/05  11:00:00,9.96
 05/05  12:00:00,9.96
 05/05  13:00:00,10.02
 05/05  14:00:00,10.02
 05/05  15:00:00,9.18
 05/05  16:00:00,8.22
 05/05  17:00:00,8.52
 05/05  18:00:00,7.68
 05/05  19:00:00,16.92
 05/05  20:00:00,19.02
 05/05  21:00:00,8.28
 05/05  22:00:00,8.64
 05/05  23:00:00,8.34
 05/06  00:00:00,9.0
 05/06  01:00:00,8.82
 05/06  02:00:00,8.28
 05/06  03:00:00,8.82
 05/06  04:00:00,8.88
 05/06  05:00:00,8.28
 05/06  06:00:00,9.9
 05/06  07:00:00,9.9
 05/06  08:00:00,9.36
 05/06  09:00:00,9.96
 05/06  10:00:00,9.06
 05/06  11:00:00,8.76
 05/06  12:00:00,8.7
 05/06  13:00:00,16.08
 05/06  14:00:00,22.08
 05/06  15:00:00,21.84
 05/06  16:00:00,21.06
 05/06  17:00:00,15.72
 05/06  18:00:00,7.14
 05/06  19:00:00,7.62
 05/06  20:00:00,7.62
 05/06  21:00:00,8.46
 05/06  22:00:00,8.64
 05/06  23:00:00,8.58
 05/07  00:00:00,8.58
 05/07  01:00:00,8.7
 05/07  02:00:00,9.18
 05/07  03:00:00,9.12
 05/07  04:00:00,8.82
 05/07  05:00:00,9.06
 05/07  06:00:00,10.68
 05/07  07:00:00,9.78
 05/07  08:00:00,9.9
 05/07  09:00:00,9.72
 05/07  10:00:00,9.78
 05/07  11:00:00,9.0
 05/07  12:00:00,9.48
 05/07  13:00:00,12.36
 05/07  14:00:00,14.46
 05/07  15:00:00,13.62
 05/07  16:00:00,7.38
 05/07  17:00:00,6.78
 05/07  18:00:00,7.02
 05/07  19:00:00,7.74
 05/07  20:00:00,8.46
 05/07  21:00:00,8.7
 05/07  22:00:00,9.06
 05/07  23:00:00,9.96
 05/08  00:00:00,9.96
 05/08  01:00:00,10.44
 05/08  02:00:00,10.32
 05/08  03:00:00,10.74
 05/08  04:00:00,10.74
 05/08  05:00:00,10.56
 05/08  06:00:00,10.62
 05/08  07:00:00,11.76
 05/08  08:00:00,12.06
 05/08  09:00:00,13.44
 05/08  10:00:00,12.6
 05/08  11:00:00,11.4
 05/08  12:00:00,11.52
 05/08  13:00:00,10.68
 05/08  14:00:00,10.62
 05/08  15:00:00,10.38
 05/08  16:00:00,8.52
 05/08  17:00:00,9.12
 05/08  18:00:00,8.76
 05/08  19:00:00,9.48
 05/08  20:00:00,10.02
 05/08  21:00:00,10.14
 05/08  22:00:00,10.68
 05/08  23:00:00,10.62
 05/09  00:00:00,11.64
 05/09  01:00:00,11.34
 05/09  02:00:00,11.4
 05/09  03:00:00,12.0
 05/09  04:00:00,11.58
 05/09  05:00:00,11.58
 05/09  06:00:00,13.32
 05/09  07:00:00,12.36
 05/09  08:00:00,11.7
 05/09  09:00:00,10.74
 05/09  10:00:00,11.1
 05/09  11:00:00,9.54
 05/09  12:00:00,10.5
 05/09  13:00:00,9.72
 05/09  14:00:00,9.48
 05/09  15:00:00,7.74
 05/09  16:00:00,8.46
 05/09  17:00:00,8.28
 05/09  18:00:00,8.1
 05/09  19:00:00,8.76
 05/09  20:00:00,9.48
 05/09  21:00:00,9.48
 05/09  22:00:00,9.9
 05/09  23:00:00,10.14
 05/10  00:00:00,10.44
 05/10  01:00:00,10.5
 05/10  02:00:00,10.38
 05/10  03:00:00,11.4
 05/10  04:00:00,11.1
 05/10  05:00:00,11.1
 05/10  06:00:00,11.1
 05/10  07:00:00,9.9
 05/10  08:00:00,9.66
 05/10  09:00:00,8.58
 05/10  10:00:00,8.16
 05/10  11:00:00,7.5
 05/10  12:00:00,7.08
 05/10  13:00:00,6.84
 05/10  14:00:00,7.08
 05/10  15:00:00,6.72
 05/10  16:00:00,7.08
 05/10  17:00:00,6.72
 05/10  18:00:00,6.72
 05/10  19:00:00,7.74
 05/10  20:00:00,7.86
 05/10  21:00:00,8.64
 05/10  22:00:00,8.7
 05/10  23:00:00,8.82
 05/11  00:00:00,9.54
 05/11  01:00:00,9.6
 05/11  02:00:00,9.36
 05/11  03:00:00,9.78
 05/11  04:00:00,10.38
 05/11  05:00:00,10.08
 05/11  06:00:00,10.62
 05/11  07:00:00,9.72
 05/11  08:00:00,9.3
 05/11  09:00:00,9.06
 05/11  10:00:00,9.48
 05/11  11:00:00,9.84
 05/11  12:00:00,17.76
 05/11  13:00:00,22.08
 05/11  14:00:00,16.56
 05/11  15:00:00,7.68
 05/11  16:00:00,7.38
 05/11  17:00:00,7.44
 05/11  18:00:00,7.44
 05/11  19:00:00,8.04
 05/11  20:00:00,8.34
 05/11  21:00:00,9.12
 05/11  22:00:00,9.0
 05/11  23:00:00,9.24
 05/12  00:00:00,9.72
 05/12  01:00:00,10.14
 05/12  02:00:00,9.42
 05/12  03:00:00,10.08
 05/12  04:00:00,10.26
 05/12  05:00:00,11.46
 05/12  06:00:00,11.34
 05/12  07:00:00,10.62
 05/12  08:00:00,10.14
 05/12  09:00:00,9.3
 05/12  10:00:00,8.88
 05/12  11:00:00,9.06
 05/12  12:00:00,8.76
 05/12  13:00:00,12.06
 05/12  14:00:00,22.86
 05/12  15:00:00,22.56
 05/12  16:00:00,20.82
 05/12  17:00:00,10.2
 05/12  18:00:00,3.96
 05/12  19:00:00,3.84
 05/12  20:00:00,4.14
 05/12  21:00:00,3.84
 05/12  22:00:00,3.96
 05/12  23:00:00,4.32
 05/13  00:00:00,4.62
 05/13  01:00:00,5.34
 05/13  02:00:00,4.8
 05/13  03:00:00,5.4
 05/13  04:00:00,4.86
 05/13  05:00:00,5.34
 05/13  06:00:00,5.7
 05/13  07:00:00,5.94
 05/13  08:00:00,5.46
 05/13  09:00:00,5.22
 05/13  10:00:00,5.04
 05/13  11:00:00,4.8
 05/13  12:00:00,5.4
 05/13  13:00:00,5.82
 05/13  14:00:00,5.76
 05/13  15:00:00,5.64
 05/13  16:00:00,4.32
 05/13  17:00:00,3.96
 05/13  18:00:00,4.56
 05/13  19:00:00,4.38
 05/13  20:00:00,4.5
 05/13  21:00:00,4.56
 05/13  22:00:00,4.86
 05/13  23:00:00,5.1
 05/14  00:00:00,4.86
 05/14  01:00:00,4.8
 05/14  02:00:00,5.28
 05/14  03:00:00,5.1
 05/14  04:00:00,4.92
 05/14  05:00:00,5.1
 05/14  06:00:00,6.12
 05/14  07:00:00,7.02
 05/14  08:00:00,6.54
 05/14  09:00:00,6.3
 05/14  10:00:00,5.58
 05/14  11:00:00,5.64
 05/14  12:00:00,5.64
 05/14  13:00:00,5.46
 05/14  14:00:00,5.34
 05/14  15:00:00,4.62
 05/14  16:00:00,4.32
 05/14  17:00:00,3.84
 05/14  18:00:00,3.96
 05/14  19:00:00,3.96
 05/14  20:00:00,4.62
 05/14  21:00:00,5.1
 05/14  22:00:00,4.62
 05/14  23:00:00,8.82
 05/15  00:00:00,11.76
 05/15  01:00:00,12.18
 05/15  02:00:00,12.48
 05/15  03:00:00,11.94
 05/15  04:00:00,12.3
 05/15  05:00:00,12.36
 05/15  06:00:00,12.6
 05/15  07:00:00,12.9
 05/15  08:00:00,6.96
 05/15  09:00:00,6.24
 05/15  10:00:00,5.58
 05/15  11:00:00,5.7
 05/15  12:00:00,6.0
 05/15  13:00:00,5.7
 05/15  14:00:00,5.58
 05/15  15:00:00,5.64
 05/15  16:00:00,5.04
 05/15  17:00:00,4.08
 05/15  18:00:00,4.02
 05/15  19:00:00,3.9
 05/15  20:00:00,4.44
 05/15  21:00:00,4.44
 05/15  22:00:00,4.5
 05/15  23:00:00,4.68
 05/16  00:00:00,4.68
 05/16  01:00:00,5.46
 05/16  02:00:00,4.86
 05/16  03:00:00,4.62
 05/16  04:00:00,6.42
 05/16  05:00:00,18.66
 05/16  06:00:00,19.68
 05/16  07:00:00,19.2
 05/16  08:00:00,19.14
 05/16  09:00:00,18.9
 05/16  10:00:00,18.42
 05/16  11:00:00,18.3
 05/16  12:00:00,17.88
 05/16  13:00:00,17.16
 05/16  14:00:00,13.74
 05/16  15:00:00,3.66
 05/16  16:00:00,3.66
 05/16  17:00:00,3.72
 05/16  18:00:00,3.66
 05/16  19:00:00,3.48
 05/16  20:00:00,3.66
 05/16  21:00:00,4.02
 05/16  22:00:00,3.78
 05/16  23:00:00,3.72
 05/17  00:00:00,4.14
 05/17  01:00:00,4.32
 05/17  02:00:00,4.5
 05/17  03:00:00,4.74
 05/17  04:00:00,4.44
 05/17  05:00:00,4.44
 05/17  06:00:00,4.44
 05/17  07:00:00,4.26
 05/17  08:00:00,3.96
 05/17  09:00:00,3.84
 05/17  10:00:00,3.9
 05/17  11:00:00,4.26
 05/17  12:00:00,4.8
 05/17  13:00:00,4.08
 05/17  14:00:00,4.26
 05/17  15:00:00,4.38
 05/17  16:00:00,4.32
 05/17  17:00:00,4.92
 05/17  18:00:00,4.62
 05/17  19:00:00,5.16
 05/17  20:00:00,5.04
 05/17  21:00:00,5.28
 05/17  22:00:00,5.7
 05/17  23:00:00,5.4
 05/18  00:00:00,5.4
 05/18  01:00:00,5.58
 05/18  02:00:00,5.28
 05/18  03:00:00,5.58
 05/18  04:00:00,5.82
 05/18  05:00:00,5.4
 05/18  06:00:00,5.16
 05/18  07:00:00,5.58
 05/18  08:00:00,5.28
 05/18  09:00:00,5.34
 05/18  10:00:00,4.98
 05/18  11:00:00,7.5
 05/18  12:00:00,10.68
 05/18  13:00:00,6.48
 05/18  14:00:00,5.1
 05/18  15:00:00,5.22
 05/18  16:00:00,4.86
 05/18  17:00:00,5.46
 05/18  18:00:00,5.64
 05/18  19:00:00,5.94
 05/18  20:00:00,6.24
 05/18  21:00:00,6.24
 05/18  22:00:00,6.18
 05/18  23:00:00,6.6
 05/19  00:00:00,6.42
 05/19  01:00:00,6.66
 05/19  02:00:00,6.12
 05/19  03:00:00,6.78
 05/19  04:00:00,6.72
 05/19  05:00:00,6.84
 05/19  06:00:00,6.42
 05/19  07:00:00,6.42
 05/19  08:00:00,6.24
 05/19  09:00:00,5.7
 05/19  10:00:00,6.0
 05/19  11:00:00,5.7
 05/19  12:00:00,10.62
 05/19  13:00:00,11.64
 05/19  14:00:00,12.36
 05/19  15:00:00,11.4
 05/19  16:00:00,14.88
 05/19  17:00:00,25.44
 05/19  18:00:00,25.8
 05/19  19:00:00,26.16
 05/19  20:00:00,24.9
 05/19  21:00:00,13.14
 05/19  22:00:00,13.74
 05/19  23:00:00,13.8
 05/20  00:00:00,14.52
 05/20  01:00:00,14.22
 05/20  02:00:00,14.1
 05/20  03:00:00,14.64
 05/20  04:00:00,14.16
 05/20  05:00:00,14.28
 05/20  06:00:00,15.12
 05/20  07:00:00,15.6
 05/20  08:00:00,16.08
 05/20  09:00:00,14.82
 05/20  10:00:00,9.78
 05/20  11:00:00,7.62
 05/20  12:00:00,7.32
 05/20  13:00:00,8.04
 05/20  14:00:00,15.48
 05/20  15:00:00,6.9
 05/20  16:00:00,4.8
 05/20  17:00:00,4.68
 05/20  18:00:00,5.22
 05/20  19:00:00,4.86
 05/20  20:00:00,5.82
 05/20  21:00:00,5.88
 05/20  22:00:00,6.3
 05/20  23:00:00,6.3
 05/21  00:00:00,6.48
 05/21  01:00:00,6.42
 05/21  02:00:00,7.08
 05/21  03:00:00,8.94
 05/21  04:00:00,7.86
 05/21  05:00:00,6.0
 05/21  06:00:00,8.28
 05/21  07:00:00,7.92
 05/21  08:00:00,8.46
 05/21  09:00:00,8.16
 05/21  10:00:00,8.58
 05/21  11:00:00,8.34
 05/21  12:00:00,8.4
 05/21  13:00:00,7.62
 05/21  14:00:00,7.56
 05/21  15:00:00,7.2
 05/21  16:00:00,6.42
 05/21  17:00:00,6.06
 05/21  18:00:00,6.18
 05/21  19:00:00,6.06
 05/21  20:00:00,6.36
 05/21  21:00:00,7.62
 05/21  22:00:00,6.3
 05/21  23:00:00,6.12
 05/22  00:00:00,7.02
 05/22  01:00:00,6.48
 05/22  02:00:00,6.66
 05/22  03:00:00,6.6
 05/22  04:00:00,6.78
 05/22  05:00:00,7.02
 05/22  06:00:00,8.34
 05/22  07:00:00,8.58
 05/22  08:00:00,8.22
 05/22  09:00:00,8.64
 05/22  10:00:00,8.76
 05/22  11:00:00,7.38
 05/22  12:00:00,6.78
 05/22  13:00:00,6.42
 05/22  14:00:00,7.32
 05/22  15:00:00,7.02
 05/22  16:00:00,8.46
 05/22  17:00:00,5.88
 05/22  18:00:00,5.58
 05/22  19:00:00,6.3
 05/22  20:00:00,6.0
 05/22  21:00:00,6.9
 05/22  22:00:00,6.36
 05/22  23:00:00,6.6
 05/23  00:00:00,7.2
 05/23  01:00:00,6.36
 05/23  02:00:00,6.66
 05/23  03:00:00,7.02
 05/23  04:00:00,7.14
 05/23  05:00:00,6.96
 05/23  06:00:00,9.0
 05/23  07:00:00,8.7
 05/23  08:00:00,8.88
 05/23  09:00:00,7.92
 05/23  10:00:00,8.16
 05/23  11:00:00,7.98
 05/23  12:00:00,10.74
 05/23  13:00:00,14.76
 05/23  14:00:00,14.88
 05/23  15:00:00,8.22
 05/23  16:00:00,6.3
 05/23  17:00:00,6.36
 05/23  18:00:00,6.42
 05/23  19:00:00,6.3
 05/23  20:00:00,6.84
 05/23  21:00:00,6.6
 05/23  22:00:00,6.9
 05/23  23:00:00,7.02
 05/24  00:00:00,6.66
 05/24  01:00:00,6.96
 05/24  02:00:00,6.72
 05/24  03:00:00,6.72
 05/24  04:00:00,7.38
 05/24  05:00:00,6.6
 05/24  06:00:00,6.48
 05/24  07:00:00,6.9
 05/24  08:00:00,6.24
 05/24  09:00:00,6.42
 05/24  10:00:00,6.0
 05/24  11:00:00,5.82
 05/24  12:00:00,6.36
 05/24  13:00:00,5.7
 05/24  14:00:00,6.12
 05/24  15:00:00,5.88
 05/24  16:00:00,6.18
 05/24  17:00:00,5.94
 05/24  18:00:00,5.58
 05/24  19:00:00,5.46
 05/24  20:00:00,6.48
 05/24  21:00:00,6.6
 05/24  22:00:00,6.72
 05/24  23:00:00,6.9
 05/25  00:00:00,7.44
 05/25  01:00:00,7.14
 05/25  02:00:00,7.2
 05/25  03:00:00,7.08
 05/25  04:00:00,7.86
 05/25  05:00:00,7.2
 05/25  06:00:00,7.02
 05/25  07:00:00,7.44
 05/25  08:00:00,6.24
 05/25  09:00:00,10.32
 05/25  10:00:00,11.82
 05/25  11:00:00,8.88
 05/25  12:00:00,11.64
 05/25  13:00:00,11.88
 05/25  14:00:00,11.22
 05/25  15:00:00,6.12
 05/25  16:00:00,4.86
 05/25  17:00:00,4.86
 05/25  18:00:00,4.56
 05/25  19:00:00,4.86
 05/25  20:00:00,5.52
 05/25  21:00:00,6.48
 05/25  22:00:00,5.88
 05/25  23:00:00,6.36
 05/26  00:00:00,6.54
 05/26  01:00:00,7.02
 05/26  02:00:00,6.42
 05/26  03:00:00,6.84
 05/26  04:00:00,6.84
 05/26  05:00:00,7.02
 05/26  06:00:00,9.06
 05/26  07:00:00,7.38
 05/26  08:00:00,6.6
 05/26  09:00:00,5.7
 05/26  10:00:00,5.58
 05/26  11:00:00,5.04
 05/26  12:00:00,4.68
 05/26  13:00:00,4.92
 05/26  14:00:00,4.98
 05/26  15:00:00,4.2
 05/26  16:00:00,4.56
 05/26  17:00:00,3.78
 05/26  18:00:00,4.08
 05/26  19:00:00,3.66
 05/26  20:00:00,4.74
 05/26  21:00:00,5.22
 05/26  22:00:00,4.8
 05/26  23:00:00,5.76
 05/27  00:00:00,5.4
 05/27  01:00:00,5.76
 05/27  02:00:00,5.94
 05/27  03:00:00,5.76
 05/27  04:00:00,5.88
 05/27  05:00:00,5.76
 05/27  06:00:00,6.96
 05/27  07:00:00,6.0
 05/27  08:00:00,6.12
 05/27  09:00:00,5.88
 05/27  10:00:00,5.34
 05/27  11:00:00,5.4
 05/27  12:00:00,5.46
 05/27  13:00:00,5.34
 05/27  14:00:00,5.16
 05/27  15:00:00,4.62
 05/27  16:00:00,4.2
 05/27  17:00:00,3.48
 05/27  18:00:00,4.02
 05/27  19:00:00,3.48
 05/27  20:00:00,4.14
 05/27  21:00:00,4.62
 05/27  22:00:00,4.98
 05/27  23:00:00,4.92
 05/28  00:00:00,5.58
 05/28  01:00:00,5.4
 05/28  02:00:00,5.1
 05/28  03:00:00,6.24
 05/28  04:00:00,5.46
 05/28  05:00:00,6.0
 05/28  06:00:00,7.5
 05/28  07:00:00,7.2
 05/28  08:00:00,6.72
 05/28  09:00:00,7.14
 05/28  10:00:00,6.6
 05/28  11:00:00,6.54
 05/28  12:00:00,6.6
 05/28  13:00:00,6.6
 05/28  14:00:00,6.12
 05/28  15:00:00,6.12
 05/28  16:00:00,4.92
 05/28  17:00:00,5.4
 05/28  18:00:00,4.98
 05/28  19:00:00,5.22
 05/28  20:00:00,5.82
 05/28  21:00:00,5.52
 05/28  22:00:00,5.58
 05/28  23:00:00,11.04
 05/29  00:00:00,12.48
 05/29  01:00:00,12.12
 05/29  02:00:00,12.3
 05/29  03:00:00,12.54
 05/29  04:00:00,12.0
 05/29  05:00:00,15.78
 05/29  06:00:00,26.7
 05/29  07:00:00,25.68
 05/29  08:00:00,29.46
 05/29  09:00:00,21.84
 05/29  10:00:00,21.78
 05/29  11:00:00,21.48
 05/29  12:00:00,9.48
 05/29  13:00:00,7.08
 05/29  14:00:00,6.3
 05/29  15:00:00,5.58
 05/29  16:00:00,5.46
 05/29  17:00:00,4.5
 05/29  18:00:00,5.4
 05/29  19:00:00,4.74
 05/29  20:00:00,5.82
 05/29  21:00:00,5.22
 05/29  22:00:00,5.34
 05/29  23:00:00,6.0
 05/30  00:00:00,5.4
 05/30  01:00:00,5.7
 05/30  02:00:00,5.7
 05/30  03:00:00,5.52
 05/30  04:00:00,6.06
 05/30  05:00:00,5.76
 05/30  06:00:00,6.66
 05/30  07:00:00,7.44
 05/30  08:00:00,6.84
 05/30  09:00:00,6.96
 05/30  10:00:00,6.0
 05/30  11:00:00,5.94
 05/30  12:00:00,6.18
 05/30  13:00:00,5.76
 05/30  14:00:00,5.76
 05/30  15:00:00,4.98
 05/30  16:00:00,4.26
 05/30  17:00:00,3.6
 05/30  18:00:00,4.08
 05/30  19:00:00,4.32
 05/30  20:00:00,4.56
 05/30  21:00:00,4.8
 05/30  22:00:00,5.04
 05/30  23:00:00,5.82
 05/31  00:00:00,5.22
 05/31  01:00:00,6.06
 05/31  02:00:00,5.4
 05/31  03:00:00,6.36
 05/31  04:00:00,5.94
 05/31  05:00:00,5.88
 05/31  06:00:00,6.6
 05/31  07:00:00,6.18
 05/31  08:00:00,6.18
 05/31  09:00:00,6.3
 05/31  10:00:00,6.36
 05/31  11:00:00,6.6
 05/31  12:00:00,5.64
 05/31  13:00:00,5.76
 05/31  14:00:00,4.92
 05/31  15:00:00,5.76
 05/31  16:00:00,4.98
 05/31  17:00:00,5.88
 05/31  18:00:00,5.46
 05/31  19:00:00,4.98
 05/31  20:00:00,6.24
 05/31  21:00:00,6.48
 05/31  22:00:00,6.6
 05/31  23:00:00,6.54
 06/01  00:00:00,6.84
 06/01  01:00:00,7.2
 06/01  02:00:00,6.96
 06/01  03:00:00,6.9
 06/01  04:00:00,7.38
 06/01  05:00:00,7.44
 06/01  06:00:00,6.9
 06/01  07:00:00,6.6
 06/01  08:00:00,6.18
 06/01  09:00:00,5.76
 06/01  10:00:00,5.82
 06/01  11:00:00,5.88
 06/01  12:00:00,4.92
 06/01  13:00:00,5.28
 06/01  14:00:00,5.04
 06/01  15:00:00,4.86
 06/01  16:00:00,5.22
 06/01  17:00:00,4.62
 06/01  18:00:00,5.58
 06/01  19:00:00,4.86
 06/01  20:00:00,6.18
 06/01  21:00:00,6.0
 06/01  22:00:00,6.66
 06/01  23:00:00,6.84
 06/02  00:00:00,7.02
 06/02  01:00:00,6.78
 06/02  02:00:00,7.02
 06/02  03:00:00,7.38
 06/02  04:00:00,7.74
 06/02  05:00:00,7.62
 06/02  06:00:00,7.56
 06/02  07:00:00,7.74
 06/02  08:00:00,6.96
 06/02  09:00:00,7.68
 06/02  10:00:00,6.72
 06/02  11:00:00,6.12
 06/02  12:00:00,6.48
 06/02  13:00:00,6.0
 06/02  14:00:00,6.06
 06/02  15:00:00,10.26
 06/02  16:00:00,18.78
 06/02  17:00:00,15.06
 06/02  18:00:00,4.02
 06/02  19:00:00,4.08
 06/02  20:00:00,4.74
 06/02  21:00:00,4.86
 06/02  22:00:00,5.16
 06/02  23:00:00,5.4
 06/03  00:00:00,5.52
 06/03  01:00:00,5.28
 06/03  02:00:00,6.06
 06/03  03:00:00,5.58
 06/03  04:00:00,5.82
 06/03  05:00:00,6.12
 06/03  06:00:00,6.78
 06/03  07:00:00,7.38
 06/03  08:00:00,7.2
 06/03  09:00:00,6.54
 06/03  10:00:00,7.32
 06/03  11:00:00,7.62
 06/03  12:00:00,7.8
 06/03  13:00:00,7.8
 06/03  14:00:00,8.04
 06/03  15:00:00,7.08
 06/03  16:00:00,5.7
 06/03  17:00:00,5.94
 06/03  18:00:00,5.28
 06/03  19:00:00,5.34
 06/03  20:00:00,5.7
 06/03  21:00:00,5.46
 06/03  22:00:00,5.28
 06/03  23:00:00,5.28
 06/04  00:00:00,5.82
 06/04  01:00:00,5.58
 06/04  02:00:00,5.64
 06/04  03:00:00,5.88
 06/04  04:00:00,5.7
 06/04  05:00:00,5.52
 06/04  06:00:00,6.78
 06/04  07:00:00,7.26
 06/04  08:00:00,7.08
 06/04  09:00:00,7.5
 06/04  10:00:00,7.8
 06/04  11:00:00,7.68
 06/04  12:00:00,7.32
 06/04  13:00:00,7.74
 06/04  14:00:00,7.98
 06/04  15:00:00,5.94
 06/04  16:00:00,5.94
 06/04  17:00:00,5.22
 06/04  18:00:00,5.34
 06/04  19:00:00,5.58
 06/04  20:00:00,5.34
 06/04  21:00:00,5.46
 06/04  22:00:00,5.7
 06/04  23:00:00,5.4
 06/05  00:00:00,5.34
 06/05  01:00:00,5.52
 06/05  02:00:00,5.94
 06/05  03:00:00,5.64
 06/05  04:00:00,5.76
 06/05  05:00:00,6.3
 06/05  06:00:00,7.2
 06/05  07:00:00,7.38
 06/05  08:00:00,7.8
 06/05  09:00:00,7.74
 06/05  10:00:00,8.04
 06/05  11:00:00,13.5
 06/05  12:00:00,21.18
 06/05  13:00:00,21.66
 06/05  14:00:00,20.1
 06/05  15:00:00,11.4
 06/05  16:00:00,6.3
 06/05  17:00:00,5.1
 06/05  18:00:00,5.1
 06/05  19:00:00,5.28
 06/05  20:00:00,5.58
 06/05  21:00:00,5.58
 06/05  22:00:00,5.46
 06/05  23:00:00,5.94
 06/06  00:00:00,5.58
 06/06  01:00:00,5.46
 06/06  02:00:00,5.82
 06/06  03:00:00,5.58
 06/06  04:00:00,5.88
 06/06  05:00:00,5.46
 06/06  06:00:00,7.32
 06/06  07:00:00,7.68
 06/06  08:00:00,6.96
 06/06  09:00:00,7.2
 06/06  10:00:00,7.2
 06/06  11:00:00,7.68
 06/06  12:00:00,13.68
 06/06  13:00:00,10.86
 06/06  14:00:00,6.48
 06/06  15:00:00,5.34
 06/06  16:00:00,5.28
 06/06  17:00:00,5.58
 06/06  18:00:00,12.0
 06/06  19:00:00,11.7
 06/06  20:00:00,12.24
 06/06  21:00:00,11.82
 06/06  22:00:00,12.0
 06/06  23:00:00,12.36
 06/07  00:00:00,12.42
 06/07  01:00:00,12.24
 06/07  02:00:00,11.94
 06/07  03:00:00,12.06
 06/07  04:00:00,12.18
 06/07  05:00:00,12.18
 06/07  06:00:00,11.94
 06/07  07:00:00,11.88
 06/07  08:00:00,11.94
 06/07  09:00:00,11.64
 06/07  10:00:00,11.22
 06/07  11:00:00,5.04
 06/07  12:00:00,17.46
 06/07  13:00:00,7.8
 06/07  14:00:00,5.16
 06/07  15:00:00,5.16
 06/07  16:00:00,5.22
 06/07  17:00:00,5.34
 06/07  18:00:00,5.34
 06/07  19:00:00,5.04
 06/07  20:00:00,5.28
 06/07  21:00:00,5.22
 06/07  22:00:00,5.52
 06/07  23:00:00,5.46
 06/08  00:00:00,5.64
 06/08  01:00:00,5.52
 06/08  02:00:00,5.94
 06/08  03:00:00,5.82
 06/08  04:00:00,5.4
 06/08  05:00:00,5.76
 06/08  06:00:00,5.46
 06/08  07:00:00,5.4
 06/08  08:00:00,5.7
 06/08  09:00:00,5.04
 06/08  10:00:00,5.1
 06/08  11:00:00,5.22
 06/08  12:00:00,5.46
 06/08  13:00:00,5.34
 06/08  14:00:00,4.98
 06/08  15:00:00,5.28
 06/08  16:00:00,5.16
 06/08  17:00:00,5.22
 06/08  18:00:00,9.18
 06/08  19:00:00,11.76
 06/08  20:00:00,11.82
 06/08  21:00:00,11.82
 06/08  22:00:00,12.12
 06/08  23:00:00,12.18
 06/09  00:00:00,12.18
 06/09  01:00:00,12.0
 06/09  02:00:00,12.54
 06/09  03:00:00,12.48
 06/09  04:00:00,12.18
 06/09  05:00:00,11.82
 06/09  06:00:00,12.12
 06/09  07:00:00,7.56
 06/09  08:00:00,7.44
 06/09  09:00:00,7.32
 06/09  10:00:00,7.14
 06/09  11:00:00,7.26
 06/09  12:00:00,7.08
 06/09  13:00:00,7.08
 06/09  14:00:00,7.08
 06/09  15:00:00,6.48
 06/09  16:00:00,5.1
 06/09  17:00:00,5.34
 06/09  18:00:00,5.22
 06/09  19:00:00,5.1
 06/09  20:00:00,5.34
 06/09  21:00:00,5.28
 06/09  22:00:00,5.64
 06/09  23:00:00,5.46
 06/10  00:00:00,5.58
 06/10  01:00:00,5.88
 06/10  02:00:00,5.58
 06/10  03:00:00,5.88
 06/10  04:00:00,5.34
 06/10  05:00:00,6.12
 06/10  06:00:00,6.3
 06/10  07:00:00,6.48
 06/10  08:00:00,6.66
 06/10  09:00:00,6.78
 06/10  10:00:00,6.9
 06/10  11:00:00,6.48
 06/10  12:00:00,6.54
 06/10  13:00:00,6.12
 06/10  14:00:00,6.42
 06/10  15:00:00,6.0
 06/10  16:00:00,5.16
 06/10  17:00:00,5.46
 06/10  18:00:00,5.46
 06/10  19:00:00,5.4
 06/10  20:00:00,5.82
 06/10  21:00:00,5.22
 06/10  22:00:00,5.52
 06/10  23:00:00,6.78
 06/11  00:00:00,6.0
 06/11  01:00:00,5.58
 06/11  02:00:00,5.64
 06/11  03:00:00,5.82
 06/11  04:00:00,5.88
 06/11  05:00:00,5.34
 06/11  06:00:00,7.44
 06/11  07:00:00,7.32
 06/11  08:00:00,7.38
 06/11  09:00:00,7.68
 06/11  10:00:00,7.5
 06/11  11:00:00,7.44
 06/11  12:00:00,7.86
 06/11  13:00:00,8.04
 06/11  14:00:00,7.08
 06/11  15:00:00,6.66
 06/11  16:00:00,5.46
 06/11  17:00:00,5.16
 06/11  18:00:00,5.1
 06/11  19:00:00,5.52
 06/11  20:00:00,5.16
 06/11  21:00:00,14.28
 06/11  22:00:00,19.98
 06/11  23:00:00,19.8
 06/12  00:00:00,19.92
 06/12  01:00:00,19.86
 06/12  02:00:00,20.4
 06/12  03:00:00,20.1
 06/12  04:00:00,17.04
 06/12  05:00:00,5.4
 06/12  06:00:00,6.42
 06/12  07:00:00,7.26
 06/12  08:00:00,7.32
 06/12  09:00:00,7.32
 06/12  10:00:00,7.02
 06/12  11:00:00,6.6
 06/12  12:00:00,6.84
 06/12  13:00:00,7.08
 06/12  14:00:00,6.48
 06/12  15:00:00,5.28
 06/12  16:00:00,4.56
 06/12  17:00:00,4.98
 06/12  18:00:00,4.5
 06/12  19:00:00,4.74
 06/12  20:00:00,4.8
 06/12  21:00:00,4.92
 06/12  22:00:00,5.04
 06/12  23:00:00,5.28
 06/13  00:00:00,4.98
 06/13  01:00:00,5.22
 06/13  02:00:00,5.52
 06/13  03:00:00,5.28
 06/13  04:00:00,5.58
 06/13  05:00:00,5.1
 06/13  06:00:00,6.84
 06/13  07:00:00,6.9
 06/13  08:00:00,6.54
 06/13  09:00:00,6.9
 06/13  10:00:00,6.36
 06/13  11:00:00,6.48
 06/13  12:00:00,6.78
 06/13  13:00:00,6.72
 06/13  14:00:00,5.88
 06/13  15:00:00,5.28
 06/13  16:00:00,9.3
 06/13  17:00:00,11.52
 06/13  18:00:00,11.28
 06/13  19:00:00,11.7
 06/13  20:00:00,11.4
 06/13  21:00:00,11.82
 06/13  22:00:00,11.76
 06/13  23:00:00,12.06
 06/14  00:00:00,11.88
 06/14  01:00:00,11.88
 06/14  02:00:00,11.7
 06/14  03:00:00,12.12
 06/14  04:00:00,12.3
 06/14  05:00:00,11.64
 06/14  06:00:00,11.76
 06/14  07:00:00,12.06
 06/14  08:00:00,11.52
 06/14  09:00:00,11.82
 06/14  10:00:00,11.28
 06/14  11:00:00,6.18
 06/14  12:00:00,4.68
 06/14  13:00:00,4.68
 06/14  14:00:00,4.98
 06/14  15:00:00,4.56
 06/14  16:00:00,4.92
 06/14  17:00:00,4.68
 06/14  18:00:00,4.74
 06/14  19:00:00,4.74
 06/14  20:00:00,4.8
 06/14  21:00:00,5.04
 06/14  22:00:00,5.1
 06/14  23:00:00,5.34
 06/15  00:00:00,5.04
 06/15  01:00:00,5.52
 06/15  02:00:00,5.16
 06/15  03:00:00,5.58
 06/15  04:00:00,5.22
 06/15  05:00:00,5.4
 06/15  06:00:00,5.28
 06/15  07:00:00,5.04
 06/15  08:00:00,4.8
 06/15  09:00:00,4.86
 06/15  10:00:00,4.86
 06/15  11:00:00,18.0
 06/15  12:00:00,18.72
 06/15  13:00:00,19.02
 06/15  14:00:00,19.62
 06/15  15:00:00,19.44
 06/15  16:00:00,18.9
 06/15  17:00:00,18.9
 06/15  18:00:00,5.46
 06/15  19:00:00,5.22
 06/15  20:00:00,5.1
 06/15  21:00:00,5.16
 06/15  22:00:00,5.16
 06/15  23:00:00,5.22
 06/16  00:00:00,5.58
 06/16  01:00:00,5.4
 06/16  02:00:00,5.46
 06/16  03:00:00,5.34
 06/16  04:00:00,5.7
 06/16  05:00:00,5.7
 06/16  06:00:00,5.34
 06/16  07:00:00,6.48
 06/16  08:00:00,6.66
 06/16  09:00:00,6.84
 06/16  10:00:00,6.78
 06/16  11:00:00,7.26
 06/16  12:00:00,7.2
 06/16  13:00:00,7.08
 06/16  14:00:00,6.48
 06/16  15:00:00,7.08
 06/16  16:00:00,5.94
 06/16  17:00:00,5.52
 06/16  18:00:00,5.22
 06/16  19:00:00,5.16
 06/16  20:00:00,5.58
 06/16  21:00:00,5.16
 06/16  22:00:00,5.34
 06/16  23:00:00,5.28
 06/17  00:00:00,5.34
 06/17  01:00:00,5.1
 06/17  02:00:00,5.04
 06/17  03:00:00,5.58
 06/17  04:00:00,5.7
 06/17  05:00:00,5.28
 06/17  06:00:00,6.0
 06/17  07:00:00,5.94
 06/17  08:00:00,6.36
 06/17  09:00:00,6.96
 06/17  10:00:00,6.66
 06/17  11:00:00,6.6
 06/17  12:00:00,6.48
 06/17  13:00:00,6.48
 06/17  14:00:00,6.42
 06/17  15:00:00,5.94
 06/17  16:00:00,4.5
 06/17  17:00:00,3.6
 06/17  18:00:00,4.26
 06/17  19:00:00,3.54
 06/17  20:00:00,4.14
 06/17  21:00:00,3.72
 06/17  22:00:00,3.48
 06/17  23:00:00,3.84
 06/18  00:00:00,3.9
 06/18  01:00:00,3.36
 06/18  02:00:00,3.72
 06/18  03:00:00,3.54
 06/18  04:00:00,3.78
 06/18  05:00:00,3.3
 06/18  06:00:00,5.04
 06/18  07:00:00,5.94
 06/18  08:00:00,6.12
 06/18  09:00:00,6.24
 06/18  10:00:00,6.6
 06/18  11:00:00,6.48
 06/18  12:00:00,6.78
 06/18  13:00:00,6.6
 06/18  14:00:00,5.76
 06/18  15:00:00,5.58
 06/18  16:00:00,3.84
 06/18  17:00:00,3.24
 06/18  18:00:00,3.54
 06/18  19:00:00,3.18
 06/18  20:00:00,3.54
 06/18  21:00:00,3.48
 06/18  22:00:00,3.18
 06/18  23:00:00,3.24
 06/19  00:00:00,3.48
 06/19  01:00:00,3.36
 06/19  02:00:00,3.3
 06/19  03:00:00,3.54
 06/19  04:00:00,3.42
 06/19  05:00:00,3.66
 06/19  06:00:00,4.92
 06/19  07:00:00,5.46
 06/19  08:00:00,5.22
 06/19  09:00:00,6.18
 06/19  10:00:00,5.88
 06/19  11:00:00,5.64
 06/19  12:00:00,6.12
 06/19  13:00:00,5.76
 06/19  14:00:00,5.76
 06/19  15:00:00,5.58
 06/19  16:00:00,4.32
 06/19  17:00:00,3.72
 06/19  18:00:00,3.42
 06/19  19:00:00,4.02
 06/19  20:00:00,4.02
 06/19  21:00:00,4.38
 06/19  22:00:00,4.08
 06/19  23:00:00,4.5
 06/20  00:00:00,4.2
 06/20  01:00:00,4.56
 06/20  02:00:00,4.74
 06/20  03:00:00,4.2
 06/20  04:00:00,4.2
 06/20  05:00:00,5.94
 06/20  06:00:00,6.12
 06/20  07:00:00,5.88
 06/20  08:00:00,5.7
 06/20  09:00:00,5.7
 06/20  10:00:00,5.46
 06/20  11:00:00,5.22
 06/20  12:00:00,6.18
 06/20  13:00:00,6.06
 06/20  14:00:00,5.76
 06/20  15:00:00,4.74
 06/20  16:00:00,3.6
 06/20  17:00:00,3.24
 06/20  18:00:00,3.3
 06/20  19:00:00,3.36
 06/20  20:00:00,3.42
 06/20  21:00:00,3.36
 06/20  22:00:00,3.48
 06/20  23:00:00,3.54
 06/21  00:00:00,3.96
 06/21  01:00:00,3.54
 06/21  02:00:00,4.38
 06/21  03:00:00,4.08
 06/21  04:00:00,4.14
 06/21  05:00:00,3.78
 06/21  06:00:00,4.08
 06/21  07:00:00,3.18
 06/21  08:00:00,3.18
 06/21  09:00:00,3.36
 06/21  10:00:00,3.42
 06/21  11:00:00,3.18
 06/21  12:00:00,3.24
 06/21  13:00:00,3.42
 06/21  14:00:00,3.18
 06/21  15:00:00,3.42
 06/21  16:00:00,3.18
 06/21  17:00:00,3.48
 06/21  18:00:00,3.36
 06/21  19:00:00,3.24
 06/21  20:00:00,3.54
 06/21  21:00:00,3.6
 06/21  22:00:00,3.66
 06/21  23:00:00,3.18
 06/22  00:00:00,3.6
 06/22  01:00:00,3.24
 06/22  02:00:00,3.78
 06/22  03:00:00,3.48
 06/22  04:00:00,3.3
 06/22  05:00:00,3.3
 06/22  06:00:00,9.36
 06/22  07:00:00,18.0
 06/22  08:00:00,17.88
 06/22  09:00:00,14.4
 06/22  10:00:00,18.18
 06/22  11:00:00,18.12
 06/22  12:00:00,12.24
 06/22  13:00:00,13.38
 06/22  14:00:00,18.48
 06/22  15:00:00,18.24
 06/22  16:00:00,5.34
 06/22  17:00:00,4.2
 06/22  18:00:00,3.84
 06/22  19:00:00,3.36
 06/22  20:00:00,3.9
 06/22  21:00:00,3.66
 06/22  22:00:00,3.72
 06/22  23:00:00,3.54
 06/23  00:00:00,3.42
 06/23  01:00:00,3.24
 06/23  02:00:00,3.66
 06/23  03:00:00,3.42
 06/23  04:00:00,3.36
 06/23  05:00:00,5.1
 06/23  06:00:00,4.5
 06/23  07:00:00,5.76
 06/23  08:00:00,5.22
 06/23  09:00:00,5.76
 06/23  10:00:00,6.06
 06/23  11:00:00,6.0
 06/23  12:00:00,5.64
 06/23  13:00:00,6.18
 06/23  14:00:00,6.06
 06/23  15:00:00,5.28
 06/23  16:00:00,3.84
 06/23  17:00:00,3.72
 06/23  18:00:00,3.72
 06/23  19:00:00,3.72
 06/23  20:00:00,3.6
 06/23  21:00:00,3.42
 06/23  22:00:00,3.48
 06/23  23:00:00,3.36
 06/24  00:00:00,3.36
 06/24  01:00:00,3.36
 06/24  02:00:00,3.12
 06/24  03:00:00,3.3
 06/24  04:00:00,3.48
 06/24  05:00:00,4.68
 06/24  06:00:00,5.16
 06/24  07:00:00,5.76
 06/24  08:00:00,5.88
 06/24  09:00:00,6.72
 06/24  10:00:00,6.84
 06/24  11:00:00,7.5
 06/24  12:00:00,7.56
 06/24  13:00:00,7.86
 06/24  14:00:00,8.34
 06/24  15:00:00,7.38
 06/24  16:00:00,6.18
 06/24  17:00:00,4.8
 06/24  18:00:00,4.86
 06/24  19:00:00,4.68
 06/24  20:00:00,4.38
 06/24  21:00:00,4.38
 06/24  22:00:00,4.14
 06/24  23:00:00,4.44
 06/25  00:00:00,3.96
 06/25  01:00:00,4.38
 06/25  02:00:00,4.02
 06/25  03:00:00,4.2
 06/25  04:00:00,3.78
 06/25  05:00:00,3.96
 06/25  06:00:00,5.52
 06/25  07:00:00,6.06
 06/25  08:00:00,6.18
 06/25  09:00:00,6.06
 06/25  10:00:00,6.66
 06/25  11:00:00,6.78
 06/25  12:00:00,7.26
 06/25  13:00:00,7.2
 06/25  14:00:00,6.72
 06/25  15:00:00,10.2
 06/25  16:00:00,8.82
 06/25  17:00:00,4.08
 06/25  18:00:00,3.96
 06/25  19:00:00,3.66
 06/25  20:00:00,3.42
 06/25  21:00:00,3.42
 06/25  22:00:00,3.54
 06/25  23:00:00,3.24
 06/26  00:00:00,3.36
 06/26  01:00:00,3.24
 06/26  02:00:00,3.48
 06/26  03:00:00,3.06
 06/26  04:00:00,3.0
 06/26  05:00:00,2.88
 06/26  06:00:00,3.06
 06/26  07:00:00,3.18
 06/26  08:00:00,3.78
 06/26  09:00:00,4.5
 06/26  10:00:00,4.5
 06/26  11:00:00,5.88
 06/26  12:00:00,18.18
 06/26  13:00:00,18.12
 06/26  14:00:00,18.36
 06/26  15:00:00,13.26
 06/26  16:00:00,3.0
 06/26  17:00:00,3.3
 06/26  18:00:00,3.36
 06/26  19:00:00,3.0
 06/26  20:00:00,3.3
 06/26  21:00:00,3.54
 06/26  22:00:00,3.84
 06/26  23:00:00,3.54
 06/27  00:00:00,3.54
 06/27  01:00:00,3.66
 06/27  02:00:00,3.6
 06/27  03:00:00,3.9
 06/27  04:00:00,3.66
 06/27  05:00:00,5.28
 06/27  06:00:00,5.4
 06/27  07:00:00,5.16
 06/27  08:00:00,5.16
 06/27  09:00:00,5.28
 06/27  10:00:00,5.1
 06/27  11:00:00,5.34
 06/27  12:00:00,8.46
 06/27  13:00:00,26.52
 06/27  14:00:00,25.32
 06/27  15:00:00,20.64
 06/27  16:00:00,18.3
 06/27  17:00:00,18.0
 06/27  18:00:00,17.52
 06/27  19:00:00,16.08
 06/27  20:00:00,24.12
 06/27  21:00:00,23.82
 06/27  22:00:00,23.82
 06/27  23:00:00,23.76
 06/28  00:00:00,23.76
 06/28  01:00:00,24.0
 06/28  02:00:00,15.84
 06/28  03:00:00,10.8
 06/28  04:00:00,9.78
 06/28  05:00:00,7.14
 06/28  06:00:00,3.0
 06/28  07:00:00,3.12
 06/28  08:00:00,3.12
 06/28  09:00:00,3.06
 06/28  10:00:00,3.24
 06/28  11:00:00,3.48
 06/28  12:00:00,3.06
 06/28  13:00:00,3.12
 06/28  14:00:00,3.0
 06/28  15:00:00,3.18
 06/28  16:00:00,3.24
 06/28  17:00:00,3.06
 06/28  18:00:00,3.12
 06/28  19:00:00,3.12
 06/28  20:00:00,3.36
 06/28  21:00:00,2.88
 06/28  22:00:00,3.3
 06/28  23:00:00,3.06
 06/29  00:00:00,3.42
 06/29  01:00:00,3.78
 06/29  02:00:00,3.78
 06/29  03:00:00,3.66
 06/29  04:00:00,3.66
 06/29  05:00:00,3.78
 06/29  06:00:00,3.3
 06/29  07:00:00,3.12
 06/29  08:00:00,3.12
 06/29  09:00:00,3.0
 06/29  10:00:00,3.06
 06/29  11:00:00,10.38
 06/29  12:00:00,9.84
 06/29  13:00:00,3.12
 06/29  14:00:00,3.24
 06/29  15:00:00,3.42
 06/29  16:00:00,3.72
 06/29  17:00:00,3.6
 06/29  18:00:00,3.36
 06/29  19:00:00,3.24
 06/29  20:00:00,3.3
 06/29  21:00:00,3.54
 06/29  22:00:00,3.12
 06/29  23:00:00,3.12
 06/30  00:00:00,3.06
 06/30  01:00:00,3.12
 06/30  02:00:00,3.3
 06/30  03:00:00,3.0
 06/30  04:00:00,2.94
 06/30  05:00:00,3.12
 06/30  06:00:00,3.06
 06/30  07:00:00,3.06
 06/30  08:00:00,3.06
 06/30  09:00:00,3.12
 06/30  10:00:00,3.06
 06/30  11:00:00,3.6
 06/30  12:00:00,3.24
 06/30  13:00:00,3.54
 06/30  14:00:00,3.36
 06/30  15:00:00,3.42
 06/30  16:00:00,3.18
 06/30  17:00:00,3.12
 06/30  18:00:00,3.18
 06/30  19:00:00,3.18
 06/30  20:00:00,3.12
 06/30  21:00:00,3.3
 06/30  22:00:00,3.24
 06/30  23:00:00,3.06
 07/01  00:00:00,3.18
 07/01  01:00:00,3.48
 07/01  02:00:00,3.12
 07/01  03:00:00,3.06
 07/01  04:00:00,3.0
 07/01  05:00:00,3.18
 07/01  06:00:00,3.48
 07/01  07:00:00,4.98
 07/01  08:00:00,5.1
 07/01  09:00:00,5.34
 07/01  10:00:00,4.86
 07/01  11:00:00,5.52
 07/01  12:00:00,5.64
 07/01  13:00:00,6.18
 07/01  14:00:00,5.64
 07/01  15:00:00,18.18
 07/01  16:00:00,18.42
 07/01  17:00:00,18.66
 07/01  18:00:00,18.42
 07/01  19:00:00,18.24
 07/01  20:00:00,17.1
 07/01  21:00:00,4.32
 07/01  22:00:00,4.2
 07/01  23:00:00,3.84
 07/02  00:00:00,3.9
 07/02  01:00:00,4.02
 07/02  02:00:00,3.84
 07/02  03:00:00,4.2
 07/02  04:00:00,4.08
 07/02  05:00:00,3.78
 07/02  06:00:00,4.92
 07/02  07:00:00,5.16
 07/02  08:00:00,5.64
 07/02  09:00:00,5.88
 07/02  10:00:00,6.18
 07/02  11:00:00,6.36
 07/02  12:00:00,6.36
 07/02  13:00:00,6.42
 07/02  14:00:00,6.96
 07/02  15:00:00,5.04
 07/02  16:00:00,3.9
 07/02  17:00:00,3.42
 07/02  18:00:00,3.42
 07/02  19:00:00,3.36
 07/02  20:00:00,3.42
 07/02  21:00:00,3.36
 07/02  22:00:00,3.36
 07/02  23:00:00,3.0
 07/03  00:00:00,3.48
 07/03  01:00:00,3.12
 07/03  02:00:00,2.88
 07/03  03:00:00,2.88
 07/03  04:00:00,3.3
 07/03  05:00:00,2.76
 07/03  06:00:00,3.18
 07/03  07:00:00,3.6
 07/03  08:00:00,4.26
 07/03  09:00:00,4.5
 07/03  10:00:00,4.44
 07/03  11:00:00,4.68
 07/03  12:00:00,4.8
 07/03  13:00:00,4.8
 07/03  14:00:00,4.44
 07/03  15:00:00,4.2
 07/03  16:00:00,3.24
 07/03  17:00:00,3.18
 07/03  18:00:00,3.54
 07/03  19:00:00,3.06
 07/03  20:00:00,3.0
 07/03  21:00:00,2.88
 07/03  22:00:00,3.3
 07/03  23:00:00,3.06
 07/04  00:00:00,3.42
 07/04  01:00:00,3.54
 07/04  02:00:00,3.6
 07/04  03:00:00,4.2
 07/04  04:00:00,3.84
 07/04  05:00:00,5.1
 07/04  06:00:00,5.1
 07/04  07:00:00,5.64
 07/04  08:00:00,5.1
 07/04  09:00:00,5.4
 07/04  10:00:00,5.28
 07/04  11:00:00,5.4
 07/04  12:00:00,5.64
 07/04  13:00:00,6.0
 07/04  14:00:00,5.76
 07/04  15:00:00,4.44
 07/04  16:00:00,3.84
 07/04  17:00:00,3.36
 07/04  18:00:00,3.3
 07/04  19:00:00,3.24
 07/04  20:00:00,3.3
 07/04  21:00:00,3.3
 07/04  22:00:00,3.18
 07/04  23:00:00,2.94
 07/05  00:00:00,3.12
 07/05  01:00:00,3.24
 07/05  02:00:00,3.0
 07/05  03:00:00,3.0
 07/05  04:00:00,3.06
 07/05  05:00:00,2.82
 07/05  06:00:00,3.12
 07/05  07:00:00,3.0
 07/05  08:00:00,3.06
 07/05  09:00:00,3.06
 07/05  10:00:00,3.6
 07/05  11:00:00,3.66
 07/05  12:00:00,3.6
 07/05  13:00:00,3.9
 07/05  14:00:00,3.96
 07/05  15:00:00,4.08
 07/05  16:00:00,17.82
 07/05  17:00:00,17.7
 07/05  18:00:00,17.52
 07/05  19:00:00,17.58
 07/05  20:00:00,17.7
 07/05  21:00:00,17.34
 07/05  22:00:00,17.46
 07/05  23:00:00,15.54
 07/06  00:00:00,6.66
 07/06  01:00:00,4.26
 07/06  02:00:00,3.3
 07/06  03:00:00,3.18
 07/06  04:00:00,3.12
 07/06  05:00:00,2.88
 07/06  06:00:00,3.0
 07/06  07:00:00,3.36
 07/06  08:00:00,3.3
 07/06  09:00:00,3.54
 07/06  10:00:00,3.66
 07/06  11:00:00,4.08
 07/06  12:00:00,4.26
 07/06  13:00:00,4.08
 07/06  14:00:00,3.9
 07/06  15:00:00,4.26
 07/06  16:00:00,3.72
 07/06  17:00:00,4.32
 07/06  18:00:00,3.96
 07/06  19:00:00,6.78
 07/06  20:00:00,10.26
 07/06  21:00:00,10.08
 07/06  22:00:00,10.02
 07/06  23:00:00,10.2
 07/07  00:00:00,9.96
 07/07  01:00:00,9.84
 07/07  02:00:00,9.9
 07/07  03:00:00,9.96
 07/07  04:00:00,10.08
 07/07  05:00:00,9.78
 07/07  06:00:00,10.38
 07/07  07:00:00,9.36
 07/07  08:00:00,4.74
 07/07  09:00:00,4.74
 07/07  10:00:00,4.68
 07/07  11:00:00,5.04
 07/07  12:00:00,4.68
 07/07  13:00:00,4.86
 07/07  14:00:00,6.12
 07/07  15:00:00,4.92
 07/07  16:00:00,3.42
 07/07  17:00:00,3.36
 07/07  18:00:00,3.18
 07/07  19:00:00,3.72
 07/07  20:00:00,3.24
 07/07  21:00:00,3.18
 07/07  22:00:00,3.12
 07/07  23:00:00,3.3
 07/08  00:00:00,3.3
 07/08  01:00:00,3.18
 07/08  02:00:00,3.06
 07/08  03:00:00,3.3
 07/08  04:00:00,3.3
 07/08  05:00:00,2.88
 07/08  06:00:00,2.94
 07/08  07:00:00,3.84
 07/08  08:00:00,5.64
 07/08  09:00:00,5.22
 07/08  10:00:00,5.52
 07/08  11:00:00,5.28
 07/08  12:00:00,5.88
 07/08  13:00:00,5.64
 07/08  14:00:00,5.76
 07/08  15:00:00,4.98
 07/08  16:00:00,3.48
 07/08  17:00:00,3.78
 07/08  18:00:00,3.54
 07/08  19:00:00,3.42
 07/08  20:00:00,3.6
 07/08  21:00:00,3.42
 07/08  22:00:00,3.06
 07/08  23:00:00,3.36
 07/09  00:00:00,3.18
 07/09  01:00:00,2.94
 07/09  02:00:00,3.18
 07/09  03:00:00,3.42
 07/09  04:00:00,3.12
 07/09  05:00:00,4.26
 07/09  06:00:00,4.8
 07/09  07:00:00,5.28
 07/09  08:00:00,5.28
 07/09  09:00:00,5.64
 07/09  10:00:00,6.0
 07/09  11:00:00,6.06
 07/09  12:00:00,5.82
 07/09  13:00:00,6.12
 07/09  14:00:00,6.12
 07/09  15:00:00,5.76
 07/09  16:00:00,3.96
 07/09  17:00:00,3.54
 07/09  18:00:00,3.66
 07/09  19:00:00,3.18
 07/09  20:00:00,3.24
 07/09  21:00:00,3.24
 07/09  22:00:00,3.06
 07/09  23:00:00,3.12
 07/10  00:00:00,3.24
 07/10  01:00:00,3.12
 07/10  02:00:00,3.24
 07/10  03:00:00,3.18
 07/10  04:00:00,3.0
 07/10  05:00:00,4.44
 07/10  06:00:00,4.92
 07/10  07:00:00,5.04
 07/10  08:00:00,4.32
 07/10  09:00:00,5.22
 07/10  10:00:00,5.28
 07/10  11:00:00,5.7
 07/10  12:00:00,6.12
 07/10  13:00:00,6.72
 07/10  14:00:00,5.82
 07/10  15:00:00,5.52
 07/10  16:00:00,4.02
 07/10  17:00:00,3.84
 07/10  18:00:00,3.96
 07/10  19:00:00,3.24
 07/10  20:00:00,3.66
 07/10  21:00:00,3.36
 07/10  22:00:00,3.42
 07/10  23:00:00,3.42
 07/11  00:00:00,3.06
 07/11  01:00:00,3.0
 07/11  02:00:00,3.36
 07/11  03:00:00,2.82
 07/11  04:00:00,3.06
 07/11  05:00:00,3.06
 07/11  06:00:00,4.56
 07/11  07:00:00,5.22
 07/11  08:00:00,5.58
 07/11  09:00:00,5.82
 07/11  10:00:00,5.94
 07/11  11:00:00,6.24
 07/11  12:00:00,5.94
 07/11  13:00:00,15.42
 07/11  14:00:00,19.5
 07/11  15:00:00,18.84
 07/11  16:00:00,15.66
 07/11  17:00:00,3.84
 07/11  18:00:00,3.84
 07/11  19:00:00,3.6
 07/11  20:00:00,3.78
 07/11  21:00:00,3.3
 07/11  22:00:00,3.84
 07/11  23:00:00,3.3
 07/12  00:00:00,3.36
 07/12  01:00:00,3.3
 07/12  02:00:00,3.54
 07/12  03:00:00,3.36
 07/12  04:00:00,3.06
 07/12  05:00:00,3.18
 07/12  06:00:00,3.42
 07/12  07:00:00,3.18
 07/12  08:00:00,3.42
 07/12  09:00:00,3.36
 07/12  10:00:00,3.84
 07/12  11:00:00,3.9
 07/12  12:00:00,3.84
 07/12  13:00:00,4.08
 07/12  14:00:00,7.2
 07/12  15:00:00,4.32
 07/12  16:00:00,7.44
 07/12  17:00:00,17.76
 07/12  18:00:00,18.06
 07/12  19:00:00,17.7
 07/12  20:00:00,6.66
 07/12  21:00:00,4.02
 07/12  22:00:00,3.54
 07/12  23:00:00,3.48
 07/13  00:00:00,3.66
 07/13  01:00:00,3.3
 07/13  02:00:00,3.66
 07/13  03:00:00,3.48
 07/13  04:00:00,3.18
 07/13  05:00:00,3.3
 07/13  06:00:00,2.94
 07/13  07:00:00,3.48
 07/13  08:00:00,3.12
 07/13  09:00:00,3.36
 07/13  10:00:00,3.72
 07/13  11:00:00,3.78
 07/13  12:00:00,4.02
 07/13  13:00:00,3.96
 07/13  14:00:00,4.44
 07/13  15:00:00,4.02
 07/13  16:00:00,3.9
 07/13  17:00:00,4.08
 07/13  18:00:00,3.66
 07/13  19:00:00,3.48
 07/13  20:00:00,5.1
 07/13  21:00:00,10.02
 07/13  22:00:00,9.96
 07/13  23:00:00,10.02
 07/14  00:00:00,9.96
 07/14  01:00:00,9.72
 07/14  02:00:00,9.9
 07/14  03:00:00,9.66
 07/14  04:00:00,10.02
 07/14  05:00:00,8.88
 07/14  06:00:00,4.74
 07/14  07:00:00,4.92
 07/14  08:00:00,5.1
 07/14  09:00:00,5.16
 07/14  10:00:00,5.46
 07/14  11:00:00,6.0
 07/14  12:00:00,6.36
 07/14  13:00:00,9.3
 07/14  14:00:00,20.76
 07/14  15:00:00,19.44
 07/14  16:00:00,18.48
 07/14  17:00:00,17.88
 07/14  18:00:00,17.82
 07/14  19:00:00,6.72
 07/14  20:00:00,4.02
 07/14  21:00:00,3.3
 07/14  22:00:00,3.36
 07/14  23:00:00,3.36
 07/15  00:00:00,3.3
 07/15  01:00:00,3.3
 07/15  02:00:00,2.94
 07/15  03:00:00,3.24
 07/15  04:00:00,2.94
 07/15  05:00:00,4.68
 07/15  06:00:00,4.68
 07/15  07:00:00,5.1
 07/15  08:00:00,5.58
 07/15  09:00:00,6.18
 07/15  10:00:00,6.48
 07/15  11:00:00,6.3
 07/15  12:00:00,6.42
 07/15  13:00:00,6.6
 07/15  14:00:00,6.6
 07/15  15:00:00,5.82
 07/15  16:00:00,4.68
 07/15  17:00:00,4.26
 07/15  18:00:00,4.08
 07/15  19:00:00,3.9
 07/15  20:00:00,3.78
 07/15  21:00:00,3.66
 07/15  22:00:00,3.6
 07/15  23:00:00,6.66
 07/16  00:00:00,9.84
 07/16  01:00:00,10.08
 07/16  02:00:00,9.66
 07/16  03:00:00,10.08
 07/16  04:00:00,9.72
 07/16  05:00:00,9.54
 07/16  06:00:00,10.32
 07/16  07:00:00,6.0
 07/16  08:00:00,5.64
 07/16  09:00:00,6.66
 07/16  10:00:00,6.96
 07/16  11:00:00,7.14
 07/16  12:00:00,7.38
 07/16  13:00:00,7.2
 07/16  14:00:00,7.2
 07/16  15:00:00,6.24
 07/16  16:00:00,4.62
 07/16  17:00:00,3.84
 07/16  18:00:00,3.48
 07/16  19:00:00,3.66
 07/16  20:00:00,3.42
 07/16  21:00:00,7.74
 07/16  22:00:00,10.14
 07/16  23:00:00,10.08
 07/17  00:00:00,9.78
 07/17  01:00:00,10.02
 07/17  02:00:00,10.02
 07/17  03:00:00,10.2
 07/17  04:00:00,10.08
 07/17  05:00:00,9.54
 07/17  06:00:00,10.08
 07/17  07:00:00,7.56
 07/17  08:00:00,5.52
 07/17  09:00:00,4.98
 07/17  10:00:00,5.22
 07/17  11:00:00,4.74
 07/17  12:00:00,4.56
 07/17  13:00:00,5.34
 07/17  14:00:00,4.74
 07/17  15:00:00,3.72
 07/17  16:00:00,3.24
 07/17  17:00:00,2.88
 07/17  18:00:00,3.18
 07/17  19:00:00,3.06
 07/17  20:00:00,3.0
 07/17  21:00:00,2.88
 07/17  22:00:00,3.24
 07/17  23:00:00,3.0
 07/18  00:00:00,3.18
 07/18  01:00:00,3.24
 07/18  02:00:00,3.3
 07/18  03:00:00,4.02
 07/18  04:00:00,3.78
 07/18  05:00:00,3.72
 07/18  06:00:00,8.04
 07/18  07:00:00,11.46
 07/18  08:00:00,11.4
 07/18  09:00:00,5.7
 07/18  10:00:00,4.14
 07/18  11:00:00,4.02
 07/18  12:00:00,4.32
 07/18  13:00:00,4.44
 07/18  14:00:00,4.68
 07/18  15:00:00,4.32
 07/18  16:00:00,3.36
 07/18  17:00:00,3.0
 07/18  18:00:00,3.24
 07/18  19:00:00,2.76
 07/18  20:00:00,3.0
 07/18  21:00:00,3.0
 07/18  22:00:00,3.24
 07/18  23:00:00,3.12
 07/19  00:00:00,6.06
 07/19  01:00:00,11.94
 07/19  02:00:00,11.7
 07/19  03:00:00,11.82
 07/19  04:00:00,12.06
 07/19  05:00:00,12.3
 07/19  06:00:00,11.34
 07/19  07:00:00,11.28
 07/19  08:00:00,11.1
 07/19  09:00:00,11.22
 07/19  10:00:00,11.28
 07/19  11:00:00,11.1
 07/19  12:00:00,11.94
 07/19  13:00:00,15.42
 07/19  14:00:00,17.34
 07/19  15:00:00,17.46
 07/19  16:00:00,17.52
 07/19  17:00:00,17.52
 07/19  18:00:00,3.78
 07/19  19:00:00,3.0
 07/19  20:00:00,2.94
 07/19  21:00:00,3.24
 07/19  22:00:00,3.3
 07/19  23:00:00,3.06
 07/20  00:00:00,3.0
 07/20  01:00:00,3.12
 07/20  02:00:00,3.18
 07/20  03:00:00,2.94
 07/20  04:00:00,3.06
 07/20  05:00:00,2.88
 07/20  06:00:00,3.0
 07/20  07:00:00,2.94
 07/20  08:00:00,3.06
 07/20  09:00:00,3.06
 07/20  10:00:00,2.94
 07/20  11:00:00,3.0
 07/20  12:00:00,3.06
 07/20  13:00:00,3.06
 07/20  14:00:00,3.18
 07/20  15:00:00,3.0
 07/20  16:00:00,3.3
 07/20  17:00:00,3.0
 07/20  18:00:00,3.24
 07/20  19:00:00,3.06
 07/20  20:00:00,3.0
 07/20  21:00:00,3.12
 07/20  22:00:00,3.06
 07/20  23:00:00,3.06
 07/21  00:00:00,3.12
 07/21  01:00:00,3.0
 07/21  02:00:00,3.06
 07/21  03:00:00,3.12
 07/21  04:00:00,3.12
 07/21  05:00:00,3.42
 07/21  06:00:00,4.56
 07/21  07:00:00,4.98
 07/21  08:00:00,5.34
 07/21  09:00:00,5.16
 07/21  10:00:00,5.46
 07/21  11:00:00,5.52
 07/21  12:00:00,5.4
 07/21  13:00:00,5.58
 07/21  14:00:00,5.82
 07/21  15:00:00,4.2
 07/21  16:00:00,8.58
 07/21  17:00:00,8.04
 07/21  18:00:00,3.12
 07/21  19:00:00,3.0
 07/21  20:00:00,3.42
 07/21  21:00:00,3.18
 07/21  22:00:00,3.18
 07/21  23:00:00,3.3
 07/22  00:00:00,3.36
 07/22  01:00:00,3.66
 07/22  02:00:00,3.84
 07/22  03:00:00,4.2
 07/22  04:00:00,4.08
 07/22  05:00:00,3.78
 07/22  06:00:00,4.56
 07/22  07:00:00,5.22
 07/22  08:00:00,5.4
 07/22  09:00:00,5.34
 07/22  10:00:00,5.28
 07/22  11:00:00,5.64
 07/22  12:00:00,5.1
 07/22  13:00:00,5.82
 07/22  14:00:00,5.88
 07/22  15:00:00,5.4
 07/22  16:00:00,4.02
 07/22  17:00:00,3.3
 07/22  18:00:00,3.36
 07/22  19:00:00,3.06
 07/22  20:00:00,3.06
 07/22  21:00:00,3.36
 07/22  22:00:00,8.34
 07/22  23:00:00,9.6
 07/23  00:00:00,9.72
 07/23  01:00:00,9.54
 07/23  02:00:00,9.66
 07/23  03:00:00,9.84
 07/23  04:00:00,9.78
 07/23  05:00:00,3.24
 07/23  06:00:00,4.26
 07/23  07:00:00,4.08
 07/23  08:00:00,4.14
 07/23  09:00:00,4.56
 07/23  10:00:00,4.38
 07/23  11:00:00,4.38
 07/23  12:00:00,4.92
 07/23  13:00:00,5.52
 07/23  14:00:00,5.64
 07/23  15:00:00,5.22
 07/23  16:00:00,4.2
 07/23  17:00:00,4.14
 07/23  18:00:00,4.5
 07/23  19:00:00,3.84
 07/23  20:00:00,4.14
 07/23  21:00:00,4.44
 07/23  22:00:00,4.5
 07/23  23:00:00,4.5
 07/24  00:00:00,4.5
 07/24  01:00:00,4.56
 07/24  02:00:00,4.38
 07/24  03:00:00,4.38
 07/24  04:00:00,4.32
 07/24  05:00:00,4.44
 07/24  06:00:00,4.44
 07/24  07:00:00,4.8
 07/24  08:00:00,5.22
 07/24  09:00:00,5.1
 07/24  10:00:00,4.8
 07/24  11:00:00,4.86
 07/24  12:00:00,5.76
 07/24  13:00:00,6.06
 07/24  14:00:00,5.52
 07/24  15:00:00,4.74
 07/24  16:00:00,4.32
 07/24  17:00:00,4.02
 07/24  18:00:00,3.84
 07/24  19:00:00,3.78
 07/24  20:00:00,3.84
 07/24  21:00:00,4.26
 07/24  22:00:00,4.56
 07/24  23:00:00,4.92
 07/25  00:00:00,4.38
 07/25  01:00:00,4.5
 07/25  02:00:00,4.5
 07/25  03:00:00,4.68
 07/25  04:00:00,4.56
 07/25  05:00:00,4.44
 07/25  06:00:00,4.74
 07/25  07:00:00,5.46
 07/25  08:00:00,5.16
 07/25  09:00:00,5.34
 07/25  10:00:00,6.0
 07/25  11:00:00,6.18
 07/25  12:00:00,5.64
 07/25  13:00:00,6.0
 07/25  14:00:00,6.78
 07/25  15:00:00,6.48
 07/25  16:00:00,5.34
 07/25  17:00:00,5.34
 07/25  18:00:00,5.16
 07/25  19:00:00,5.04
 07/25  20:00:00,5.28
 07/25  21:00:00,5.7
 07/25  22:00:00,5.16
 07/25  23:00:00,5.7
 07/26  00:00:00,5.16
 07/26  01:00:00,5.16
 07/26  02:00:00,5.22
 07/26  03:00:00,5.4
 07/26  04:00:00,5.46
 07/26  05:00:00,4.98
 07/26  06:00:00,5.04
 07/26  07:00:00,5.16
 07/26  08:00:00,4.98
 07/26  09:00:00,5.46
 07/26  10:00:00,5.16
 07/26  11:00:00,5.28
 07/26  12:00:00,15.48
 07/26  13:00:00,18.78
 07/26  14:00:00,15.42
 07/26  15:00:00,19.92
 07/26  16:00:00,8.58
 07/26  17:00:00,5.34
 07/26  18:00:00,5.4
 07/26  19:00:00,5.7
 07/26  20:00:00,5.58
 07/26  21:00:00,5.34
 07/26  22:00:00,5.52
 07/26  23:00:00,5.4
 07/27  00:00:00,5.58
 07/27  01:00:00,5.4
 07/27  02:00:00,5.34
 07/27  03:00:00,5.16
 07/27  04:00:00,5.52
 07/27  05:00:00,5.4
 07/27  06:00:00,5.22
 07/27  07:00:00,5.22
 07/27  08:00:00,14.64
 07/27  09:00:00,19.26
 07/27  10:00:00,19.44
 07/27  11:00:00,18.3
 07/27  12:00:00,11.34
 07/27  13:00:00,5.46
 07/27  14:00:00,5.28
 07/27  15:00:00,5.28
 07/27  16:00:00,5.1
 07/27  17:00:00,5.46
 07/27  18:00:00,5.34
 07/27  19:00:00,4.98
 07/27  20:00:00,5.4
 07/27  21:00:00,5.28
 07/27  22:00:00,5.46
 07/27  23:00:00,5.4
 07/28  00:00:00,5.7
 07/28  01:00:00,5.16
 07/28  02:00:00,5.28
 07/28  03:00:00,5.4
 07/28  04:00:00,5.88
 07/28  05:00:00,7.2
 07/28  06:00:00,6.54
 07/28  07:00:00,6.48
 07/28  08:00:00,7.32
 07/28  09:00:00,7.8
 07/28  10:00:00,7.56
 07/28  11:00:00,7.44
 07/28  12:00:00,8.22
 07/28  13:00:00,7.44
 07/28  14:00:00,6.9
 07/28  15:00:00,5.4
 07/28  16:00:00,5.34
 07/28  17:00:00,4.74
 07/28  18:00:00,4.86
 07/28  19:00:00,4.86
 07/28  20:00:00,4.8
 07/28  21:00:00,4.68
 07/28  22:00:00,4.68
 07/28  23:00:00,4.26
 07/29  00:00:00,4.92
 07/29  01:00:00,4.44
 07/29  02:00:00,4.32
 07/29  03:00:00,4.38
 07/29  04:00:00,4.38
 07/29  05:00:00,4.68
 07/29  06:00:00,5.58
 07/29  07:00:00,6.96
 07/29  08:00:00,7.02
 07/29  09:00:00,7.56
 07/29  10:00:00,8.4
 07/29  11:00:00,7.56
 07/29  12:00:00,8.1
 07/29  13:00:00,12.78
 07/29  14:00:00,12.96
 07/29  15:00:00,12.48
 07/29  16:00:00,11.16
 07/29  17:00:00,10.68
 07/29  18:00:00,9.78
 07/29  19:00:00,9.48
 07/29  20:00:00,4.14
 07/29  21:00:00,3.54
 07/29  22:00:00,3.18
 07/29  23:00:00,3.3
 07/30  00:00:00,3.3
 07/30  01:00:00,3.48
 07/30  02:00:00,3.36
 07/30  03:00:00,3.06
 07/30  04:00:00,3.18
 07/30  05:00:00,3.24
 07/30  06:00:00,3.78
 07/30  07:00:00,4.02
 07/30  08:00:00,4.74
 07/30  09:00:00,5.94
 07/30  10:00:00,6.72
 07/30  11:00:00,7.2
 07/30  12:00:00,17.34
 07/30  13:00:00,21.3
 07/30  14:00:00,8.88
 07/30  15:00:00,6.24
 07/30  16:00:00,4.5
 07/30  17:00:00,3.48
 07/30  18:00:00,3.12
 07/30  19:00:00,11.34
 07/30  20:00:00,3.24
 07/30  21:00:00,3.18
 07/30  22:00:00,2.94
 07/30  23:00:00,2.94
 07/31  00:00:00,3.0
 07/31  01:00:00,3.06
 07/31  02:00:00,2.94
 07/31  03:00:00,2.94
 07/31  04:00:00,3.12
 07/31  05:00:00,5.58
 07/31  06:00:00,19.14
 07/31  07:00:00,19.98
 07/31  08:00:00,19.86
 07/31  09:00:00,20.04
 07/31  10:00:00,11.04
 07/31  11:00:00,5.76
 07/31  12:00:00,4.98
 07/31  13:00:00,4.38
 07/31  14:00:00,4.38
 07/31  15:00:00,3.42
 07/31  16:00:00,4.92
 07/31  17:00:00,9.9
 07/31  18:00:00,3.36
 07/31  19:00:00,3.54
 07/31  20:00:00,3.3
 07/31  21:00:00,3.54
 07/31  22:00:00,3.42
 07/31  23:00:00,3.6
 08/01  00:00:00,3.42
 08/01  01:00:00,3.66
 08/01  02:00:00,3.78
 08/01  03:00:00,4.32
 08/01  04:00:00,3.66
 08/01  05:00:00,4.02
 08/01  06:00:00,3.54
 08/01  07:00:00,3.9
 08/01  08:00:00,3.24
 08/01  09:00:00,3.36
 08/01  10:00:00,3.24
 08/01  11:00:00,3.48
 08/01  12:00:00,12.42
 08/01  13:00:00,17.4
 08/01  14:00:00,22.02
 08/01  15:00:00,24.0
 08/01  16:00:00,19.38
 08/01  17:00:00,16.92
 08/01  18:00:00,16.86
 08/01  19:00:00,8.82
 08/01  20:00:00,6.9
 08/01  21:00:00,10.08
 08/01  22:00:00,10.02
 08/01  23:00:00,10.02
 08/02  00:00:00,10.08
 08/02  01:00:00,10.5
 08/02  02:00:00,10.62
 08/02  03:00:00,10.68
 08/02  04:00:00,10.74
 08/02  05:00:00,10.92
 08/02  06:00:00,10.62
 08/02  07:00:00,3.9
 08/02  08:00:00,3.24
 08/02  09:00:00,3.18
 08/02  10:00:00,3.66
 08/02  11:00:00,3.12
 08/02  12:00:00,3.06
 08/02  13:00:00,3.12
 08/02  14:00:00,3.24
 08/02  15:00:00,3.42
 08/02  16:00:00,3.24
 08/02  17:00:00,3.06
 08/02  18:00:00,3.18
 08/02  19:00:00,3.24
 08/02  20:00:00,3.96
 08/02  21:00:00,3.36
 08/02  22:00:00,3.36
 08/02  23:00:00,3.36
 08/03  00:00:00,3.3
 08/03  01:00:00,3.36
 08/03  02:00:00,3.84
 08/03  03:00:00,3.48
 08/03  04:00:00,3.6
 08/03  05:00:00,3.42
 08/03  06:00:00,3.42
 08/03  07:00:00,3.6
 08/03  08:00:00,3.18
 08/03  09:00:00,3.3
 08/03  10:00:00,3.18
 08/03  11:00:00,3.06
 08/03  12:00:00,5.04
 08/03  13:00:00,9.72
 08/03  14:00:00,6.0
 08/03  15:00:00,3.48
 08/03  16:00:00,3.36
 08/03  17:00:00,3.54
 08/03  18:00:00,3.36
 08/03  19:00:00,3.42
 08/03  20:00:00,3.24
 08/03  21:00:00,3.24
 08/03  22:00:00,3.54
 08/03  23:00:00,3.36
 08/04  00:00:00,3.24
 08/04  01:00:00,3.42
 08/04  02:00:00,3.48
 08/04  03:00:00,3.42
 08/04  04:00:00,3.36
 08/04  05:00:00,3.18
 08/04  06:00:00,3.24
 08/04  07:00:00,3.42
 08/04  08:00:00,3.12
 08/04  09:00:00,3.18
 08/04  10:00:00,3.12
 08/04  11:00:00,3.12
 08/04  12:00:00,3.66
 08/04  13:00:00,3.3
 08/04  14:00:00,3.48
 08/04  15:00:00,3.54
 08/04  16:00:00,3.48
 08/04  17:00:00,3.36
 08/04  18:00:00,3.72
 08/04  19:00:00,3.24
 08/04  20:00:00,3.42
 08/04  21:00:00,3.6
 08/04  22:00:00,3.24
 08/04  23:00:00,3.48
 08/05  00:00:00,3.24
 08/05  01:00:00,3.24
 08/05  02:00:00,3.36
 08/05  03:00:00,3.36
 08/05  04:00:00,3.48
 08/05  05:00:00,3.3
 08/05  06:00:00,4.44
 08/05  07:00:00,4.5
 08/05  08:00:00,4.2
 08/05  09:00:00,4.14
 08/05  10:00:00,4.2
 08/05  11:00:00,3.3
 08/05  12:00:00,3.6
 08/05  13:00:00,5.88
 08/05  14:00:00,17.52
 08/05  15:00:00,16.5
 08/05  16:00:00,3.66
 08/05  17:00:00,3.6
 08/05  18:00:00,3.66
 08/05  19:00:00,3.24
 08/05  20:00:00,3.42
 08/05  21:00:00,3.54
 08/05  22:00:00,3.42
 08/05  23:00:00,3.18
 08/06  00:00:00,3.48
 08/06  01:00:00,3.48
 08/06  02:00:00,3.3
 08/06  03:00:00,3.66
 08/06  04:00:00,3.18
 08/06  05:00:00,3.42
 08/06  06:00:00,3.18
 08/06  07:00:00,3.54
 08/06  08:00:00,3.42
 08/06  09:00:00,3.3
 08/06  10:00:00,3.36
 08/06  11:00:00,4.8
 08/06  12:00:00,4.44
 08/06  13:00:00,10.8
 08/06  14:00:00,17.94
 08/06  15:00:00,17.58
 08/06  16:00:00,17.22
 08/06  17:00:00,17.4
 08/06  18:00:00,17.16
 08/06  19:00:00,4.14
 08/06  20:00:00,3.78
 08/06  21:00:00,3.54
 08/06  22:00:00,3.3
 08/06  23:00:00,3.72
 08/07  00:00:00,3.48
 08/07  01:00:00,3.24
 08/07  02:00:00,3.66
 08/07  03:00:00,3.36
 08/07  04:00:00,3.42
 08/07  05:00:00,3.42
 08/07  06:00:00,3.36
 08/07  07:00:00,3.3
 08/07  08:00:00,4.02
 08/07  09:00:00,4.08
 08/07  10:00:00,3.9
 08/07  11:00:00,3.78
 08/07  12:00:00,3.06
 08/07  13:00:00,3.48
 08/07  14:00:00,3.0
 08/07  15:00:00,3.3
 08/07  16:00:00,2.94
 08/07  17:00:00,3.0
 08/07  18:00:00,3.18
 08/07  19:00:00,3.0
 08/07  20:00:00,2.88
 08/07  21:00:00,3.3
 08/07  22:00:00,2.88
 08/07  23:00:00,2.88
 08/08  00:00:00,3.06
 08/08  01:00:00,2.82
 08/08  02:00:00,3.12
 08/08  03:00:00,2.82
 08/08  04:00:00,3.0
 08/08  05:00:00,2.64
 08/08  06:00:00,2.94
 08/08  07:00:00,2.82
 08/08  08:00:00,3.42
 08/08  09:00:00,4.2
 08/08  10:00:00,4.5
 08/08  11:00:00,4.14
 08/08  12:00:00,4.62
 08/08  13:00:00,4.68
 08/08  14:00:00,4.44
 08/08  15:00:00,3.96
 08/08  16:00:00,3.72
 08/08  17:00:00,3.42
 08/08  18:00:00,3.48
 08/08  19:00:00,3.54
 08/08  20:00:00,3.6
 08/08  21:00:00,3.6
 08/08  22:00:00,3.54
 08/08  23:00:00,3.12
 08/09  00:00:00,3.6
 08/09  01:00:00,3.36
 08/09  02:00:00,3.3
 08/09  03:00:00,3.42
 08/09  04:00:00,3.48
 08/09  05:00:00,3.12
 08/09  06:00:00,3.24
 08/09  07:00:00,3.0
 08/09  08:00:00,3.18
 08/09  09:00:00,3.6
 08/09  10:00:00,3.6
 08/09  11:00:00,4.68
 08/09  12:00:00,17.76
 08/09  13:00:00,17.82
 08/09  14:00:00,17.82
 08/09  15:00:00,5.58
 08/09  16:00:00,3.78
 08/09  17:00:00,3.6
 08/09  18:00:00,4.08
 08/09  19:00:00,3.6
 08/09  20:00:00,3.6
 08/09  21:00:00,3.36
 08/09  22:00:00,3.6
 08/09  23:00:00,3.6
 08/10  00:00:00,3.3
 08/10  01:00:00,3.42
 08/10  02:00:00,3.3
 08/10  03:00:00,3.36
 08/10  04:00:00,3.48
 08/10  05:00:00,3.18
 08/10  06:00:00,3.3
 08/10  07:00:00,3.18
 08/10  08:00:00,3.24
 08/10  09:00:00,3.6
 08/10  10:00:00,3.48
 08/10  11:00:00,3.6
 08/10  12:00:00,3.66
 08/10  13:00:00,3.84
 08/10  14:00:00,4.26
 08/10  15:00:00,3.96
 08/10  16:00:00,3.84
 08/10  17:00:00,3.84
 08/10  18:00:00,3.84
 08/10  19:00:00,3.78
 08/10  20:00:00,3.78
 08/10  21:00:00,3.36
 08/10  22:00:00,3.6
 08/10  23:00:00,3.36
 08/11  00:00:00,3.24
 08/11  01:00:00,3.78
 08/11  02:00:00,3.24
 08/11  03:00:00,3.3
 08/11  04:00:00,3.24
 08/11  05:00:00,3.42
 08/11  06:00:00,3.78
 08/11  07:00:00,4.32
 08/11  08:00:00,4.5
 08/11  09:00:00,4.44
 08/11  10:00:00,4.5
 08/11  11:00:00,4.68
 08/11  12:00:00,4.86
 08/11  13:00:00,5.16
 08/11  14:00:00,5.28
 08/11  15:00:00,4.74
 08/11  16:00:00,3.78
 08/11  17:00:00,4.26
 08/11  18:00:00,3.54
 08/11  19:00:00,4.8
 08/11  20:00:00,10.2
 08/11  21:00:00,10.44
 08/11  22:00:00,9.84
 08/11  23:00:00,10.2
 08/12  00:00:00,10.08
 08/12  01:00:00,10.26
 08/12  02:00:00,10.02
 08/12  03:00:00,10.14
 08/12  04:00:00,9.96
 08/12  05:00:00,9.96
 08/12  06:00:00,9.84
 08/12  07:00:00,9.96
 08/12  08:00:00,5.88
 08/12  09:00:00,4.68
 08/12  10:00:00,3.72
 08/12  11:00:00,4.38
 08/12  12:00:00,4.26
 08/12  13:00:00,4.38
 08/12  14:00:00,4.5
 08/12  15:00:00,4.2
 08/12  16:00:00,3.3
 08/12  17:00:00,2.94
 08/12  18:00:00,3.18
 08/12  19:00:00,3.18
 08/12  20:00:00,3.12
 08/12  21:00:00,2.88
 08/12  22:00:00,3.3
 08/12  23:00:00,2.94
 08/13  00:00:00,3.3
 08/13  01:00:00,2.7
 08/13  02:00:00,2.94
 08/13  03:00:00,2.94
 08/13  04:00:00,3.3
 08/13  05:00:00,2.88
 08/13  06:00:00,3.9
 08/13  07:00:00,3.78
 08/13  08:00:00,3.84
 08/13  09:00:00,4.14
 08/13  10:00:00,3.9
 08/13  11:00:00,3.9
 08/13  12:00:00,3.96
 08/13  13:00:00,4.38
 08/13  14:00:00,3.9
 08/13  15:00:00,4.26
 08/13  16:00:00,3.48
 08/13  17:00:00,3.18
 08/13  18:00:00,3.18
 08/13  19:00:00,3.3
 08/13  20:00:00,2.88
 08/13  21:00:00,3.18
 08/13  22:00:00,2.82
 08/13  23:00:00,3.3
 08/14  00:00:00,2.88
 08/14  01:00:00,2.82
 08/14  02:00:00,2.88
 08/14  03:00:00,3.12
 08/14  04:00:00,2.94
 08/14  05:00:00,2.76
 08/14  06:00:00,3.84
 08/14  07:00:00,4.02
 08/14  08:00:00,4.02
 08/14  09:00:00,3.66
 08/14  10:00:00,3.48
 08/14  11:00:00,4.08
 08/14  12:00:00,3.9
 08/14  13:00:00,3.84
 08/14  14:00:00,3.96
 08/14  15:00:00,3.24
 08/14  16:00:00,3.0
 08/14  17:00:00,3.12
 08/14  18:00:00,2.88
 08/14  19:00:00,3.18
 08/14  20:00:00,3.18
 08/14  21:00:00,2.94
 08/14  22:00:00,3.06
 08/14  23:00:00,2.82
 08/15  00:00:00,3.18
 08/15  01:00:00,2.94
 08/15  02:00:00,2.88
 08/15  03:00:00,3.0
 08/15  04:00:00,2.88
 08/15  05:00:00,3.06
 08/15  06:00:00,3.78
 08/15  07:00:00,3.84
 08/15  08:00:00,3.78
 08/15  09:00:00,4.44
 08/15  10:00:00,3.12
 08/15  11:00:00,4.14
 08/15  12:00:00,4.02
 08/15  13:00:00,4.2
 08/15  14:00:00,4.08
 08/15  15:00:00,3.3
 08/15  16:00:00,3.24
 08/15  17:00:00,3.06
 08/15  18:00:00,3.24
 08/15  19:00:00,3.12
 08/15  20:00:00,3.06
 08/15  21:00:00,3.24
 08/15  22:00:00,2.94
 08/15  23:00:00,3.0
 08/16  00:00:00,2.94
 08/16  01:00:00,2.94
 08/16  02:00:00,3.12
 08/16  03:00:00,3.0
 08/16  04:00:00,2.76
 08/16  05:00:00,2.82
 08/16  06:00:00,2.82
 08/16  07:00:00,3.0
 08/16  08:00:00,2.58
 08/16  09:00:00,2.82
 08/16  10:00:00,2.88
 08/16  11:00:00,2.64
 08/16  12:00:00,3.0
 08/16  13:00:00,2.82
 08/16  14:00:00,2.94
 08/16  15:00:00,3.18
 08/16  16:00:00,2.88
 08/16  17:00:00,3.0
 08/16  18:00:00,3.12
 08/16  19:00:00,2.88
 08/16  20:00:00,2.88
 08/16  21:00:00,2.7
 08/16  22:00:00,2.94
 08/16  23:00:00,2.76
 08/17  00:00:00,2.58
 08/17  01:00:00,2.64
 08/17  02:00:00,2.58
 08/17  03:00:00,2.58
 08/17  04:00:00,2.88
 08/17  05:00:00,2.58
 08/17  06:00:00,2.34
 08/17  07:00:00,2.58
 08/17  08:00:00,2.34
 08/17  09:00:00,3.0
 08/17  10:00:00,2.46
 08/17  11:00:00,2.76
 08/17  12:00:00,2.52
 08/17  13:00:00,2.76
 08/17  14:00:00,2.82
 08/17  15:00:00,2.82
 08/17  16:00:00,2.46
 08/17  17:00:00,2.58
 08/17  18:00:00,2.4
 08/17  19:00:00,2.88
 08/17  20:00:00,2.58
 08/17  21:00:00,2.46
 08/17  22:00:00,2.64
 08/17  23:00:00,2.58
 08/18  00:00:00,2.82
 08/18  01:00:00,2.58
 08/18  02:00:00,2.64
 08/18  03:00:00,2.82
 08/18  04:00:00,3.48
 08/18  05:00:00,4.14
 08/18  06:00:00,5.1
 08/18  07:00:00,5.16
 08/18  08:00:00,5.22
 08/18  09:00:00,5.04
 08/18  10:00:00,4.98
 08/18  11:00:00,4.62
 08/18  12:00:00,5.22
 08/18  13:00:00,4.62
 08/18  14:00:00,2.64
 08/18  15:00:00,2.58
 08/18  16:00:00,2.76
 08/18  17:00:00,2.52
 08/18  18:00:00,2.52
 08/18  19:00:00,2.52
 08/18  20:00:00,3.0
 08/18  21:00:00,2.7
 08/18  22:00:00,2.82
 08/18  23:00:00,2.88
 08/19  00:00:00,2.88
 08/19  01:00:00,3.18
 08/19  02:00:00,2.94
 08/19  03:00:00,2.94
 08/19  04:00:00,3.06
 08/19  05:00:00,7.68
 08/19  06:00:00,9.54
 08/19  07:00:00,12.36
 08/19  08:00:00,12.18
 08/19  09:00:00,11.94
 08/19  10:00:00,12.12
 08/19  11:00:00,11.52
 08/19  12:00:00,11.7
 08/19  13:00:00,6.9
 08/19  14:00:00,5.22
 08/19  15:00:00,4.8
 08/19  16:00:00,2.88
 08/19  17:00:00,2.58
 08/19  18:00:00,2.7
 08/19  19:00:00,3.24
 08/19  20:00:00,2.76
 08/19  21:00:00,2.88
 08/19  22:00:00,3.18
 08/19  23:00:00,2.88
 08/20  00:00:00,2.88
 08/20  01:00:00,3.0
 08/20  02:00:00,2.94
 08/20  03:00:00,2.64
 08/20  04:00:00,2.94
 08/20  05:00:00,2.7
 08/20  06:00:00,3.0
 08/20  07:00:00,3.48
 08/20  08:00:00,4.38
 08/20  09:00:00,3.96
 08/20  10:00:00,3.6
 08/20  11:00:00,3.42
 08/20  12:00:00,4.08
 08/20  13:00:00,3.3
 08/20  14:00:00,3.66
 08/20  15:00:00,3.54
 08/20  16:00:00,3.18
 08/20  17:00:00,9.0
 08/20  18:00:00,8.82
 08/20  19:00:00,9.18
 08/20  20:00:00,9.72
 08/20  21:00:00,9.3
 08/20  22:00:00,9.48
 08/20  23:00:00,8.34
 08/21  00:00:00,3.24
 08/21  01:00:00,3.12
 08/21  02:00:00,3.18
 08/21  03:00:00,3.48
 08/21  04:00:00,3.48
 08/21  05:00:00,3.36
 08/21  06:00:00,3.12
 08/21  07:00:00,4.44
 08/21  08:00:00,3.9
 08/21  09:00:00,3.72
 08/21  10:00:00,3.9
 08/21  11:00:00,3.72
 08/21  12:00:00,3.36
 08/21  13:00:00,3.3
 08/21  14:00:00,3.12
 08/21  15:00:00,2.52
 08/21  16:00:00,2.52
 08/21  17:00:00,2.52
 08/21  18:00:00,2.7
 08/21  19:00:00,2.52
 08/21  20:00:00,2.64
 08/21  21:00:00,2.82
 08/21  22:00:00,2.52
 08/21  23:00:00,2.58
 08/22  00:00:00,2.94
 08/22  01:00:00,3.36
 08/22  02:00:00,3.12
 08/22  03:00:00,3.42
 08/22  04:00:00,3.36
 08/22  05:00:00,3.3
 08/22  06:00:00,4.38
 08/22  07:00:00,4.98
 08/22  08:00:00,6.24
 08/22  09:00:00,3.72
 08/22  10:00:00,3.66
 08/22  11:00:00,3.72
 08/22  12:00:00,3.42
 08/22  13:00:00,3.66
 08/22  14:00:00,3.3
 08/22  15:00:00,2.88
 08/22  16:00:00,2.94
 08/22  17:00:00,2.76
 08/22  18:00:00,2.46
 08/22  19:00:00,2.64
 08/22  20:00:00,6.66
 08/22  21:00:00,17.34
 08/22  22:00:00,17.22
 08/22  23:00:00,17.16
 08/23  00:00:00,17.46
 08/23  01:00:00,17.16
 08/23  02:00:00,17.28
 08/23  03:00:00,17.46
 08/23  04:00:00,20.16
 08/23  05:00:00,18.12
 08/23  06:00:00,17.16
 08/23  07:00:00,9.6
 08/23  08:00:00,2.76
 08/23  09:00:00,2.58
 08/23  10:00:00,2.52
 08/23  11:00:00,2.46
 08/23  12:00:00,2.82
 08/23  13:00:00,2.52
 08/23  14:00:00,2.52
 08/23  15:00:00,2.52
 08/23  16:00:00,2.58
 08/23  17:00:00,2.76
 08/23  18:00:00,2.46
 08/23  19:00:00,2.64
 08/23  20:00:00,2.58
 08/23  21:00:00,3.0
 08/23  22:00:00,2.7
 08/23  23:00:00,2.64
 08/24  00:00:00,2.88
 08/24  01:00:00,5.82
 08/24  02:00:00,2.88
 08/24  03:00:00,2.94
 08/24  04:00:00,3.0
 08/24  05:00:00,3.54
 08/24  06:00:00,2.94
 08/24  07:00:00,4.5
 08/24  08:00:00,9.3
 08/24  09:00:00,5.46
 08/24  10:00:00,2.58
 08/24  11:00:00,2.52
 08/24  12:00:00,2.46
 08/24  13:00:00,2.58
 08/24  14:00:00,2.64
 08/24  15:00:00,2.64
 08/24  16:00:00,2.4
 08/24  17:00:00,2.64
 08/24  18:00:00,2.52
 08/24  19:00:00,2.64
 08/24  20:00:00,2.64
 08/24  21:00:00,2.64
 08/24  22:00:00,5.16
 08/24  23:00:00,9.54
 08/25  00:00:00,9.72
 08/25  01:00:00,10.2
 08/25  02:00:00,10.02
 08/25  03:00:00,10.62
 08/25  04:00:00,9.9
 08/25  05:00:00,10.38
 08/25  06:00:00,11.7
 08/25  07:00:00,11.4
 08/25  08:00:00,11.16
 08/25  09:00:00,11.4
 08/25  10:00:00,7.32
 08/25  11:00:00,3.78
 08/25  12:00:00,3.6
 08/25  13:00:00,3.78
 08/25  14:00:00,3.24
 08/25  15:00:00,2.58
 08/25  16:00:00,2.58
 08/25  17:00:00,2.46
 08/25  18:00:00,2.94
 08/25  19:00:00,3.3
 08/25  20:00:00,3.48
 08/25  21:00:00,3.42
 08/25  22:00:00,3.72
 08/25  23:00:00,3.66
 08/26  00:00:00,3.72
 08/26  01:00:00,3.72
 08/26  02:00:00,4.14
 08/26  03:00:00,4.14
 08/26  04:00:00,3.96
 08/26  05:00:00,4.26
 08/26  06:00:00,4.14
 08/26  07:00:00,3.84
 08/26  08:00:00,3.42
 08/26  09:00:00,3.66
 08/26  10:00:00,4.2
 08/26  11:00:00,3.84
 08/26  12:00:00,4.62
 08/26  13:00:00,4.14
 08/26  14:00:00,4.32
 08/26  15:00:00,4.26
 08/26  16:00:00,3.3
 08/26  17:00:00,2.94
 08/26  18:00:00,3.36
 08/26  19:00:00,3.9
 08/26  20:00:00,3.54
 08/26  21:00:00,4.02
 08/26  22:00:00,4.2
 08/26  23:00:00,3.78
 08/27  00:00:00,4.32
 08/27  01:00:00,4.62
 08/27  02:00:00,4.32
 08/27  03:00:00,4.26
 08/27  04:00:00,4.62
 08/27  05:00:00,4.5
 08/27  06:00:00,5.46
 08/27  07:00:00,5.76
 08/27  08:00:00,4.98
 08/27  09:00:00,4.98
 08/27  10:00:00,4.14
 08/27  11:00:00,4.44
 08/27  12:00:00,3.72
 08/27  13:00:00,3.78
 08/27  14:00:00,3.12
 08/27  15:00:00,2.7
 08/27  16:00:00,2.94
 08/27  17:00:00,2.46
 08/27  18:00:00,2.58
 08/27  19:00:00,3.12
 08/27  20:00:00,3.36
 08/27  21:00:00,3.66
 08/27  22:00:00,3.72
 08/27  23:00:00,4.02
 08/28  00:00:00,3.78
 08/28  01:00:00,4.14
 08/28  02:00:00,4.2
 08/28  03:00:00,4.08
 08/28  04:00:00,4.26
 08/28  05:00:00,4.26
 08/28  06:00:00,6.72
 08/28  07:00:00,6.24
 08/28  08:00:00,6.06
 08/28  09:00:00,6.54
 08/28  10:00:00,5.58
 08/28  11:00:00,6.0
 08/28  12:00:00,5.94
 08/28  13:00:00,5.76
 08/28  14:00:00,4.92
 08/28  15:00:00,3.66
 08/28  16:00:00,2.7
 08/28  17:00:00,3.06
 08/28  18:00:00,3.36
 08/28  19:00:00,3.36
 08/28  20:00:00,3.96
 08/28  21:00:00,4.08
 08/28  22:00:00,4.14
 08/28  23:00:00,4.44
 08/29  00:00:00,4.62
 08/29  01:00:00,4.44
 08/29  02:00:00,4.62
 08/29  03:00:00,4.68
 08/29  04:00:00,5.1
 08/29  05:00:00,4.86
 08/29  06:00:00,6.0
 08/29  07:00:00,5.94
 08/29  08:00:00,3.18
 08/29  09:00:00,0.0
 08/29  10:00:00,0.0
 08/29  11:00:00,0.0
 08/29  12:00:00,4.44
 08/29  13:00:00,4.62
 08/29  14:00:00,3.72
 08/29  15:00:00,3.42
 08/29  16:00:00,3.36
 08/29  17:00:00,3.42
 08/29  18:00:00,3.9
 08/29  19:00:00,3.72
 08/29  20:00:00,4.5
 08/29  21:00:00,4.32
 08/29  22:00:00,4.38
 08/29  23:00:00,4.74
 08/30  00:00:00,4.74
 08/30  01:00:00,4.5
 08/30  02:00:00,5.04
 08/30  03:00:00,4.86
 08/30  04:00:00,4.62
 08/30  05:00:00,4.56
 08/30  06:00:00,4.92
 08/30  07:00:00,4.26
 08/30  08:00:00,3.9
 08/30  09:00:00,4.08
 08/30  10:00:00,3.24
 08/30  11:00:00,3.18
 08/30  12:00:00,2.82
 08/30  13:00:00,2.7
 08/30  14:00:00,2.52
 08/30  15:00:00,2.7
 08/30  16:00:00,2.82
 08/30  17:00:00,8.52
 08/30  18:00:00,9.6
 08/30  19:00:00,10.32
 08/30  20:00:00,10.08
 08/30  21:00:00,10.62
 08/30  22:00:00,10.44
 08/30  23:00:00,10.98
 08/31  00:00:00,10.98
 08/31  01:00:00,10.98
 08/31  02:00:00,11.52
 08/31  03:00:00,11.22
 08/31  04:00:00,11.16
 08/31  05:00:00,10.98
 08/31  06:00:00,11.16
 08/31  07:00:00,10.92
 08/31  08:00:00,7.26
 08/31  09:00:00,3.3
 08/31  10:00:00,3.36
 08/31  11:00:00,2.7
 08/31  12:00:00,2.7
 08/31  13:00:00,2.58
 08/31  14:00:00,2.94
 08/31  15:00:00,2.64
 08/31  16:00:00,2.7
 08/31  17:00:00,2.82
 08/31  18:00:00,2.52
 08/31  19:00:00,2.82
 08/31  20:00:00,2.76
 08/31  21:00:00,3.54
 08/31  22:00:00,3.42
 08/31  23:00:00,3.9
 09/01  00:00:00,3.84
 09/01  01:00:00,4.14
 09/01  02:00:00,3.96
 09/01  03:00:00,4.08
 09/01  04:00:00,4.38
 09/01  05:00:00,4.14
 09/01  06:00:00,3.72
 09/01  07:00:00,4.08
 09/01  08:00:00,3.12
 09/01  09:00:00,3.12
 09/01  10:00:00,2.52
 09/01  11:00:00,2.88
 09/01  12:00:00,2.58
 09/01  13:00:00,2.64
 09/01  14:00:00,2.88
 09/01  15:00:00,2.46
 09/01  16:00:00,2.64
 09/01  17:00:00,2.4
 09/01  18:00:00,3.0
 09/01  19:00:00,2.88
 09/01  20:00:00,2.64
 09/01  21:00:00,2.82
 09/01  22:00:00,3.42
 09/01  23:00:00,3.42
 09/02  00:00:00,3.66
 09/02  01:00:00,3.6
 09/02  02:00:00,3.96
 09/02  03:00:00,3.84
 09/02  04:00:00,4.08
 09/02  05:00:00,3.6
 09/02  06:00:00,5.28
 09/02  07:00:00,4.44
 09/02  08:00:00,4.44
 09/02  09:00:00,3.48
 09/02  10:00:00,3.36
 09/02  11:00:00,3.9
 09/02  12:00:00,3.36
 09/02  13:00:00,3.24
 09/02  14:00:00,3.24
 09/02  15:00:00,3.0
 09/02  16:00:00,3.18
 09/02  17:00:00,2.52
 09/02  18:00:00,5.28
 09/02  19:00:00,9.48
 09/02  20:00:00,9.0
 09/02  21:00:00,9.0
 09/02  22:00:00,9.6
 09/02  23:00:00,7.8
 09/03  00:00:00,3.6
 09/03  01:00:00,3.54
 09/03  02:00:00,3.78
 09/03  03:00:00,6.9
 09/03  04:00:00,4.02
 09/03  05:00:00,4.14
 09/03  06:00:00,4.74
 09/03  07:00:00,4.98
 09/03  08:00:00,4.98
 09/03  09:00:00,3.9
 09/03  10:00:00,3.72
 09/03  11:00:00,3.72
 09/03  12:00:00,3.72
 09/03  13:00:00,3.6
 09/03  14:00:00,3.6
 09/03  15:00:00,2.52
 09/03  16:00:00,2.82
 09/03  17:00:00,2.76
 09/03  18:00:00,2.88
 09/03  19:00:00,3.0
 09/03  20:00:00,2.76
 09/03  21:00:00,2.82
 09/03  22:00:00,3.36
 09/03  23:00:00,3.06
 09/04  00:00:00,3.12
 09/04  01:00:00,3.18
 09/04  02:00:00,3.48
 09/04  03:00:00,3.78
 09/04  04:00:00,3.24
 09/04  05:00:00,3.66
 09/04  06:00:00,4.92
 09/04  07:00:00,4.86
 09/04  08:00:00,5.28
 09/04  09:00:00,4.92
 09/04  10:00:00,4.8
 09/04  11:00:00,4.14
 09/04  12:00:00,4.26
 09/04  13:00:00,3.72
 09/04  14:00:00,3.06
 09/04  15:00:00,2.82
 09/04  16:00:00,2.88
 09/04  17:00:00,2.88
 09/04  18:00:00,3.24
 09/04  19:00:00,3.9
 09/04  20:00:00,4.02
 09/04  21:00:00,4.38
 09/04  22:00:00,4.38
 09/04  23:00:00,4.38
 09/05  00:00:00,4.68
 09/05  01:00:00,4.5
 09/05  02:00:00,4.74
 09/05  03:00:00,4.8
 09/05  04:00:00,4.68
 09/05  05:00:00,4.5
 09/05  06:00:00,5.82
 09/05  07:00:00,5.28
 09/05  08:00:00,5.34
 09/05  09:00:00,4.74
 09/05  10:00:00,4.8
 09/05  11:00:00,4.32
 09/05  12:00:00,3.66
 09/05  13:00:00,3.9
 09/05  14:00:00,3.3
 09/05  15:00:00,2.82
 09/05  16:00:00,3.0
 09/05  17:00:00,5.52
 09/05  18:00:00,9.78
 09/05  19:00:00,10.26
 09/05  20:00:00,10.32
 09/05  21:00:00,10.8
 09/05  22:00:00,10.98
 09/05  23:00:00,11.1
 09/06  00:00:00,11.22
 09/06  01:00:00,11.22
 09/06  02:00:00,11.58
 09/06  03:00:00,11.46
 09/06  04:00:00,11.22
 09/06  05:00:00,11.28
 09/06  06:00:00,11.52
 09/06  07:00:00,11.1
 09/06  08:00:00,10.98
 09/06  09:00:00,10.62
 09/06  10:00:00,10.38
 09/06  11:00:00,9.84
 09/06  12:00:00,7.56
 09/06  13:00:00,3.12
 09/06  14:00:00,2.88
 09/06  15:00:00,3.12
 09/06  16:00:00,3.24
 09/06  17:00:00,3.36
 09/06  18:00:00,3.78
 09/06  19:00:00,3.78
 09/06  20:00:00,3.96
 09/06  21:00:00,4.26
 09/06  22:00:00,4.26
 09/06  23:00:00,4.2
 09/07  00:00:00,4.68
 09/07  01:00:00,4.14
 09/07  02:00:00,4.32
 09/07  03:00:00,4.86
 09/07  04:00:00,4.74
 09/07  05:00:00,4.56
 09/07  06:00:00,4.44
 09/07  07:00:00,4.92
 09/07  08:00:00,4.14
 09/07  09:00:00,3.84
 09/07  10:00:00,3.48
 09/07  11:00:00,3.48
 09/07  12:00:00,3.3
 09/07  13:00:00,3.3
 09/07  14:00:00,2.76
 09/07  15:00:00,3.0
 09/07  16:00:00,3.24
 09/07  17:00:00,3.36
 09/07  18:00:00,3.72
 09/07  19:00:00,3.96
 09/07  20:00:00,4.26
 09/07  21:00:00,4.26
 09/07  22:00:00,4.74
 09/07  23:00:00,4.8
 09/08  00:00:00,5.04
 09/08  01:00:00,4.74
 09/08  02:00:00,5.22
 09/08  03:00:00,5.34
 09/08  04:00:00,5.58
 09/08  05:00:00,4.92
 09/08  06:00:00,6.48
 09/08  07:00:00,6.18
 09/08  08:00:00,6.36
 09/08  09:00:00,5.82
 09/08  10:00:00,6.18
 09/08  11:00:00,5.4
 09/08  12:00:00,5.4
 09/08  13:00:00,4.38
 09/08  14:00:00,4.32
 09/08  15:00:00,4.14
 09/08  16:00:00,3.48
 09/08  17:00:00,2.94
 09/08  18:00:00,3.42
 09/08  19:00:00,4.26
 09/08  20:00:00,4.14
 09/08  21:00:00,4.68
 09/08  22:00:00,4.5
 09/08  23:00:00,4.86
 09/09  00:00:00,5.04
 09/09  01:00:00,4.8
 09/09  02:00:00,4.98
 09/09  03:00:00,5.76
 09/09  04:00:00,5.7
 09/09  05:00:00,4.92
 09/09  06:00:00,6.12
 09/09  07:00:00,6.42
 09/09  08:00:00,6.78
 09/09  09:00:00,6.42
 09/09  10:00:00,5.1
 09/09  11:00:00,4.32
 09/09  12:00:00,4.26
 09/09  13:00:00,3.96
 09/09  14:00:00,3.78
 09/09  15:00:00,3.66
 09/09  16:00:00,3.12
 09/09  17:00:00,2.58
 09/09  18:00:00,2.64
 09/09  19:00:00,3.18
 09/09  20:00:00,5.52
 09/09  21:00:00,10.26
 09/09  22:00:00,10.26
 09/09  23:00:00,10.8
 09/10  00:00:00,10.5
 09/10  01:00:00,10.62
 09/10  02:00:00,10.62
 09/10  03:00:00,10.74
 09/10  04:00:00,10.92
 09/10  05:00:00,10.74
 09/10  06:00:00,11.82
 09/10  07:00:00,5.28
 09/10  08:00:00,4.92
 09/10  09:00:00,4.38
 09/10  10:00:00,3.9
 09/10  11:00:00,4.32
 09/10  12:00:00,10.32
 09/10  13:00:00,10.44
 09/10  14:00:00,10.62
 09/10  15:00:00,10.02
 09/10  16:00:00,9.42
 09/10  17:00:00,9.24
 09/10  18:00:00,9.54
 09/10  19:00:00,9.42
 09/10  20:00:00,9.42
 09/10  21:00:00,4.92
 09/10  22:00:00,2.88
 09/10  23:00:00,3.0
 09/11  00:00:00,3.0
 09/11  01:00:00,3.18
 09/11  02:00:00,3.06
 09/11  03:00:00,3.06
 09/11  04:00:00,3.24
 09/11  05:00:00,3.12
 09/11  06:00:00,5.1
 09/11  07:00:00,4.8
 09/11  08:00:00,4.2
 09/11  09:00:00,3.72
 09/11  10:00:00,3.66
 09/11  11:00:00,3.66
 09/11  12:00:00,3.72
 09/11  13:00:00,3.9
 09/11  14:00:00,3.96
 09/11  15:00:00,3.9
 09/11  16:00:00,2.52
 09/11  17:00:00,2.52
 09/11  18:00:00,2.52
 09/11  19:00:00,2.58
 09/11  20:00:00,7.86
 09/11  21:00:00,9.9
 09/11  22:00:00,10.32
 09/11  23:00:00,10.14
 09/12  00:00:00,10.38
 09/12  01:00:00,10.32
 09/12  02:00:00,10.44
 09/12  03:00:00,10.2
 09/12  04:00:00,10.32
 09/12  05:00:00,10.44
 09/12  06:00:00,10.08
 09/12  07:00:00,4.5
 09/12  08:00:00,4.32
 09/12  09:00:00,4.74
 09/12  10:00:00,4.8
 09/12  11:00:00,4.44
 09/12  12:00:00,4.74
 09/12  13:00:00,3.84
 09/12  14:00:00,4.02
 09/12  15:00:00,2.58
 09/12  16:00:00,2.34
 09/12  17:00:00,2.4
 09/12  18:00:00,2.82
 09/12  19:00:00,2.34
 09/12  20:00:00,2.4
 09/12  21:00:00,2.52
 09/12  22:00:00,2.7
 09/12  23:00:00,2.52
 09/13  00:00:00,2.34
 09/13  01:00:00,2.82
 09/13  02:00:00,2.34
 09/13  03:00:00,2.64
 09/13  04:00:00,2.28
 09/13  05:00:00,2.82
 09/13  06:00:00,2.28
 09/13  07:00:00,2.4
 09/13  08:00:00,2.46
 09/13  09:00:00,2.34
 09/13  10:00:00,2.34
 09/13  11:00:00,2.28
 09/13  12:00:00,2.46
 09/13  13:00:00,2.34
 09/13  14:00:00,2.16
 09/13  15:00:00,2.28
 09/13  16:00:00,2.34
 09/13  17:00:00,2.4
 09/13  18:00:00,2.22
 09/13  19:00:00,2.46
 09/13  20:00:00,2.52
 09/13  21:00:00,2.58
 09/13  22:00:00,3.3
 09/13  23:00:00,2.4
 09/14  00:00:00,2.46
 09/14  01:00:00,2.7
 09/14  02:00:00,2.4
 09/14  03:00:00,2.46
 09/14  04:00:00,2.4
 09/14  05:00:00,2.52
 09/14  06:00:00,2.46
 09/14  07:00:00,2.46
 09/14  08:00:00,2.1
 09/14  09:00:00,2.52
 09/14  10:00:00,2.4
 09/14  11:00:00,2.46
 09/14  12:00:00,2.1
 09/14  13:00:00,2.28
 09/14  14:00:00,2.46
 09/14  15:00:00,2.22
 09/14  16:00:00,2.46
 09/14  17:00:00,2.1
 09/14  18:00:00,2.28
 09/14  19:00:00,2.82
 09/14  20:00:00,2.34
 09/14  21:00:00,2.4
 09/14  22:00:00,2.4
 09/14  23:00:00,2.88
 09/15  00:00:00,2.4
 09/15  01:00:00,2.4
 09/15  02:00:00,2.58
 09/15  03:00:00,2.46
 09/15  04:00:00,2.82
 09/15  05:00:00,2.46
 09/15  06:00:00,3.48
 09/15  07:00:00,3.42
 09/15  08:00:00,3.3
 09/15  09:00:00,3.0
 09/15  10:00:00,3.48
 09/15  11:00:00,3.06
 09/15  12:00:00,3.18
 09/15  13:00:00,3.66
 09/15  14:00:00,2.58
 09/15  15:00:00,2.16
 09/15  16:00:00,2.7
 09/15  17:00:00,2.34
 09/15  18:00:00,2.22
 09/15  19:00:00,2.46
 09/15  20:00:00,2.58
 09/15  21:00:00,2.46
 09/15  22:00:00,2.46
 09/15  23:00:00,2.58
 09/16  00:00:00,2.34
 09/16  01:00:00,2.64
 09/16  02:00:00,2.58
 09/16  03:00:00,2.34
 09/16  04:00:00,2.46
 09/16  05:00:00,2.58
 09/16  06:00:00,3.3
 09/16  07:00:00,3.48
 09/16  08:00:00,3.66
 09/16  09:00:00,3.06
 09/16  10:00:00,3.48
 09/16  11:00:00,3.3
 09/16  12:00:00,2.7
 09/16  13:00:00,3.18
 09/16  14:00:00,3.12
 09/16  15:00:00,2.46
 09/16  16:00:00,3.3
 09/16  17:00:00,2.58
 09/16  18:00:00,2.34
 09/16  19:00:00,2.34
 09/16  20:00:00,2.46
 09/16  21:00:00,2.76
 09/16  22:00:00,2.46
 09/16  23:00:00,2.4
 09/17  00:00:00,2.34
 09/17  01:00:00,2.94
 09/17  02:00:00,2.46
 09/17  03:00:00,2.4
 09/17  04:00:00,2.46
 09/17  05:00:00,2.7
 09/17  06:00:00,3.78
 09/17  07:00:00,3.6
 09/17  08:00:00,3.18
 09/17  09:00:00,4.44
 09/17  10:00:00,4.08
 09/17  11:00:00,4.08
 09/17  12:00:00,3.42
 09/17  13:00:00,3.12
 09/17  14:00:00,2.94
 09/17  15:00:00,2.46
 09/17  16:00:00,2.52
 09/17  17:00:00,2.52
 09/17  18:00:00,2.52
 09/17  19:00:00,2.46
 09/17  20:00:00,2.64
 09/17  21:00:00,2.58
 09/17  22:00:00,2.4
 09/17  23:00:00,2.28
 09/18  00:00:00,2.7
 09/18  01:00:00,2.4
 09/18  02:00:00,2.46
 09/18  03:00:00,2.34
 09/18  04:00:00,2.82
 09/18  05:00:00,2.34
 09/18  06:00:00,3.06
 09/18  07:00:00,2.22
 09/18  08:00:00,2.4
 09/18  09:00:00,2.52
 09/18  10:00:00,2.58
 09/18  11:00:00,2.76
 09/18  12:00:00,3.66
 09/18  13:00:00,3.54
 09/18  14:00:00,3.6
 09/18  15:00:00,3.42
 09/18  16:00:00,2.82
 09/18  17:00:00,2.4
 09/18  18:00:00,2.4
 09/18  19:00:00,3.24
 09/18  20:00:00,2.82
 09/18  21:00:00,2.64
 09/18  22:00:00,2.4
 09/18  23:00:00,2.4
 09/19  00:00:00,2.46
 09/19  01:00:00,2.46
 09/19  02:00:00,2.58
 09/19  03:00:00,2.52
 09/19  04:00:00,2.34
 09/19  05:00:00,2.64
 09/19  06:00:00,4.68
 09/19  07:00:00,3.96
 09/19  08:00:00,3.06
 09/19  09:00:00,3.18
 09/19  10:00:00,3.42
 09/19  11:00:00,3.36
 09/19  12:00:00,3.54
 09/19  13:00:00,2.46
 09/19  14:00:00,2.16
 09/19  15:00:00,1.92
 09/19  16:00:00,2.04
 09/19  17:00:00,1.92
 09/19  18:00:00,2.34
 09/19  19:00:00,2.04
 09/19  20:00:00,2.16
 09/19  21:00:00,2.16
 09/19  22:00:00,2.46
 09/19  23:00:00,2.1
 09/20  00:00:00,1.98
 09/20  01:00:00,2.22
 09/20  02:00:00,2.1
 09/20  03:00:00,2.34
 09/20  04:00:00,2.04
 09/20  05:00:00,2.04
 09/20  06:00:00,1.98
 09/20  07:00:00,1.92
 09/20  08:00:00,2.1
 09/20  09:00:00,1.86
 09/20  10:00:00,2.88
 09/20  11:00:00,8.52
 09/20  12:00:00,3.24
 09/20  13:00:00,16.08
 09/20  14:00:00,16.5
 09/20  15:00:00,16.62
 09/20  16:00:00,16.44
 09/20  17:00:00,16.74
 09/20  18:00:00,16.68
 09/20  19:00:00,16.86
 09/20  20:00:00,16.74
 09/20  21:00:00,16.68
 09/20  22:00:00,14.7
 09/20  23:00:00,2.28
 09/21  00:00:00,2.22
 09/21  01:00:00,2.1
 09/21  02:00:00,5.82
 09/21  03:00:00,2.04
 09/21  04:00:00,2.1
 09/21  05:00:00,2.16
 09/21  06:00:00,1.92
 09/21  07:00:00,2.16
 09/21  08:00:00,1.86
 09/21  09:00:00,1.92
 09/21  10:00:00,1.98
 09/21  11:00:00,2.22
 09/21  12:00:00,3.66
 09/21  13:00:00,8.16
 09/21  14:00:00,8.22
 09/21  15:00:00,8.1
 09/21  16:00:00,8.4
 09/21  17:00:00,8.1
 09/21  18:00:00,8.4
 09/21  19:00:00,5.64
 09/21  20:00:00,2.34
 09/21  21:00:00,2.16
 09/21  22:00:00,2.04
 09/21  23:00:00,2.1
 09/22  00:00:00,2.1
 09/22  01:00:00,2.28
 09/22  02:00:00,2.1
 09/22  03:00:00,2.1
 09/22  04:00:00,2.1
 09/22  05:00:00,3.18
 09/22  06:00:00,4.32
 09/22  07:00:00,4.56
 09/22  08:00:00,4.08
 09/22  09:00:00,4.26
 09/22  10:00:00,4.32
 09/22  11:00:00,4.26
 09/22  12:00:00,2.76
 09/22  13:00:00,3.06
 09/22  14:00:00,2.64
 09/22  15:00:00,1.98
 09/22  16:00:00,1.86
 09/22  17:00:00,1.98
 09/22  18:00:00,1.98
 09/22  19:00:00,1.92
 09/22  20:00:00,2.04
 09/22  21:00:00,2.04
 09/22  22:00:00,2.16
 09/22  23:00:00,2.04
 09/23  00:00:00,1.86
 09/23  01:00:00,2.1
 09/23  02:00:00,2.22
 09/23  03:00:00,1.86
 09/23  04:00:00,2.04
 09/23  05:00:00,2.04
 09/23  06:00:00,4.08
 09/23  07:00:00,4.14
 09/23  08:00:00,4.2
 09/23  09:00:00,4.08
 09/23  10:00:00,3.9
 09/23  11:00:00,6.0
 09/23  12:00:00,4.98
 09/23  13:00:00,3.96
 09/23  14:00:00,4.02
 09/23  15:00:00,3.24
 09/23  16:00:00,1.8
 09/23  17:00:00,1.86
 09/23  18:00:00,1.92
 09/23  19:00:00,2.22
 09/23  20:00:00,1.98
 09/23  21:00:00,1.86
 09/23  22:00:00,2.1
 09/23  23:00:00,2.22
 09/24  00:00:00,1.98
 09/24  01:00:00,1.98
 09/24  02:00:00,2.04
 09/24  03:00:00,2.22
 09/24  04:00:00,1.98
 09/24  05:00:00,2.28
 09/24  06:00:00,5.88
 09/24  07:00:00,4.02
 09/24  08:00:00,4.02
 09/24  09:00:00,4.02
 09/24  10:00:00,4.2
 09/24  11:00:00,3.96
 09/24  12:00:00,4.2
 09/24  13:00:00,3.9
 09/24  14:00:00,4.26
 09/24  15:00:00,4.32
 09/24  16:00:00,3.84
 09/24  17:00:00,2.1
 09/24  18:00:00,1.86
 09/24  19:00:00,2.16
 09/24  20:00:00,2.1
 09/24  21:00:00,1.86
 09/24  22:00:00,2.1
 09/24  23:00:00,2.04
 09/25  00:00:00,1.98
 09/25  01:00:00,2.16
 09/25  02:00:00,2.04
 09/25  03:00:00,1.86
 09/25  04:00:00,2.16
 09/25  05:00:00,2.1
 09/25  06:00:00,8.4
 09/25  07:00:00,10.08
 09/25  08:00:00,3.9
 09/25  09:00:00,2.88
 09/25  10:00:00,2.58
 09/25  11:00:00,2.7
 09/25  12:00:00,2.82
 09/25  13:00:00,2.52
 09/25  14:00:00,1.8
 09/25  15:00:00,1.98
 09/25  16:00:00,1.8
 09/25  17:00:00,1.92
 09/25  18:00:00,2.16
 09/25  19:00:00,1.92
 09/25  20:00:00,2.16
 09/25  21:00:00,2.16
 09/25  22:00:00,2.04
 09/25  23:00:00,1.98
 09/26  00:00:00,2.1
 09/26  01:00:00,1.98
 09/26  02:00:00,2.04
 09/26  03:00:00,2.22
 09/26  04:00:00,1.98
 09/26  05:00:00,2.16
 09/26  06:00:00,4.38
 09/26  07:00:00,4.38
 09/26  08:00:00,4.08
 09/26  09:00:00,4.26
 09/26  10:00:00,3.96
 09/26  11:00:00,4.02
 09/26  12:00:00,4.38
 09/26  13:00:00,4.14
 09/26  14:00:00,4.14
 09/26  15:00:00,2.52
 09/26  16:00:00,5.58
 09/26  17:00:00,8.4
 09/26  18:00:00,8.64
 09/26  19:00:00,8.46
 09/26  20:00:00,8.58
 09/26  21:00:00,8.52
 09/26  22:00:00,8.88
 09/26  23:00:00,8.58
 09/27  00:00:00,8.58
 09/27  01:00:00,8.64
 09/27  02:00:00,8.82
 09/27  03:00:00,8.52
 09/27  04:00:00,8.58
 09/27  05:00:00,8.52
 09/27  06:00:00,8.52
 09/27  07:00:00,8.4
 09/27  08:00:00,8.28
 09/27  09:00:00,8.34
 09/27  10:00:00,8.58
 09/27  11:00:00,8.22
 09/27  12:00:00,7.02
 09/27  13:00:00,1.8
 09/27  14:00:00,1.68
 09/27  15:00:00,1.98
 09/27  16:00:00,1.8
 09/27  17:00:00,1.8
 09/27  18:00:00,1.86
 09/27  19:00:00,1.92
 09/27  20:00:00,2.22
 09/27  21:00:00,1.98
 09/27  22:00:00,1.98
 09/27  23:00:00,1.92
 09/28  00:00:00,2.1
 09/28  01:00:00,2.04
 09/28  02:00:00,1.98
 09/28  03:00:00,1.98
 09/28  04:00:00,1.92
 09/28  05:00:00,2.16
 09/28  06:00:00,1.86
 09/28  07:00:00,1.74
 09/28  08:00:00,1.92
 09/28  09:00:00,1.8
 09/28  10:00:00,2.04
 09/28  11:00:00,1.8
 09/28  12:00:00,1.74
 09/28  13:00:00,1.8
 09/28  14:00:00,2.04
 09/28  15:00:00,1.74
 09/28  16:00:00,1.68
 09/28  17:00:00,1.8
 09/28  18:00:00,2.1
 09/28  19:00:00,2.04
 09/28  20:00:00,1.98
 09/28  21:00:00,1.98
 09/28  22:00:00,2.04
 09/28  23:00:00,2.04
 09/29  00:00:00,1.92
 09/29  01:00:00,2.22
 09/29  02:00:00,2.04
 09/29  03:00:00,1.92
 09/29  04:00:00,1.98
 09/29  05:00:00,2.34
 09/29  06:00:00,4.2
 09/29  07:00:00,6.72
 09/29  08:00:00,4.56
 09/29  09:00:00,4.32
 09/29  10:00:00,4.26
 09/29  11:00:00,4.32
 09/29  12:00:00,4.08
 09/29  13:00:00,4.14
 09/29  14:00:00,4.32
 09/29  15:00:00,3.66
 09/29  16:00:00,2.52
 09/29  17:00:00,1.8
 09/29  18:00:00,2.16
 09/29  19:00:00,1.92
 09/29  20:00:00,1.92
 09/29  21:00:00,1.98
 09/29  22:00:00,2.22
 09/29  23:00:00,2.1
 09/30  00:00:00,1.98
 09/30  01:00:00,2.16
 09/30  02:00:00,1.92
 09/30  03:00:00,1.92
 09/30  04:00:00,2.04
 09/30  05:00:00,2.16
 09/30  06:00:00,2.16
 09/30  07:00:00,2.22
 09/30  08:00:00,2.22
 09/30  09:00:00,2.4
 09/30  10:00:00,2.52
 09/30  11:00:00,3.06
 09/30  12:00:00,2.82
 09/30  13:00:00,2.76
 09/30  14:00:00,2.58
 09/30  15:00:00,2.64
 09/30  16:00:00,2.34
 09/30  17:00:00,1.8
 09/30  18:00:00,1.62
 09/30  19:00:00,1.68
 09/30  20:00:00,1.68
 09/30  21:00:00,1.98
 09/30  22:00:00,1.68
 09/30  23:00:00,1.62
 10/01  00:00:00,1.68
 10/01  01:00:00,1.92
 10/01  02:00:00,1.8
 10/01  03:00:00,1.74
 10/01  04:00:00,1.68
 10/01  05:00:00,1.68
 10/01  06:00:00,1.8
 10/01  07:00:00,2.22
 10/01  08:00:00,2.52
 10/01  09:00:00,2.58
 10/01  10:00:00,2.58
 10/01  11:00:00,2.76
 10/01  12:00:00,2.28
 10/01  13:00:00,2.34
 10/01  14:00:00,2.46
 10/01  15:00:00,2.52
 10/01  16:00:00,1.62
 10/01  17:00:00,1.44
 10/01  18:00:00,1.68
 10/01  19:00:00,1.8
 10/01  20:00:00,1.62
 10/01  21:00:00,1.74
 10/01  22:00:00,1.86
 10/01  23:00:00,1.8
 10/02  00:00:00,1.68
 10/02  01:00:00,1.74
 10/02  02:00:00,1.86
 10/02  03:00:00,1.74
 10/02  04:00:00,1.56
 10/02  05:00:00,1.62
 10/02  06:00:00,1.74
 10/02  07:00:00,1.5
 10/02  08:00:00,2.58
 10/02  09:00:00,2.58
 10/02  10:00:00,2.64
 10/02  11:00:00,2.64
 10/02  12:00:00,2.64
 10/02  13:00:00,1.98
 10/02  14:00:00,1.74
 10/02  15:00:00,1.5
 10/02  16:00:00,1.68
 10/02  17:00:00,1.56
 10/02  18:00:00,1.8
 10/02  19:00:00,1.74
 10/02  20:00:00,1.8
 10/02  21:00:00,1.8
 10/02  22:00:00,1.8
 10/02  23:00:00,1.8
 10/03  00:00:00,1.8
 10/03  01:00:00,1.68
 10/03  02:00:00,1.92
 10/03  03:00:00,1.8
 10/03  04:00:00,1.68
 10/03  05:00:00,1.92
 10/03  06:00:00,2.7
 10/03  07:00:00,3.78
 10/03  08:00:00,4.56
 10/03  09:00:00,4.68
 10/03  10:00:00,4.5
 10/03  11:00:00,4.44
 10/03  12:00:00,4.44
 10/03  13:00:00,4.44
 10/03  14:00:00,4.14
 10/03  15:00:00,3.3
 10/03  16:00:00,2.94
 10/03  17:00:00,3.12
 10/03  18:00:00,3.12
 10/03  19:00:00,3.12
 10/03  20:00:00,3.3
 10/03  21:00:00,3.12
 10/03  22:00:00,3.06
 10/03  23:00:00,3.42
 10/04  00:00:00,3.06
 10/04  01:00:00,3.18
 10/04  02:00:00,3.12
 10/04  03:00:00,3.3
 10/04  04:00:00,3.18
 10/04  05:00:00,3.06
 10/04  06:00:00,2.82
 10/04  07:00:00,2.94
 10/04  08:00:00,3.12
 10/04  09:00:00,3.06
 10/04  10:00:00,2.88
 10/04  11:00:00,1.8
 10/04  12:00:00,1.74
 10/04  13:00:00,1.56
 10/04  14:00:00,1.56
 10/04  15:00:00,1.44
 10/04  16:00:00,1.62
 10/04  17:00:00,1.8
 10/04  18:00:00,1.74
 10/04  19:00:00,1.68
 10/04  20:00:00,1.68
 10/04  21:00:00,1.68
 10/04  22:00:00,1.74
 10/04  23:00:00,1.86
 10/05  00:00:00,1.68
 10/05  01:00:00,1.74
 10/05  02:00:00,1.62
 10/05  03:00:00,1.92
 10/05  04:00:00,1.74
 10/05  05:00:00,1.68
 10/05  06:00:00,1.56
 10/05  07:00:00,3.3
 10/05  08:00:00,2.28
 10/05  09:00:00,1.56
 10/05  10:00:00,1.44
 10/05  11:00:00,1.62
 10/05  12:00:00,1.74
 10/05  13:00:00,1.5
 10/05  14:00:00,1.5
 10/05  15:00:00,1.68
 10/05  16:00:00,1.74
 10/05  17:00:00,1.92
 10/05  18:00:00,1.74
 10/05  19:00:00,1.68
 10/05  20:00:00,1.68
 10/05  21:00:00,1.74
 10/05  22:00:00,2.04
 10/05  23:00:00,1.74
 10/06  00:00:00,1.62
 10/06  01:00:00,1.74
 10/06  02:00:00,1.62
 10/06  03:00:00,1.92
 10/06  04:00:00,1.68
 10/06  05:00:00,1.68
 10/06  06:00:00,1.56
 10/06  07:00:00,1.8
 10/06  08:00:00,2.76
 10/06  09:00:00,2.52
 10/06  10:00:00,2.7
 10/06  11:00:00,2.4
 10/06  12:00:00,2.46
 10/06  13:00:00,2.94
 10/06  14:00:00,2.88
 10/06  15:00:00,1.68
 10/06  16:00:00,1.8
 10/06  17:00:00,1.62
 10/06  18:00:00,1.98
 10/06  19:00:00,1.74
 10/06  20:00:00,1.74
 10/06  21:00:00,1.8
 10/06  22:00:00,2.04
 10/06  23:00:00,1.74
 10/07  00:00:00,1.74
 10/07  01:00:00,1.74
 10/07  02:00:00,2.04
 10/07  03:00:00,1.74
 10/07  04:00:00,1.74
 10/07  05:00:00,1.74
 10/07  06:00:00,2.34
 10/07  07:00:00,1.86
 10/07  08:00:00,1.5
 10/07  09:00:00,1.56
 10/07  10:00:00,1.74
 10/07  11:00:00,2.22
 10/07  12:00:00,2.58
 10/07  13:00:00,2.46
 10/07  14:00:00,2.46
 10/07  15:00:00,2.34
 10/07  16:00:00,2.4
 10/07  17:00:00,2.58
 10/07  18:00:00,2.52
 10/07  19:00:00,2.58
 10/07  20:00:00,2.94
 10/07  21:00:00,2.76
 10/07  22:00:00,2.7
 10/07  23:00:00,2.7
 10/08  00:00:00,2.94
 10/08  01:00:00,2.76
 10/08  02:00:00,2.7
 10/08  03:00:00,2.76
 10/08  04:00:00,2.82
 10/08  05:00:00,2.76
 10/08  06:00:00,2.52
 10/08  07:00:00,2.22
 10/08  08:00:00,1.74
 10/08  09:00:00,1.56
 10/08  10:00:00,1.44
 10/08  11:00:00,1.5
 10/08  12:00:00,1.5
 10/08  13:00:00,1.68
 10/08  14:00:00,1.56
 10/08  15:00:00,1.38
 10/08  16:00:00,1.56
 10/08  17:00:00,1.74
 10/08  18:00:00,1.68
 10/08  19:00:00,1.62
 10/08  20:00:00,1.8
 10/08  21:00:00,1.74
 10/08  22:00:00,2.22
 10/08  23:00:00,2.28
 10/09  00:00:00,2.16
 10/09  01:00:00,2.22
 10/09  02:00:00,2.4
 10/09  03:00:00,2.16
 10/09  04:00:00,2.16
 10/09  05:00:00,2.22
 10/09  06:00:00,2.28
 10/09  07:00:00,2.1
 10/09  08:00:00,2.4
 10/09  09:00:00,2.4
 10/09  10:00:00,2.64
 10/09  11:00:00,2.04
 10/09  12:00:00,1.86
 10/09  13:00:00,1.8
 10/09  14:00:00,2.1
 10/09  15:00:00,1.74
 10/09  16:00:00,1.92
 10/09  17:00:00,1.8
 10/09  18:00:00,1.92
 10/09  19:00:00,2.22
 10/09  20:00:00,2.34
 10/09  21:00:00,2.52
 10/09  22:00:00,2.52
 10/09  23:00:00,2.82
 10/10  00:00:00,2.46
 10/10  01:00:00,2.52
 10/10  02:00:00,2.46
 10/10  03:00:00,2.88
 10/10  04:00:00,2.4
 10/10  05:00:00,2.52
 10/10  06:00:00,2.28
 10/10  07:00:00,2.28
 10/10  08:00:00,2.58
 10/10  09:00:00,2.04
 10/10  10:00:00,1.8
 10/10  11:00:00,2.52
 10/10  12:00:00,3.0
 10/10  13:00:00,2.58
 10/10  14:00:00,2.64
 10/10  15:00:00,2.52
 10/10  16:00:00,2.88
 10/10  17:00:00,1.86
 10/10  18:00:00,1.68
 10/10  19:00:00,1.62
 10/10  20:00:00,1.92
 10/10  21:00:00,1.74
 10/10  22:00:00,1.68
 10/10  23:00:00,1.74
 10/11  00:00:00,1.92
 10/11  01:00:00,1.74
 10/11  02:00:00,1.62
 10/11  03:00:00,1.74
 10/11  04:00:00,1.62
 10/11  05:00:00,1.86
 10/11  06:00:00,1.62
 10/11  07:00:00,1.5
 10/11  08:00:00,5.7
 10/11  09:00:00,8.28
 10/11  10:00:00,8.1
 10/11  11:00:00,7.98
 10/11  12:00:00,8.04
 10/11  13:00:00,2.22
 10/11  14:00:00,1.62
 10/11  15:00:00,1.5
 10/11  16:00:00,1.44
 10/11  17:00:00,1.62
 10/11  18:00:00,1.86
 10/11  19:00:00,1.74
 10/11  20:00:00,1.62
 10/11  21:00:00,1.68
 10/11  22:00:00,1.92
 10/11  23:00:00,1.68
 10/12  00:00:00,1.74
 10/12  01:00:00,1.68
 10/12  02:00:00,1.68
 10/12  03:00:00,1.92
 10/12  04:00:00,1.74
 10/12  05:00:00,1.56
 10/12  06:00:00,1.68
 10/12  07:00:00,1.74
 10/12  08:00:00,1.5
 10/12  09:00:00,2.88
 10/12  10:00:00,15.96
 10/12  11:00:00,9.72
 10/12  12:00:00,1.5
 10/12  13:00:00,4.68
 10/12  14:00:00,16.02
 10/12  15:00:00,16.32
 10/12  16:00:00,15.96
 10/12  17:00:00,16.02
 10/12  18:00:00,3.12
 10/12  19:00:00,1.86
 10/12  20:00:00,1.68
 10/12  21:00:00,1.62
 10/12  22:00:00,1.74
 10/12  23:00:00,1.92
 10/13  00:00:00,1.68
 10/13  01:00:00,1.62
 10/13  02:00:00,1.74
 10/13  03:00:00,1.68
 10/13  04:00:00,2.04
 10/13  05:00:00,1.62
 10/13  06:00:00,1.68
 10/13  07:00:00,1.5
 10/13  08:00:00,1.74
 10/13  09:00:00,1.44
 10/13  10:00:00,1.5
 10/13  11:00:00,1.5
 10/13  12:00:00,1.74
 10/13  13:00:00,1.5
 10/13  14:00:00,1.5
 10/13  15:00:00,1.5
 10/13  16:00:00,1.44
 10/13  17:00:00,1.92
 10/13  18:00:00,1.68
 10/13  19:00:00,1.68
 10/13  20:00:00,1.68
 10/13  21:00:00,1.92
 10/13  22:00:00,1.68
 10/13  23:00:00,1.74
 10/14  00:00:00,1.68
 10/14  01:00:00,1.92
 10/14  02:00:00,1.74
 10/14  03:00:00,1.62
 10/14  04:00:00,1.74
 10/14  05:00:00,1.86
 10/14  06:00:00,1.56
 10/14  07:00:00,1.5
 10/14  08:00:00,1.56
 10/14  09:00:00,1.8
 10/14  10:00:00,1.56
 10/14  11:00:00,1.5
 10/14  12:00:00,1.5
 10/14  13:00:00,1.8
 10/14  14:00:00,1.44
 10/14  15:00:00,1.56
 10/14  16:00:00,1.56
 10/14  17:00:00,1.5
 10/14  18:00:00,1.98
 10/14  19:00:00,1.68
 10/14  20:00:00,1.74
 10/14  21:00:00,1.68
 10/14  22:00:00,1.92
 10/14  23:00:00,1.68
 10/15  00:00:00,1.74
 10/15  01:00:00,1.68
 10/15  02:00:00,1.62
 10/15  03:00:00,1.98
 10/15  04:00:00,1.68
 10/15  05:00:00,1.74
 10/15  06:00:00,1.62
 10/15  07:00:00,1.74
 10/15  08:00:00,1.62
 10/15  09:00:00,1.68
 10/15  10:00:00,1.8
 10/15  11:00:00,1.86
 10/15  12:00:00,1.5
 10/15  13:00:00,1.62
 10/15  14:00:00,2.76
 10/15  15:00:00,1.62
 10/15  16:00:00,1.74
 10/15  17:00:00,1.74
 10/15  18:00:00,1.68
 10/15  19:00:00,1.74
 10/15  20:00:00,1.92
 10/15  21:00:00,1.74
 10/15  22:00:00,1.92
 10/15  23:00:00,2.46
 10/16  00:00:00,2.28
 10/16  01:00:00,2.22
 10/16  02:00:00,2.16
 10/16  03:00:00,2.28
 10/16  04:00:00,2.4
 10/16  05:00:00,2.28
 10/16  06:00:00,2.1
 10/16  07:00:00,1.98
 10/16  08:00:00,2.34
 10/16  09:00:00,2.04
 10/16  10:00:00,1.68
 10/16  11:00:00,1.5
 10/16  12:00:00,1.86
 10/16  13:00:00,1.5
 10/16  14:00:00,1.62
 10/16  15:00:00,1.5
 10/16  16:00:00,1.86
 10/16  17:00:00,1.56
 10/16  18:00:00,1.74
 10/16  19:00:00,1.68
 10/16  20:00:00,1.98
 10/16  21:00:00,1.68
 10/16  22:00:00,1.74
 10/16  23:00:00,1.68
 10/17  00:00:00,2.04
 10/17  01:00:00,2.28
 10/17  02:00:00,2.22
 10/17  03:00:00,2.22
 10/17  04:00:00,2.46
 10/17  05:00:00,2.22
 10/17  06:00:00,2.16
 10/17  07:00:00,2.28
 10/17  08:00:00,2.16
 10/17  09:00:00,1.98
 10/17  10:00:00,1.5
 10/17  11:00:00,1.86
 10/17  12:00:00,1.56
 10/17  13:00:00,1.56
 10/17  14:00:00,13.5
 10/17  15:00:00,16.38
 10/17  16:00:00,16.08
 10/17  17:00:00,9.6
 10/17  18:00:00,1.8
 10/17  19:00:00,1.86
 10/17  20:00:00,1.8
 10/17  21:00:00,1.68
 10/17  22:00:00,1.74
 10/17  23:00:00,3.24
 10/18  00:00:00,8.28
 10/18  01:00:00,8.22
 10/18  02:00:00,8.34
 10/18  03:00:00,8.46
 10/18  04:00:00,8.28
 10/18  05:00:00,8.22
 10/18  06:00:00,8.28
 10/18  07:00:00,8.34
 10/18  08:00:00,8.16
 10/18  09:00:00,2.46
 10/18  10:00:00,1.62
 10/18  11:00:00,1.74
 10/18  12:00:00,1.62
 10/18  13:00:00,1.5
 10/18  14:00:00,1.56
 10/18  15:00:00,1.74
 10/18  16:00:00,1.5
 10/18  17:00:00,1.62
 10/18  18:00:00,1.92
 10/18  19:00:00,1.62
 10/18  20:00:00,1.8
 10/18  21:00:00,1.68
 10/18  22:00:00,1.86
 10/18  23:00:00,1.8
 10/19  00:00:00,1.74
 10/19  01:00:00,1.86
 10/19  02:00:00,1.68
 10/19  03:00:00,1.74
 10/19  04:00:00,1.8
 10/19  05:00:00,1.74
 10/19  06:00:00,1.62
 10/19  07:00:00,1.74
 10/19  08:00:00,1.44
 10/19  09:00:00,8.58
 10/19  10:00:00,1.68
 10/19  11:00:00,1.5
 10/19  12:00:00,1.56
 10/19  13:00:00,1.74
 10/19  14:00:00,1.56
 10/19  15:00:00,1.56
 10/19  16:00:00,1.68
 10/19  17:00:00,1.62
 10/19  18:00:00,1.8
 10/19  19:00:00,1.86
 10/19  20:00:00,1.74
 10/19  21:00:00,1.68
 10/19  22:00:00,5.82
 10/19  23:00:00,8.22
 10/20  00:00:00,8.28
 10/20  01:00:00,8.4
 10/20  02:00:00,8.22
 10/20  03:00:00,8.16
 10/20  04:00:00,8.46
 10/20  05:00:00,8.22
 10/20  06:00:00,8.22
 10/20  07:00:00,8.22
 10/20  08:00:00,8.1
 10/20  09:00:00,8.04
 10/20  10:00:00,4.26
 10/20  11:00:00,1.5
 10/20  12:00:00,1.62
 10/20  13:00:00,1.62
 10/20  14:00:00,1.5
 10/20  15:00:00,1.5
 10/20  16:00:00,1.74
 10/20  17:00:00,1.62
 10/20  18:00:00,1.74
 10/20  19:00:00,1.68
 10/20  20:00:00,1.86
 10/20  21:00:00,1.86
 10/20  22:00:00,2.28
 10/20  23:00:00,2.28
 10/21  00:00:00,2.34
 10/21  01:00:00,2.1
 10/21  02:00:00,2.46
 10/21  03:00:00,2.16
 10/21  04:00:00,2.28
 10/21  05:00:00,2.46
 10/21  06:00:00,2.16
 10/21  07:00:00,2.7
 10/21  08:00:00,4.2
 10/21  09:00:00,3.3
 10/21  10:00:00,3.0
 10/21  11:00:00,2.88
 10/21  12:00:00,2.76
 10/21  13:00:00,3.06
 10/21  14:00:00,2.82
 10/21  15:00:00,2.82
 10/21  16:00:00,3.0
 10/21  17:00:00,2.94
 10/21  18:00:00,3.0
 10/21  19:00:00,3.18
 10/21  20:00:00,3.0
 10/21  21:00:00,3.0
 10/21  22:00:00,3.18
 10/21  23:00:00,3.0
 10/22  00:00:00,2.82
 10/22  01:00:00,3.06
 10/22  02:00:00,3.06
 10/22  03:00:00,3.06
 10/22  04:00:00,3.24
 10/22  05:00:00,11.28
 10/22  06:00:00,10.26
 10/22  07:00:00,3.3
 10/22  08:00:00,3.6
 10/22  09:00:00,3.3
 10/22  10:00:00,3.36
 10/22  11:00:00,3.72
 10/22  12:00:00,3.42
 10/22  13:00:00,3.42
 10/22  14:00:00,3.54
 10/22  15:00:00,3.42
 10/22  16:00:00,3.3
 10/22  17:00:00,3.48
 10/22  18:00:00,3.72
 10/22  19:00:00,3.6
 10/22  20:00:00,3.48
 10/22  21:00:00,3.78
 10/22  22:00:00,10.8
 10/22  23:00:00,18.18
 10/23  00:00:00,18.24
 10/23  01:00:00,18.12
 10/23  02:00:00,18.06
 10/23  03:00:00,18.36
 10/23  04:00:00,18.12
 10/23  05:00:00,17.88
 10/23  06:00:00,17.88
 10/23  07:00:00,16.8
 10/23  08:00:00,16.32
 10/23  09:00:00,6.36
 10/23  10:00:00,2.46
 10/23  11:00:00,2.28
 10/23  12:00:00,1.92
 10/23  13:00:00,1.86
 10/23  14:00:00,1.56
 10/23  15:00:00,1.56
 10/23  16:00:00,1.86
 10/23  17:00:00,1.68
 10/23  18:00:00,1.8
 10/23  19:00:00,1.92
 10/23  20:00:00,1.86
 10/23  21:00:00,2.28
 10/23  22:00:00,2.28
 10/23  23:00:00,2.52
 10/24  00:00:00,2.28
 10/24  01:00:00,2.34
 10/24  02:00:00,2.46
 10/24  03:00:00,2.34
 10/24  04:00:00,2.28
 10/24  05:00:00,2.52
 10/24  06:00:00,9.96
 10/24  07:00:00,17.16
 10/24  08:00:00,17.1
 10/24  09:00:00,16.8
 10/24  10:00:00,17.22
 10/24  11:00:00,17.64
 10/24  12:00:00,16.8
 10/24  13:00:00,16.68
 10/24  14:00:00,5.46
 10/24  15:00:00,2.28
 10/24  16:00:00,2.1
 10/24  17:00:00,2.22
 10/24  18:00:00,2.4
 10/24  19:00:00,2.28
 10/24  20:00:00,2.22
 10/24  21:00:00,2.22
 10/24  22:00:00,2.52
 10/24  23:00:00,2.16
 10/25  00:00:00,2.22
 10/25  01:00:00,2.46
 10/25  02:00:00,2.34
 10/25  03:00:00,2.16
 10/25  04:00:00,2.34
 10/25  05:00:00,2.46
 10/25  06:00:00,2.22
 10/25  07:00:00,2.16
 10/25  08:00:00,2.28
 10/25  09:00:00,2.16
 10/25  10:00:00,2.1
 10/25  11:00:00,2.4
 10/25  12:00:00,1.68
 10/25  13:00:00,1.56
 10/25  14:00:00,1.56
 10/25  15:00:00,1.8
 10/25  16:00:00,1.56
 10/25  17:00:00,1.62
 10/25  18:00:00,1.98
 10/25  19:00:00,1.86
 10/25  20:00:00,2.28
 10/25  21:00:00,2.22
 10/25  22:00:00,2.46
 10/25  23:00:00,2.28
 10/26  00:00:00,2.22
 10/26  01:00:00,2.46
 10/26  02:00:00,2.28
 10/26  03:00:00,2.28
 10/26  04:00:00,2.4
 10/26  05:00:00,2.34
 10/26  06:00:00,2.28
 10/26  07:00:00,2.04
 10/26  08:00:00,2.34
 10/26  09:00:00,2.16
 10/26  10:00:00,9.6
 10/26  11:00:00,11.94
 10/26  12:00:00,11.58
 10/26  13:00:00,11.7
 10/26  14:00:00,11.88
 10/26  15:00:00,11.7
 10/26  16:00:00,9.9
 10/26  17:00:00,2.1
 10/26  18:00:00,2.4
 10/26  19:00:00,2.28
 10/26  20:00:00,2.28
 10/26  21:00:00,2.16
 10/26  22:00:00,2.58
 10/26  23:00:00,2.22
 10/27  00:00:00,2.34
 10/27  01:00:00,2.46
 10/27  02:00:00,2.34
 10/27  03:00:00,2.22
 10/27  04:00:00,2.28
 10/27  05:00:00,2.58
 10/27  06:00:00,2.16
 10/27  07:00:00,2.1
 10/27  08:00:00,2.34
 10/27  09:00:00,2.1
 10/27  10:00:00,6.42
 10/27  11:00:00,3.18
 10/27  12:00:00,2.4
 10/27  13:00:00,4.56
 10/27  14:00:00,8.7
 10/27  15:00:00,9.06
 10/27  16:00:00,7.86
 10/27  17:00:00,2.58
 10/27  18:00:00,2.52
 10/27  19:00:00,2.82
 10/27  20:00:00,2.52
 10/27  21:00:00,2.58
 10/27  22:00:00,2.76
 10/27  23:00:00,2.58
 10/28  00:00:00,2.52
 10/28  01:00:00,2.58
 10/28  02:00:00,2.82
 10/28  03:00:00,2.52
 10/28  04:00:00,2.58
 10/28  05:00:00,2.76
 10/28  06:00:00,2.52
 10/28  07:00:00,2.34
 10/28  08:00:00,2.34
 10/28  09:00:00,2.58
 10/28  10:00:00,2.4
 10/28  11:00:00,2.46
 10/28  12:00:00,2.58
 10/28  13:00:00,2.4
 10/28  14:00:00,2.4
 10/28  15:00:00,2.52
 10/28  16:00:00,2.4
 10/28  17:00:00,2.52
 10/28  18:00:00,2.52
 10/28  19:00:00,2.76
 10/28  20:00:00,2.52
 10/28  21:00:00,2.58
 10/28  22:00:00,2.7
 10/28  23:00:00,2.64
 10/29  00:00:00,2.58
 10/29  01:00:00,2.76
 10/29  02:00:00,2.58
 10/29  03:00:00,2.58
 10/29  04:00:00,2.82
 10/29  05:00:00,2.52
 10/29  06:00:00,2.58
 10/29  07:00:00,2.4
 10/29  08:00:00,2.58
 10/29  09:00:00,2.64
 10/29  10:00:00,2.52
 10/29  11:00:00,2.76
 10/29  12:00:00,2.58
 10/29  13:00:00,2.64
 10/29  14:00:00,2.1
 10/29  15:00:00,15.0
 10/29  16:00:00,16.26
 10/29  17:00:00,16.08
 10/29  18:00:00,16.5
 10/29  19:00:00,16.2
 10/29  20:00:00,16.86
 10/29  21:00:00,17.04
 10/29  22:00:00,16.8
 10/29  23:00:00,16.8
 10/30  00:00:00,16.8
 10/30  01:00:00,16.98
 10/30  02:00:00,6.3
 10/30  03:00:00,2.28
 10/30  04:00:00,2.46
 10/30  05:00:00,2.94
 10/30  06:00:00,2.28
 10/30  07:00:00,2.28
 10/30  08:00:00,2.16
 10/30  09:00:00,2.04
 10/30  10:00:00,2.1
 10/30  11:00:00,2.34
 10/30  12:00:00,6.36
 10/30  13:00:00,10.5
 10/30  14:00:00,10.32
 10/30  15:00:00,10.62
 10/30  16:00:00,10.26
 10/30  17:00:00,5.4
 10/30  18:00:00,4.44
 10/30  19:00:00,4.08
 10/30  20:00:00,4.2
 10/30  21:00:00,4.38
 10/30  22:00:00,4.2
 10/30  23:00:00,4.08
 10/31  00:00:00,4.38
 10/31  01:00:00,4.14
 10/31  02:00:00,4.14
 10/31  03:00:00,4.2
 10/31  04:00:00,4.32
 10/31  05:00:00,4.14
 10/31  06:00:00,15.72
 10/31  07:00:00,18.06
 10/31  08:00:00,6.0
 10/31  09:00:00,3.48
 10/31  10:00:00,3.48
 10/31  11:00:00,3.3
 10/31  12:00:00,3.66
 10/31  13:00:00,4.26
 10/31  14:00:00,5.76
 10/31  15:00:00,13.2
 10/31  16:00:00,13.14
 10/31  17:00:00,13.26
 10/31  18:00:00,12.3
 10/31  19:00:00,5.28
 10/31  20:00:00,4.44
 10/31  21:00:00,5.22
 10/31  22:00:00,3.54
 10/31  23:00:00,3.78
 11/01  00:00:00,4.68
 11/01  01:00:00,4.2
 11/01  02:00:00,3.54
 11/01  03:00:00,3.66
 11/01  04:00:00,4.56
 11/01  05:00:00,4.32
 11/01  06:00:00,3.6
 11/01  07:00:00,10.8
 11/01  08:00:00,61.74
 11/01  09:00:00,67.38
 11/01  10:00:00,71.82
 11/01  11:00:00,54.18
 11/01  12:00:00,54.0
 11/01  13:00:00,54.12
 11/01  14:00:00,55.02
 11/01  15:00:00,93.24
 11/01  16:00:00,91.5
 11/01  17:00:00,88.86
 11/01  18:00:00,87.48
 11/01  19:00:00,84.66
 11/01  20:00:00,94.98
 11/01  21:00:00,88.38
 11/01  22:00:00,78.0
 11/01  23:00:00,50.88
 11/02  00:00:00,50.28
 11/02  01:00:00,49.08
 11/02  02:00:00,42.96
 11/02  03:00:00,40.92
 11/02  04:00:00,39.6
 11/02  05:00:00,39.78
 11/02  06:00:00,38.22
 11/02  07:00:00,39.54
 11/02  08:00:00,42.66
 11/02  09:00:00,49.74
 11/02  10:00:00,53.82
 11/02  11:00:00,51.9
 11/02  12:00:00,69.54
 11/02  13:00:00,68.52
 11/02  14:00:00,70.14
 11/02  15:00:00,69.66
 11/02  16:00:00,58.2
 11/02  17:00:00,57.48
 11/02  18:00:00,55.98
 11/02  19:00:00,57.66
 11/02  20:00:00,88.2
 11/02  21:00:00,114.9
 11/02  22:00:00,111.36
 11/02  23:00:00,106.14
 11/03  00:00:00,104.82
 11/03  01:00:00,100.74
 11/03  02:00:00,82.44
 11/03  03:00:00,80.46
 11/03  04:00:00,53.88
 11/03  05:00:00,50.7
 11/03  06:00:00,52.86
 11/03  07:00:00,65.58
 11/03  08:00:00,68.64
 11/03  09:00:00,52.26
 11/03  10:00:00,67.38
 11/03  11:00:00,70.32
 11/03  12:00:00,54.6
 11/03  13:00:00,57.54
 11/03  14:00:00,68.64
 11/03  15:00:00,85.44
 11/03  16:00:00,98.1
 11/03  17:00:00,112.32
 11/03  18:00:00,112.44
 11/03  19:00:00,112.02
 11/03  20:00:00,111.66
 11/03  21:00:00,111.84
 11/03  22:00:00,103.5
 11/03  23:00:00,100.08
 11/04  00:00:00,85.92
 11/04  01:00:00,86.4
 11/04  02:00:00,89.22
 11/04  03:00:00,60.54
 11/04  04:00:00,51.18
 11/04  05:00:00,50.88
 11/04  06:00:00,49.62
 11/04  07:00:00,39.84
 11/04  08:00:00,42.6
 11/04  09:00:00,47.4
 11/04  10:00:00,64.5
 11/04  11:00:00,93.24
 11/04  12:00:00,97.2
 11/04  13:00:00,89.16
 11/04  14:00:00,81.3
 11/04  15:00:00,74.16
 11/04  16:00:00,80.88
 11/04  17:00:00,93.36
 11/04  18:00:00,102.48
 11/04  19:00:00,86.34
 11/04  20:00:00,84.42
 11/04  21:00:00,84.72
 11/04  22:00:00,84.84
 11/04  23:00:00,79.44
 11/05  00:00:00,47.64
 11/05  01:00:00,47.82
 11/05  02:00:00,53.16
 11/05  03:00:00,51.06
 11/05  04:00:00,50.4
 11/05  05:00:00,52.86
 11/05  06:00:00,51.3
 11/05  07:00:00,50.82
 11/05  08:00:00,54.12
 11/05  09:00:00,65.76
 11/05  10:00:00,65.4
 11/05  11:00:00,63.42
 11/05  12:00:00,61.68
 11/05  13:00:00,60.0
 11/05  14:00:00,55.44
 11/05  15:00:00,55.5
 11/05  16:00:00,57.42
 11/05  17:00:00,55.44
 11/05  18:00:00,65.4
 11/05  19:00:00,93.9
 11/05  20:00:00,96.84
 11/05  21:00:00,92.4
 11/05  22:00:00,61.86
 11/05  23:00:00,58.14
 11/06  00:00:00,51.6
 11/06  01:00:00,49.26
 11/06  02:00:00,48.18
 11/06  03:00:00,47.94
 11/06  04:00:00,48.06
 11/06  05:00:00,46.74
 11/06  06:00:00,45.66
 11/06  07:00:00,45.6
 11/06  08:00:00,44.46
 11/06  09:00:00,46.62
 11/06  10:00:00,46.98
 11/06  11:00:00,47.46
 11/06  12:00:00,46.5
 11/06  13:00:00,48.42
 11/06  14:00:00,46.56
 11/06  15:00:00,50.76
 11/06  16:00:00,51.72
 11/06  17:00:00,59.58
 11/06  18:00:00,63.12
 11/06  19:00:00,65.94
 11/06  20:00:00,67.56
 11/06  21:00:00,63.06
 11/06  22:00:00,54.6
 11/06  23:00:00,52.26
 11/07  00:00:00,44.16
 11/07  01:00:00,43.02
 11/07  02:00:00,43.38
 11/07  03:00:00,42.42
 11/07  04:00:00,43.56
 11/07  05:00:00,44.22
 11/07  06:00:00,43.92
 11/07  07:00:00,46.26
 11/07  08:00:00,48.12
 11/07  09:00:00,49.14
 11/07  10:00:00,48.42
 11/07  11:00:00,48.66
 11/07  12:00:00,50.34
 11/07  13:00:00,47.52
 11/07  14:00:00,55.44
 11/07  15:00:00,84.06
 11/07  16:00:00,92.34
 11/07  17:00:00,90.54
 11/07  18:00:00,84.78
 11/07  19:00:00,80.7
 11/07  20:00:00,78.6
 11/07  21:00:00,53.7
 11/07  22:00:00,53.64
 11/07  23:00:00,53.46
 11/08  00:00:00,51.78
 11/08  01:00:00,51.6
 11/08  02:00:00,51.84
 11/08  03:00:00,50.46
 11/08  04:00:00,50.4
 11/08  05:00:00,51.54
 11/08  06:00:00,51.36
 11/08  07:00:00,48.24
 11/08  08:00:00,46.08
 11/08  09:00:00,47.34
 11/08  10:00:00,48.3
 11/08  11:00:00,47.52
 11/08  12:00:00,47.58
 11/08  13:00:00,51.12
 11/08  14:00:00,55.92
 11/08  15:00:00,92.64
 11/08  16:00:00,104.88
 11/08  17:00:00,92.34
 11/08  18:00:00,71.88
 11/08  19:00:00,70.32
 11/08  20:00:00,65.76
 11/08  21:00:00,60.96
 11/08  22:00:00,53.7
 11/08  23:00:00,46.44
 11/09  00:00:00,53.7
 11/09  01:00:00,59.04
 11/09  02:00:00,57.9
 11/09  03:00:00,57.96
 11/09  04:00:00,57.3
 11/09  05:00:00,56.04
 11/09  06:00:00,57.78
 11/09  07:00:00,54.36
 11/09  08:00:00,50.28
 11/09  09:00:00,62.94
 11/09  10:00:00,68.52
 11/09  11:00:00,60.6
 11/09  12:00:00,54.12
 11/09  13:00:00,47.94
 11/09  14:00:00,44.64
 11/09  15:00:00,43.38
 11/09  16:00:00,42.42
 11/09  17:00:00,42.78
 11/09  18:00:00,40.56
 11/09  19:00:00,36.54
 11/09  20:00:00,39.78
 11/09  21:00:00,35.52
 11/09  22:00:00,35.46
 11/09  23:00:00,36.36
 11/10  00:00:00,37.56
 11/10  01:00:00,35.7
 11/10  02:00:00,35.52
 11/10  03:00:00,36.18
 11/10  04:00:00,35.64
 11/10  05:00:00,36.06
 11/10  06:00:00,35.94
 11/10  07:00:00,35.64
 11/10  08:00:00,35.34
 11/10  09:00:00,37.62
 11/10  10:00:00,35.22
 11/10  11:00:00,41.82
 11/10  12:00:00,45.0
 11/10  13:00:00,57.06
 11/10  14:00:00,60.0
 11/10  15:00:00,55.08
 11/10  16:00:00,59.34
 11/10  17:00:00,58.86
 11/10  18:00:00,39.42
 11/10  19:00:00,42.66
 11/10  20:00:00,47.4
 11/10  21:00:00,51.18
 11/10  22:00:00,42.78
 11/10  23:00:00,39.66
 11/11  00:00:00,35.82
 11/11  01:00:00,36.9
 11/11  02:00:00,35.88
 11/11  03:00:00,35.76
 11/11  04:00:00,35.46
 11/11  05:00:00,36.18
 11/11  06:00:00,35.64
 11/11  07:00:00,35.28
 11/11  08:00:00,36.18
 11/11  09:00:00,36.12
 11/11  10:00:00,36.42
 11/11  11:00:00,43.5
 11/11  12:00:00,44.16
 11/11  13:00:00,44.88
 11/11  14:00:00,45.48
 11/11  15:00:00,44.76
 11/11  16:00:00,46.44
 11/11  17:00:00,55.2
 11/11  18:00:00,61.38
 11/11  19:00:00,59.76
 11/11  20:00:00,72.6
 11/11  21:00:00,74.52
 11/11  22:00:00,71.58
 11/11  23:00:00,60.18
 11/12  00:00:00,59.22
 11/12  01:00:00,57.18
 11/12  02:00:00,55.26
 11/12  03:00:00,56.16
 11/12  04:00:00,53.58
 11/12  05:00:00,51.06
 11/12  06:00:00,40.32
 11/12  07:00:00,40.74
 11/12  08:00:00,45.84
 11/12  09:00:00,41.16
 11/12  10:00:00,43.38
 11/12  11:00:00,45.0
 11/12  12:00:00,47.28
 11/12  13:00:00,48.0
 11/12  14:00:00,48.66
 11/12  15:00:00,53.88
 11/12  16:00:00,55.02
 11/12  17:00:00,57.72
 11/12  18:00:00,53.1
 11/12  19:00:00,54.54
 11/12  20:00:00,61.14
 11/12  21:00:00,58.38
 11/12  22:00:00,53.4
 11/12  23:00:00,52.08
 11/13  00:00:00,52.32
 11/13  01:00:00,48.0
 11/13  02:00:00,46.8
 11/13  03:00:00,45.6
 11/13  04:00:00,44.88
 11/13  05:00:00,43.62
 11/13  06:00:00,45.3
 11/13  07:00:00,42.48
 11/13  08:00:00,43.74
 11/13  09:00:00,45.3
 11/13  10:00:00,46.56
 11/13  11:00:00,51.72
 11/13  12:00:00,52.02
 11/13  13:00:00,52.14
 11/13  14:00:00,52.32
 11/13  15:00:00,50.52
 11/13  16:00:00,61.26
 11/13  17:00:00,62.22
 11/13  18:00:00,62.64
 11/13  19:00:00,64.08
 11/13  20:00:00,63.36
 11/13  21:00:00,61.08
 11/13  22:00:00,56.28
 11/13  23:00:00,46.8
 11/14  00:00:00,47.28
 11/14  01:00:00,47.16
 11/14  02:00:00,43.86
 11/14  03:00:00,45.6
 11/14  04:00:00,45.12
 11/14  05:00:00,45.48
 11/14  06:00:00,46.08
 11/14  07:00:00,42.84
 11/14  08:00:00,42.96
 11/14  09:00:00,41.7
 11/14  10:00:00,46.32
 11/14  11:00:00,52.74
 11/14  12:00:00,59.4
 11/14  13:00:00,62.7
 11/14  14:00:00,62.52
 11/14  15:00:00,60.78
 11/14  16:00:00,64.56
 11/14  17:00:00,62.04
 11/14  18:00:00,58.32
 11/14  19:00:00,55.44
 11/14  20:00:00,55.02
 11/14  21:00:00,53.4
 11/14  22:00:00,51.24
 11/14  23:00:00,55.32
 11/15  00:00:00,52.68
 11/15  01:00:00,52.26
 11/15  02:00:00,49.86
 11/15  03:00:00,49.74
 11/15  04:00:00,50.16
 11/15  05:00:00,50.34
 11/15  06:00:00,48.3
 11/15  07:00:00,52.62
 11/15  08:00:00,60.42
 11/15  09:00:00,60.42
 11/15  10:00:00,58.26
 11/15  11:00:00,57.72
 11/15  12:00:00,55.74
 11/15  13:00:00,63.06
 11/15  14:00:00,71.04
 11/15  15:00:00,76.8
 11/15  16:00:00,75.9
 11/15  17:00:00,72.54
 11/15  18:00:00,71.76
 11/15  19:00:00,72.3
 11/15  20:00:00,70.86
 11/15  21:00:00,68.46
 11/15  22:00:00,62.4
 11/15  23:00:00,54.36
 11/16  00:00:00,53.88
 11/16  01:00:00,53.04
 11/16  02:00:00,54.12
 11/16  03:00:00,53.7
 11/16  04:00:00,53.1
 11/16  05:00:00,53.34
 11/16  06:00:00,53.28
 11/16  07:00:00,52.68
 11/16  08:00:00,51.0
 11/16  09:00:00,68.58
 11/16  10:00:00,73.2
 11/16  11:00:00,73.14
 11/16  12:00:00,71.34
 11/16  13:00:00,68.88
 11/16  14:00:00,69.24
 11/16  15:00:00,65.7
 11/16  16:00:00,61.38
 11/16  17:00:00,58.62
 11/16  18:00:00,55.86
 11/16  19:00:00,55.8
 11/16  20:00:00,56.4
 11/16  21:00:00,55.14
 11/16  22:00:00,53.88
 11/16  23:00:00,52.26
 11/17  00:00:00,43.62
 11/17  01:00:00,37.86
 11/17  02:00:00,36.66
 11/17  03:00:00,40.32
 11/17  04:00:00,37.5
 11/17  05:00:00,40.56
 11/17  06:00:00,37.02
 11/17  07:00:00,41.22
 11/17  08:00:00,38.76
 11/17  09:00:00,43.68
 11/17  10:00:00,43.56
 11/17  11:00:00,48.12
 11/17  12:00:00,50.1
 11/17  13:00:00,48.96
 11/17  14:00:00,48.9
 11/17  15:00:00,48.12
 11/17  16:00:00,47.04
 11/17  17:00:00,50.58
 11/17  18:00:00,51.42
 11/17  19:00:00,34.56
 11/17  20:00:00,36.48
 11/17  21:00:00,34.62
 11/17  22:00:00,28.2
 11/17  23:00:00,23.88
 11/18  00:00:00,22.08
 11/18  01:00:00,21.72
 11/18  02:00:00,19.56
 11/18  03:00:00,20.04
 11/18  04:00:00,18.9
 11/18  05:00:00,18.78
 11/18  06:00:00,20.28
 11/18  07:00:00,18.72
 11/18  08:00:00,18.9
 11/18  09:00:00,19.5
 11/18  10:00:00,27.84
 11/18  11:00:00,34.74
 11/18  12:00:00,34.8
 11/18  13:00:00,35.4
 11/18  14:00:00,45.54
 11/18  15:00:00,57.78
 11/18  16:00:00,56.4
 11/18  17:00:00,49.02
 11/18  18:00:00,48.6
 11/18  19:00:00,50.28
 11/18  20:00:00,57.66
 11/18  21:00:00,58.14
 11/18  22:00:00,43.32
 11/18  23:00:00,28.74
 11/19  00:00:00,27.72
 11/19  01:00:00,28.08
 11/19  02:00:00,31.8
 11/19  03:00:00,37.26
 11/19  04:00:00,35.58
 11/19  05:00:00,36.42
 11/19  06:00:00,18.96
 11/19  07:00:00,20.58
 11/19  08:00:00,28.68
 11/19  09:00:00,43.62
 11/19  10:00:00,42.6
 11/19  11:00:00,41.34
 11/19  12:00:00,37.32
 11/19  13:00:00,38.58
 11/19  14:00:00,40.8
 11/19  15:00:00,50.94
 11/19  16:00:00,55.86
 11/19  17:00:00,47.76
 11/19  18:00:00,45.0
 11/19  19:00:00,42.6
 11/19  20:00:00,48.9
 11/19  21:00:00,49.2
 11/19  22:00:00,38.94
 11/19  23:00:00,22.26
 11/20  00:00:00,20.28
 11/20  01:00:00,19.2
 11/20  02:00:00,34.44
 11/20  03:00:00,34.98
 11/20  04:00:00,35.52
 11/20  05:00:00,35.22
 11/20  06:00:00,29.7
 11/20  07:00:00,19.38
 11/20  08:00:00,19.44
 11/20  09:00:00,19.32
 11/20  10:00:00,33.66
 11/20  11:00:00,38.52
 11/20  12:00:00,39.3
 11/20  13:00:00,46.5
 11/20  14:00:00,49.08
 11/20  15:00:00,48.06
 11/20  16:00:00,59.34
 11/20  17:00:00,57.78
 11/20  18:00:00,51.6
 11/20  19:00:00,47.58
 11/20  20:00:00,47.46
 11/20  21:00:00,47.58
 11/20  22:00:00,49.44
 11/20  23:00:00,42.48
 11/21  00:00:00,40.02
 11/21  01:00:00,40.02
 11/21  02:00:00,38.52
 11/21  03:00:00,39.12
 11/21  04:00:00,39.48
 11/21  05:00:00,20.46
 11/21  06:00:00,22.98
 11/21  07:00:00,35.46
 11/21  08:00:00,36.48
 11/21  09:00:00,36.06
 11/21  10:00:00,44.58
 11/21  11:00:00,56.34
 11/21  12:00:00,52.14
 11/21  13:00:00,55.38
 11/21  14:00:00,54.9
 11/21  15:00:00,47.16
 11/21  16:00:00,50.4
 11/21  17:00:00,52.8
 11/21  18:00:00,44.04
 11/21  19:00:00,39.72
 11/21  20:00:00,37.98
 11/21  21:00:00,35.94
 11/21  22:00:00,36.72
 11/21  23:00:00,36.18
 11/22  00:00:00,40.32
 11/22  01:00:00,50.4
 11/22  02:00:00,50.34
 11/22  03:00:00,51.06
 11/22  04:00:00,50.04
 11/22  05:00:00,34.14
 11/22  06:00:00,33.72
 11/22  07:00:00,33.72
 11/22  08:00:00,33.78
 11/22  09:00:00,35.16
 11/22  10:00:00,35.28
 11/22  11:00:00,36.36
 11/22  12:00:00,44.46
 11/22  13:00:00,51.54
 11/22  14:00:00,48.24
 11/22  15:00:00,53.58
 11/22  16:00:00,50.34
 11/22  17:00:00,43.2
 11/22  18:00:00,43.38
 11/22  19:00:00,40.98
 11/22  20:00:00,38.94
 11/22  21:00:00,40.32
 11/22  22:00:00,24.84
 11/22  23:00:00,19.2
 11/23  00:00:00,23.46
 11/23  01:00:00,36.3
 11/23  02:00:00,35.22
 11/23  03:00:00,36.0
 11/23  04:00:00,35.22
 11/23  05:00:00,35.88
 11/23  06:00:00,35.22
 11/23  07:00:00,35.4
 11/23  08:00:00,44.76
 11/23  09:00:00,48.96
 11/23  10:00:00,53.04
 11/23  11:00:00,45.42
 11/23  12:00:00,42.6
 11/23  13:00:00,44.1
 11/23  14:00:00,57.3
 11/23  15:00:00,54.66
 11/23  16:00:00,51.84
 11/23  17:00:00,37.02
 11/23  18:00:00,35.76
 11/23  19:00:00,36.0
 11/23  20:00:00,36.3
 11/23  21:00:00,35.52
 11/23  22:00:00,35.88
 11/23  23:00:00,36.3
 11/24  00:00:00,35.64
 11/24  01:00:00,35.76
 11/24  02:00:00,36.54
 11/24  03:00:00,36.06
 11/24  04:00:00,36.24
 11/24  05:00:00,35.58
 11/24  06:00:00,25.44
 11/24  07:00:00,19.98
 11/24  08:00:00,19.56
 11/24  09:00:00,24.18
 11/24  10:00:00,37.26
 11/24  11:00:00,35.16
 11/24  12:00:00,35.88
 11/24  13:00:00,37.74
 11/24  14:00:00,41.22
 11/24  15:00:00,41.82
 11/24  16:00:00,39.24
 11/24  17:00:00,47.64
 11/24  18:00:00,57.18
 11/24  19:00:00,49.38
 11/24  20:00:00,54.48
 11/24  21:00:00,52.86
 11/24  22:00:00,52.98
 11/24  23:00:00,50.04
 11/25  00:00:00,40.26
 11/25  01:00:00,40.2
 11/25  02:00:00,39.12
 11/25  03:00:00,39.0
 11/25  04:00:00,39.36
 11/25  05:00:00,19.32
 11/25  06:00:00,20.28
 11/25  07:00:00,36.3
 11/25  08:00:00,36.0
 11/25  09:00:00,36.42
 11/25  10:00:00,36.48
 11/25  11:00:00,36.48
 11/25  12:00:00,36.78
 11/25  13:00:00,36.0
 11/25  14:00:00,37.38
 11/25  15:00:00,36.0
 11/25  16:00:00,35.4
 11/25  17:00:00,35.58
 11/25  18:00:00,39.12
 11/25  19:00:00,52.08
 11/25  20:00:00,56.94
 11/25  21:00:00,60.48
 11/25  22:00:00,53.94
 11/25  23:00:00,45.6
 11/26  00:00:00,43.08
 11/26  01:00:00,42.72
 11/26  02:00:00,41.82
 11/26  03:00:00,39.9
 11/26  04:00:00,40.5
 11/26  05:00:00,40.68
 11/26  06:00:00,40.2
 11/26  07:00:00,40.44
 11/26  08:00:00,49.26
 11/26  09:00:00,48.84
 11/26  10:00:00,48.6
 11/26  11:00:00,51.9
 11/26  12:00:00,45.78
 11/26  13:00:00,38.58
 11/26  14:00:00,37.5
 11/26  15:00:00,34.92
 11/26  16:00:00,34.92
 11/26  17:00:00,36.18
 11/26  18:00:00,46.56
 11/26  19:00:00,44.64
 11/26  20:00:00,51.72
 11/26  21:00:00,49.98
 11/26  22:00:00,45.0
 11/26  23:00:00,38.28
 11/27  00:00:00,37.8
 11/27  01:00:00,35.46
 11/27  02:00:00,35.16
 11/27  03:00:00,35.7
 11/27  04:00:00,19.2
 11/27  05:00:00,19.8
 11/27  06:00:00,19.32
 11/27  07:00:00,28.68
 11/27  08:00:00,36.84
 11/27  09:00:00,38.34
 11/27  10:00:00,34.62
 11/27  11:00:00,35.22
 11/27  12:00:00,44.58
 11/27  13:00:00,43.92
 11/27  14:00:00,42.9
 11/27  15:00:00,41.52
 11/27  16:00:00,36.54
 11/27  17:00:00,36.0
 11/27  18:00:00,20.82
 11/27  19:00:00,22.74
 11/27  20:00:00,18.96
 11/27  21:00:00,32.04
 11/27  22:00:00,35.94
 11/27  23:00:00,34.8
 11/28  00:00:00,35.58
 11/28  01:00:00,31.5
 11/28  02:00:00,19.38
 11/28  03:00:00,19.2
 11/28  04:00:00,19.08
 11/28  05:00:00,29.58
 11/28  06:00:00,36.24
 11/28  07:00:00,34.86
 11/28  08:00:00,36.96
 11/28  09:00:00,33.9
 11/28  10:00:00,19.56
 11/28  11:00:00,20.16
 11/28  12:00:00,27.6
 11/28  13:00:00,39.06
 11/28  14:00:00,40.92
 11/28  15:00:00,53.22
 11/28  16:00:00,64.14
 11/28  17:00:00,63.36
 11/28  18:00:00,56.82
 11/28  19:00:00,54.54
 11/28  20:00:00,42.0
 11/28  21:00:00,38.94
 11/28  22:00:00,35.22
 11/28  23:00:00,21.18
 11/29  00:00:00,20.46
 11/29  01:00:00,28.02
 11/29  02:00:00,37.68
 11/29  03:00:00,36.72
 11/29  04:00:00,33.66
 11/29  05:00:00,20.46
 11/29  06:00:00,20.16
 11/29  07:00:00,20.22
 11/29  08:00:00,20.88
 11/29  09:00:00,34.38
 11/29  10:00:00,44.82
 11/29  11:00:00,44.16
 11/29  12:00:00,41.88
 11/29  13:00:00,39.36
 11/29  14:00:00,37.38
 11/29  15:00:00,44.7
 11/29  16:00:00,45.54
 11/29  17:00:00,38.7
 11/29  18:00:00,27.12
 11/29  19:00:00,21.96
 11/29  20:00:00,20.76
 11/29  21:00:00,20.88
 11/29  22:00:00,32.82
 11/29  23:00:00,38.34
 11/30  00:00:00,37.98
 11/30  01:00:00,36.42
 11/30  02:00:00,22.44
 11/30  03:00:00,20.52
 11/30  04:00:00,19.86
 11/30  05:00:00,21.36
 11/30  06:00:00,36.84
 11/30  07:00:00,36.6
 11/30  08:00:00,42.66
 11/30  09:00:00,49.02
 11/30  10:00:00,52.74
 11/30  11:00:00,46.86
 11/30  12:00:00,41.88
 11/30  13:00:00,39.48
 11/30  14:00:00,38.82
 11/30  15:00:00,37.02
 11/30  16:00:00,35.04
 11/30  17:00:00,27.96
 11/30  18:00:00,19.92
 11/30  19:00:00,19.98
 11/30  20:00:00,25.56
 11/30  21:00:00,36.54
 11/30  22:00:00,35.94
 11/30  23:00:00,35.52
 12/01  00:00:00,31.86
 12/01  01:00:00,20.94
 12/01  02:00:00,19.86
 12/01  03:00:00,19.98
 12/01  04:00:00,20.64
 12/01  05:00:00,20.04
 12/01  06:00:00,21.42
 12/01  07:00:00,22.2
 12/01  08:00:00,21.6
 12/01  09:00:00,33.36
 12/01  10:00:00,45.42
 12/01  11:00:00,46.74
 12/01  12:00:00,43.38
 12/01  13:00:00,41.34
 12/01  14:00:00,38.22
 12/01  15:00:00,28.2
 12/01  16:00:00,19.14
 12/01  17:00:00,30.06
 12/01  18:00:00,32.04
 12/01  19:00:00,35.76
 12/01  20:00:00,47.7
 12/01  21:00:00,56.76
 12/01  22:00:00,36.66
 12/01  23:00:00,34.44
 12/02  00:00:00,17.88
 12/02  01:00:00,18.42
 12/02  02:00:00,18.12
 12/02  03:00:00,17.76
 12/02  04:00:00,18.3
 12/02  05:00:00,23.64
 12/02  06:00:00,34.26
 12/02  07:00:00,33.42
 12/02  08:00:00,47.64
 12/02  09:00:00,51.3
 12/02  10:00:00,37.26
 12/02  11:00:00,28.38
 12/02  12:00:00,23.82
 12/02  13:00:00,28.44
 12/02  14:00:00,37.02
 12/02  15:00:00,39.3
 12/02  16:00:00,36.72
 12/02  17:00:00,35.34
 12/02  18:00:00,35.7
 12/02  19:00:00,23.64
 12/02  20:00:00,25.68
 12/02  21:00:00,28.8
 12/02  22:00:00,27.78
 12/02  23:00:00,23.1
 12/03  00:00:00,22.26
 12/03  01:00:00,20.4
 12/03  02:00:00,20.04
 12/03  03:00:00,19.44
 12/03  04:00:00,19.5
 12/03  05:00:00,20.88
 12/03  06:00:00,21.54
 12/03  07:00:00,21.3
 12/03  08:00:00,27.54
 12/03  09:00:00,37.74
 12/03  10:00:00,46.74
 12/03  11:00:00,44.28
 12/03  12:00:00,42.18
 12/03  13:00:00,36.9
 12/03  14:00:00,34.92
 12/03  15:00:00,35.64
 12/03  16:00:00,22.62
 12/03  17:00:00,19.5
 12/03  18:00:00,20.16
 12/03  19:00:00,30.6
 12/03  20:00:00,43.98
 12/03  21:00:00,61.14
 12/03  22:00:00,58.8
 12/03  23:00:00,44.04
 12/04  00:00:00,39.3
 12/04  01:00:00,19.56
 12/04  02:00:00,19.56
 12/04  03:00:00,19.38
 12/04  04:00:00,18.96
 12/04  05:00:00,19.44
 12/04  06:00:00,34.5
 12/04  07:00:00,36.6
 12/04  08:00:00,39.48
 12/04  09:00:00,29.16
 12/04  10:00:00,28.92
 12/04  11:00:00,27.96
 12/04  12:00:00,41.82
 12/04  13:00:00,36.54
 12/04  14:00:00,36.36
 12/04  15:00:00,34.26
 12/04  16:00:00,24.78
 12/04  17:00:00,21.6
 12/04  18:00:00,20.1
 12/04  19:00:00,22.2
 12/04  20:00:00,29.1
 12/04  21:00:00,27.78
 12/04  22:00:00,32.22
 12/04  23:00:00,24.9
 12/05  00:00:00,18.9
 12/05  01:00:00,19.14
 12/05  02:00:00,18.3
 12/05  03:00:00,18.9
 12/05  04:00:00,18.78
 12/05  05:00:00,19.62
 12/05  06:00:00,20.64
 12/05  07:00:00,20.28
 12/05  08:00:00,29.22
 12/05  09:00:00,28.74
 12/05  10:00:00,26.76
 12/05  11:00:00,24.72
 12/05  12:00:00,22.08
 12/05  13:00:00,19.08
 12/05  14:00:00,18.12
 12/05  15:00:00,19.32
 12/05  16:00:00,32.22
 12/05  17:00:00,43.02
 12/05  18:00:00,39.72
 12/05  19:00:00,37.38
 12/05  20:00:00,28.56
 12/05  21:00:00,18.96
 12/05  22:00:00,19.86
 12/05  23:00:00,19.98
 12/06  00:00:00,17.82
 12/06  01:00:00,27.0
 12/06  02:00:00,35.22
 12/06  03:00:00,34.92
 12/06  04:00:00,31.44
 12/06  05:00:00,19.62
 12/06  06:00:00,20.22
 12/06  07:00:00,17.88
 12/06  08:00:00,18.6
 12/06  09:00:00,34.14
 12/06  10:00:00,42.72
 12/06  11:00:00,42.42
 12/06  12:00:00,42.78
 12/06  13:00:00,40.5
 12/06  14:00:00,36.78
 12/06  15:00:00,42.54
 12/06  16:00:00,46.26
 12/06  17:00:00,34.38
 12/06  18:00:00,21.06
 12/06  19:00:00,31.86
 12/06  20:00:00,43.62
 12/06  21:00:00,43.74
 12/06  22:00:00,41.46
 12/06  23:00:00,37.02
 12/07  00:00:00,22.5
 12/07  01:00:00,19.32
 12/07  02:00:00,18.96
 12/07  03:00:00,18.54
 12/07  04:00:00,19.26
 12/07  05:00:00,34.74
 12/07  06:00:00,35.1
 12/07  07:00:00,35.88
 12/07  08:00:00,21.54
 12/07  09:00:00,24.42
 12/07  10:00:00,28.92
 12/07  11:00:00,35.34
 12/07  12:00:00,38.94
 12/07  13:00:00,38.04
 12/07  14:00:00,39.3
 12/07  15:00:00,38.34
 12/07  16:00:00,37.8
 12/07  17:00:00,23.46
 12/07  18:00:00,21.72
 12/07  19:00:00,21.36
 12/07  20:00:00,21.24
 12/07  21:00:00,20.88
 12/07  22:00:00,21.6
 12/07  23:00:00,21.12
 12/08  00:00:00,21.66
 12/08  01:00:00,21.54
 12/08  02:00:00,21.36
 12/08  03:00:00,21.06
 12/08  04:00:00,21.3
 12/08  05:00:00,22.56
 12/08  06:00:00,21.36
 12/08  07:00:00,21.66
 12/08  08:00:00,21.3
 12/08  09:00:00,24.0
 12/08  10:00:00,23.64
 12/08  11:00:00,22.74
 12/08  12:00:00,21.72
 12/08  13:00:00,22.2
 12/08  14:00:00,23.94
 12/08  15:00:00,20.88
 12/08  16:00:00,31.02
 12/08  17:00:00,45.48
 12/08  18:00:00,46.56
 12/08  19:00:00,46.56
 12/08  20:00:00,50.52
 12/08  21:00:00,42.84
 12/08  22:00:00,28.62
 12/08  23:00:00,24.72
 12/09  00:00:00,23.16
 12/09  01:00:00,22.2
 12/09  02:00:00,23.88
 12/09  03:00:00,23.28
 12/09  04:00:00,23.22
 12/09  05:00:00,23.64
 12/09  06:00:00,23.82
 12/09  07:00:00,23.52
 12/09  08:00:00,31.5
 12/09  09:00:00,33.3
 12/09  10:00:00,31.98
 12/09  11:00:00,31.5
 12/09  12:00:00,27.54
 12/09  13:00:00,22.26
 12/09  14:00:00,21.48
 12/09  15:00:00,24.36
 12/09  16:00:00,21.12
 12/09  17:00:00,32.58
 12/09  18:00:00,38.4
 12/09  19:00:00,37.62
 12/09  20:00:00,42.3
 12/09  21:00:00,45.3
 12/09  22:00:00,31.08
 12/09  23:00:00,24.12
 12/10  00:00:00,23.94
 12/10  01:00:00,27.24
 12/10  02:00:00,36.6
 12/10  03:00:00,37.02
 12/10  04:00:00,37.14
 12/10  05:00:00,37.44
 12/10  06:00:00,37.08
 12/10  07:00:00,30.54
 12/10  08:00:00,20.7
 12/10  09:00:00,31.92
 12/10  10:00:00,51.18
 12/10  11:00:00,45.84
 12/10  12:00:00,42.9
 12/10  13:00:00,40.2
 12/10  14:00:00,37.44
 12/10  15:00:00,45.72
 12/10  16:00:00,51.78
 12/10  17:00:00,46.68
 12/10  18:00:00,45.78
 12/10  19:00:00,44.94
 12/10  20:00:00,35.46
 12/10  21:00:00,31.86
 12/10  22:00:00,24.78
 12/10  23:00:00,24.18
 12/11  00:00:00,22.92
 12/11  01:00:00,21.18
 12/11  02:00:00,21.84
 12/11  03:00:00,21.66
 12/11  04:00:00,22.02
 12/11  05:00:00,20.94
 12/11  06:00:00,20.94
 12/11  07:00:00,21.36
 12/11  08:00:00,32.7
 12/11  09:00:00,33.84
 12/11  10:00:00,29.82
 12/11  11:00:00,27.0
 12/11  12:00:00,23.76
 12/11  13:00:00,27.78
 12/11  14:00:00,39.72
 12/11  15:00:00,37.74
 12/11  16:00:00,37.38
 12/11  17:00:00,26.34
 12/11  18:00:00,22.08
 12/11  19:00:00,36.18
 12/11  20:00:00,36.78
 12/11  21:00:00,37.8
 12/11  22:00:00,39.18
 12/11  23:00:00,37.02
 12/12  00:00:00,35.88
 12/12  01:00:00,36.6
 12/12  02:00:00,30.54
 12/12  03:00:00,21.48
 12/12  04:00:00,21.54
 12/12  05:00:00,21.66
 12/12  06:00:00,25.44
 12/12  07:00:00,23.28
 12/12  08:00:00,28.44
 12/12  09:00:00,30.3
 12/12  10:00:00,29.88
 12/12  11:00:00,27.54
 12/12  12:00:00,26.22
 12/12  13:00:00,22.38
 12/12  14:00:00,23.4
 12/12  15:00:00,25.26
 12/12  16:00:00,59.34
 12/12  17:00:00,62.28
 12/12  18:00:00,56.46
 12/12  19:00:00,55.02
 12/12  20:00:00,24.84
 12/12  21:00:00,21.78
 12/12  22:00:00,22.26
 12/12  23:00:00,20.94
 12/13  00:00:00,21.06
 12/13  01:00:00,21.78
 12/13  02:00:00,24.36
 12/13  03:00:00,36.96
 12/13  04:00:00,37.14
 12/13  05:00:00,30.96
 12/13  06:00:00,20.7
 12/13  07:00:00,21.84
 12/13  08:00:00,20.64
 12/13  09:00:00,21.12
 12/13  10:00:00,24.0
 12/13  11:00:00,37.8
 12/13  12:00:00,37.86
 12/13  13:00:00,47.4
 12/13  14:00:00,48.72
 12/13  15:00:00,54.6
 12/13  16:00:00,51.36
 12/13  17:00:00,33.18
 12/13  18:00:00,39.48
 12/13  19:00:00,41.22
 12/13  20:00:00,44.52
 12/13  21:00:00,36.72
 12/13  22:00:00,33.54
 12/13  23:00:00,27.42
 12/14  00:00:00,25.32
 12/14  01:00:00,24.24
 12/14  02:00:00,23.4
 12/14  03:00:00,22.56
 12/14  04:00:00,22.44
 12/14  05:00:00,22.5
 12/14  06:00:00,24.96
 12/14  07:00:00,23.76
 12/14  08:00:00,24.6
 12/14  09:00:00,36.84
 12/14  10:00:00,38.34
 12/14  11:00:00,35.16
 12/14  12:00:00,30.54
 12/14  13:00:00,27.48
 12/14  14:00:00,25.5
 12/14  15:00:00,27.24
 12/14  16:00:00,34.08
 12/14  17:00:00,23.52
 12/14  18:00:00,24.9
 12/14  19:00:00,23.16
 12/14  20:00:00,22.98
 12/14  21:00:00,23.52
 12/14  22:00:00,22.44
 12/14  23:00:00,22.74
 12/15  00:00:00,22.62
 12/15  01:00:00,22.92
 12/15  02:00:00,22.86
 12/15  03:00:00,23.28
 12/15  04:00:00,22.44
 12/15  05:00:00,22.98
 12/15  06:00:00,22.62
 12/15  07:00:00,22.26
 12/15  08:00:00,26.88
 12/15  09:00:00,31.92
 12/15  10:00:00,31.44
 12/15  11:00:00,29.64
 12/15  12:00:00,30.96
 12/15  13:00:00,39.06
 12/15  14:00:00,35.88
 12/15  15:00:00,36.78
 12/15  16:00:00,33.36
 12/15  17:00:00,31.86
 12/15  18:00:00,33.24
 12/15  19:00:00,34.92
 12/15  20:00:00,46.02
 12/15  21:00:00,46.8
 12/15  22:00:00,31.62
 12/15  23:00:00,27.06
 12/16  00:00:00,25.08
 12/16  01:00:00,23.28
 12/16  02:00:00,23.88
 12/16  03:00:00,22.8
 12/16  04:00:00,24.06
 12/16  05:00:00,22.68
 12/16  06:00:00,22.86
 12/16  07:00:00,23.4
 12/16  08:00:00,37.86
 12/16  09:00:00,36.06
 12/16  10:00:00,45.84
 12/16  11:00:00,48.06
 12/16  12:00:00,45.9
 12/16  13:00:00,42.72
 12/16  14:00:00,39.24
 12/16  15:00:00,39.54
 12/16  16:00:00,26.76
 12/16  17:00:00,23.58
 12/16  18:00:00,22.44
 12/16  19:00:00,23.76
 12/16  20:00:00,27.54
 12/16  21:00:00,31.32
 12/16  22:00:00,51.54
 12/16  23:00:00,42.66
 12/17  00:00:00,40.92
 12/17  01:00:00,40.68
 12/17  02:00:00,35.28
 12/17  03:00:00,21.78
 12/17  04:00:00,23.52
 12/17  05:00:00,22.02
 12/17  06:00:00,33.9
 12/17  07:00:00,39.54
 12/17  08:00:00,41.52
 12/17  09:00:00,48.54
 12/17  10:00:00,46.68
 12/17  11:00:00,45.78
 12/17  12:00:00,43.86
 12/17  13:00:00,40.5
 12/17  14:00:00,44.16
 12/17  15:00:00,50.58
 12/17  16:00:00,47.16
 12/17  17:00:00,47.16
 12/17  18:00:00,44.34
 12/17  19:00:00,53.4
 12/17  20:00:00,60.9
 12/17  21:00:00,62.7
 12/17  22:00:00,58.86
 12/17  23:00:00,47.7
 12/18  00:00:00,39.42
 12/18  01:00:00,24.54
 12/18  02:00:00,22.68
 12/18  03:00:00,22.92
 12/18  04:00:00,38.22
 12/18  05:00:00,38.82
 12/18  06:00:00,37.8
 12/18  07:00:00,34.56
 12/18  08:00:00,23.22
 12/18  09:00:00,22.26
 12/18  10:00:00,24.66
 12/18  11:00:00,38.28
 12/18  12:00:00,38.76
 12/18  13:00:00,39.42
 12/18  14:00:00,38.7
 12/18  15:00:00,38.76
 12/18  16:00:00,48.72
 12/18  17:00:00,53.94
 12/18  18:00:00,53.76
 12/18  19:00:00,47.22
 12/18  20:00:00,43.32
 12/18  21:00:00,42.3
 12/18  22:00:00,39.66
 12/18  23:00:00,40.62
 12/19  00:00:00,39.54
 12/19  01:00:00,40.68
 12/19  02:00:00,39.6
 12/19  03:00:00,38.94
 12/19  04:00:00,38.34
 12/19  05:00:00,38.16
 12/19  06:00:00,37.62
 12/19  07:00:00,37.8
 12/19  08:00:00,37.32
 12/19  09:00:00,38.16
 12/19  10:00:00,38.16
 12/19  11:00:00,31.02
 12/19  12:00:00,22.02
 12/19  13:00:00,26.28
 12/19  14:00:00,44.34
 12/19  15:00:00,46.26
 12/19  16:00:00,52.5
 12/19  17:00:00,47.28
 12/19  18:00:00,26.7
 12/19  19:00:00,25.2
 12/19  20:00:00,24.96
 12/19  21:00:00,22.32
 12/19  22:00:00,22.8
 12/19  23:00:00,21.84
 12/20  00:00:00,24.84
 12/20  01:00:00,50.04
 12/20  02:00:00,52.68
 12/20  03:00:00,52.92
 12/20  04:00:00,53.22
 12/20  05:00:00,47.4
 12/20  06:00:00,31.44
 12/20  07:00:00,25.02
 12/20  08:00:00,24.48
 12/20  09:00:00,32.94
 12/20  10:00:00,40.2
 12/20  11:00:00,50.58
 12/20  12:00:00,66.42
 12/20  13:00:00,56.64
 12/20  14:00:00,56.88
 12/20  15:00:00,53.76
 12/20  16:00:00,50.28
 12/20  17:00:00,55.86
 12/20  18:00:00,55.44
 12/20  19:00:00,55.98
 12/20  20:00:00,54.36
 12/20  21:00:00,51.24
 12/20  22:00:00,44.64
 12/20  23:00:00,43.5
 12/21  00:00:00,46.92
 12/21  01:00:00,26.28
 12/21  02:00:00,22.38
 12/21  03:00:00,23.52
 12/21  04:00:00,22.62
 12/21  05:00:00,22.08
 12/21  06:00:00,22.68
 12/21  07:00:00,22.8
 12/21  08:00:00,27.36
 12/21  09:00:00,51.36
 12/21  10:00:00,54.78
 12/21  11:00:00,60.96
 12/21  12:00:00,60.42
 12/21  13:00:00,27.48
 12/21  14:00:00,25.26
 12/21  15:00:00,25.38
 12/21  16:00:00,21.84
 12/21  17:00:00,22.8
 12/21  18:00:00,33.06
 12/21  19:00:00,39.54
 12/21  20:00:00,37.02
 12/21  21:00:00,22.08
 12/21  22:00:00,22.14
 12/21  23:00:00,23.76
 12/22  00:00:00,22.32
 12/22  01:00:00,22.02
 12/22  02:00:00,22.44
 12/22  03:00:00,22.92
 12/22  04:00:00,23.22
 12/22  05:00:00,22.2
 12/22  06:00:00,22.5
 12/22  07:00:00,22.56
 12/22  08:00:00,42.96
 12/22  09:00:00,47.46
 12/22  10:00:00,45.42
 12/22  11:00:00,38.1
 12/22  12:00:00,29.52
 12/22  13:00:00,44.58
 12/22  14:00:00,38.16
 12/22  15:00:00,37.62
 12/22  16:00:00,37.38
 12/22  17:00:00,39.18
 12/22  18:00:00,37.44
 12/22  19:00:00,46.62
 12/22  20:00:00,48.3
 12/22  21:00:00,45.06
 12/22  22:00:00,49.38
 12/22  23:00:00,56.82
 12/23  00:00:00,55.98
 12/23  01:00:00,41.04
 12/23  02:00:00,37.62
 12/23  03:00:00,38.64
 12/23  04:00:00,38.64
 12/23  05:00:00,35.58
 12/23  06:00:00,21.84
 12/23  07:00:00,21.72
 12/23  08:00:00,24.42
 12/23  09:00:00,52.38
 12/23  10:00:00,47.16
 12/23  11:00:00,46.62
 12/23  12:00:00,46.92
 12/23  13:00:00,47.94
 12/23  14:00:00,50.52
 12/23  15:00:00,47.34
 12/23  16:00:00,45.9
 12/23  17:00:00,42.24
 12/23  18:00:00,42.42
 12/23  19:00:00,42.54
 12/23  20:00:00,42.84
 12/23  21:00:00,39.96
 12/23  22:00:00,39.78
 12/23  23:00:00,40.32
 12/24  00:00:00,39.54
 12/24  01:00:00,43.14
 12/24  02:00:00,40.26
 12/24  03:00:00,39.96
 12/24  04:00:00,31.14
 12/24  05:00:00,20.88
 12/24  06:00:00,2.34
 12/24  07:00:00,0.0
 12/24  08:00:00,0.0
 12/24  09:00:00,15.42
 12/24  10:00:00,39.42
 12/24  11:00:00,38.82
 12/24  12:00:00,38.88
 12/24  13:00:00,55.74
 12/24  14:00:00,70.92
 12/24  15:00:00,68.94
 12/24  16:00:00,55.26
 12/24  17:00:00,42.3
 12/24  18:00:00,41.34
 12/24  19:00:00,41.04
 12/24  20:00:00,39.06
 12/24  21:00:00,38.1
 12/24  22:00:00,27.84
 12/24  23:00:00,22.62
 12/25  00:00:00,21.96
 12/25  01:00:00,22.62
 12/25  02:00:00,33.66
 12/25  03:00:00,38.4
 12/25  04:00:00,38.52
 12/25  05:00:00,37.8
 12/25  06:00:00,27.72
 12/25  07:00:00,23.1
 12/25  08:00:00,21.66
 12/25  09:00:00,25.08
 12/25  10:00:00,38.94
 12/25  11:00:00,39.3
 12/25  12:00:00,38.82
 12/25  13:00:00,38.4
 12/25  14:00:00,38.1
 12/25  15:00:00,38.58
 12/25  16:00:00,40.2
 12/25  17:00:00,38.58
 12/25  18:00:00,38.58
 12/25  19:00:00,38.7
 12/25  20:00:00,30.9
 12/25  21:00:00,33.6
 12/25  22:00:00,36.48
 12/25  23:00:00,36.66
 12/26  00:00:00,36.96
 12/26  01:00:00,36.78
 12/26  02:00:00,36.84
 12/26  03:00:00,36.84
 12/26  04:00:00,36.78
 12/26  05:00:00,28.02
 12/26  06:00:00,24.72
 12/26  07:00:00,22.8
 12/26  08:00:00,21.96
 12/26  09:00:00,22.8
 12/26  10:00:00,21.72
 12/26  11:00:00,23.22
 12/26  12:00:00,22.38
 12/26  13:00:00,22.62
 12/26  14:00:00,38.46
 12/26  15:00:00,49.26
 12/26  16:00:00,47.82
 12/26  17:00:00,44.94
 12/26  18:00:00,37.62
 12/26  19:00:00,23.94
 12/26  20:00:00,22.32
 12/26  21:00:00,23.52
 12/26  22:00:00,22.68
 12/26  23:00:00,22.08
 12/27  00:00:00,23.1
 12/27  01:00:00,22.62
 12/27  02:00:00,22.08
 12/27  03:00:00,22.56
 12/27  04:00:00,22.8
 12/27  05:00:00,22.5
 12/27  06:00:00,22.02
 12/27  07:00:00,22.86
 12/27  08:00:00,22.38
 12/27  09:00:00,26.34
 12/27  10:00:00,39.66
 12/27  11:00:00,48.6
 12/27  12:00:00,49.86
 12/27  13:00:00,49.62
 12/27  14:00:00,47.22
 12/27  15:00:00,42.36
 12/27  16:00:00,42.42
 12/27  17:00:00,41.1
 12/27  18:00:00,41.58
 12/27  19:00:00,35.04
 12/27  20:00:00,22.32
 12/27  21:00:00,22.08
 12/27  22:00:00,22.68
 12/27  23:00:00,21.96
 12/28  00:00:00,22.32
 12/28  01:00:00,22.44
 12/28  02:00:00,22.26
 12/28  03:00:00,22.26
 12/28  04:00:00,28.56
 12/28  05:00:00,39.0
 12/28  06:00:00,38.22
 12/28  07:00:00,36.78
 12/28  08:00:00,21.66
 12/28  09:00:00,26.82
 12/28  10:00:00,29.94
 12/28  11:00:00,38.16
 12/28  12:00:00,41.28
 12/28  13:00:00,38.52
 12/28  14:00:00,37.98
 12/28  15:00:00,38.7
 12/28  16:00:00,37.62
 12/28  17:00:00,24.06
 12/28  18:00:00,22.02
 12/28  19:00:00,21.84
 12/28  20:00:00,36.96
 12/28  21:00:00,37.8
 12/28  22:00:00,36.3
 12/28  23:00:00,36.3
 12/29  00:00:00,36.9
 12/29  01:00:00,37.5
 12/29  02:00:00,36.72
 12/29  03:00:00,37.56
 12/29  04:00:00,36.78
 12/29  05:00:00,37.68
 12/29  06:00:00,37.92
 12/29  07:00:00,38.4
 12/29  08:00:00,39.12
 12/29  09:00:00,38.22
 12/29  10:00:00,32.76
 12/29  11:00:00,21.3
 12/29  12:00:00,20.52
 12/29  13:00:00,20.76
 12/29  14:00:00,28.8
 12/29  15:00:00,39.12
 12/29  16:00:00,42.06
 12/29  17:00:00,54.36
 12/29  18:00:00,53.46
 12/29  19:00:00,36.72
 12/29  20:00:00,31.8
 12/29  21:00:00,21.3
 12/29  22:00:00,21.24
 12/29  23:00:00,21.54
 12/30  00:00:00,21.0
 12/30  01:00:00,21.72
 12/30  02:00:00,21.0
 12/30  03:00:00,20.88
 12/30  04:00:00,21.9
 12/30  05:00:00,21.6
 12/30  06:00:00,21.36
 12/30  07:00:00,21.18
 12/30  08:00:00,20.82
 12/30  09:00:00,20.88
 12/30  10:00:00,21.9
 12/30  11:00:00,21.3
 12/30  12:00:00,20.82
 12/30  13:00:00,20.88
 12/30  14:00:00,21.12
 12/30  15:00:00,27.12
 12/30  16:00:00,39.42
 12/30  17:00:00,54.36
 12/30  18:00:00,48.6
 12/30  19:00:00,39.54
 12/30  20:00:00,30.18
 12/30  21:00:00,27.0
 12/30  22:00:00,23.88
 12/30  23:00:00,22.44
 12/31  00:00:00,23.52
 12/31  01:00:00,22.5
 12/31  02:00:00,22.74
 12/31  03:00:00,23.46
 12/31  04:00:00,22.08
 12/31  05:00:00,22.56
 12/31  06:00:00,23.46
 12/31  07:00:00,22.14
 12/31  08:00:00,21.96
 12/31  09:00:00,26.7
 12/31  10:00:00,24.78
 12/31  11:00:00,23.1
 12/31  12:00:00,22.02
 12/31  13:00:00,38.46
 12/31  14:00:00,45.18
 12/31  15:00:00,45.6
 12/31  16:00:00,46.44
 12/31  17:00:00,31.8
 12/31  18:00:00,27.12
 12/31  19:00:00,25.02
 12/31  20:00:00,24.0
 12/31  21:00:00,22.32
 12/31  22:00:00,22.74
 12/31  23:00:00,22.26
