datetime,load_kW
2025-01-01 00:00:00,26.610435626510693
2025-01-01 01:00:00,25.976853825879488
2025-01-01 02:00:00,28.722374961948052
2025-01-01 03:00:00,26.540037648662782
2025-01-01 04:00:00,26.258445737271135
2025-01-01 05:00:00,26.469639670814868
2025-01-01 06:00:00,26.892027537902344
2025-01-01 07:00:00,27.94799720562102
2025-01-01 08:00:00,29.215160806883432
2025-01-01 09:00:00,28.018395183468932
2025-01-01 10:00:00,26.610435626510693
2025-01-01 11:00:00,25.906455848031573
2025-01-01 12:00:00,25.343272025248282
2025-01-01 13:00:00,26.610435626510693
2025-01-01 14:00:00,25.695261914487837
2025-01-01 15:00:00,34.84699903471638
2025-01-01 16:00:00,36.81814241445792
2025-01-01 17:00:00,36.81814241445792
2025-01-01 18:00:00,36.747744436610006
2025-01-01 19:00:00,41.957194797355484
2025-01-01 20:00:00,37.59252017078495
2025-01-01 21:00:00,36.466152525218355
2025-01-01 22:00:00,40.12684737330978
2025-01-01 23:00:00,28.4407830505564
2025-01-02 00:00:00,26.540037648662782
2025-01-02 01:00:00,28.018395183468932
2025-01-02 02:00:00,26.117649781575313
2025-01-02 03:00:00,27.455211360685635
2025-01-02 04:00:00,26.0472518037274
2025-01-02 05:00:00,26.188047759423224
2025-01-02 06:00:00,27.384813382837724
2025-01-02 07:00:00,27.032823493598165
2025-01-02 08:00:00,25.836057870183662
2025-01-02 09:00:00,26.258445737271135
2025-01-02 10:00:00,26.540037648662782
2025-01-02 11:00:00,26.469639670814868
2025-01-02 12:00:00,25.836057870183662
2025-01-02 13:00:00,27.384813382837724
2025-01-02 14:00:00,25.836057870183662
2025-01-02 15:00:00,36.958938370153746
2025-01-02 16:00:00,59.13430139224599
2025-01-02 17:00:00,62.93579219603323
2025-01-02 18:00:00,56.31838227832951
2025-01-02 19:00:00,53.71365709795678
2025-01-02 20:00:00,41.81639884165966
2025-01-02 21:00:00,30.41192643029794
2025-01-02 22:00:00,27.736803272077285
2025-01-02 23:00:00,27.10322147144608
2025-01-03 00:00:00,26.75123158220652
2025-01-03 01:00:00,26.188047759423224
2025-01-03 02:00:00,26.469639670814868
2025-01-03 03:00:00,26.117649781575313
2025-01-03 04:00:00,26.469639670814868
2025-01-03 05:00:00,26.680833604358604
2025-01-03 06:00:00,26.680833604358604
2025-01-03 07:00:00,25.976853825879488
2025-01-03 08:00:00,26.117649781575313
2025-01-03 09:00:00,26.82162956005443
2025-01-03 10:00:00,26.258445737271135
2025-01-03 11:00:00,35.62137679104342
2025-01-03 12:00:00,53.85445305365259
2025-01-03 13:00:00,57.02236205680863
2025-01-03 14:00:00,55.12161665491501
2025-01-03 15:00:00,58.711913525158515
2025-01-03 16:00:00,48.5746047150592
2025-01-03 17:00:00,53.50246316441304
2025-01-03 18:00:00,46.60346133531767
2025-01-03 19:00:00,46.60346133531767
2025-01-03 20:00:00,44.773113911271956
2025-01-03 21:00:00,42.73157255368252
2025-01-03 22:00:00,43.57634828785746
2025-01-03 23:00:00,43.2243583986179
2025-01-04 00:00:00,43.08356244292207
2025-01-04 01:00:00,41.53480693026801
2025-01-04 02:00:00,27.032823493598165
2025-01-04 03:00:00,45.33629773405526
2025-01-04 04:00:00,45.96987953468646
2025-01-04 05:00:00,45.89948155683855
2025-01-04 06:00:00,46.251471446078114
2025-01-04 07:00:00,35.48058083534759
2025-01-04 08:00:00,30.341528452450024
2025-01-04 09:00:00,41.957194797355484
2025-01-04 10:00:00,48.29301280366755
2025-01-04 11:00:00,61.17584274983543
2025-01-04 12:00:00,55.89599441124204
2025-01-04 13:00:00,50.334554161257
2025-01-04 14:00:00,48.36341078151547
2025-01-04 15:00:00,45.96987953468646
2025-01-04 16:00:00,36.888540392305835
2025-01-04 17:00:00,27.59600731638146
2025-01-04 18:00:00,26.0472518037274
2025-01-04 19:00:00,26.39924169296696
2025-01-04 20:00:00,26.39924169296696
2025-01-04 21:00:00,26.117649781575313
2025-01-04 22:00:00,34.70620307902056
2025-01-04 23:00:00,45.54749166759899
2025-01-05 00:00:00,45.26589975620735
2025-01-05 01:00:00,33.36864149991024
2025-01-05 02:00:00,26.0472518037274
2025-01-05 03:00:00,27.455211360685635
2025-01-05 04:00:00,26.117649781575313
2025-01-05 05:00:00,25.976853825879488
2025-01-05 06:00:00,26.258445737271135
2025-01-05 07:00:00,25.836057870183662
2025-01-05 08:00:00,41.25321501887636
2025-01-05 09:00:00,58.92310745870225
2025-01-05 10:00:00,57.726341835287755
2025-01-05 11:00:00,55.12161665491501
2025-01-05 12:00:00,53.92485103150051
2025-01-05 13:00:00,55.0512186770671
2025-01-05 14:00:00,49.20818651569041
2025-01-05 15:00:00,47.02584920240514
2025-01-05 16:00:00,27.384813382837724
2025-01-05 17:00:00,27.314415404989816
2025-01-05 18:00:00,26.32884371511905
2025-01-05 19:00:00,37.94451006002451
2025-01-05 20:00:00,45.54749166759899
2025-01-05 21:00:00,52.37609551884645
2025-01-05 22:00:00,50.12336022771326
2025-01-05 23:00:00,48.15221684797173
2025-01-06 00:00:00,45.26589975620735
2025-01-06 01:00:00,34.9173970125643
2025-01-06 02:00:00,25.413670003096193
2025-01-06 03:00:00,25.836057870183662
2025-01-06 04:00:00,26.75123158220652
2025-01-06 05:00:00,25.695261914487837
2025-01-06 06:00:00,37.45172421508913
2025-01-06 07:00:00,45.26589975620735
2025-01-06 08:00:00,45.47709368975108
2025-01-06 09:00:00,57.79673981313566
2025-01-06 10:00:00,54.98082069921919
2025-01-06 11:00:00,54.840024743523365
2025-01-06 12:00:00,53.85445305365259
2025-01-06 13:00:00,40.830827151788895
2025-01-06 14:00:00,33.720631389149794
2025-01-06 15:00:00,48.43380875936338
2025-01-06 16:00:00,53.57286114226095
2025-01-06 17:00:00,51.10893191758404
2025-01-06 18:00:00,48.785798648602935
2025-01-06 19:00:00,45.75868560114273
2025-01-06 20:00:00,52.02410562960689
2025-01-06 21:00:00,55.966392389089954
2025-01-06 22:00:00,60.54226094920423
2025-01-06 23:00:00,39.98605141761395
2025-01-07 00:00:00,28.93356889549179
2025-01-07 01:00:00,25.976853825879488
2025-01-07 02:00:00,32.10147789864782
2025-01-07 03:00:00,42.520378620138786
2025-01-07 04:00:00,34.21341723408518
2025-01-07 05:00:00,44.49152199988032
2025-01-07 06:00:00,44.913909866967785
2025-01-07 07:00:00,57.092760034656536
2025-01-07 08:00:00,71.80593740487014
2025-01-07 09:00:00,68.49723244601827
2025-01-07 10:00:00,57.79673981313566
2025-01-07 11:00:00,52.6576874302381
2025-01-07 12:00:00,47.3778390916447
2025-01-07 13:00:00,44.70271593342405
2025-01-07 14:00:00,44.773113911271956
2025-01-07 15:00:00,44.632317955576134
2025-01-07 16:00:00,53.92485103150051
2025-01-07 17:00:00,56.31838227832951
2025-01-07 18:00:00,53.220871253021386
2025-01-07 19:00:00,53.92485103150051
2025-01-07 20:00:00,59.06390341439808
2025-01-07 21:00:00,56.177586322633694
2025-01-07 22:00:00,49.70097236062579
2025-01-07 23:00:00,48.22261482581965
2025-01-08 00:00:00,45.125103800511525
2025-01-08 01:00:00,30.130334518906288
2025-01-08 02:00:00,25.976853825879488
2025-01-08 03:00:00,26.469639670814868
2025-01-08 04:00:00,43.2243583986179
2025-01-08 05:00:00,44.20993008848867
2025-01-08 06:00:00,44.632317955576134
2025-01-08 07:00:00,44.28032806633658
2025-01-08 08:00:00,44.13953211064075
2025-01-08 09:00:00,58.14872970237522
2025-01-08 10:00:00,54.840024743523365
2025-01-08 11:00:00,53.57286114226095
2025-01-08 12:00:00,51.03853393973612
2025-01-08 13:00:00,48.785798648602935
2025-01-08 14:00:00,45.125103800511525
2025-01-08 15:00:00,45.68828762329481
2025-01-08 16:00:00,61.316638705531254
2025-01-08 17:00:00,56.45917823402533
2025-01-08 18:00:00,52.6576874302381
2025-01-08 19:00:00,51.46092180682359
2025-01-08 20:00:00,48.5746047150592
2025-01-08 21:00:00,44.49152199988032
2025-01-08 22:00:00,45.75868560114273
2025-01-08 23:00:00,45.195501778359436
2025-01-09 00:00:00,44.35072604418449
2025-01-09 01:00:00,45.26589975620735
2025-01-09 02:00:00,45.406695711903176
2025-01-09 03:00:00,44.632317955576134
2025-01-09 04:00:00,45.125103800511525
2025-01-09 05:00:00,45.54749166759899
2025-01-09 06:00:00,45.26589975620735
2025-01-09 07:00:00,44.632317955576134
2025-01-09 08:00:00,45.05470582266361
2025-01-09 09:00:00,45.195501778359436
2025-01-09 10:00:00,44.843511889119874
2025-01-09 11:00:00,44.773113911271956
2025-01-09 12:00:00,45.125103800511525
2025-01-09 13:00:00,45.406695711903176
2025-01-09 14:00:00,53.85445305365259
2025-01-09 15:00:00,60.190271059964665
2025-01-09 16:00:00,64.62534366438311
2025-01-09 17:00:00,72.08752931626178
2025-01-09 18:00:00,71.80593740487014
2025-01-09 19:00:00,65.61091535425389
2025-01-09 20:00:00,64.97733355362267
2025-01-09 21:00:00,64.69574164223103
2025-01-09 22:00:00,62.44300635109784
2025-01-09 23:00:00,62.30221039540202
2025-01-10 00:00:00,57.726341835287755
2025-01-10 01:00:00,45.125103800511525
2025-01-10 02:00:00,46.1810734682302
2025-01-10 03:00:00,46.04027751253438
2025-01-10 04:00:00,46.110675490382285
2025-01-10 05:00:00,33.1574475663665
2025-01-10 06:00:00,25.343272025248282
2025-01-10 07:00:00,25.976853825879488
2025-01-10 08:00:00,32.312671832191555
2025-01-10 09:00:00,59.34549532578972
2025-01-10 10:00:00,67.79325266753915
2025-01-10 11:00:00,71.17235560423892
2025-01-10 12:00:00,68.21564053462662
2025-01-10 13:00:00,57.93753576883149
2025-01-10 14:00:00,49.77137033847371
2025-01-10 15:00:00,53.57286114226095
2025-01-10 16:00:00,52.728085408086
2025-01-10 17:00:00,47.58903302518844
2025-01-10 18:00:00,46.673859313165586
2025-01-10 19:00:00,46.251471446078114
2025-01-10 20:00:00,44.35072604418449
2025-01-10 21:00:00,43.505950310009545
2025-01-10 22:00:00,24.498496291073337
2025-01-10 23:00:00,24.357700335377515
2025-01-11 00:00:00,25.976853825879488
2025-01-11 01:00:00,43.787542221401196
2025-01-11 02:00:00,44.9843078448157
2025-01-11 03:00:00,42.59077659798669
2025-01-11 04:00:00,39.21167366128692
2025-01-11 05:00:00,26.0472518037274
2025-01-11 06:00:00,24.850486180312895
2025-01-11 07:00:00,24.639292246769163
2025-01-11 08:00:00,31.960681942951997
2025-01-11 09:00:00,57.30395396820028
2025-01-11 10:00:00,62.865394218185315
2025-01-11 11:00:00,56.31838227832951
2025-01-11 12:00:00,50.75694202834447
2025-01-11 13:00:00,46.392267401773935
2025-01-11 14:00:00,54.98082069921919
2025-01-11 15:00:00,43.15396042076999
2025-01-11 16:00:00,41.18281704102846
2025-01-11 17:00:00,42.73157255368252
2025-01-11 18:00:00,41.88679681950758
2025-01-11 19:00:00,42.73157255368252
2025-01-11 20:00:00,42.09799075305131
2025-01-11 21:00:00,51.32012585112777
2025-01-11 22:00:00,44.9843078448157
2025-01-11 23:00:00,43.787542221401196
2025-01-12 00:00:00,40.33804130685352
2025-01-12 01:00:00,24.780088202464988
2025-01-12 02:00:00,25.484067980944104
2025-01-12 03:00:00,24.780088202464988
2025-01-12 04:00:00,25.55446595879202
2025-01-12 05:00:00,32.17187587649573
2025-01-12 06:00:00,46.32186942392602
2025-01-12 07:00:00,47.16664515810097
2025-01-12 08:00:00,55.54400452200249
2025-01-12 09:00:00,44.70271593342405
2025-01-12 10:00:00,55.61440249985039
2025-01-12 11:00:00,54.840024743523365
2025-01-12 12:00:00,50.61614607264865
2025-01-12 13:00:00,47.09624718025305
2025-01-12 14:00:00,37.52212219293704
2025-01-12 15:00:00,25.55446595879202
2025-01-12 16:00:00,24.56889426892125
2025-01-12 17:00:00,29.70794665181882
2025-01-12 18:00:00,39.634061528374396
2025-01-12 19:00:00,48.01142089227591
2025-01-12 20:00:00,53.50246316441304
2025-01-12 21:00:00,53.78405507580469
2025-01-12 22:00:00,50.404952139104914
2025-01-12 23:00:00,34.21341723408518
2025-01-13 00:00:00,28.229589117012665
2025-01-13 01:00:00,26.258445737271135
2025-01-13 02:00:00,26.540037648662782
2025-01-13 03:00:00,43.92833817709702
2025-01-13 04:00:00,43.365154354313724
2025-01-13 05:00:00,48.785798648602935
2025-01-13 06:00:00,60.61265892705213
2025-01-13 07:00:00,48.01142089227591
2025-01-13 08:00:00,46.110675490382285
2025-01-13 09:00:00,44.913909866967785
2025-01-13 10:00:00,53.50246316441304
2025-01-13 11:00:00,52.37609551884645
2025-01-13 12:00:00,50.05296224986535
2025-01-13 13:00:00,45.125103800511525
2025-01-13 14:00:00,43.505950310009545
2025-01-13 15:00:00,43.08356244292207
2025-01-13 16:00:00,44.13953211064075
2025-01-13 17:00:00,44.56191997772822
2025-01-13 18:00:00,51.32012585112777
2025-01-13 19:00:00,53.080075297325564
2025-01-13 20:00:00,56.8111681232649
2025-01-13 21:00:00,56.38878025617743
2025-01-13 22:00:00,59.41589330363764
2025-01-13 23:00:00,46.95545122455724
2025-01-14 00:00:00,47.02584920240514
2025-01-14 01:00:00,45.89948155683855
2025-01-14 02:00:00,43.01316446507416
2025-01-14 03:00:00,43.71714424355328
2025-01-14 04:00:00,43.29475637646581
2025-01-14 05:00:00,44.28032806633658
2025-01-14 06:00:00,43.43555233216164
2025-01-14 07:00:00,43.2243583986179
2025-01-14 08:00:00,50.75694202834447
2025-01-14 09:00:00,55.61440249985039
2025-01-14 10:00:00,54.276840920740064
2025-01-14 11:00:00,52.37609551884645
2025-01-14 12:00:00,49.63057438277788
2025-01-14 13:00:00,45.33629773405526
2025-01-14 14:00:00,44.20993008848867
2025-01-14 15:00:00,43.365154354313724
2025-01-14 16:00:00,44.35072604418449
2025-01-14 17:00:00,45.61788964544691
2025-01-14 18:00:00,50.545748094800736
2025-01-14 19:00:00,60.4014649935084
2025-01-14 20:00:00,64.20295579729564
2025-01-14 21:00:00,55.12161665491501
2025-01-14 22:00:00,32.312671832191555
2025-01-14 23:00:00,28.863170917643878
2025-01-15 00:00:00,29.215160806883432
2025-01-15 01:00:00,27.032823493598165
2025-01-15 02:00:00,25.484067980944104
2025-01-15 03:00:00,25.76565989233575
2025-01-15 04:00:00,25.976853825879488
2025-01-15 05:00:00,25.55446595879202
2025-01-15 06:00:00,24.99128213600872
2025-01-15 07:00:00,24.850486180312895
2025-01-15 08:00:00,26.188047759423224
2025-01-15 09:00:00,24.709690224617074
2025-01-15 10:00:00,25.484067980944104
2025-01-15 11:00:00,25.343272025248282
2025-01-15 12:00:00,25.62486393663993
2025-01-15 13:00:00,24.920884158160806
2025-01-15 14:00:00,25.06168011385663
2025-01-15 15:00:00,27.66640529422937
2025-01-15 16:00:00,41.32361299672428
2025-01-15 17:00:00,36.53655050306627
2025-01-15 18:00:00,36.04376465813089
2025-01-15 19:00:00,39.91565343976605
2025-01-15 20:00:00,45.125103800511525
2025-01-15 21:00:00,46.32186942392602
2025-01-15 22:00:00,30.059936541058377
2025-01-15 23:00:00,26.75123158220652
2025-01-16 00:00:00,25.484067980944104
2025-01-16 01:00:00,25.836057870183662
2025-01-16 02:00:00,26.258445737271135
2025-01-16 03:00:00,25.62486393663993
2025-01-16 04:00:00,25.836057870183662
2025-01-16 05:00:00,25.76565989233575
2025-01-16 06:00:00,25.55446595879202
2025-01-16 07:00:00,25.976853825879488
2025-01-16 08:00:00,25.343272025248282
2025-01-16 09:00:00,24.920884158160806
2025-01-16 10:00:00,24.920884158160806
2025-01-16 11:00:00,25.62486393663993
2025-01-16 12:00:00,25.413670003096193
2025-01-16 13:00:00,24.709690224617074
2025-01-16 14:00:00,25.132078091704546
2025-01-16 15:00:00,34.56540712332474
2025-01-16 16:00:00,41.53480693026801
2025-01-16 17:00:00,43.08356244292207
2025-01-16 18:00:00,39.070877705591094
2025-01-16 19:00:00,28.93356889549179
2025-01-16 20:00:00,41.18281704102846
2025-01-16 21:00:00,47.23704313594887
2025-01-16 22:00:00,44.843511889119874
2025-01-16 23:00:00,27.807201249925196
2025-01-17 00:00:00,24.920884158160806
2025-01-17 01:00:00,25.484067980944104
2025-01-17 02:00:00,25.55446595879202
2025-01-17 03:00:00,31.74948800940826
2025-01-17 04:00:00,43.57634828785746
2025-01-17 05:00:00,43.787542221401196
2025-01-17 06:00:00,45.05470582266361
2025-01-17 07:00:00,37.803714104328684
2025-01-17 08:00:00,24.639292246769163
2025-01-17 09:00:00,24.639292246769163
2025-01-17 10:00:00,24.920884158160806
2025-01-17 11:00:00,37.733316126480766
2025-01-17 12:00:00,43.29475637646581
2025-01-17 13:00:00,48.926594604298764
2025-01-17 14:00:00,56.95196407896072
2025-01-17 15:00:00,73.56588685106793
2025-01-17 16:00:00,70.32757987006397
2025-01-17 17:00:00,52.30569754099853
2025-01-17 18:00:00,48.5042067372113
2025-01-17 19:00:00,32.805457677126945
2025-01-17 20:00:00,27.384813382837724
2025-01-17 21:00:00,24.920884158160806
2025-01-17 22:00:00,26.39924169296696
2025-01-17 23:00:00,25.132078091704546
2025-01-18 00:00:00,24.920884158160806
2025-01-18 01:00:00,24.920884158160806
2025-01-18 02:00:00,25.906455848031573
2025-01-18 03:00:00,25.132078091704546
2025-01-18 04:00:00,26.39924169296696
2025-01-18 05:00:00,25.06168011385663
2025-01-18 06:00:00,25.906455848031573
2025-01-18 07:00:00,25.202476069552457
2025-01-18 08:00:00,29.003966873339696
2025-01-18 09:00:00,40.54923524039725
2025-01-18 10:00:00,52.6576874302381
2025-01-18 11:00:00,44.28032806633658
2025-01-18 12:00:00,33.22784554421441
2025-01-18 13:00:00,29.77834462966673
2025-01-18 14:00:00,28.792772939795963
2025-01-18 15:00:00,27.384813382837724
2025-01-18 16:00:00,24.780088202464988
2025-01-18 17:00:00,25.62486393663993
2025-01-18 18:00:00,26.0472518037274
2025-01-18 19:00:00,25.413670003096193
2025-01-18 20:00:00,25.836057870183662
2025-01-18 21:00:00,25.202476069552457
2025-01-18 22:00:00,25.413670003096193
2025-01-18 23:00:00,25.132078091704546
2025-01-19 00:00:00,26.39924169296696
2025-01-19 01:00:00,25.836057870183662
2025-01-19 02:00:00,24.850486180312895
2025-01-19 03:00:00,25.484067980944104
2025-01-19 04:00:00,26.32884371511905
2025-01-19 05:00:00,25.272874047400368
2025-01-19 06:00:00,25.202476069552457
2025-01-19 07:00:00,25.202476069552457
2025-01-19 08:00:00,32.17187587649573
2025-01-19 09:00:00,37.02933634800165
2025-01-19 10:00:00,35.550978813195506
2025-01-19 11:00:00,35.41018285749968
2025-01-19 12:00:00,30.693518341689582
2025-01-19 13:00:00,27.314415404989816
2025-01-19 14:00:00,25.484067980944104
2025-01-19 15:00:00,25.976853825879488
2025-01-19 16:00:00,29.77834462966673
2025-01-19 17:00:00,25.976853825879488
2025-01-19 18:00:00,25.202476069552457
2025-01-19 19:00:00,41.88679681950758
2025-01-19 20:00:00,44.632317955576134
2025-01-19 21:00:00,42.94276648722625
2025-01-19 22:00:00,42.09799075305131
2025-01-19 23:00:00,30.834314297385408
2025-01-20 00:00:00,29.848742607514644
2025-01-20 01:00:00,28.93356889549179
2025-01-20 02:00:00,25.06168011385663
2025-01-20 03:00:00,26.962425515750255
2025-01-20 04:00:00,25.132078091704546
2025-01-20 05:00:00,25.836057870183662
2025-01-20 06:00:00,25.906455848031573
2025-01-20 07:00:00,25.62486393663993
2025-01-20 08:00:00,30.130334518906288
2025-01-20 09:00:00,25.343272025248282
2025-01-20 10:00:00,25.76565989233575
2025-01-20 11:00:00,25.272874047400368
2025-01-20 12:00:00,25.484067980944104
2025-01-20 13:00:00,25.55446595879202
2025-01-20 14:00:00,25.484067980944104
2025-01-20 15:00:00,25.343272025248282
2025-01-20 16:00:00,25.202476069552457
2025-01-20 17:00:00,39.14127568343901
2025-01-20 18:00:00,36.53655050306627
2025-01-20 19:00:00,41.60520490811593
2025-01-20 20:00:00,61.17584274983543
2025-01-20 21:00:00,62.79499624033741
2025-01-20 22:00:00,51.17932989543194
2025-01-20 23:00:00,29.77834462966673
2025-01-21 00:00:00,29.07436485118761
2025-01-21 01:00:00,25.976853825879488
2025-01-21 02:00:00,26.75123158220652
2025-01-21 03:00:00,26.258445737271135
2025-01-21 04:00:00,25.906455848031573
2025-01-21 05:00:00,25.55446595879202
2025-01-21 06:00:00,25.836057870183662
2025-01-21 07:00:00,26.39924169296696
2025-01-21 08:00:00,29.77834462966673
2025-01-21 09:00:00,40.2676433290056
2025-01-21 10:00:00,36.466152525218355
2025-01-21 11:00:00,35.90296870243507
2025-01-21 12:00:00,34.14301925623727
2025-01-21 13:00:00,30.623120363841675
2025-01-21 14:00:00,26.117649781575313
2025-01-21 15:00:00,26.258445737271135
2025-01-21 16:00:00,25.413670003096193
2025-01-21 17:00:00,25.62486393663993
2025-01-21 18:00:00,31.045508230929144
2025-01-21 19:00:00,43.365154354313724
2025-01-21 20:00:00,45.33629773405526
2025-01-21 21:00:00,43.29475637646581
2025-01-21 22:00:00,37.59252017078495
2025-01-21 23:00:00,49.63057438277788
2025-01-22 00:00:00,47.58903302518844
2025-01-22 01:00:00,40.901225129636806
2025-01-22 02:00:00,25.55446595879202
2025-01-22 03:00:00,25.836057870183662
2025-01-22 04:00:00,26.0472518037274
2025-01-22 05:00:00,24.920884158160806
2025-01-22 06:00:00,25.484067980944104
2025-01-22 07:00:00,25.343272025248282
2025-01-22 08:00:00,25.272874047400368
2025-01-22 09:00:00,33.65023341130188
2025-01-22 10:00:00,43.57634828785746
2025-01-22 11:00:00,43.505950310009545
2025-01-22 12:00:00,27.032823493598165
2025-01-22 13:00:00,25.272874047400368
2025-01-22 14:00:00,25.976853825879488
2025-01-22 15:00:00,31.467896098016617
2025-01-22 16:00:00,25.976853825879488
2025-01-22 17:00:00,25.06168011385663
2025-01-22 18:00:00,45.406695711903176
2025-01-22 19:00:00,53.85445305365259
2025-01-22 20:00:00,51.883309673911064
2025-01-22 21:00:00,34.072621278389356
2025-01-22 22:00:00,28.722374961948052
2025-01-22 23:00:00,25.132078091704546
2025-01-23 00:00:00,26.188047759423224
2025-01-23 01:00:00,25.484067980944104
2025-01-23 02:00:00,25.976853825879488
2025-01-23 03:00:00,26.258445737271135
2025-01-23 04:00:00,25.55446595879202
2025-01-23 05:00:00,25.76565989233575
2025-01-23 06:00:00,26.32884371511905
2025-01-23 07:00:00,25.272874047400368
2025-01-23 08:00:00,25.06168011385663
2025-01-23 09:00:00,26.32884371511905
2025-01-23 10:00:00,25.55446595879202
2025-01-23 11:00:00,25.272874047400368
2025-01-23 12:00:00,25.76565989233575
2025-01-23 13:00:00,25.55446595879202
2025-01-23 14:00:00,25.906455848031573
2025-01-23 15:00:00,36.747744436610006
2025-01-23 16:00:00,44.28032806633658
2025-01-23 17:00:00,45.89948155683855
2025-01-23 18:00:00,38.43729590495989
2025-01-23 19:00:00,34.21341723408518
2025-01-23 20:00:00,31.186304186624966
2025-01-23 21:00:00,31.045508230929144
2025-01-23 22:00:00,29.355956762579257
2025-01-23 23:00:00,26.962425515750255
2025-01-24 00:00:00,27.032823493598165
2025-01-24 01:00:00,26.962425515750255
2025-01-24 02:00:00,25.836057870183662
2025-01-24 03:00:00,27.17361944929399
2025-01-24 04:00:00,26.0472518037274
2025-01-24 05:00:00,27.10322147144608
2025-01-24 06:00:00,26.75123158220652
2025-01-24 07:00:00,26.117649781575313
2025-01-24 08:00:00,26.469639670814868
2025-01-24 09:00:00,36.53655050306627
2025-01-24 10:00:00,36.1141626359788
2025-01-24 11:00:00,35.97336668028298
2025-01-24 12:00:00,35.90296870243507
2025-01-24 13:00:00,33.29824352206232
2025-01-24 14:00:00,26.962425515750255
2025-01-24 15:00:00,34.84699903471638
2025-01-24 16:00:00,37.09973432584957
2025-01-24 17:00:00,32.38306981003947
2025-01-24 18:00:00,29.215160806883432
2025-01-24 19:00:00,33.791029366997705
2025-01-24 20:00:00,38.226101971416156
2025-01-24 21:00:00,36.466152525218355
2025-01-24 22:00:00,36.18456061382671
2025-01-24 23:00:00,33.861427344845616
2025-01-25 00:00:00,28.722374961948052
2025-01-25 01:00:00,27.032823493598165
2025-01-25 02:00:00,25.55446595879202
2025-01-25 03:00:00,25.695261914487837
2025-01-25 04:00:00,26.39924169296696
2025-01-25 05:00:00,25.906455848031573
2025-01-25 06:00:00,25.695261914487837
2025-01-25 07:00:00,25.55446595879202
2025-01-25 08:00:00,25.76565989233575
2025-01-25 09:00:00,31.32710014232079
2025-01-25 10:00:00,35.48058083534759
2025-01-25 11:00:00,35.269386901803855
2025-01-25 12:00:00,31.960681942951997
2025-01-25 13:00:00,28.93356889549179
2025-01-25 14:00:00,28.581579006252227
2025-01-25 15:00:00,27.10322147144608
2025-01-25 16:00:00,25.62486393663993
2025-01-25 17:00:00,26.0472518037274
2025-01-25 18:00:00,25.413670003096193
2025-01-25 19:00:00,26.32884371511905
2025-01-25 20:00:00,25.976853825879488
2025-01-25 21:00:00,25.906455848031573
2025-01-25 22:00:00,26.39924169296696
2025-01-25 23:00:00,26.610435626510693
2025-01-26 00:00:00,25.62486393663993
2025-01-26 01:00:00,26.117649781575313
2025-01-26 02:00:00,25.76565989233575
2025-01-26 03:00:00,26.32884371511905
2025-01-26 04:00:00,26.75123158220652
2025-01-26 05:00:00,25.906455848031573
2025-01-26 06:00:00,25.906455848031573
2025-01-26 07:00:00,25.62486393663993
2025-01-26 08:00:00,26.469639670814868
2025-01-26 09:00:00,25.76565989233575
2025-01-26 10:00:00,30.059936541058377
2025-01-26 11:00:00,28.722374961948052
2025-01-26 12:00:00,25.343272025248282
2025-01-26 13:00:00,27.314415404989816
2025-01-26 14:00:00,25.343272025248282
2025-01-26 15:00:00,25.202476069552457
2025-01-26 16:00:00,25.62486393663993
2025-01-26 17:00:00,34.49500914547682
2025-01-26 18:00:00,38.78928579419945
2025-01-26 19:00:00,43.29475637646581
2025-01-26 20:00:00,45.68828762329481
2025-01-26 21:00:00,43.01316446507416
2025-01-26 22:00:00,35.33978487965177
2025-01-26 23:00:00,29.637548673970908
2025-01-27 00:00:00,30.059936541058377
2025-01-27 01:00:00,28.088793161316847
2025-01-27 02:00:00,25.55446595879202
2025-01-27 03:00:00,26.82162956005443
2025-01-27 04:00:00,25.976853825879488
2025-01-27 05:00:00,25.484067980944104
2025-01-27 06:00:00,26.82162956005443
2025-01-27 07:00:00,25.76565989233575
2025-01-27 08:00:00,25.343272025248282
2025-01-27 09:00:00,26.188047759423224
2025-01-27 10:00:00,28.4407830505564
2025-01-27 11:00:00,29.07436485118761
2025-01-27 12:00:00,28.4407830505564
2025-01-27 13:00:00,27.736803272077285
2025-01-27 14:00:00,28.29998709486058
2025-01-27 15:00:00,24.780088202464988
2025-01-27 16:00:00,26.0472518037274
2025-01-27 17:00:00,24.99128213600872
2025-01-27 18:00:00,37.3109282593933
2025-01-27 19:00:00,38.57809186065572
2025-01-27 20:00:00,46.60346133531767
2025-01-27 21:00:00,46.81465526886141
2025-01-27 22:00:00,39.91565343976605
2025-01-27 23:00:00,36.04376465813089
2025-01-28 00:00:00,28.93356889549179
2025-01-28 01:00:00,30.059936541058377
2025-01-28 02:00:00,28.018395183468932
2025-01-28 03:00:00,26.117649781575313
2025-01-28 04:00:00,26.32884371511905
2025-01-28 05:00:00,26.0472518037274
2025-01-28 06:00:00,25.906455848031573
2025-01-28 07:00:00,26.32884371511905
2025-01-28 08:00:00,32.94625363282276
2025-01-28 09:00:00,32.594263743583205
2025-01-28 10:00:00,29.77834462966673
2025-01-28 11:00:00,29.003966873339696
2025-01-28 12:00:00,29.848742607514644
2025-01-28 13:00:00,26.469639670814868
2025-01-28 14:00:00,25.906455848031573
2025-01-28 15:00:00,26.117649781575313
2025-01-28 16:00:00,25.413670003096193
2025-01-28 17:00:00,35.76217274673924
2025-01-28 18:00:00,41.957194797355484
2025-01-28 19:00:00,36.888540392305835
2025-01-28 20:00:00,45.47709368975108
2025-01-28 21:00:00,46.392267401773935
2025-01-28 22:00:00,39.00047972774319
2025-01-28 23:00:00,33.861427344845616
2025-01-29 00:00:00,28.93356889549179
2025-01-29 01:00:00,29.355956762579257
2025-01-29 02:00:00,27.10322147144608
2025-01-29 03:00:00,25.272874047400368
2025-01-29 04:00:00,26.892027537902344
2025-01-29 05:00:00,25.55446595879202
2025-01-29 06:00:00,25.976853825879488
2025-01-29 07:00:00,25.76565989233575
2025-01-29 08:00:00,29.355956762579257
2025-01-29 09:00:00,27.807201249925196
2025-01-29 10:00:00,25.272874047400368
2025-01-29 11:00:00,25.836057870183662
2025-01-29 12:00:00,28.29998709486058
2025-01-29 13:00:00,25.272874047400368
2025-01-29 14:00:00,24.709690224617074
2025-01-29 15:00:00,25.836057870183662
2025-01-29 16:00:00,25.132078091704546
2025-01-29 17:00:00,32.73505969927903
2025-01-29 18:00:00,38.085306015720334
2025-01-29 19:00:00,38.85968377204736
2025-01-29 20:00:00,38.366897927111985
2025-01-29 21:00:00,38.085306015720334
2025-01-29 22:00:00,38.43729590495989
2025-01-29 23:00:00,38.29649994926407
2025-01-30 00:00:00,38.57809186065572
2025-01-30 01:00:00,38.57809186065572
2025-01-30 02:00:00,38.366897927111985
2025-01-30 03:00:00,15.20596321514897
2025-01-30 04:00:00,22.66814886702763
2025-01-30 05:00:00,37.09973432584957
2025-01-30 06:00:00,36.958938370153746
2025-01-30 07:00:00,37.3109282593933
2025-01-30 08:00:00,36.25495859167462
2025-01-30 09:00:00,35.550978813195506
2025-01-30 10:00:00,35.76217274673924
2025-01-30 11:00:00,35.198988923955945
2025-01-30 12:00:00,34.49500914547682
2025-01-30 13:00:00,34.63580510117265
2025-01-30 14:00:00,36.25495859167462
2025-01-30 15:00:00,39.352469616982745
2025-01-30 16:00:00,50.334554161257
2025-01-30 17:00:00,48.5746047150592
2025-01-30 18:00:00,41.53480693026801
2025-01-30 19:00:00,31.32710014232079
2025-01-30 20:00:00,27.736803272077285
2025-01-30 21:00:00,28.722374961948052
2025-01-30 22:00:00,27.59600731638146
2025-01-30 23:00:00,23.864914490442132
2025-01-31 00:00:00,24.780088202464988
2025-01-31 01:00:00,24.850486180312895
2025-01-31 02:00:00,24.2873023575296
2025-01-31 03:00:00,24.428098313225426
2025-01-31 04:00:00,25.413670003096193
2025-01-31 05:00:00,24.498496291073337
2025-01-31 06:00:00,23.93531246829004
2025-01-31 07:00:00,24.99128213600872
2025-01-31 08:00:00,24.428098313225426
2025-01-31 09:00:00,24.498496291073337
2025-01-31 10:00:00,23.864914490442132
2025-01-31 11:00:00,30.55272238599376
2025-01-31 12:00:00,36.04376465813089
2025-01-31 13:00:00,36.04376465813089
2025-01-31 14:00:00,36.25495859167462
2025-01-31 15:00:00,43.29475637646581
2025-01-31 16:00:00,39.282071639134834
2025-01-31 17:00:00,31.890283965104086
2025-01-31 18:00:00,30.271130474602113
2025-01-31 19:00:00,29.77834462966673
2025-01-31 20:00:00,27.807201249925196
2025-01-31 21:00:00,27.59600731638146
2025-01-31 22:00:00,26.610435626510693
2025-01-31 23:00:00,26.962425515750255
2025-02-01 00:00:00,38.12846213023995
2025-02-01 01:00:00,35.952396053327995
2025-02-01 02:00:00,36.42545389613494
2025-02-01 03:00:00,36.42545389613494
2025-02-01 04:00:00,37.46618115031023
2025-02-01 05:00:00,36.803900170380494
2025-02-01 06:00:00,36.52006546469633
2025-02-01 07:00:00,36.33084232757355
2025-02-01 08:00:00,36.23623075901216
2025-02-01 09:00:00,36.141619190450776
2025-02-01 10:00:00,36.52006546469633
2025-02-01 11:00:00,36.70928860181911
2025-02-01 12:00:00,35.952396053327995
2025-02-01 13:00:00,35.38472664195966
2025-02-01 14:00:00,35.47933821052104
2025-02-01 15:00:00,35.8577844847666
2025-02-01 16:00:00,36.23623075901216
2025-02-01 17:00:00,35.952396053327995
2025-02-01 18:00:00,35.38472664195966
2025-02-01 19:00:00,36.23623075901216
2025-02-01 20:00:00,37.182346444626056
2025-02-01 21:00:00,35.952396053327995
2025-02-01 22:00:00,37.182346444626056
2025-02-01 23:00:00,39.54763565866079
2025-02-02 00:00:00,38.31768526736273
2025-02-02 01:00:00,37.182346444626056
2025-02-02 02:00:00,36.23623075901216
2025-02-02 03:00:00,36.33084232757355
2025-02-02 04:00:00,36.33084232757355
2025-02-02 05:00:00,36.42545389613494
2025-02-02 06:00:00,36.42545389613494
2025-02-02 07:00:00,38.223073698801336
2025-02-02 08:00:00,44.56204879241444
2025-02-02 09:00:00,42.66981742118664
2025-02-02 10:00:00,40.87219761852025
2025-02-02 11:00:00,40.304528207151904
2025-02-02 12:00:00,38.03385056167856
2025-02-02 13:00:00,39.16918938441523
2025-02-02 14:00:00,37.655404287433
2025-02-02 15:00:00,35.66856134764382
2025-02-02 16:00:00,50.144131337536415
2025-02-02 17:00:00,48.724957809115566
2025-02-02 18:00:00,48.81956937767696
2025-02-02 19:00:00,47.02194957501056
2025-02-02 20:00:00,54.87470976560588
2025-02-02 21:00:00,52.60403212013254
2025-02-02 22:00:00,45.318941340905546
2025-02-02 23:00:00,40.20991663859052
2025-02-03 00:00:00,40.20991663859052
2025-02-03 01:00:00,24.32810336798048
2025-02-03 02:00:00,9.865463625791284
2025-02-03 03:00:00,9.865463625791284
2025-02-03 04:00:00,9.865463625791284
2025-02-03 05:00:00,9.865463625791284
2025-02-03 06:00:00,9.865463625791284
2025-02-03 07:00:00,9.865463625791284
2025-02-03 08:00:00,9.865463625791284
2025-02-03 09:00:00,9.865463625791284
2025-02-03 10:00:00,9.865463625791284
2025-02-03 11:00:00,9.865463625791284
2025-02-03 12:00:00,9.865463625791284
2025-02-03 13:00:00,9.865463625791284
2025-02-03 14:00:00,9.865463625791284
2025-02-03 15:00:00,9.865463625791284
2025-02-03 16:00:00,9.865463625791284
2025-02-03 17:00:00,9.865463625791284
2025-02-03 18:00:00,9.865463625791284
2025-02-03 19:00:00,9.865463625791284
2025-02-03 20:00:00,9.865463625791284
2025-02-03 21:00:00,9.865463625791284
2025-02-03 22:00:00,9.865463625791284
2025-02-03 23:00:00,9.865463625791284
2025-02-04 00:00:00,74.77467635301814
2025-02-04 01:00:00,74.77467635301814
2025-02-04 02:00:00,74.77467635301814
2025-02-04 03:00:00,74.77467635301814
2025-02-04 04:00:00,74.77467635301814
2025-02-04 05:00:00,74.77467635301814
2025-02-04 06:00:00,74.77467635301814
2025-02-04 07:00:00,74.77467635301814
2025-02-04 08:00:00,74.77467635301814
2025-02-04 09:00:00,74.77467635301814
2025-02-04 10:00:00,74.77467635301814
2025-02-04 11:00:00,74.77467635301814
2025-02-04 12:00:00,74.77467635301814
2025-02-04 13:00:00,74.77467635301814
2025-02-04 14:00:00,74.77467635301814
2025-02-04 15:00:00,74.77467635301814
2025-02-04 16:00:00,74.77467635301814
2025-02-04 17:00:00,74.77467635301814
2025-02-04 18:00:00,74.77467635301814
2025-02-04 19:00:00,74.77467635301814
2025-02-04 20:00:00,74.77467635301814
2025-02-04 21:00:00,74.77467635301814
2025-02-04 22:00:00,74.77467635301814
2025-02-04 23:00:00,74.77467635301814
2025-02-05 00:00:00,39.16918938441523
2025-02-05 01:00:00,35.19550350483688
2025-02-05 02:00:00,37.46618115031023
2025-02-05 03:00:00,35.57394977908243
2025-02-05 04:00:00,36.898511738941885
2025-02-05 05:00:00,36.70928860181911
2025-02-05 06:00:00,35.57394977908243
2025-02-05 07:00:00,36.898511738941885
2025-02-05 08:00:00,38.6015199730469
2025-02-05 09:00:00,37.276958013187446
2025-02-05 10:00:00,34.81705723059132
2025-02-05 11:00:00,35.57394977908243
2025-02-05 12:00:00,35.763172916205214
2025-02-05 13:00:00,35.0062803677141
2025-02-05 14:00:00,35.763172916205214
2025-02-05 15:00:00,53.550147805746434
2025-02-05 16:00:00,75.68925484911156
2025-02-05 17:00:00,74.93236230062045
2025-02-05 18:00:00,73.22935406651544
2025-02-05 19:00:00,59.037618782307014
2025-02-05 20:00:00,48.06267682918585
2025-02-05 21:00:00,51.84713957164143
2025-02-05 22:00:00,50.71180074890474
2025-02-05 23:00:00,41.06142075564302
2025-02-06 00:00:00,39.92608193290635
2025-02-06 01:00:00,37.087734876064665
2025-02-06 02:00:00,36.33084232757355
2025-02-06 03:00:00,35.19550350483688
2025-02-06 04:00:00,35.763172916205214
2025-02-06 05:00:00,36.33084232757355
2025-02-06 06:00:00,37.276958013187446
2025-02-06 07:00:00,37.276958013187446
2025-02-06 08:00:00,37.276958013187446
2025-02-06 09:00:00,34.62783409346854
2025-02-06 10:00:00,35.19550350483688
2025-02-06 11:00:00,34.43861095634576
2025-02-06 12:00:00,36.33084232757355
2025-02-06 13:00:00,35.0062803677141
2025-02-06 14:00:00,53.36092466862366
2025-02-06 15:00:00,77.39226308321658
2025-02-06 16:00:00,87.0426430764783
2025-02-06 17:00:00,87.23186621360108
2025-02-06 18:00:00,81.7443952370405
2025-02-06 19:00:00,72.28323838090155
2025-02-06 20:00:00,45.035106635221375
2025-02-06 21:00:00,40.11530507002913
2025-02-06 22:00:00,35.952396053327995
2025-02-06 23:00:00,37.087734876064665
2025-02-07 00:00:00,35.19550350483688
2025-02-07 01:00:00,36.898511738941885
2025-02-07 02:00:00,36.898511738941885
2025-02-07 03:00:00,35.57394977908243
2025-02-07 04:00:00,36.141619190450776
2025-02-07 05:00:00,36.898511738941885
2025-02-07 06:00:00,36.898511738941885
2025-02-07 07:00:00,35.763172916205214
2025-02-07 08:00:00,36.898511738941885
2025-02-07 09:00:00,36.141619190450776
2025-02-07 10:00:00,44.8458834980986
2025-02-07 11:00:00,50.333354474659195
2025-02-07 12:00:00,49.954908200413634
2025-02-07 13:00:00,50.52257761178197
2025-02-07 14:00:00,49.76568506329085
2025-02-07 15:00:00,55.820825451219775
2025-02-07 16:00:00,51.84713957164143
2025-02-07 17:00:00,42.57520585262525
2025-02-07 18:00:00,45.41355290946694
2025-02-07 19:00:00,59.79451133079814
2025-02-07 20:00:00,52.9824783943781
2025-02-07 21:00:00,52.225585845886975
2025-02-07 22:00:00,52.41480898300976
2025-02-07 23:00:00,46.73811486932639
2025-02-08 00:00:00,38.97996624729245
2025-02-08 01:00:00,41.2506438927658
2025-02-08 02:00:00,38.79074311016968
2025-02-08 03:00:00,40.11530507002913
2025-02-08 04:00:00,38.79074311016968
2025-02-08 05:00:00,38.41229683592412
2025-02-08 06:00:00,39.92608193290635
2025-02-08 07:00:00,39.16918938441523
2025-02-08 08:00:00,38.03385056167856
2025-02-08 09:00:00,45.98122232083527
2025-02-08 10:00:00,51.84713957164143
2025-02-08 11:00:00,48.4411231034314
2025-02-08 12:00:00,42.76442898974803
2025-02-08 13:00:00,42.1967595783797
2025-02-08 14:00:00,37.84462742455578
2025-02-08 15:00:00,39.16918938441523
2025-02-08 16:00:00,38.223073698801336
2025-02-08 17:00:00,35.763172916205214
2025-02-08 18:00:00,35.763172916205214
2025-02-08 19:00:00,35.763172916205214
2025-02-08 20:00:00,35.763172916205214
2025-02-08 21:00:00,35.952396053327995
2025-02-08 22:00:00,38.03385056167856
2025-02-08 23:00:00,36.141619190450776
2025-02-09 00:00:00,36.141619190450776
2025-02-09 01:00:00,36.33084232757355
2025-02-09 02:00:00,37.46618115031023
2025-02-09 03:00:00,36.33084232757355
2025-02-09 04:00:00,36.70928860181911
2025-02-09 05:00:00,37.46618115031023
2025-02-09 06:00:00,36.141619190450776
2025-02-09 07:00:00,36.70928860181911
2025-02-09 08:00:00,38.223073698801336
2025-02-09 09:00:00,35.763172916205214
2025-02-09 10:00:00,35.763172916205214
2025-02-09 11:00:00,36.898511738941885
2025-02-09 12:00:00,35.763172916205214
2025-02-09 13:00:00,35.952396053327995
2025-02-09 14:00:00,35.19550350483688
2025-02-09 15:00:00,36.141619190450776
2025-02-09 16:00:00,35.763172916205214
2025-02-09 17:00:00,35.57394977908243
2025-02-09 18:00:00,57.33461054820201
2025-02-09 19:00:00,52.0363627087642
2025-02-09 20:00:00,64.14664348462205
2025-02-09 21:00:00,64.14664348462205
2025-02-09 22:00:00,51.468693297395866
2025-02-09 23:00:00,40.87219761852025
2025-02-10 00:00:00,40.682974481397466
2025-02-10 01:00:00,36.898511738941885
2025-02-10 02:00:00,36.33084232757355
2025-02-10 03:00:00,35.952396053327995
2025-02-10 04:00:00,36.33084232757355
2025-02-10 05:00:00,35.763172916205214
2025-02-10 06:00:00,35.952396053327995
2025-02-10 07:00:00,36.52006546469633
2025-02-10 08:00:00,35.19550350483688
2025-02-10 09:00:00,45.035106635221375
2025-02-10 10:00:00,42.1967595783797
2025-02-10 11:00:00,38.97996624729245
2025-02-10 12:00:00,41.06142075564302
2025-02-10 13:00:00,39.54763565866079
2025-02-10 14:00:00,45.224329772344156
2025-02-10 15:00:00,69.06644504981429
2025-02-10 16:00:00,73.98624661500655
2025-02-10 17:00:00,74.17546975212933
2025-02-10 18:00:00,70.76945328391932
2025-02-10 19:00:00,66.22809799297262
2025-02-10 20:00:00,71.52634583241043
2025-02-10 21:00:00,77.01381680897101
2025-02-10 22:00:00,73.98624661500655
2025-02-10 23:00:00,51.27947016027309
2025-02-11 00:00:00,40.493751344274685
2025-02-11 01:00:00,36.70928860181911
2025-02-11 02:00:00,36.141619190450776
2025-02-11 03:00:00,54.87470976560588
2025-02-11 04:00:00,62.44363525051704
2025-02-11 05:00:00,60.551403879289246
2025-02-11 06:00:00,56.5777179997109
2025-02-11 07:00:00,36.141619190450776
2025-02-11 08:00:00,48.63034624055418
2025-02-11 09:00:00,71.33712269528765
2025-02-11 10:00:00,84.20429601963662
2025-02-11 11:00:00,73.79702347788377
2025-02-11 12:00:00,68.68799877556874
2025-02-11 13:00:00,64.14664348462205
2025-02-11 14:00:00,62.44363525051704
2025-02-11 15:00:00,42.38598271550247
2025-02-11 16:00:00,35.19550350483688
2025-02-11 17:00:00,35.38472664195966
2025-02-11 18:00:00,35.38472664195966
2025-02-11 19:00:00,38.223073698801336
2025-02-11 20:00:00,76.2569242604799
2025-02-11 21:00:00,76.82459367184823
2025-02-11 22:00:00,74.36469288925211
2025-02-11 23:00:00,49.954908200413634
2025-02-12 00:00:00,37.276958013187446
2025-02-12 01:00:00,36.52006546469633
2025-02-12 02:00:00,34.81705723059132
2025-02-12 03:00:00,35.952396053327995
2025-02-12 04:00:00,35.19550350483688
2025-02-12 05:00:00,35.38472664195966
2025-02-12 06:00:00,35.763172916205214
2025-02-12 07:00:00,35.19550350483688
2025-02-12 08:00:00,35.38472664195966
2025-02-12 09:00:00,36.141619190450776
2025-02-12 10:00:00,39.16918938441523
2025-02-12 11:00:00,34.24938781922298
2025-02-12 12:00:00,36.141619190450776
2025-02-12 13:00:00,57.71305682244757
2025-02-12 14:00:00,62.06518897627148
2025-02-12 15:00:00,62.632858387639814
2025-02-12 16:00:00,73.79702347788377
2025-02-12 17:00:00,71.14789955816487
2025-02-12 18:00:00,68.68799877556874
2025-02-12 19:00:00,66.22809799297262
2025-02-12 20:00:00,65.47120544448151
2025-02-12 21:00:00,51.468693297395866
2025-02-12 22:00:00,35.19550350483688
2025-02-12 23:00:00,36.33084232757355
2025-02-13 00:00:00,36.141619190450776
2025-02-13 01:00:00,35.0062803677141
2025-02-13 02:00:00,37.276958013187446
2025-02-13 03:00:00,37.655404287433
2025-02-13 04:00:00,35.19550350483688
2025-02-13 05:00:00,35.763172916205214
2025-02-13 06:00:00,35.0062803677141
2025-02-13 07:00:00,36.141619190450776
2025-02-13 08:00:00,35.952396053327995
2025-02-13 09:00:00,37.84462742455578
2025-02-13 10:00:00,36.141619190450776
2025-02-13 11:00:00,35.57394977908243
2025-02-13 12:00:00,35.952396053327995
2025-02-13 13:00:00,46.17044545795805
2025-02-13 14:00:00,66.60654426721818
2025-02-13 15:00:00,73.22935406651544
2025-02-13 16:00:00,79.28449445444437
2025-02-13 17:00:00,79.09527131732158
2025-02-13 18:00:00,68.30955250132318
2025-02-13 19:00:00,65.28198230735872
2025-02-13 20:00:00,63.76819721037649
2025-02-13 21:00:00,49.00879251479974
2025-02-13 22:00:00,35.763172916205214
2025-02-13 23:00:00,35.19550350483688
2025-02-14 00:00:00,35.57394977908243
2025-02-14 01:00:00,35.38472664195966
2025-02-14 02:00:00,54.87470976560588
2025-02-14 03:00:00,61.11907329065758
2025-02-14 04:00:00,60.172957605043685
2025-02-14 05:00:00,44.46743722385304
2025-02-14 06:00:00,35.19550350483688
2025-02-14 07:00:00,34.62783409346854
2025-02-14 08:00:00,34.62783409346854
2025-02-14 09:00:00,42.76442898974803
2025-02-14 10:00:00,62.25441211339425
2025-02-14 11:00:00,63.011304661885376
2025-02-14 12:00:00,69.63411446118263
2025-02-14 13:00:00,70.76945328391932
2025-02-14 14:00:00,65.09275917023595
2025-02-14 15:00:00,76.2569242604799
2025-02-14 16:00:00,78.14915563170769
2025-02-14 17:00:00,64.90353603311316
2025-02-14 18:00:00,63.95742034749927
2025-02-14 19:00:00,63.95742034749927
2025-02-14 20:00:00,61.68674270202592
2025-02-14 21:00:00,58.09150309669313
2025-02-14 22:00:00,35.0062803677141
2025-02-14 23:00:00,36.141619190450776
2025-02-15 00:00:00,35.38472664195966
2025-02-15 01:00:00,34.62783409346854
2025-02-15 02:00:00,35.763172916205214
2025-02-15 03:00:00,35.38472664195966
2025-02-15 04:00:00,35.0062803677141
2025-02-15 05:00:00,36.141619190450776
2025-02-15 06:00:00,42.95365212687081
2025-02-15 07:00:00,61.68674270202592
2025-02-15 08:00:00,77.39226308321658
2025-02-15 09:00:00,79.28449445444437
2025-02-15 10:00:00,84.77196543100494
2025-02-15 11:00:00,72.09401524377876
2025-02-15 12:00:00,66.60654426721818
2025-02-15 13:00:00,64.90353603311316
2025-02-15 14:00:00,62.632858387639814
2025-02-15 15:00:00,61.11907329065758
2025-02-15 16:00:00,60.172957605043685
2025-02-15 17:00:00,62.632858387639814
2025-02-15 18:00:00,60.551403879289246
2025-02-15 19:00:00,60.551403879289246
2025-02-15 20:00:00,60.92985015353481
2025-02-15 21:00:00,61.11907329065758
2025-02-15 22:00:00,42.1967595783797
2025-02-15 23:00:00,35.57394977908243
2025-02-16 00:00:00,35.19550350483688
2025-02-16 01:00:00,35.19550350483688
2025-02-16 02:00:00,36.898511738941885
2025-02-16 03:00:00,61.68674270202592
2025-02-16 04:00:00,61.30829642778037
2025-02-16 05:00:00,60.36218074216647
2025-02-16 06:00:00,42.00753644125692
2025-02-16 07:00:00,35.19550350483688
2025-02-16 08:00:00,34.62783409346854
2025-02-16 09:00:00,37.84462742455578
2025-02-16 10:00:00,59.416065056552576
2025-02-16 11:00:00,60.551403879289246
2025-02-16 12:00:00,58.65917250806147
2025-02-16 13:00:00,59.416065056552576
2025-02-16 14:00:00,59.79451133079814
2025-02-16 15:00:00,62.44363525051704
2025-02-16 16:00:00,68.68799877556874
2025-02-16 17:00:00,63.95742034749927
2025-02-16 18:00:00,67.36343681570929
2025-02-16 19:00:00,89.88099013331998
2025-02-16 20:00:00,94.99001483563501
2025-02-16 21:00:00,84.3935191567594
2025-02-16 22:00:00,71.14789955816487
2025-02-16 23:00:00,66.22809799297262
2025-02-17 00:00:00,65.28198230735872
2025-02-17 01:00:00,63.011304661885376
2025-02-17 02:00:00,62.06518897627148
2025-02-17 03:00:00,60.36218074216647
2025-02-17 04:00:00,61.11907329065758
2025-02-17 05:00:00,61.49751956490314
2025-02-17 06:00:00,59.79451133079814
2025-02-17 07:00:00,60.551403879289246
2025-02-17 08:00:00,59.98373446792091
2025-02-17 09:00:00,68.87722191269152
2025-02-17 10:00:00,66.03887485584984
2025-02-17 11:00:00,61.875965839148705
2025-02-17 12:00:00,59.79451133079814
2025-02-17 13:00:00,60.172957605043685
2025-02-17 14:00:00,60.92985015353481
2025-02-17 15:00:00,69.06644504981429
2025-02-17 16:00:00,91.58399836742498
2025-02-17 17:00:00,98.96370071521336
2025-02-17 18:00:00,96.50379993261724
2025-02-17 19:00:00,87.79953562496941
2025-02-17 20:00:00,81.17672582567215
2025-02-17 21:00:00,75.68925484911156
2025-02-17 22:00:00,75.68925484911156
2025-02-17 23:00:00,65.47120544448151
2025-02-18 00:00:00,65.66042858160428
2025-02-18 01:00:00,61.11907329065758
2025-02-18 02:00:00,60.36218074216647
2025-02-18 03:00:00,59.98373446792091
2025-02-18 04:00:00,60.36218074216647
2025-02-18 05:00:00,59.60528819367535
2025-02-18 06:00:00,60.740627016412034
2025-02-18 07:00:00,45.41355290946694
2025-02-18 08:00:00,34.62783409346854
2025-02-18 09:00:00,38.97996624729245
2025-02-18 10:00:00,50.52257761178197
2025-02-18 11:00:00,61.68674270202592
2025-02-18 12:00:00,60.551403879289246
2025-02-18 13:00:00,59.98373446792091
2025-02-18 14:00:00,60.740627016412034
2025-02-18 15:00:00,69.82333759830541
2025-02-18 16:00:00,79.47371759156714
2025-02-18 17:00:00,74.36469288925211
2025-02-18 18:00:00,72.85090779226988
2025-02-18 19:00:00,69.82333759830541
2025-02-18 20:00:00,63.20052779900815
2025-02-18 21:00:00,36.33084232757355
2025-02-18 22:00:00,35.38472664195966
2025-02-18 23:00:00,35.763172916205214
2025-02-19 00:00:00,34.62783409346854
2025-02-19 01:00:00,52.60403212013254
2025-02-19 02:00:00,61.49751956490314
2025-02-19 03:00:00,60.740627016412034
2025-02-19 04:00:00,46.17044545795805
2025-02-19 05:00:00,35.763172916205214
2025-02-19 06:00:00,35.19550350483688
2025-02-19 07:00:00,34.43861095634576
2025-02-19 08:00:00,34.24938781922298
2025-02-19 09:00:00,50.52257761178197
2025-02-19 10:00:00,63.011304661885376
2025-02-19 11:00:00,59.79451133079814
2025-02-19 12:00:00,60.740627016412034
2025-02-19 13:00:00,59.037618782307014
2025-02-19 14:00:00,59.98373446792091
2025-02-19 15:00:00,59.416065056552576
2025-02-19 16:00:00,59.98373446792091
2025-02-19 17:00:00,60.36218074216647
2025-02-19 18:00:00,60.551403879289246
2025-02-19 19:00:00,60.172957605043685
2025-02-19 20:00:00,57.90227995957034
2025-02-19 21:00:00,34.62783409346854
2025-02-19 22:00:00,34.43861095634576
2025-02-19 23:00:00,35.0062803677141
2025-02-20 00:00:00,60.551403879289246
2025-02-20 01:00:00,59.98373446792091
2025-02-20 02:00:00,60.551403879289246
2025-02-20 03:00:00,59.98373446792091
2025-02-20 04:00:00,60.92985015353481
2025-02-20 05:00:00,60.36218074216647
2025-02-20 06:00:00,41.818313304134136
2025-02-20 07:00:00,34.24938781922298
2025-02-20 08:00:00,34.06016468210021
2025-02-20 09:00:00,57.52383368532478
2025-02-20 10:00:00,64.33586662174483
2025-02-20 11:00:00,60.740627016412034
2025-02-20 12:00:00,60.740627016412034
2025-02-20 13:00:00,59.98373446792091
2025-02-20 14:00:00,62.44363525051704
2025-02-20 15:00:00,79.47371759156714
2025-02-20 16:00:00,83.63662660826827
2025-02-20 17:00:00,82.87973405977716
2025-02-20 18:00:00,76.63537053472545
2025-02-20 19:00:00,66.41732113009539
2025-02-20 20:00:00,65.84965171872706
2025-02-20 21:00:00,63.95742034749927
2025-02-20 22:00:00,49.954908200413634
2025-02-20 23:00:00,34.24938781922298
2025-02-21 00:00:00,36.52006546469633
2025-02-21 01:00:00,40.682974481397466
2025-02-21 02:00:00,61.30829642778037
2025-02-21 03:00:00,60.172957605043685
2025-02-21 04:00:00,61.49751956490314
2025-02-21 05:00:00,60.92985015353481
2025-02-21 06:00:00,54.685486628483105
2025-02-21 07:00:00,34.81705723059132
2025-02-21 08:00:00,38.03385056167856
2025-02-21 09:00:00,40.682974481397466
2025-02-21 10:00:00,64.52508975886761
2025-02-21 11:00:00,70.58023014679652
2025-02-21 12:00:00,75.87847798623434
2025-02-21 13:00:00,76.2569242604799
2025-02-21 14:00:00,75.87847798623434
2025-02-21 15:00:00,85.52885797949607
2025-02-21 16:00:00,84.20429601963662
2025-02-21 17:00:00,76.82459367184823
2025-02-21 18:00:00,67.74188308995485
2025-02-21 19:00:00,64.33586662174483
2025-02-21 20:00:00,62.632858387639814
2025-02-21 21:00:00,61.49751956490314
2025-02-21 22:00:00,60.36218074216647
2025-02-21 23:00:00,37.84462742455578
2025-02-22 00:00:00,35.57394977908243
2025-02-22 01:00:00,34.06016468210021
2025-02-22 02:00:00,42.1967595783797
2025-02-22 03:00:00,60.92985015353481
2025-02-22 04:00:00,59.416065056552576
2025-02-22 05:00:00,59.416065056552576
2025-02-22 06:00:00,59.60528819367535
2025-02-22 07:00:00,59.79451133079814
2025-02-22 08:00:00,48.81956937767696
2025-02-22 09:00:00,34.43861095634576
2025-02-22 10:00:00,34.62783409346854
2025-02-22 11:00:00,48.25189996630862
2025-02-22 12:00:00,58.65917250806147
2025-02-22 13:00:00,58.46994937093868
2025-02-22 14:00:00,59.79451133079814
2025-02-22 15:00:00,58.280726233815905
2025-02-22 16:00:00,59.037618782307014
2025-02-22 17:00:00,60.36218074216647
2025-02-22 18:00:00,60.740627016412034
2025-02-22 19:00:00,59.98373446792091
2025-02-22 20:00:00,60.740627016412034
2025-02-22 21:00:00,59.60528819367535
2025-02-22 22:00:00,60.92985015353481
2025-02-22 23:00:00,60.551403879289246
2025-02-23 00:00:00,41.06142075564302
2025-02-23 01:00:00,35.19550350483688
2025-02-23 02:00:00,34.43861095634576
2025-02-23 03:00:00,35.57394977908243
2025-02-23 04:00:00,53.928594079991996
2025-02-23 05:00:00,61.875965839148705
2025-02-23 06:00:00,61.30829642778037
2025-02-23 07:00:00,59.79451133079814
2025-02-23 08:00:00,42.1967595783797
2025-02-23 09:00:00,40.493751344274685
2025-02-23 10:00:00,38.97996624729245
2025-02-23 11:00:00,36.141619190450776
2025-02-23 12:00:00,46.92733800644917
2025-02-23 13:00:00,62.8220815247626
2025-02-23 14:00:00,62.632858387639814
2025-02-23 15:00:00,71.33712269528765
2025-02-23 16:00:00,75.310808574866
2025-02-23 17:00:00,74.93236230062045
2025-02-23 18:00:00,50.71180074890474
2025-02-23 19:00:00,46.17044545795805
2025-02-23 20:00:00,53.36092466862366
2025-02-23 21:00:00,51.27947016027309
2025-02-23 22:00:00,40.11530507002913
2025-02-23 23:00:00,40.304528207151904
2025-02-24 00:00:00,38.03385056167856
2025-02-24 01:00:00,38.03385056167856
2025-02-24 02:00:00,37.276958013187446
2025-02-24 03:00:00,34.81705723059132
2025-02-24 04:00:00,35.38472664195966
2025-02-24 05:00:00,36.141619190450776
2025-02-24 06:00:00,36.70928860181911
2025-02-24 07:00:00,35.57394977908243
2025-02-24 08:00:00,35.38472664195966
2025-02-24 09:00:00,35.38472664195966
2025-02-24 10:00:00,35.19550350483688
2025-02-24 11:00:00,35.19550350483688
2025-02-24 12:00:00,35.763172916205214
2025-02-24 13:00:00,34.81705723059132
2025-02-24 14:00:00,35.38472664195966
2025-02-24 15:00:00,34.62783409346854
2025-02-24 16:00:00,34.24938781922298
2025-02-24 17:00:00,49.00879251479974
2025-02-24 18:00:00,74.36469288925211
2025-02-24 19:00:00,75.12158543774322
2025-02-24 20:00:00,86.47497366510997
2025-02-24 21:00:00,84.20429601963662
2025-02-24 22:00:00,76.82459367184823
2025-02-24 23:00:00,48.06267682918585
2025-02-25 00:00:00,40.493751344274685
2025-02-25 01:00:00,38.79074311016968
2025-02-25 02:00:00,36.33084232757355
2025-02-25 03:00:00,35.38472664195966
2025-02-25 04:00:00,35.57394977908243
2025-02-25 05:00:00,35.0062803677141
2025-02-25 06:00:00,35.38472664195966
2025-02-25 07:00:00,55.820825451219775
2025-02-25 08:00:00,62.632858387639814
2025-02-25 09:00:00,60.551403879289246
2025-02-25 10:00:00,59.98373446792091
2025-02-25 11:00:00,64.33586662174483
2025-02-25 12:00:00,43.71054467536192
2025-02-25 13:00:00,34.43861095634576
2025-02-25 14:00:00,34.81705723059132
2025-02-25 15:00:00,53.73937094286921
2025-02-25 16:00:00,74.17546975212933
2025-02-25 17:00:00,75.12158543774322
2025-02-25 18:00:00,74.36469288925211
2025-02-25 19:00:00,73.41857720363822
2025-02-25 20:00:00,83.06895719689994
2025-02-25 21:00:00,67.17421367858651
2025-02-25 22:00:00,43.52132153823915
2025-02-25 23:00:00,40.682974481397466
2025-02-26 00:00:00,39.54763565866079
2025-02-26 01:00:00,36.52006546469633
2025-02-26 02:00:00,36.141619190450776
2025-02-26 03:00:00,36.33084232757355
2025-02-26 04:00:00,35.38472664195966
2025-02-26 05:00:00,36.898511738941885
2025-02-26 06:00:00,36.33084232757355
2025-02-26 07:00:00,35.763172916205214
2025-02-26 08:00:00,36.141619190450776
2025-02-26 09:00:00,35.0062803677141
2025-02-26 10:00:00,35.38472664195966
2025-02-26 11:00:00,36.33084232757355
2025-02-26 12:00:00,39.54763565866079
2025-02-26 13:00:00,61.68674270202592
2025-02-26 14:00:00,65.09275917023595
2025-02-26 15:00:00,65.28198230735872
2025-02-26 16:00:00,77.77070935746214
2025-02-26 17:00:00,73.98624661500655
2025-02-26 18:00:00,75.310808574866
2025-02-26 19:00:00,74.74313916349767
2025-02-26 20:00:00,71.33712269528765
2025-02-26 21:00:00,45.224329772344156
2025-02-26 22:00:00,39.73685879578357
2025-02-26 23:00:00,38.41229683592412
2025-02-27 00:00:00,34.62783409346854
2025-02-27 01:00:00,35.57394977908243
2025-02-27 02:00:00,35.38472664195966
2025-02-27 03:00:00,35.763172916205214
2025-02-27 04:00:00,34.81705723059132
2025-02-27 05:00:00,35.57394977908243
2025-02-27 06:00:00,35.19550350483688
2025-02-27 07:00:00,34.62783409346854
2025-02-27 08:00:00,35.57394977908243
2025-02-27 09:00:00,35.38472664195966
2025-02-27 10:00:00,40.87219761852025
2025-02-27 11:00:00,58.280726233815905
2025-02-27 12:00:00,59.98373446792091
2025-02-27 13:00:00,59.60528819367535
2025-02-27 14:00:00,73.79702347788377
2025-02-27 15:00:00,95.93613052124891
2025-02-27 16:00:00,106.91107247437007
2025-02-27 17:00:00,105.7757336516334
2025-02-27 18:00:00,91.77322150454778
2025-02-27 19:00:00,73.41857720363822
2025-02-27 20:00:00,65.84965171872706
2025-02-27 21:00:00,64.33586662174483
2025-02-27 22:00:00,62.25441211339425
2025-02-27 23:00:00,61.49751956490314
2025-02-28 00:00:00,61.49751956490314
2025-02-28 01:00:00,60.551403879289246
2025-02-28 02:00:00,60.92985015353481
2025-02-28 03:00:00,60.172957605043685
2025-02-28 04:00:00,59.60528819367535
2025-02-28 05:00:00,62.06518897627148
2025-02-28 06:00:00,59.60528819367535
2025-02-28 07:00:00,59.416065056552576
2025-02-28 08:00:00,59.98373446792091
2025-02-28 09:00:00,36.898511738941885
2025-02-28 10:00:00,33.681718407854646
2025-02-28 11:00:00,51.468693297395866
2025-02-28 12:00:00,59.79451133079814
2025-02-28 13:00:00,66.98499054146373
2025-02-28 14:00:00,73.98624661500655
2025-02-28 15:00:00,84.01507288251383
2025-02-28 16:00:00,79.66294072868993
2025-02-28 17:00:00,70.58023014679652
2025-02-28 18:00:00,66.79576740434095
2025-02-28 19:00:00,64.52508975886761
2025-02-28 20:00:00,50.52257761178197
2025-02-28 21:00:00,34.62783409346854
2025-02-28 22:00:00,35.0062803677141
2025-02-28 23:00:00,35.19550350483688
2025-03-01 00:00:00,25.261900882960738
2025-03-01 01:00:00,25.539504189366898
2025-03-01 02:00:00,26.372314108585385
2025-03-01 03:00:00,25.40070253616382
2025-03-01 04:00:00,25.67830584256998
2025-03-01 05:00:00,26.094710802179222
2025-03-01 06:00:00,26.094710802179222
2025-03-01 07:00:00,26.233512455382304
2025-03-01 08:00:00,31.924380236708625
2025-03-01 09:00:00,40.25247942889348
2025-03-01 10:00:00,45.38814059740748
2025-03-01 11:00:00,37.06004140522262
2025-03-01 12:00:00,33.451198421942514
2025-03-01 13:00:00,38.864462896862676
2025-03-01 14:00:00,49.13578523389066
2025-03-01 15:00:00,48.58057862107834
2025-03-01 16:00:00,45.52694225061056
2025-03-01 17:00:00,47.05376043584445
2025-03-01 18:00:00,45.249338944204396
2025-03-01 19:00:00,41.501694307721216
2025-03-01 20:00:00,26.649917414991545
2025-03-01 21:00:00,26.511115761788467
2025-03-01 22:00:00,25.539504189366898
2025-03-01 23:00:00,26.372314108585385
2025-03-02 00:00:00,26.372314108585385
2025-03-02 01:00:00,26.094710802179222
2025-03-02 02:00:00,26.511115761788467
2025-03-02 03:00:00,26.511115761788467
2025-03-02 04:00:00,26.372314108585385
2025-03-02 05:00:00,27.066322374600787
2025-03-02 06:00:00,26.233512455382304
2025-03-02 07:00:00,25.67830584256998
2025-03-02 08:00:00,26.094710802179222
2025-03-02 09:00:00,27.066322374600787
2025-03-02 10:00:00,29.703553785459327
2025-03-02 11:00:00,29.287148825850085
2025-03-02 12:00:00,28.037933947022356
2025-03-02 13:00:00,28.176735600225438
2025-03-02 14:00:00,25.261900882960738
2025-03-02 15:00:00,27.62152898741311
2025-03-02 16:00:00,37.47644636483186
2025-03-02 17:00:00,54.132644749201575
2025-03-02 18:00:00,52.60582656396768
2025-03-02 19:00:00,50.80140507232764
2025-03-02 20:00:00,54.132644749201575
2025-03-02 21:00:00,36.643636445613375
2025-03-02 22:00:00,29.287148825850085
2025-03-02 23:00:00,27.62152898741311
2025-03-03 00:00:00,26.92752072139771
2025-03-03 01:00:00,24.984297576554578
2025-03-03 02:00:00,24.42909096374225
2025-03-03 03:00:00,25.81710749577306
2025-03-03 04:00:00,24.29028931053917
2025-03-03 05:00:00,24.984297576554578
2025-03-03 06:00:00,24.42909096374225
2025-03-03 07:00:00,24.42909096374225
2025-03-03 08:00:00,30.53636370467781
2025-03-03 09:00:00,25.539504189366898
2025-03-03 10:00:00,24.42909096374225
2025-03-03 11:00:00,31.091570317490138
2025-03-03 12:00:00,42.056900920533536
2025-03-03 13:00:00,46.49855382303213
2025-03-03 14:00:00,52.05061995115536
2025-03-03 15:00:00,56.07586789404471
2025-03-03 16:00:00,59.26830591771558
2025-03-03 17:00:00,66.06958692466654
2025-03-03 18:00:00,65.23677700544806
2025-03-03 19:00:00,59.96231418373098
2025-03-03 20:00:00,63.29355386060492
2025-03-03 21:00:00,59.68471087732482
2025-03-03 22:00:00,56.9086778132632
2025-03-03 23:00:00,52.46702491076461
2025-03-04 00:00:00,33.451198421942514
2025-03-04 01:00:00,25.67830584256998
2025-03-04 02:00:00,25.81710749577306
2025-03-04 03:00:00,26.511115761788467
2025-03-04 04:00:00,26.094710802179222
2025-03-04 05:00:00,31.23037197069322
2025-03-04 06:00:00,44.83293398459515
2025-03-04 07:00:00,45.52694225061056
2025-03-04 08:00:00,45.9433472102198
2025-03-04 09:00:00,45.52694225061056
2025-03-04 10:00:00,28.73194221303776
2025-03-04 11:00:00,32.34078519631787
2025-03-04 12:00:00,45.249338944204396
2025-03-04 13:00:00,55.65946293443547
2025-03-04 14:00:00,59.545909224121736
2025-03-04 15:00:00,62.46074394138644
2025-03-04 16:00:00,74.39768611685139
2025-03-04 17:00:00,71.62165305278978
2025-03-04 18:00:00,68.42921502911892
2025-03-04 19:00:00,58.990702611309416
2025-03-04 20:00:00,62.32194228818336
2025-03-04 21:00:00,63.29355386060492
2025-03-04 22:00:00,54.27144640240466
2025-03-04 23:00:00,52.60582656396768
2025-03-05 00:00:00,50.523801765921476
2025-03-05 01:00:00,40.1136777756904
2025-03-05 02:00:00,25.539504189366898
2025-03-05 03:00:00,26.094710802179222
2025-03-05 04:00:00,33.31239676873943
2025-03-05 05:00:00,43.16731414615818
2025-03-05 06:00:00,43.722520758970504
2025-03-05 07:00:00,43.58371910576742
2025-03-05 08:00:00,44.00012406537667
2025-03-05 09:00:00,45.110537291001314
2025-03-05 10:00:00,44.555330678188994
2025-03-05 11:00:00,43.0285124929551
2025-03-05 12:00:00,43.44491745256435
2025-03-05 13:00:00,44.13892571857974
2025-03-05 14:00:00,46.49855382303213
2025-03-05 15:00:00,56.9086778132632
2025-03-05 16:00:00,55.65946293443547
2025-03-05 17:00:00,54.82665301521698
2025-03-05 18:00:00,52.46702491076461
2025-03-05 19:00:00,53.716239789592336
2025-03-05 20:00:00,54.27144640240466
2025-03-05 21:00:00,57.88028938568476
2025-03-05 22:00:00,57.46388442607552
2025-03-05 23:00:00,54.82665301521698
2025-03-06 00:00:00,45.80454555701672
2025-03-06 01:00:00,43.86132241217359
2025-03-06 02:00:00,44.13892571857974
2025-03-06 03:00:00,43.86132241217359
2025-03-06 04:00:00,35.11681826037948
2025-03-06 05:00:00,25.261900882960738
2025-03-06 06:00:00,25.40070253616382
2025-03-06 07:00:00,29.703553785459327
2025-03-06 08:00:00,45.38814059740748
2025-03-06 09:00:00,45.52694225061056
2025-03-06 10:00:00,45.80454555701672
2025-03-06 11:00:00,47.47016539545369
2025-03-06 12:00:00,48.02537200826602
2025-03-06 13:00:00,44.97173563779824
2025-03-06 14:00:00,50.385000112718394
2025-03-06 15:00:00,54.54904970881082
2025-03-06 16:00:00,61.90553732857412
2025-03-06 17:00:00,59.12950426451249
2025-03-06 18:00:00,52.60582656396768
2025-03-06 19:00:00,48.99698358068758
2025-03-06 20:00:00,48.02537200826602
2025-03-06 21:00:00,47.05376043584445
2025-03-06 22:00:00,44.694132331392076
2025-03-06 23:00:00,44.27772737178283
2025-03-07 00:00:00,45.249338944204396
2025-03-07 01:00:00,44.27772737178283
2025-03-07 02:00:00,44.694132331392076
2025-03-07 03:00:00,44.555330678188994
2025-03-07 04:00:00,44.97173563779824
2025-03-07 05:00:00,45.110537291001314
2025-03-07 06:00:00,45.110537291001314
2025-03-07 07:00:00,44.13892571857974
2025-03-07 08:00:00,44.41652902498591
2025-03-07 09:00:00,47.19256208904753
2025-03-07 10:00:00,64.2651654330265
2025-03-07 11:00:00,72.31566131880518
2025-03-07 12:00:00,71.89925635919595
2025-03-07 13:00:00,68.15161172271276
2025-03-07 14:00:00,65.09797535224497
2025-03-07 15:00:00,70.7888431335713
2025-03-07 16:00:00,73.14847123802367
2025-03-07 17:00:00,66.90239684388503
2025-03-07 18:00:00,64.54276873943265
2025-03-07 19:00:00,64.2651654330265
2025-03-07 20:00:00,61.21152906255871
2025-03-07 21:00:00,57.88028938568476
2025-03-07 22:00:00,51.91181829795229
2025-03-07 23:00:00,55.38185962802931
2025-03-08 00:00:00,48.99698358068758
2025-03-08 01:00:00,48.99698358068758
2025-03-08 02:00:00,48.71938027428142
2025-03-08 03:00:00,49.13578523389066
2025-03-08 04:00:00,48.44177696787526
2025-03-08 05:00:00,49.13578523389066
2025-03-08 06:00:00,50.385000112718394
2025-03-08 07:00:00,61.627934022167956
2025-03-08 08:00:00,62.599545594589515
2025-03-08 09:00:00,67.31880180349428
2025-03-08 10:00:00,62.32194228818336
2025-03-08 11:00:00,55.798264587638556
2025-03-08 12:00:00,52.46702491076461
2025-03-08 13:00:00,51.35661168513996
2025-03-08 14:00:00,49.968595153109156
2025-03-08 15:00:00,50.940206725530714
2025-03-08 16:00:00,57.32508277287244
2025-03-08 17:00:00,56.07586789404471
2025-03-08 18:00:00,53.716239789592336
2025-03-08 19:00:00,49.82979349990607
2025-03-08 20:00:00,48.71938027428142
2025-03-08 21:00:00,48.71938027428142
2025-03-08 22:00:00,48.99698358068758
2025-03-08 23:00:00,48.58057862107834
2025-03-09 00:00:00,49.13578523389066
2025-03-09 01:00:00,49.27458688709375
2025-03-09 02:00:00,47.886570355062936
2025-03-09 03:00:00,48.58057862107834
2025-03-09 04:00:00,49.27458688709375
2025-03-09 05:00:00,48.8581819274845
2025-03-09 06:00:00,48.302975314672175
2025-03-09 07:00:00,48.44177696787526
2025-03-09 08:00:00,52.88342987037385
2025-03-09 09:00:00,51.91181829795229
2025-03-09 10:00:00,48.8581819274845
2025-03-09 11:00:00,48.44177696787526
2025-03-09 12:00:00,48.44177696787526
2025-03-09 13:00:00,52.05061995115536
2025-03-09 14:00:00,64.2651654330265
2025-03-09 15:00:00,74.12008281044524
2025-03-09 16:00:00,72.17685966560211
2025-03-09 17:00:00,91.74789276723652
2025-03-09 18:00:00,107.43247957918467
2025-03-09 19:00:00,107.15487627277851
2025-03-09 20:00:00,90.77628119481496
2025-03-09 21:00:00,72.87086793161751
2025-03-09 22:00:00,71.06644643997745
2025-03-09 23:00:00,69.40082660154049
2025-03-10 00:00:00,60.93392575615255
2025-03-10 01:00:00,56.49227285365396
2025-03-10 02:00:00,54.54904970881082
2025-03-10 03:00:00,52.88342987037385
2025-03-10 04:00:00,52.328223257561525
2025-03-10 05:00:00,53.43863648318618
2025-03-10 06:00:00,51.63421499154612
2025-03-10 07:00:00,54.27144640240466
2025-03-10 08:00:00,57.46388442607552
2025-03-10 09:00:00,58.157892692090925
2025-03-10 10:00:00,63.01595055419876
2025-03-10 11:00:00,68.42921502911892
2025-03-10 12:00:00,66.3471902310727
2025-03-10 13:00:00,68.568016682322
2025-03-10 14:00:00,65.79198361826039
2025-03-10 15:00:00,80.36615720458389
2025-03-10 16:00:00,90.35987623520572
2025-03-10 17:00:00,83.69739688145782
2025-03-10 18:00:00,80.50495885778696
2025-03-10 19:00:00,78.0065291001315
2025-03-10 20:00:00,74.12008281044524
2025-03-10 21:00:00,70.51123982716514
2025-03-10 22:00:00,61.90553732857412
2025-03-10 23:00:00,57.6026860792786
2025-03-11 00:00:00,52.05061995115536
2025-03-11 01:00:00,50.385000112718394
2025-03-11 02:00:00,48.8581819274845
2025-03-11 03:00:00,47.886570355062936
2025-03-11 04:00:00,48.8581819274845
2025-03-11 05:00:00,47.886570355062936
2025-03-11 06:00:00,48.1641736614691
2025-03-11 07:00:00,61.07272740935562
2025-03-11 08:00:00,59.26830591771558
2025-03-11 09:00:00,59.8235125305279
2025-03-11 10:00:00,56.353471200450876
2025-03-11 11:00:00,53.43863648318618
2025-03-11 12:00:00,50.24619845951531
2025-03-11 13:00:00,48.71938027428142
2025-03-11 14:00:00,48.58057862107834
2025-03-11 15:00:00,55.65946293443547
2025-03-11 16:00:00,66.20838857786963
2025-03-11 17:00:00,68.568016682322
2025-03-11 18:00:00,66.06958692466654
2025-03-11 19:00:00,69.26202494833741
2025-03-11 20:00:00,67.45760345669736
2025-03-11 21:00:00,54.54904970881082
2025-03-11 22:00:00,51.63421499154612
2025-03-11 23:00:00,49.55219019349991
2025-03-12 00:00:00,48.302975314672175
2025-03-12 01:00:00,48.8581819274845
2025-03-12 02:00:00,47.886570355062936
2025-03-12 03:00:00,48.71938027428142
2025-03-12 04:00:00,47.60896704865677
2025-03-12 05:00:00,36.782438098816456
2025-03-12 06:00:00,25.67830584256998
2025-03-12 07:00:00,27.34392568100695
2025-03-12 08:00:00,51.21781003193688
2025-03-12 09:00:00,55.38185962802931
2025-03-12 10:00:00,53.9938430959985
2025-03-12 11:00:00,51.35661168513996
2025-03-12 12:00:00,46.49855382303213
2025-03-12 13:00:00,50.385000112718394
2025-03-12 14:00:00,51.63421499154612
2025-03-12 15:00:00,48.58057862107834
2025-03-12 16:00:00,40.25247942889348
2025-03-12 17:00:00,42.19570257373661
2025-03-12 18:00:00,39.97487612248732
2025-03-12 19:00:00,40.25247942889348
2025-03-12 20:00:00,41.22409100131505
2025-03-12 21:00:00,40.66888438850272
2025-03-12 22:00:00,40.66888438850272
2025-03-12 23:00:00,40.25247942889348
2025-03-13 00:00:00,23.041074431711444
2025-03-13 01:00:00,21.65305789968063
2025-03-13 02:00:00,21.930661206086796
2025-03-13 03:00:00,21.930661206086796
2025-03-13 04:00:00,22.90227277850836
2025-03-13 05:00:00,21.79185955288371
2025-03-13 06:00:00,22.06946285928987
2025-03-13 07:00:00,34.70041330077024
2025-03-13 08:00:00,44.694132331392076
2025-03-13 09:00:00,46.22095051662596
2025-03-13 10:00:00,49.968595153109156
2025-03-13 11:00:00,54.132644749201575
2025-03-13 12:00:00,52.88342987037385
2025-03-13 13:00:00,55.798264587638556
2025-03-13 14:00:00,54.54904970881082
2025-03-13 15:00:00,56.07586789404471
2025-03-13 16:00:00,55.38185962802931
2025-03-13 17:00:00,51.35661168513996
2025-03-13 18:00:00,47.886570355062936
2025-03-13 19:00:00,47.19256208904753
2025-03-13 20:00:00,44.00012406537667
2025-03-13 21:00:00,45.38814059740748
2025-03-13 22:00:00,44.27772737178283
2025-03-13 23:00:00,44.83293398459515
2025-03-14 00:00:00,44.00012406537667
2025-03-14 01:00:00,44.555330678188994
2025-03-14 02:00:00,44.83293398459515
2025-03-14 03:00:00,44.694132331392076
2025-03-14 04:00:00,44.13892571857974
2025-03-14 05:00:00,44.83293398459515
2025-03-14 06:00:00,44.41652902498591
2025-03-14 07:00:00,46.77615712943828
2025-03-14 08:00:00,39.97487612248732
2025-03-14 09:00:00,25.261900882960738
2025-03-14 10:00:00,32.895991809130194
2025-03-14 11:00:00,37.892851324441104
2025-03-14 12:00:00,56.353471200450876
2025-03-14 13:00:00,53.9938430959985
2025-03-14 14:00:00,58.990702611309416
2025-03-14 15:00:00,53.85504144279542
2025-03-14 16:00:00,47.47016539545369
2025-03-14 17:00:00,44.97173563779824
2025-03-14 18:00:00,43.44491745256435
2025-03-14 19:00:00,44.694132331392076
2025-03-14 20:00:00,44.97173563779824
2025-03-14 21:00:00,44.555330678188994
2025-03-14 22:00:00,45.249338944204396
2025-03-14 23:00:00,30.53636370467781
2025-03-15 00:00:00,24.845495923351496
2025-03-15 01:00:00,25.81710749577306
2025-03-15 02:00:00,26.233512455382304
2025-03-15 03:00:00,25.539504189366898
2025-03-15 04:00:00,31.091570317490138
2025-03-15 05:00:00,45.110537291001314
2025-03-15 06:00:00,45.38814059740748
2025-03-15 07:00:00,49.55219019349991
2025-03-15 08:00:00,62.044338981777194
2025-03-15 09:00:00,65.6531819650573
2025-03-15 10:00:00,58.57429765170017
2025-03-15 11:00:00,53.9938430959985
2025-03-15 12:00:00,51.21781003193688
2025-03-15 13:00:00,47.60896704865677
2025-03-15 14:00:00,47.331363742250616
2025-03-15 15:00:00,43.722520758970504
2025-03-15 16:00:00,46.77615712943828
2025-03-15 17:00:00,43.722520758970504
2025-03-15 18:00:00,44.83293398459515
2025-03-15 19:00:00,44.555330678188994
2025-03-15 20:00:00,44.97173563779824
2025-03-15 21:00:00,48.302975314672175
2025-03-15 22:00:00,50.24619845951531
2025-03-15 23:00:00,53.29983482998309
2025-03-16 00:00:00,55.65946293443547
2025-03-16 01:00:00,57.46388442607552
2025-03-16 02:00:00,58.435495998497096
2025-03-16 03:00:00,56.9086778132632
2025-03-16 04:00:00,58.71309930490325
2025-03-16 05:00:00,59.26830591771558
2025-03-16 06:00:00,59.12950426451249
2025-03-16 07:00:00,62.46074394138644
2025-03-16 08:00:00,65.79198361826039
2025-03-16 09:00:00,75.50809934247604
2025-03-16 10:00:00,71.34404974638362
2025-03-16 11:00:00,71.34404974638362
2025-03-16 12:00:00,69.12322329513432
2025-03-16 13:00:00,61.21152906255871
2025-03-16 14:00:00,59.26830591771558
2025-03-16 15:00:00,54.82665301521698
2025-03-16 16:00:00,55.38185962802931
2025-03-16 17:00:00,60.23991749013714
2025-03-16 18:00:00,68.568016682322
2025-03-16 19:00:00,74.81409107646066
2025-03-16 20:00:00,67.59640510990043
2025-03-16 21:00:00,56.49227285365396
2025-03-16 22:00:00,48.58057862107834
2025-03-16 23:00:00,48.1641736614691
2025-03-17 00:00:00,45.80454555701672
2025-03-17 01:00:00,41.22409100131505
2025-03-17 02:00:00,25.123099229757656
2025-03-17 03:00:00,26.094710802179222
2025-03-17 04:00:00,26.094710802179222
2025-03-17 05:00:00,26.094710802179222
2025-03-17 06:00:00,25.40070253616382
2025-03-17 07:00:00,25.539504189366898
2025-03-17 08:00:00,25.955909148976144
2025-03-17 09:00:00,26.094710802179222
2025-03-17 10:00:00,25.261900882960738
2025-03-17 11:00:00,26.094710802179222
2025-03-17 12:00:00,25.539504189366898
2025-03-17 13:00:00,32.47958684952095
2025-03-17 14:00:00,52.74462821717077
2025-03-17 15:00:00,54.82665301521698
2025-03-17 16:00:00,52.60582656396768
2025-03-17 17:00:00,50.66260341912455
2025-03-17 18:00:00,47.886570355062936
2025-03-17 19:00:00,43.44491745256435
2025-03-17 20:00:00,37.33764471162878
2025-03-17 21:00:00,41.64049596092429
2025-03-17 22:00:00,33.72880172834868
2025-03-17 23:00:00,29.425950479053167
2025-03-18 00:00:00,29.703553785459327
2025-03-18 01:00:00,27.899132293819278
2025-03-18 02:00:00,26.233512455382304
2025-03-18 03:00:00,27.066322374600787
2025-03-18 04:00:00,26.511115761788467
2025-03-18 05:00:00,26.788719068194627
2025-03-18 06:00:00,26.233512455382304
2025-03-18 07:00:00,26.511115761788467
2025-03-18 08:00:00,25.40070253616382
2025-03-18 09:00:00,26.094710802179222
2025-03-18 10:00:00,47.05376043584445
2025-03-18 11:00:00,47.05376043584445
2025-03-18 12:00:00,46.22095051662596
2025-03-18 13:00:00,45.52694225061056
2025-03-18 14:00:00,44.00012406537667
2025-03-18 15:00:00,44.555330678188994
2025-03-18 16:00:00,44.13892571857974
2025-03-18 17:00:00,50.24619845951531
2025-03-18 18:00:00,55.65946293443547
2025-03-18 19:00:00,58.71309930490325
2025-03-18 20:00:00,53.022231523576934
2025-03-18 21:00:00,50.24619845951531
2025-03-18 22:00:00,45.9433472102198
2025-03-18 23:00:00,45.110537291001314
2025-03-19 00:00:00,35.53322321998873
2025-03-19 01:00:00,26.233512455382304
2025-03-19 02:00:00,25.955909148976144
2025-03-19 03:00:00,25.67830584256998
2025-03-19 04:00:00,42.19570257373661
2025-03-19 05:00:00,61.350330715761785
2025-03-19 06:00:00,60.93392575615255
2025-03-19 07:00:00,62.87714890099568
2025-03-19 08:00:00,50.940206725530714
2025-03-19 09:00:00,43.30611579936126
2025-03-19 10:00:00,42.75090918654894
2025-03-19 11:00:00,42.3345042269397
2025-03-19 12:00:00,43.16731414615818
2025-03-19 13:00:00,48.58057862107834
2025-03-19 14:00:00,63.01595055419876
2025-03-19 15:00:00,68.84561998872816
2025-03-19 16:00:00,65.23677700544806
2025-03-19 17:00:00,60.93392575615255
2025-03-19 18:00:00,52.46702491076461
2025-03-19 19:00:00,44.13892571857974
2025-03-19 20:00:00,44.97173563779824
2025-03-19 21:00:00,42.473305880142775
2025-03-19 22:00:00,43.44491745256435
2025-03-19 23:00:00,43.16731414615818
2025-03-20 00:00:00,42.61210753334586
2025-03-20 01:00:00,43.44491745256435
2025-03-20 02:00:00,42.75090918654894
2025-03-20 03:00:00,42.61210753334586
2025-03-20 04:00:00,43.44491745256435
2025-03-20 05:00:00,43.16731414615818
2025-03-20 06:00:00,25.40070253616382
2025-03-20 07:00:00,26.788719068194627
2025-03-20 08:00:00,32.201983543114785
2025-03-20 09:00:00,42.056900920533536
2025-03-20 10:00:00,41.918099267330454
2025-03-20 11:00:00,41.36289265451813
2025-03-20 12:00:00,46.359752169829044
2025-03-20 13:00:00,53.43863648318618
2025-03-20 14:00:00,58.990702611309416
2025-03-20 15:00:00,74.81409107646066
2025-03-20 16:00:00,76.06330595528839
2025-03-20 17:00:00,68.98442164193125
2025-03-20 18:00:00,60.65632244974638
2025-03-20 19:00:00,55.93706624084163
2025-03-20 20:00:00,53.29983482998309
2025-03-20 21:00:00,50.940206725530714
2025-03-20 22:00:00,47.47016539545369
2025-03-20 23:00:00,46.22095051662596
2025-03-21 00:00:00,45.80454555701672
2025-03-21 01:00:00,44.97173563779824
2025-03-21 02:00:00,45.52694225061056
2025-03-21 03:00:00,45.249338944204396
2025-03-21 04:00:00,45.249338944204396
2025-03-21 05:00:00,44.83293398459515
2025-03-21 06:00:00,45.38814059740748
2025-03-21 07:00:00,44.13892571857974
2025-03-21 08:00:00,42.88971083975202
2025-03-21 09:00:00,48.8581819274845
2025-03-21 10:00:00,55.52066128123239
2025-03-21 11:00:00,59.8235125305279
2025-03-21 12:00:00,61.21152906255871
2025-03-21 13:00:00,58.435495998497096
2025-03-21 14:00:00,63.987562126620325
2025-03-21 15:00:00,66.3471902310727
2025-03-21 16:00:00,57.18628111966936
2025-03-21 17:00:00,55.798264587638556
2025-03-21 18:00:00,50.385000112718394
2025-03-21 19:00:00,49.82979349990607
2025-03-21 20:00:00,48.1641736614691
2025-03-21 21:00:00,47.747768701859854
2025-03-21 22:00:00,48.71938027428142
2025-03-21 23:00:00,48.1641736614691
2025-03-22 00:00:00,48.02537200826602
2025-03-22 01:00:00,48.02537200826602
2025-03-22 02:00:00,47.886570355062936
2025-03-22 03:00:00,48.44177696787526
2025-03-22 04:00:00,48.99698358068758
2025-03-22 05:00:00,29.84235543866241
2025-03-22 06:00:00,25.40070253616382
2025-03-22 07:00:00,37.47644636483186
2025-03-22 08:00:00,58.29669434529401
2025-03-22 09:00:00,74.53648777005448
2025-03-22 10:00:00,71.20524809318054
2025-03-22 11:00:00,63.70995882021416
2025-03-22 12:00:00,61.21152906255871
2025-03-22 13:00:00,59.8235125305279
2025-03-22 14:00:00,60.10111583693406
2025-03-22 15:00:00,58.851900958106334
2025-03-22 16:00:00,55.10425632162315
2025-03-22 17:00:00,55.38185962802931
2025-03-22 18:00:00,53.577438136389254
2025-03-22 19:00:00,51.21781003193688
2025-03-22 20:00:00,46.49855382303213
2025-03-22 21:00:00,45.80454555701672
2025-03-22 22:00:00,44.13892571857974
2025-03-22 23:00:00,45.9433472102198
2025-03-23 00:00:00,44.27772737178283
2025-03-23 01:00:00,44.41652902498591
2025-03-23 02:00:00,44.97173563779824
2025-03-23 03:00:00,44.27772737178283
2025-03-23 04:00:00,43.722520758970504
2025-03-23 05:00:00,45.38814059740748
2025-03-23 06:00:00,43.86132241217359
2025-03-23 07:00:00,47.747768701859854
2025-03-23 08:00:00,48.44177696787526
2025-03-23 09:00:00,44.27772737178283
2025-03-23 10:00:00,44.41652902498591
2025-03-23 11:00:00,44.00012406537667
2025-03-23 12:00:00,44.97173563779824
2025-03-23 13:00:00,48.99698358068758
2025-03-23 14:00:00,56.49227285365396
2025-03-23 15:00:00,57.32508277287244
2025-03-23 16:00:00,54.41024805560774
2025-03-23 17:00:00,50.80140507232764
2025-03-23 18:00:00,53.161033176780016
2025-03-23 19:00:00,55.798264587638556
2025-03-23 20:00:00,53.716239789592336
2025-03-23 21:00:00,48.99698358068758
2025-03-23 22:00:00,48.44177696787526
2025-03-23 23:00:00,47.886570355062936
2025-03-24 00:00:00,39.419669509674996
2025-03-24 01:00:00,27.34392568100695
2025-03-24 02:00:00,25.539504189366898
2025-03-24 03:00:00,26.094710802179222
2025-03-24 04:00:00,25.81710749577306
2025-03-24 05:00:00,26.233512455382304
2025-03-24 06:00:00,25.40070253616382
2025-03-24 07:00:00,26.92752072139771
2025-03-24 08:00:00,28.176735600225438
2025-03-24 09:00:00,30.53636370467781
2025-03-24 10:00:00,45.110537291001314
2025-03-24 11:00:00,44.41652902498591
2025-03-24 12:00:00,44.00012406537667
2025-03-24 13:00:00,46.08214886342289
2025-03-24 14:00:00,49.69099184670299
2025-03-24 15:00:00,63.57115716701109
2025-03-24 16:00:00,70.7888431335713
2025-03-24 17:00:00,65.93078527146346
2025-03-24 18:00:00,61.07272740935562
2025-03-24 19:00:00,58.57429765170017
2025-03-24 20:00:00,55.93706624084163
2025-03-24 21:00:00,55.52066128123239
2025-03-24 22:00:00,49.55219019349991
2025-03-24 23:00:00,47.47016539545369
2025-03-25 00:00:00,47.47016539545369
2025-03-25 01:00:00,44.97173563779824
2025-03-25 02:00:00,44.41652902498591
2025-03-25 03:00:00,44.83293398459515
2025-03-25 04:00:00,44.83293398459515
2025-03-25 05:00:00,36.92123975201954
2025-03-25 06:00:00,26.094710802179222
2025-03-25 07:00:00,34.006405034754835
2025-03-25 08:00:00,49.55219019349991
2025-03-25 09:00:00,54.54904970881082
2025-03-25 10:00:00,54.132644749201575
2025-03-25 11:00:00,58.71309930490325
2025-03-25 12:00:00,61.627934022167956
2025-03-25 13:00:00,61.627934022167956
2025-03-25 14:00:00,62.599545594589515
2025-03-25 15:00:00,61.07272740935562
2025-03-25 16:00:00,60.5175207965433
2025-03-25 17:00:00,58.29669434529401
2025-03-25 18:00:00,54.6878513620139
2025-03-25 19:00:00,61.21152906255871
2025-03-25 20:00:00,63.15475220740184
2025-03-25 21:00:00,55.10425632162315
2025-03-25 22:00:00,49.82979349990607
2025-03-25 23:00:00,47.886570355062936
2025-03-26 00:00:00,47.60896704865677
2025-03-26 01:00:00,44.00012406537667
2025-03-26 02:00:00,44.97173563779824
2025-03-26 03:00:00,43.86132241217359
2025-03-26 04:00:00,44.13892571857974
2025-03-26 05:00:00,44.83293398459515
2025-03-26 06:00:00,44.00012406537667
2025-03-26 07:00:00,44.555330678188994
2025-03-26 08:00:00,45.52694225061056
2025-03-26 09:00:00,48.302975314672175
2025-03-26 10:00:00,47.05376043584445
2025-03-26 11:00:00,48.44177696787526
2025-03-26 12:00:00,53.022231523576934
2025-03-26 13:00:00,55.65946293443547
2025-03-26 14:00:00,59.68471087732482
2025-03-26 15:00:00,59.96231418373098
2025-03-26 16:00:00,59.407107570918654
2025-03-26 17:00:00,58.157892692090925
2025-03-26 18:00:00,55.93706624084163
2025-03-26 19:00:00,57.18628111966936
2025-03-26 20:00:00,56.9086778132632
2025-03-26 21:00:00,54.41024805560774
2025-03-26 22:00:00,52.189421604358444
2025-03-26 23:00:00,50.10739680631223
2025-03-27 00:00:00,47.05376043584445
2025-03-27 01:00:00,43.86132241217359
2025-03-27 02:00:00,44.13892571857974
2025-03-27 03:00:00,44.83293398459515
2025-03-27 04:00:00,44.27772737178283
2025-03-27 05:00:00,44.00012406537667
2025-03-27 06:00:00,31.50797527709938
2025-03-27 07:00:00,25.67830584256998
2025-03-27 08:00:00,28.037933947022356
2025-03-27 09:00:00,26.094710802179222
2025-03-27 10:00:00,26.511115761788467
2025-03-27 11:00:00,33.72880172834868
2025-03-27 12:00:00,44.555330678188994
2025-03-27 13:00:00,55.52066128123239
2025-03-27 14:00:00,69.81723156114973
2025-03-27 15:00:00,76.75731422130377
2025-03-27 16:00:00,72.03805801239902
2025-03-27 17:00:00,58.57429765170017
2025-03-27 18:00:00,49.41338854029682
2025-03-27 19:00:00,47.331363742250616
2025-03-27 20:00:00,48.44177696787526
2025-03-27 21:00:00,46.22095051662596
2025-03-27 22:00:00,44.13892571857974
2025-03-27 23:00:00,44.27772737178283
2025-03-28 00:00:00,34.145206687957916
2025-03-28 01:00:00,25.81710749577306
2025-03-28 02:00:00,25.261900882960738
2025-03-28 03:00:00,26.233512455382304
2025-03-28 04:00:00,25.539504189366898
2025-03-28 05:00:00,25.40070253616382
2025-03-28 06:00:00,26.372314108585385
2025-03-28 07:00:00,30.25876039827165
2025-03-28 08:00:00,44.97173563779824
2025-03-28 09:00:00,50.523801765921476
2025-03-28 10:00:00,54.132644749201575
2025-03-28 11:00:00,53.43863648318618
2025-03-28 12:00:00,60.23991749013714
2025-03-28 13:00:00,58.57429765170017
2025-03-28 14:00:00,68.70681833552509
2025-03-28 15:00:00,68.70681833552509
2025-03-28 16:00:00,60.23991749013714
2025-03-28 17:00:00,54.82665301521698
2025-03-28 18:00:00,50.80140507232764
2025-03-28 19:00:00,49.69099184670299
2025-03-28 20:00:00,44.97173563779824
2025-03-28 21:00:00,44.83293398459515
2025-03-28 22:00:00,44.00012406537667
2025-03-28 23:00:00,44.27772737178283
2025-03-29 00:00:00,44.41652902498591
2025-03-29 01:00:00,44.555330678188994
2025-03-29 02:00:00,44.694132331392076
2025-03-29 03:00:00,40.1136777756904
2025-03-29 04:00:00,25.261900882960738
2025-03-29 05:00:00,25.955909148976144
2025-03-29 06:00:00,25.123099229757656
2025-03-29 07:00:00,42.61210753334586
2025-03-29 08:00:00,42.88971083975202
2025-03-29 09:00:00,44.555330678188994
2025-03-29 10:00:00,43.722520758970504
2025-03-29 11:00:00,46.63735547623521
2025-03-29 12:00:00,55.65946293443547
2025-03-29 13:00:00,61.90553732857412
2025-03-29 14:00:00,63.84876047341725
2025-03-29 15:00:00,63.70995882021416
2025-03-29 16:00:00,62.7383472477926
2025-03-29 17:00:00,62.044338981777194
2025-03-29 18:00:00,59.26830591771558
2025-03-29 19:00:00,57.32508277287244
2025-03-29 20:00:00,53.161033176780016
2025-03-29 21:00:00,51.49541333834304
2025-03-29 22:00:00,50.385000112718394
2025-03-29 23:00:00,45.110537291001314
2025-03-30 00:00:00,44.00012406537667
2025-03-30 01:00:00,44.00012406537667
2025-03-30 02:00:00,44.41652902498591
2025-03-30 03:00:00,45.110537291001314
2025-03-30 04:00:00,44.555330678188994
2025-03-30 05:00:00,44.41652902498591
2025-03-30 06:00:00,44.00012406537667
2025-03-30 07:00:00,47.60896704865677
2025-03-30 08:00:00,44.555330678188994
2025-03-30 09:00:00,46.49855382303213
2025-03-30 10:00:00,56.07586789404471
2025-03-30 11:00:00,67.18000015029119
2025-03-30 12:00:00,67.45760345669736
2025-03-30 13:00:00,67.0411984970881
2025-03-30 14:00:00,95.07913244411047
2025-03-30 15:00:00,105.48925643434154
2025-03-30 16:00:00,107.57128123238775
2025-03-30 17:00:00,107.71008288559084
2025-03-30 18:00:00,126.17070276160061
2025-03-30 19:00:00,113.26214901371408
2025-03-30 20:00:00,112.42933909449559
2025-03-30 21:00:00,105.90566139395078
2025-03-30 22:00:00,80.64376051099005
2025-03-30 23:00:00,77.03491752770994
2025-03-31 00:00:00,75.50809934247604
2025-03-31 01:00:00,73.703677850836
2025-03-31 02:00:00,73.28727289122675
2025-03-31 03:00:00,74.53648777005448
2025-03-31 04:00:00,73.00966958482059
2025-03-31 05:00:00,72.59326462521135
2025-03-31 06:00:00,71.34404974638362
2025-03-31 07:00:00,67.8740084163066
2025-03-31 08:00:00,66.90239684388503
2025-03-31 09:00:00,64.54276873943265
2025-03-31 10:00:00,81.19896712380238
2025-03-31 11:00:00,80.50495885778696
2025-03-31 12:00:00,87.16743821153484
2025-03-31 13:00:00,96.60595062934435
2025-03-31 14:00:00,97.716363854969
2025-03-31 15:00:00,108.40409115160624
2025-03-31 16:00:00,108.26528949840315
2025-03-31 17:00:00,106.32206635356003
2025-03-31 18:00:00,102.99082667668608
2025-03-31 19:00:00,107.43247957918467
2025-03-31 20:00:00,102.99082667668608
2025-03-31 21:00:00,94.1075208716889
2025-03-31 22:00:00,77.03491752770994
2025-03-31 23:00:00,74.81409107646066
2025-04-01 00:00:00,69.15064966313763
2025-04-01 01:00:00,69.82859720885466
2025-04-01 02:00:00,67.38798604427333
2025-04-01 03:00:00,61.0152791145332
2025-04-01 04:00:00,57.083183349374394
2025-04-01 05:00:00,55.591698748796915
2025-04-01 06:00:00,56.13405678537055
2025-04-01 07:00:00,61.557637151106825
2025-04-01 08:00:00,69.69300769971126
2025-04-01 09:00:00,69.42182868142444
2025-04-01 10:00:00,67.38798604427333
2025-04-01 11:00:00,63.72706929740134
2025-04-01 12:00:00,57.083183349374394
2025-04-01 13:00:00,65.35414340712224
2025-04-01 14:00:00,67.65916506256015
2025-04-01 15:00:00,70.6421342637151
2025-04-01 16:00:00,71.18449230028874
2025-04-01 17:00:00,69.15064966313763
2025-04-01 18:00:00,63.99824831568816
2025-04-01 19:00:00,62.37117420596727
2025-04-01 20:00:00,63.45589027911452
2025-04-01 21:00:00,59.52379451395572
2025-04-01 22:00:00,52.744319056785365
2025-04-01 23:00:00,50.71047641963426
2025-04-02 00:00:00,47.32073869104909
2025-04-02 01:00:00,45.28689605389797
2025-04-02 02:00:00,44.202179980750714
2025-04-02 03:00:00,43.931000962463905
2025-04-02 04:00:00,43.253053416746866
2025-04-02 05:00:00,42.98187439846005
2025-04-02 06:00:00,42.710695380173235
2025-04-02 07:00:00,45.69366458132819
2025-04-02 08:00:00,43.52423243503369
2025-04-02 09:00:00,43.52423243503369
2025-04-02 10:00:00,45.55807507218479
2025-04-02 11:00:00,52.47314003849855
2025-04-02 12:00:00,46.77838065447545
2025-04-02 13:00:00,45.96484359961501
2025-04-02 14:00:00,48.812223291626566
2025-04-02 15:00:00,48.94781280076997
2025-04-02 16:00:00,48.67663378248315
2025-04-02 17:00:00,49.49017083734359
2025-04-02 18:00:00,48.26986525505293
2025-04-02 19:00:00,49.896939364773814
2025-04-02 20:00:00,47.99868623676611
2025-04-02 21:00:00,49.35458132820019
2025-04-02 22:00:00,49.896939364773814
2025-04-02 23:00:00,49.21899181905678
2025-04-03 00:00:00,50.98165543792107
2025-04-03 01:00:00,53.557856111645805
2025-04-03 02:00:00,56.94759384023099
2025-04-03 03:00:00,58.84584696823868
2025-04-03 04:00:00,61.82881616939364
2025-04-03 05:00:00,62.913532242540896
2025-04-03 06:00:00,63.72706929740134
2025-04-03 07:00:00,66.57444898941289
2025-04-03 08:00:00,83.25195861405197
2025-04-03 09:00:00,112.2681135707411
2025-04-03 10:00:00,115.65785129932627
2025-04-03 11:00:00,120.94584215591915
2025-04-03 12:00:00,110.91221847930701
2025-04-03 13:00:00,103.86156400384985
2025-04-03 14:00:00,99.92946823869104
2025-04-03 15:00:00,93.42117179980751
2025-04-03 16:00:00,92.33645572666025
2025-04-03 17:00:00,74.3030510105871
2025-04-03 18:00:00,81.48929499518768
2025-04-03 19:00:00,69.55741819056784
2025-04-03 20:00:00,70.09977622714148
2025-04-03 21:00:00,76.33689364773821
2025-04-03 22:00:00,73.62510346487005
2025-04-03 23:00:00,69.69300769971126
2025-04-04 00:00:00,67.65916506256015
2025-04-04 01:00:00,65.76091193455245
2025-04-04 02:00:00,60.87968960538979
2025-04-04 03:00:00,52.744319056785365
2025-04-04 04:00:00,47.99868623676611
2025-04-04 05:00:00,46.236022617901824
2025-04-04 06:00:00,44.60894850818094
2025-04-04 07:00:00,45.28689605389797
2025-04-04 08:00:00,45.69366458132819
2025-04-04 09:00:00,45.69366458132819
2025-04-04 10:00:00,45.422485563041384
2025-04-04 11:00:00,46.50720163618863
2025-04-04 12:00:00,49.083402309913374
2025-04-04 13:00:00,54.64257218479307
2025-04-04 14:00:00,71.99802935514917
2025-04-04 15:00:00,72.5403873917228
2025-04-04 16:00:00,69.55741819056784
2025-04-04 17:00:00,64.67619586140519
2025-04-04 18:00:00,59.1170259865255
2025-04-04 19:00:00,54.371393166506245
2025-04-04 20:00:00,54.91375120307988
2025-04-04 21:00:00,54.371393166506245
2025-04-04 22:00:00,54.235803657362844
2025-04-04 23:00:00,55.049340712223284
2025-04-05 00:00:00,56.67641482194417
2025-04-05 01:00:00,56.40523580365736
2025-04-05 02:00:00,55.72728825794032
2025-04-05 03:00:00,54.235803657362844
2025-04-05 04:00:00,53.557856111645805
2025-04-05 05:00:00,52.47314003849855
2025-04-05 06:00:00,50.439297401347446
2025-04-05 07:00:00,52.066371511068326
2025-04-05 08:00:00,68.4727021174206
2025-04-05 09:00:00,79.04868383060634
2025-04-05 10:00:00,71.45567131857555
2025-04-05 11:00:00,65.62532242540904
2025-04-05 12:00:00,62.099995187680456
2025-04-05 13:00:00,61.557637151106825
2025-04-05 14:00:00,58.9814364773821
2025-04-05 15:00:00,55.049340712223284
2025-04-05 16:00:00,55.049340712223284
2025-04-05 17:00:00,52.608729547641964
2025-04-05 18:00:00,51.79519249278152
2025-04-05 19:00:00,50.57488691049085
2025-04-05 20:00:00,49.76134985563041
2025-04-05 21:00:00,47.7275072184793
2025-04-05 22:00:00,45.96484359961501
2025-04-05 23:00:00,46.50720163618863
2025-04-06 00:00:00,46.50720163618863
2025-04-06 01:00:00,45.28689605389797
2025-04-06 02:00:00,43.388642925890274
2025-04-06 03:00:00,44.47335899903753
2025-04-06 04:00:00,44.202179980750714
2025-04-06 05:00:00,43.388642925890274
2025-04-06 06:00:00,43.388642925890274
2025-04-06 07:00:00,44.33776948989413
2025-04-06 08:00:00,45.422485563041384
2025-04-06 09:00:00,43.253053416746866
2025-04-06 10:00:00,45.15130654475457
2025-04-06 11:00:00,50.03252887391722
2025-04-06 12:00:00,55.45610923965351
2025-04-06 13:00:00,59.52379451395572
2025-04-06 14:00:00,58.57466794995187
2025-04-06 15:00:00,56.54082531280076
2025-04-06 16:00:00,57.62554138594802
2025-04-06 17:00:00,69.42182868142444
2025-04-06 18:00:00,74.84540904716071
2025-04-06 19:00:00,76.06571462945138
2025-04-06 20:00:00,70.6421342637151
2025-04-06 21:00:00,58.84584696823868
2025-04-06 22:00:00,51.79519249278152
2025-04-06 23:00:00,48.54104427333974
2025-04-07 00:00:00,47.18514918190567
2025-04-07 01:00:00,42.84628488931665
2025-04-07 02:00:00,43.388642925890274
2025-04-07 03:00:00,42.98187439846005
2025-04-07 04:00:00,43.65982194417709
2025-04-07 05:00:00,43.52423243503369
2025-04-07 06:00:00,43.931000962463905
2025-04-07 07:00:00,47.45632820019249
2025-04-07 08:00:00,45.96484359961501
2025-04-07 09:00:00,43.253053416746866
2025-04-07 10:00:00,44.202179980750714
2025-04-07 11:00:00,44.06659047160731
2025-04-07 12:00:00,42.98187439846005
2025-04-07 13:00:00,43.52423243503369
2025-04-07 14:00:00,42.710695380173235
2025-04-07 15:00:00,44.744538017324345
2025-04-07 16:00:00,55.72728825794032
2025-04-07 17:00:00,58.439078440808466
2025-04-07 18:00:00,55.591698748796915
2025-04-07 19:00:00,58.9814364773821
2025-04-07 20:00:00,56.94759384023099
2025-04-07 21:00:00,58.439078440808466
2025-04-07 22:00:00,49.896939364773814
2025-04-07 23:00:00,47.99868623676611
2025-04-08 00:00:00,47.591917709335895
2025-04-08 01:00:00,47.04955967276227
2025-04-08 02:00:00,44.33776948989413
2025-04-08 03:00:00,30.372050048123192
2025-04-08 04:00:00,25.89759624639076
2025-04-08 05:00:00,26.575543792107794
2025-04-08 06:00:00,26.033185755534163
2025-04-08 07:00:00,31.32117661212704
2025-04-08 08:00:00,46.100433108758416
2025-04-08 09:00:00,56.26964629451395
2025-04-08 10:00:00,57.89672040423484
2025-04-08 11:00:00,58.03230991337824
2025-04-08 12:00:00,60.33733156881616
2025-04-08 13:00:00,59.930563041385945
2025-04-08 14:00:00,62.777942733397495
2025-04-08 15:00:00,69.01506015399421
2025-04-08 16:00:00,73.76069297401347
2025-04-08 17:00:00,73.08274542829643
2025-04-08 18:00:00,71.32008180943214
2025-04-08 19:00:00,78.50632579403272
2025-04-08 20:00:00,74.57423002887391
2025-04-08 21:00:00,68.608291626564
2025-04-08 22:00:00,55.1849302213667
2025-04-08 23:00:00,49.76134985563041
2025-04-09 00:00:00,43.65982194417709
2025-04-09 01:00:00,44.202179980750714
2025-04-09 02:00:00,44.47335899903753
2025-04-09 03:00:00,46.100433108758416
2025-04-09 04:00:00,47.591917709335895
2025-04-09 05:00:00,45.82925409047161
2025-04-09 06:00:00,51.65960298363811
2025-04-09 07:00:00,52.608729547641964
2025-04-09 08:00:00,54.64257218479307
2025-04-09 09:00:00,62.099995187680456
2025-04-09 10:00:00,63.45589027911452
2025-04-09 11:00:00,62.777942733397495
2025-04-09 12:00:00,62.777942733397495
2025-04-09 13:00:00,62.099995187680456
2025-04-09 14:00:00,65.76091193455245
2025-04-09 15:00:00,92.74322425409046
2025-04-09 16:00:00,93.14999278152068
2025-04-09 17:00:00,86.91287536092396
2025-04-09 18:00:00,80.67575794032723
2025-04-09 19:00:00,74.03187199230028
2025-04-09 20:00:00,69.01506015399421
2025-04-09 21:00:00,71.72685033686236
2025-04-09 22:00:00,66.43885948026949
2025-04-09 23:00:00,61.42204764196342
2025-04-10 00:00:00,55.591698748796915
2025-04-10 01:00:00,52.744319056785365
2025-04-10 02:00:00,51.5240134744947
2025-04-10 03:00:00,50.84606592877767
2025-04-10 04:00:00,51.117244947064485
2025-04-10 05:00:00,50.03252887391722
2025-04-10 06:00:00,50.03252887391722
2025-04-10 07:00:00,50.439297401347446
2025-04-10 08:00:00,51.5240134744947
2025-04-10 09:00:00,49.76134985563041
2025-04-10 10:00:00,50.84606592877767
2025-04-10 11:00:00,52.066371511068326
2025-04-10 12:00:00,50.30370789220404
2025-04-10 13:00:00,57.48995187680462
2025-04-10 14:00:00,69.42182868142444
2025-04-10 15:00:00,78.64191530317612
2025-04-10 16:00:00,79.9978103946102
2025-04-10 17:00:00,72.13361886429259
2025-04-10 18:00:00,68.74388113570741
2025-04-10 19:00:00,65.62532242540904
2025-04-10 20:00:00,66.57444898941289
2025-04-10 21:00:00,65.08296438883542
2025-04-10 22:00:00,56.81200433108758
2025-04-10 23:00:00,53.28667709335899
2025-04-11 00:00:00,50.84606592877767
2025-04-11 01:00:00,48.94781280076997
2025-04-11 02:00:00,47.86309672762271
2025-04-11 03:00:00,44.47335899903753
2025-04-11 04:00:00,42.710695380173235
2025-04-11 05:00:00,42.98187439846005
2025-04-11 06:00:00,42.84628488931665
2025-04-11 07:00:00,42.16833734359961
2025-04-11 08:00:00,43.52423243503369
2025-04-11 09:00:00,47.591917709335895
2025-04-11 10:00:00,53.557856111645805
2025-04-11 11:00:00,59.65938402309912
2025-04-11 12:00:00,65.08296438883542
2025-04-11 13:00:00,74.98099855630413
2025-04-11 14:00:00,90.43820259865255
2025-04-11 15:00:00,95.86178296438884
2025-04-11 16:00:00,84.06549566891242
2025-04-11 17:00:00,78.2351467757459
2025-04-11 18:00:00,77.96396775745909
2025-04-11 19:00:00,75.25217757459095
2025-04-11 20:00:00,64.13383782483156
2025-04-11 21:00:00,57.2187728585178
2025-04-11 22:00:00,52.20196102021174
2025-04-11 23:00:00,49.49017083734359
2025-04-12 00:00:00,46.64279114533205
2025-04-12 01:00:00,45.82925409047161
2025-04-12 02:00:00,43.388642925890274
2025-04-12 03:00:00,47.7275072184793
2025-04-12 04:00:00,46.236022617901824
2025-04-12 05:00:00,47.04955967276227
2025-04-12 06:00:00,45.69366458132819
2025-04-12 07:00:00,54.50698267564966
2025-04-12 08:00:00,66.16768046198267
2025-04-12 09:00:00,75.65894610202116
2025-04-12 10:00:00,74.84540904716071
2025-04-12 11:00:00,73.62510346487005
2025-04-12 12:00:00,73.76069297401347
2025-04-12 13:00:00,72.40479788257939
2025-04-12 14:00:00,69.01506015399421
2025-04-12 15:00:00,63.99824831568816
2025-04-12 16:00:00,62.099995187680456
2025-04-12 17:00:00,62.913532242540896
2025-04-12 18:00:00,61.964405678537055
2025-04-12 19:00:00,60.066152550529345
2025-04-12 20:00:00,57.761130895091426
2025-04-12 21:00:00,59.79497353224254
2025-04-12 22:00:00,59.1170259865255
2025-04-12 23:00:00,28.20261790182868
2025-04-13 00:00:00,8.813318094321462
2025-04-13 01:00:00,8.677728585178055
2025-04-13 02:00:00,9.084497112608275
2025-04-13 03:00:00,7.593012512030798
2025-04-13 04:00:00,8.542139076034648
2025-04-13 05:00:00,8.135370548604428
2025-04-13 06:00:00,9.220086621751683
2025-04-13 07:00:00,7.05065447545717
2025-04-13 08:00:00,6.372706929740134
2025-04-13 09:00:00,6.915064966313762
2025-04-13 10:00:00,5.694759384023099
2025-04-13 11:00:00,7.45742300288739
2025-04-13 12:00:00,6.372706929740134
2025-04-13 13:00:00,6.237117420596727
2025-04-13 14:00:00,7.728602021174205
2025-04-13 15:00:00,6.372706929740134
2025-04-13 16:00:00,17.084278152069295
2025-04-13 17:00:00,19.796068334937438
2025-04-13 18:00:00,21.287552935514917
2025-04-13 19:00:00,25.084059191530315
2025-04-13 20:00:00,16.40633060635226
2025-04-13 21:00:00,6.372706929740134
2025-04-13 22:00:00,6.101527911453321
2025-04-13 23:00:00,7.593012512030798
2025-04-14 00:00:00,5.694759384023099
2025-04-14 01:00:00,6.508296438883541
2025-04-14 02:00:00,6.237117420596727
2025-04-14 03:00:00,6.237117420596727
2025-04-14 04:00:00,6.372706929740134
2025-04-14 05:00:00,6.915064966313762
2025-04-14 06:00:00,6.508296438883541
2025-04-14 07:00:00,5.559169874879691
2025-04-14 08:00:00,6.101527911453321
2025-04-14 09:00:00,5.965938402309913
2025-04-14 10:00:00,6.372706929740134
2025-04-14 11:00:00,5.559169874879691
2025-04-14 12:00:00,2.305021655437921
2025-04-14 13:00:00,6.915064966313762
2025-04-14 14:00:00,5.694759384023099
2025-04-14 15:00:00,5.694759384023099
2025-04-14 16:00:00,14.643666987487968
2025-04-14 17:00:00,16.135151588065444
2025-04-14 18:00:00,6.7794754571703555
2025-04-14 19:00:00,7.05065447545717
2025-04-14 20:00:00,7.728602021174205
2025-04-14 21:00:00,6.7794754571703555
2025-04-14 22:00:00,7.45742300288739
2025-04-14 23:00:00,7.05065447545717
2025-04-15 00:00:00,7.321833493743984
2025-04-15 01:00:00,7.593012512030798
2025-04-15 02:00:00,7.05065447545717
2025-04-15 03:00:00,7.186243984600577
2025-04-15 04:00:00,6.237117420596727
2025-04-15 05:00:00,6.7794754571703555
2025-04-15 06:00:00,10.033623676612127
2025-04-15 07:00:00,6.508296438883541
2025-04-15 08:00:00,6.508296438883541
2025-04-15 09:00:00,6.7794754571703555
2025-04-15 10:00:00,6.508296438883541
2025-04-15 11:00:00,5.559169874879691
2025-04-15 12:00:00,6.508296438883541
2025-04-15 13:00:00,7.186243984600577
2025-04-15 14:00:00,5.559169874879691
2025-04-15 15:00:00,5.423580365736284
2025-04-15 16:00:00,6.101527911453321
2025-04-15 17:00:00,5.694759384023099
2025-04-15 18:00:00,6.101527911453321
2025-04-15 19:00:00,5.016811838306063
2025-04-15 20:00:00,5.694759384023099
2025-04-15 21:00:00,5.965938402309913
2025-04-15 22:00:00,5.965938402309913
2025-04-15 23:00:00,5.016811838306063
2025-04-16 00:00:00,6.237117420596727
2025-04-16 01:00:00,5.287990856592877
2025-04-16 02:00:00,5.694759384023099
2025-04-16 03:00:00,5.559169874879691
2025-04-16 04:00:00,5.965938402309913
2025-04-16 05:00:00,5.287990856592877
2025-04-16 06:00:00,6.237117420596727
2025-04-16 07:00:00,5.287990856592877
2025-04-16 08:00:00,5.287990856592877
2025-04-16 09:00:00,5.830348893166506
2025-04-16 10:00:00,6.237117420596727
2025-04-16 11:00:00,5.423580365736284
2025-04-16 12:00:00,5.694759384023099
2025-04-16 13:00:00,4.7456328200192495
2025-04-16 14:00:00,5.423580365736284
2025-04-16 15:00:00,6.101527911453321
2025-04-16 16:00:00,5.152401347449469
2025-04-16 17:00:00,5.152401347449469
2025-04-16 18:00:00,5.830348893166506
2025-04-16 19:00:00,5.559169874879691
2025-04-16 20:00:00,5.287990856592877
2025-04-16 21:00:00,6.508296438883541
2025-04-16 22:00:00,5.423580365736284
2025-04-16 23:00:00,5.830348893166506
2025-04-17 00:00:00,6.237117420596727
2025-04-17 01:00:00,5.559169874879691
2025-04-17 02:00:00,5.559169874879691
2025-04-17 03:00:00,6.6438859480269485
2025-04-17 04:00:00,6.372706929740134
2025-04-17 05:00:00,6.237117420596727
2025-04-17 06:00:00,6.508296438883541
2025-04-17 07:00:00,5.965938402309913
2025-04-17 08:00:00,5.287990856592877
2025-04-17 09:00:00,6.101527911453321
2025-04-17 10:00:00,5.694759384023099
2025-04-17 11:00:00,5.965938402309913
2025-04-17 12:00:00,5.965938402309913
2025-04-17 13:00:00,5.287990856592877
2025-04-17 14:00:00,5.287990856592877
2025-04-17 15:00:00,5.423580365736284
2025-04-17 16:00:00,5.830348893166506
2025-04-17 17:00:00,5.152401347449469
2025-04-17 18:00:00,5.694759384023099
2025-04-17 19:00:00,5.559169874879691
2025-04-17 20:00:00,5.423580365736284
2025-04-17 21:00:00,5.016811838306063
2025-04-17 22:00:00,6.915064966313762
2025-04-17 23:00:00,5.694759384023099
2025-04-18 00:00:00,6.7794754571703555
2025-04-18 01:00:00,5.559169874879691
2025-04-18 02:00:00,6.915064966313762
2025-04-18 03:00:00,6.6438859480269485
2025-04-18 04:00:00,6.372706929740134
2025-04-18 05:00:00,5.694759384023099
2025-04-18 06:00:00,6.372706929740134
2025-04-18 07:00:00,5.423580365736284
2025-04-18 08:00:00,6.237117420596727
2025-04-18 09:00:00,5.694759384023099
2025-04-18 10:00:00,6.101527911453321
2025-04-18 11:00:00,5.423580365736284
2025-04-18 12:00:00,5.965938402309913
2025-04-18 13:00:00,5.423580365736284
2025-04-18 14:00:00,5.016811838306063
2025-04-18 15:00:00,5.965938402309913
2025-04-18 16:00:00,5.830348893166506
2025-04-18 17:00:00,5.830348893166506
2025-04-18 18:00:00,6.6438859480269485
2025-04-18 19:00:00,5.694759384023099
2025-04-18 20:00:00,6.7794754571703555
2025-04-18 21:00:00,7.321833493743984
2025-04-18 22:00:00,8.135370548604428
2025-04-18 23:00:00,7.728602021174205
2025-04-19 00:00:00,7.186243984600577
2025-04-19 01:00:00,7.05065447545717
2025-04-19 02:00:00,8.813318094321462
2025-04-19 03:00:00,7.45742300288739
2025-04-19 04:00:00,8.813318094321462
2025-04-19 05:00:00,7.05065447545717
2025-04-19 06:00:00,7.321833493743984
2025-04-19 07:00:00,7.864191530317612
2025-04-19 08:00:00,8.135370548604428
2025-04-19 09:00:00,7.45742300288739
2025-04-19 10:00:00,7.99978103946102
2025-04-19 11:00:00,7.864191530317612
2025-04-19 12:00:00,7.186243984600577
2025-04-19 13:00:00,7.864191530317612
2025-04-19 14:00:00,7.864191530317612
2025-04-19 15:00:00,8.406549566891242
2025-04-19 16:00:00,7.45742300288739
2025-04-19 17:00:00,7.864191530317612
2025-04-19 18:00:00,7.864191530317612
2025-04-19 19:00:00,7.593012512030798
2025-04-19 20:00:00,8.94890760346487
2025-04-19 21:00:00,8.94890760346487
2025-04-19 22:00:00,8.135370548604428
2025-04-19 23:00:00,8.677728585178055
2025-04-20 00:00:00,7.99978103946102
2025-04-20 01:00:00,8.270960057747834
2025-04-20 02:00:00,9.762444658325313
2025-04-20 03:00:00,8.813318094321462
2025-04-20 04:00:00,8.270960057747834
2025-04-20 05:00:00,8.270960057747834
2025-04-20 06:00:00,8.270960057747834
2025-04-20 07:00:00,9.084497112608275
2025-04-20 08:00:00,8.94890760346487
2025-04-20 09:00:00,8.406549566891242
2025-04-20 10:00:00,8.677728585178055
2025-04-20 11:00:00,8.135370548604428
2025-04-20 12:00:00,8.406549566891242
2025-04-20 13:00:00,8.135370548604428
2025-04-20 14:00:00,8.94890760346487
2025-04-20 15:00:00,8.270960057747834
2025-04-20 16:00:00,8.677728585178055
2025-04-20 17:00:00,8.270960057747834
2025-04-20 18:00:00,10.304802694898939
2025-04-20 19:00:00,10.033623676612127
2025-04-20 20:00:00,8.677728585178055
2025-04-20 21:00:00,8.270960057747834
2025-04-20 22:00:00,8.270960057747834
2025-04-20 23:00:00,8.270960057747834
2025-04-21 00:00:00,8.813318094321462
2025-04-21 01:00:00,9.084497112608275
2025-04-21 02:00:00,8.406549566891242
2025-04-21 03:00:00,8.406549566891242
2025-04-21 04:00:00,9.220086621751683
2025-04-21 05:00:00,8.135370548604428
2025-04-21 06:00:00,8.135370548604428
2025-04-21 07:00:00,8.677728585178055
2025-04-21 08:00:00,8.813318094321462
2025-04-21 09:00:00,8.135370548604428
2025-04-21 10:00:00,7.864191530317612
2025-04-21 11:00:00,7.864191530317612
2025-04-21 12:00:00,7.186243984600577
2025-04-21 13:00:00,8.135370548604428
2025-04-21 14:00:00,6.7794754571703555
2025-04-21 15:00:00,6.508296438883541
2025-04-21 16:00:00,6.372706929740134
2025-04-21 17:00:00,6.372706929740134
2025-04-21 18:00:00,6.915064966313762
2025-04-21 19:00:00,7.321833493743984
2025-04-21 20:00:00,6.372706929740134
2025-04-21 21:00:00,6.372706929740134
2025-04-21 22:00:00,6.6438859480269485
2025-04-21 23:00:00,7.728602021174205
2025-04-22 00:00:00,8.94890760346487
2025-04-22 01:00:00,8.135370548604428
2025-04-22 02:00:00,7.728602021174205
2025-04-22 03:00:00,7.321833493743984
2025-04-22 04:00:00,7.99978103946102
2025-04-22 05:00:00,9.220086621751683
2025-04-22 06:00:00,7.593012512030798
2025-04-22 07:00:00,7.45742300288739
2025-04-22 08:00:00,7.05065447545717
2025-04-22 09:00:00,6.508296438883541
2025-04-22 10:00:00,6.237117420596727
2025-04-22 11:00:00,7.186243984600577
2025-04-22 12:00:00,6.237117420596727
2025-04-22 13:00:00,5.694759384023099
2025-04-22 14:00:00,5.965938402309913
2025-04-22 15:00:00,4.881222329162656
2025-04-22 16:00:00,5.016811838306063
2025-04-22 17:00:00,6.915064966313762
2025-04-22 18:00:00,5.152401347449469
2025-04-22 19:00:00,5.423580365736284
2025-04-22 20:00:00,6.101527911453321
2025-04-22 21:00:00,6.237117420596727
2025-04-22 22:00:00,6.101527911453321
2025-04-22 23:00:00,6.508296438883541
2025-04-23 00:00:00,6.508296438883541
2025-04-23 01:00:00,6.7794754571703555
2025-04-23 02:00:00,5.694759384023099
2025-04-23 03:00:00,6.6438859480269485
2025-04-23 04:00:00,7.99978103946102
2025-04-23 05:00:00,6.6438859480269485
2025-04-23 06:00:00,7.05065447545717
2025-04-23 07:00:00,6.237117420596727
2025-04-23 08:00:00,6.372706929740134
2025-04-23 09:00:00,5.694759384023099
2025-04-23 10:00:00,7.45742300288739
2025-04-23 11:00:00,6.237117420596727
2025-04-23 12:00:00,5.423580365736284
2025-04-23 13:00:00,5.152401347449469
2025-04-23 14:00:00,5.559169874879691
2025-04-23 15:00:00,5.152401347449469
2025-04-23 16:00:00,6.101527911453321
2025-04-23 17:00:00,5.830348893166506
2025-04-23 18:00:00,4.610043310875842
2025-04-23 19:00:00,5.016811838306063
2025-04-23 20:00:00,5.559169874879691
2025-04-23 21:00:00,5.287990856592877
2025-04-23 22:00:00,5.965938402309913
2025-04-23 23:00:00,6.508296438883541
2025-04-24 00:00:00,5.830348893166506
2025-04-24 01:00:00,6.508296438883541
2025-04-24 02:00:00,5.423580365736284
2025-04-24 03:00:00,6.6438859480269485
2025-04-24 04:00:00,6.237117420596727
2025-04-24 05:00:00,7.186243984600577
2025-04-24 06:00:00,5.965938402309913
2025-04-24 07:00:00,6.6438859480269485
2025-04-24 08:00:00,5.559169874879691
2025-04-24 09:00:00,6.508296438883541
2025-04-24 10:00:00,6.237117420596727
2025-04-24 11:00:00,6.101527911453321
2025-04-24 12:00:00,6.915064966313762
2025-04-24 13:00:00,6.372706929740134
2025-04-24 14:00:00,5.287990856592877
2025-04-24 15:00:00,6.372706929740134
2025-04-24 16:00:00,6.101527911453321
2025-04-24 17:00:00,6.508296438883541
2025-04-24 18:00:00,5.965938402309913
2025-04-24 19:00:00,5.965938402309913
2025-04-24 20:00:00,7.186243984600577
2025-04-24 21:00:00,6.7794754571703555
2025-04-24 22:00:00,8.135370548604428
2025-04-24 23:00:00,8.406549566891242
2025-04-25 00:00:00,8.406549566891242
2025-04-25 01:00:00,8.135370548604428
2025-04-25 02:00:00,7.728602021174205
2025-04-25 03:00:00,7.45742300288739
2025-04-25 04:00:00,7.99978103946102
2025-04-25 05:00:00,8.542139076034648
2025-04-25 06:00:00,8.406549566891242
2025-04-25 07:00:00,7.99978103946102
2025-04-25 08:00:00,7.99978103946102
2025-04-25 09:00:00,7.321833493743984
2025-04-25 10:00:00,8.135370548604428
2025-04-25 11:00:00,8.270960057747834
2025-04-25 12:00:00,7.45742300288739
2025-04-25 13:00:00,7.45742300288739
2025-04-25 14:00:00,7.321833493743984
2025-04-25 15:00:00,7.321833493743984
2025-04-25 16:00:00,7.864191530317612
2025-04-25 17:00:00,7.728602021174205
2025-04-25 18:00:00,7.99978103946102
2025-04-25 19:00:00,7.593012512030798
2025-04-25 20:00:00,7.728602021174205
2025-04-25 21:00:00,7.45742300288739
2025-04-25 22:00:00,8.677728585178055
2025-04-25 23:00:00,8.542139076034648
2025-04-26 00:00:00,7.186243984600577
2025-04-26 01:00:00,7.45742300288739
2025-04-26 02:00:00,8.135370548604428
2025-04-26 03:00:00,8.135370548604428
2025-04-26 04:00:00,8.135370548604428
2025-04-26 05:00:00,7.864191530317612
2025-04-26 06:00:00,7.864191530317612
2025-04-26 07:00:00,7.186243984600577
2025-04-26 08:00:00,6.237117420596727
2025-04-26 09:00:00,6.372706929740134
2025-04-26 10:00:00,6.372706929740134
2025-04-26 11:00:00,8.270960057747834
2025-04-26 12:00:00,5.694759384023099
2025-04-26 13:00:00,5.694759384023099
2025-04-26 14:00:00,5.965938402309913
2025-04-26 15:00:00,5.287990856592877
2025-04-26 16:00:00,5.965938402309913
2025-04-26 17:00:00,6.237117420596727
2025-04-26 18:00:00,6.101527911453321
2025-04-26 19:00:00,5.830348893166506
2025-04-26 20:00:00,5.830348893166506
2025-04-26 21:00:00,5.694759384023099
2025-04-26 22:00:00,7.728602021174205
2025-04-26 23:00:00,6.237117420596727
2025-04-27 00:00:00,6.6438859480269485
2025-04-27 01:00:00,6.101527911453321
2025-04-27 02:00:00,5.965938402309913
2025-04-27 03:00:00,6.7794754571703555
2025-04-27 04:00:00,8.813318094321462
2025-04-27 05:00:00,5.965938402309913
2025-04-27 06:00:00,5.965938402309913
2025-04-27 07:00:00,5.965938402309913
2025-04-27 08:00:00,6.237117420596727
2025-04-27 09:00:00,6.6438859480269485
2025-04-27 10:00:00,6.915064966313762
2025-04-27 11:00:00,5.965938402309913
2025-04-27 12:00:00,6.6438859480269485
2025-04-27 13:00:00,5.287990856592877
2025-04-27 14:00:00,5.152401347449469
2025-04-27 15:00:00,6.237117420596727
2025-04-27 16:00:00,5.830348893166506
2025-04-27 17:00:00,5.965938402309913
2025-04-27 18:00:00,5.152401347449469
2025-04-27 19:00:00,5.423580365736284
2025-04-27 20:00:00,5.287990856592877
2025-04-27 21:00:00,6.372706929740134
2025-04-27 22:00:00,6.237117420596727
2025-04-27 23:00:00,6.372706929740134
2025-04-28 00:00:00,5.559169874879691
2025-04-28 01:00:00,6.372706929740134
2025-04-28 02:00:00,5.559169874879691
2025-04-28 03:00:00,6.237117420596727
2025-04-28 04:00:00,5.830348893166506
2025-04-28 05:00:00,6.915064966313762
2025-04-28 06:00:00,6.101527911453321
2025-04-28 07:00:00,5.016811838306063
2025-04-28 08:00:00,5.694759384023099
2025-04-28 09:00:00,6.508296438883541
2025-04-28 10:00:00,5.423580365736284
2025-04-28 11:00:00,5.965938402309913
2025-04-28 12:00:00,6.101527911453321
2025-04-28 13:00:00,5.830348893166506
2025-04-28 14:00:00,5.694759384023099
2025-04-28 15:00:00,5.830348893166506
2025-04-28 16:00:00,6.372706929740134
2025-04-28 17:00:00,4.881222329162656
2025-04-28 18:00:00,5.965938402309913
2025-04-28 19:00:00,5.559169874879691
2025-04-28 20:00:00,5.694759384023099
2025-04-28 21:00:00,6.237117420596727
2025-04-28 22:00:00,6.508296438883541
2025-04-28 23:00:00,5.287990856592877
2025-04-29 00:00:00,5.965938402309913
2025-04-29 01:00:00,7.05065447545717
2025-04-29 02:00:00,5.694759384023099
2025-04-29 03:00:00,6.7794754571703555
2025-04-29 04:00:00,6.6438859480269485
2025-04-29 05:00:00,5.965938402309913
2025-04-29 06:00:00,6.508296438883541
2025-04-29 07:00:00,5.830348893166506
2025-04-29 08:00:00,7.864191530317612
2025-04-29 09:00:00,5.559169874879691
2025-04-29 10:00:00,6.7794754571703555
2025-04-29 11:00:00,6.237117420596727
2025-04-29 12:00:00,5.423580365736284
2025-04-29 13:00:00,6.7794754571703555
2025-04-29 14:00:00,6.6438859480269485
2025-04-29 15:00:00,5.694759384023099
2025-04-29 16:00:00,7.05065447545717
2025-04-29 17:00:00,5.830348893166506
2025-04-29 18:00:00,6.508296438883541
2025-04-29 19:00:00,6.372706929740134
2025-04-29 20:00:00,6.237117420596727
2025-04-29 21:00:00,7.05065447545717
2025-04-29 22:00:00,7.321833493743984
2025-04-29 23:00:00,6.915064966313762
2025-04-30 00:00:00,7.321833493743984
2025-04-30 01:00:00,8.270960057747834
2025-04-30 02:00:00,8.94890760346487
2025-04-30 03:00:00,7.864191530317612
2025-04-30 04:00:00,7.593012512030798
2025-04-30 05:00:00,8.270960057747834
2025-04-30 06:00:00,9.35567613089509
2025-04-30 07:00:00,7.864191530317612
2025-04-30 08:00:00,8.813318094321462
2025-04-30 09:00:00,8.135370548604428
2025-04-30 10:00:00,7.728602021174205
2025-04-30 11:00:00,7.864191530317612
2025-04-30 12:00:00,7.864191530317612
2025-04-30 13:00:00,6.915064966313762
2025-04-30 14:00:00,9.084497112608275
2025-04-30 15:00:00,7.05065447545717
2025-04-30 16:00:00,6.915064966313762
2025-04-30 17:00:00,7.45742300288739
2025-04-30 18:00:00,7.321833493743984
2025-04-30 19:00:00,7.321833493743984
2025-04-30 20:00:00,8.135370548604428
2025-04-30 21:00:00,7.864191530317612
2025-04-30 22:00:00,7.186243984600577
2025-04-30 23:00:00,8.677728585178055
2025-05-01 00:00:00,8.834514595012566
2025-05-01 01:00:00,8.977006765899864
2025-05-01 02:00:00,9.404483278561763
2025-05-01 03:00:00,8.692022424125266
2025-05-01 04:00:00,9.83195979122366
2025-05-01 05:00:00,9.119498936787164
2025-05-01 06:00:00,10.11694413299826
2025-05-01 07:00:00,8.834514595012566
2025-05-01 08:00:00,10.11694413299826
2025-05-01 09:00:00,7.55208505702687
2025-05-01 10:00:00,7.267100715252271
2025-05-01 11:00:00,20.946349120433016
2025-05-01 12:00:00,25.5060985888266
2025-05-01 13:00:00,24.2236690508409
2025-05-01 14:00:00,10.544420645660159
2025-05-01 15:00:00,7.837069398801468
2025-05-01 16:00:00,6.554639860815773
2025-05-01 17:00:00,7.69457722791417
2025-05-01 18:00:00,7.837069398801468
2025-05-01 19:00:00,7.837069398801468
2025-05-01 20:00:00,8.407038082350667
2025-05-01 21:00:00,7.69457722791417
2025-05-01 22:00:00,8.692022424125266
2025-05-01 23:00:00,8.977006765899864
2025-05-02 00:00:00,8.977006765899864
2025-05-02 01:00:00,8.977006765899864
2025-05-02 02:00:00,8.549530253237966
2025-05-02 03:00:00,7.979561569688768
2025-05-02 04:00:00,8.692022424125266
2025-05-02 05:00:00,9.404483278561763
2025-05-02 06:00:00,8.977006765899864
2025-05-02 07:00:00,8.122053740576067
2025-05-02 08:00:00,8.407038082350667
2025-05-02 09:00:00,8.122053740576067
2025-05-02 10:00:00,8.122053740576067
2025-05-02 11:00:00,8.834514595012566
2025-05-02 12:00:00,12.966787550744248
2025-05-02 13:00:00,16.101615310264837
2025-05-02 14:00:00,15.10417011405374
2025-05-02 15:00:00,15.531646626715638
2025-05-02 16:00:00,15.38915445582834
2025-05-02 17:00:00,15.674138797602936
2025-05-02 18:00:00,16.386599652039436
2025-05-02 19:00:00,16.386599652039436
2025-05-02 20:00:00,17.81152136091243
2025-05-02 21:00:00,31.91824627875507
2025-05-02 22:00:00,32.91569147496617
2025-05-02 23:00:00,33.62815232940267
2025-05-03 00:00:00,32.91569147496617
2025-05-03 01:00:00,28.783418519234484
2025-05-03 02:00:00,20.51887260777112
2025-05-03 03:00:00,17.954013531799728
2025-05-03 04:00:00,16.244107481152135
2025-05-03 05:00:00,8.692022424125266
2025-05-03 06:00:00,9.54697544944906
2025-05-03 07:00:00,8.122053740576067
2025-05-03 08:00:00,8.264545911463367
2025-05-03 09:00:00,8.549530253237966
2025-05-03 10:00:00,7.55208505702687
2025-05-03 11:00:00,7.55208505702687
2025-05-03 12:00:00,8.264545911463367
2025-05-03 13:00:00,6.982116373477672
2025-05-03 14:00:00,6.982116373477672
2025-05-03 15:00:00,6.554639860815773
2025-05-03 16:00:00,6.839624202590373
2025-05-03 17:00:00,6.982116373477672
2025-05-03 18:00:00,6.697132031703073
2025-05-03 19:00:00,7.124608544364971
2025-05-03 20:00:00,6.982116373477672
2025-05-03 21:00:00,7.409592886139571
2025-05-03 22:00:00,6.982116373477672
2025-05-03 23:00:00,7.55208505702687
2025-05-04 00:00:00,6.412147689928475
2025-05-04 01:00:00,6.839624202590373
2025-05-04 02:00:00,8.407038082350667
2025-05-04 03:00:00,6.839624202590373
2025-05-04 04:00:00,6.697132031703073
2025-05-04 05:00:00,7.267100715252271
2025-05-04 06:00:00,7.55208505702687
2025-05-04 07:00:00,8.264545911463367
2025-05-04 08:00:00,6.554639860815773
2025-05-04 09:00:00,6.127163348153876
2025-05-04 10:00:00,7.124608544364971
2025-05-04 11:00:00,6.839624202590373
2025-05-04 12:00:00,6.554639860815773
2025-05-04 13:00:00,5.8421790063792765
2025-05-04 14:00:00,5.699686835491977
2025-05-04 15:00:00,5.557194664604678
2025-05-04 16:00:00,5.984671177266576
2025-05-04 17:00:00,22.37127082930601
2025-05-04 18:00:00,22.51376300019331
2025-05-04 19:00:00,23.226223854629804
2025-05-04 20:00:00,22.65625517108061
2025-05-04 21:00:00,22.94123951285521
2025-05-04 22:00:00,23.226223854629804
2025-05-04 23:00:00,24.081176879953606
2025-05-05 00:00:00,23.08373168374251
2025-05-05 01:00:00,15.10417011405374
2025-05-05 02:00:00,5.984671177266576
2025-05-05 03:00:00,5.8421790063792765
2025-05-05 04:00:00,6.697132031703073
2025-05-05 05:00:00,6.127163348153876
2025-05-05 06:00:00,6.127163348153876
2025-05-05 07:00:00,5.8421790063792765
2025-05-05 08:00:00,5.984671177266576
2025-05-05 09:00:00,6.127163348153876
2025-05-05 10:00:00,6.982116373477672
2025-05-05 11:00:00,6.697132031703073
2025-05-05 12:00:00,5.557194664604678
2025-05-05 13:00:00,6.269655519041176
2025-05-05 14:00:00,6.127163348153876
2025-05-05 15:00:00,6.412147689928475
2025-05-05 16:00:00,6.412147689928475
2025-05-05 17:00:00,5.414702493717378
2025-05-05 18:00:00,5.984671177266576
2025-05-05 19:00:00,6.697132031703073
2025-05-05 20:00:00,5.8421790063792765
2025-05-05 21:00:00,6.554639860815773
2025-05-05 22:00:00,7.409592886139571
2025-05-05 23:00:00,6.127163348153876
2025-05-06 00:00:00,6.554639860815773
2025-05-06 01:00:00,6.839624202590373
2025-05-06 02:00:00,6.412147689928475
2025-05-06 03:00:00,7.979561569688768
2025-05-06 04:00:00,6.269655519041176
2025-05-06 05:00:00,6.697132031703073
2025-05-06 06:00:00,6.982116373477672
2025-05-06 07:00:00,6.697132031703073
2025-05-06 08:00:00,6.554639860815773
2025-05-06 09:00:00,6.697132031703073
2025-05-06 10:00:00,4.844733810168181
2025-05-06 11:00:00,4.274765126618983
2025-05-06 12:00:00,4.1322729557316835
2025-05-06 13:00:00,4.417257297506283
2025-05-06 14:00:00,4.98722598105548
2025-05-06 15:00:00,4.1322729557316835
2025-05-06 16:00:00,4.274765126618983
2025-05-06 17:00:00,4.274765126618983
2025-05-06 18:00:00,4.1322729557316835
2025-05-06 19:00:00,3.989780784844384
2025-05-06 20:00:00,5.414702493717378
2025-05-06 21:00:00,5.272210322830079
2025-05-06 22:00:00,4.559749468393582
2025-05-06 23:00:00,4.417257297506283
2025-05-07 00:00:00,4.7022416392808815
2025-05-07 01:00:00,4.417257297506283
2025-05-07 02:00:00,5.272210322830079
2025-05-07 03:00:00,5.414702493717378
2025-05-07 04:00:00,4.559749468393582
2025-05-07 05:00:00,4.417257297506283
2025-05-07 06:00:00,4.559749468393582
2025-05-07 07:00:00,4.559749468393582
2025-05-07 08:00:00,4.844733810168181
2025-05-07 09:00:00,4.844733810168181
2025-05-07 10:00:00,5.272210322830079
2025-05-07 11:00:00,4.1322729557316835
2025-05-07 12:00:00,4.1322729557316835
2025-05-07 13:00:00,4.7022416392808815
2025-05-07 14:00:00,3.847288613957085
2025-05-07 15:00:00,3.7047964430697853
2025-05-07 16:00:00,3.989780784844384
2025-05-07 17:00:00,3.5623042721824856
2025-05-07 18:00:00,3.7047964430697853
2025-05-07 19:00:00,4.559749468393582
2025-05-07 20:00:00,3.989780784844384
2025-05-07 21:00:00,4.1322729557316835
2025-05-07 22:00:00,5.272210322830079
2025-05-07 23:00:00,4.844733810168181
2025-05-08 00:00:00,4.559749468393582
2025-05-08 01:00:00,5.557194664604678
2025-05-08 02:00:00,4.559749468393582
2025-05-08 03:00:00,4.417257297506283
2025-05-08 04:00:00,5.414702493717378
2025-05-08 05:00:00,4.7022416392808815
2025-05-08 06:00:00,4.559749468393582
2025-05-08 07:00:00,5.12971815194278
2025-05-08 08:00:00,4.98722598105548
2025-05-08 09:00:00,4.274765126618983
2025-05-08 10:00:00,4.417257297506283
2025-05-08 11:00:00,3.7047964430697853
2025-05-08 12:00:00,3.5623042721824856
2025-05-08 13:00:00,4.417257297506283
2025-05-08 14:00:00,3.989780784844384
2025-05-08 15:00:00,3.5623042721824856
2025-05-08 16:00:00,3.4198121012951863
2025-05-08 17:00:00,3.989780784844384
2025-05-08 18:00:00,3.5623042721824856
2025-05-08 19:00:00,4.1322729557316835
2025-05-08 20:00:00,3.847288613957085
2025-05-08 21:00:00,3.989780784844384
2025-05-08 22:00:00,3.847288613957085
2025-05-08 23:00:00,4.559749468393582
2025-05-09 00:00:00,4.417257297506283
2025-05-09 01:00:00,5.414702493717378
2025-05-09 02:00:00,4.559749468393582
2025-05-09 03:00:00,4.417257297506283
2025-05-09 04:00:00,4.7022416392808815
2025-05-09 05:00:00,5.12971815194278
2025-05-09 06:00:00,4.559749468393582
2025-05-09 07:00:00,4.98722598105548
2025-05-09 08:00:00,3.7047964430697853
2025-05-09 09:00:00,3.4198121012951863
2025-05-09 10:00:00,3.5623042721824856
2025-05-09 11:00:00,3.989780784844384
2025-05-09 12:00:00,3.134827759520588
2025-05-09 13:00:00,4.274765126618983
2025-05-09 14:00:00,3.4198121012951863
2025-05-09 15:00:00,3.2773199304078866
2025-05-09 16:00:00,3.989780784844384
2025-05-09 17:00:00,3.5623042721824856
2025-05-09 18:00:00,3.4198121012951863
2025-05-09 19:00:00,4.1322729557316835
2025-05-09 20:00:00,3.7047964430697853
2025-05-09 21:00:00,4.274765126618983
2025-05-09 22:00:00,4.417257297506283
2025-05-09 23:00:00,3.847288613957085
2025-05-10 00:00:00,4.1322729557316835
2025-05-10 01:00:00,5.12971815194278
2025-05-10 02:00:00,4.559749468393582
2025-05-10 03:00:00,4.98722598105548
2025-05-10 04:00:00,4.844733810168181
2025-05-10 05:00:00,4.559749468393582
2025-05-10 06:00:00,4.7022416392808815
2025-05-10 07:00:00,4.7022416392808815
2025-05-10 08:00:00,4.844733810168181
2025-05-10 09:00:00,4.1322729557316835
2025-05-10 10:00:00,4.559749468393582
2025-05-10 11:00:00,4.1322729557316835
2025-05-10 12:00:00,4.1322729557316835
2025-05-10 13:00:00,3.989780784844384
2025-05-10 14:00:00,3.5623042721824856
2025-05-10 15:00:00,3.5623042721824856
2025-05-10 16:00:00,3.4198121012951863
2025-05-10 17:00:00,3.5623042721824856
2025-05-10 18:00:00,4.844733810168181
2025-05-10 19:00:00,3.847288613957085
2025-05-10 20:00:00,3.989780784844384
2025-05-10 21:00:00,3.7047964430697853
2025-05-10 22:00:00,3.989780784844384
2025-05-10 23:00:00,5.414702493717378
2025-05-11 00:00:00,3.989780784844384
2025-05-11 01:00:00,3.847288613957085
2025-05-11 02:00:00,4.274765126618983
2025-05-11 03:00:00,4.7022416392808815
2025-05-11 04:00:00,5.272210322830079
2025-05-11 05:00:00,5.12971815194278
2025-05-11 06:00:00,4.559749468393582
2025-05-11 07:00:00,4.1322729557316835
2025-05-11 08:00:00,4.274765126618983
2025-05-11 09:00:00,4.559749468393582
2025-05-11 10:00:00,6.412147689928475
2025-05-11 11:00:00,4.1322729557316835
2025-05-11 12:00:00,3.7047964430697853
2025-05-11 13:00:00,3.5623042721824856
2025-05-11 14:00:00,3.5623042721824856
2025-05-11 15:00:00,3.989780784844384
2025-05-11 16:00:00,4.274765126618983
2025-05-11 17:00:00,3.2773199304078866
2025-05-11 18:00:00,3.2773199304078866
2025-05-11 19:00:00,3.847288613957085
2025-05-11 20:00:00,3.847288613957085
2025-05-11 21:00:00,5.414702493717378
2025-05-11 22:00:00,4.7022416392808815
2025-05-11 23:00:00,4.559749468393582
2025-05-12 00:00:00,4.559749468393582
2025-05-12 01:00:00,4.844733810168181
2025-05-12 02:00:00,5.8421790063792765
2025-05-12 03:00:00,4.844733810168181
2025-05-12 04:00:00,4.98722598105548
2025-05-12 05:00:00,4.559749468393582
2025-05-12 06:00:00,4.559749468393582
2025-05-12 07:00:00,4.559749468393582
2025-05-12 08:00:00,4.98722598105548
2025-05-12 09:00:00,3.847288613957085
2025-05-12 10:00:00,4.559749468393582
2025-05-12 11:00:00,3.847288613957085
2025-05-12 12:00:00,3.847288613957085
2025-05-12 13:00:00,4.559749468393582
2025-05-12 14:00:00,3.7047964430697853
2025-05-12 15:00:00,3.4198121012951863
2025-05-12 16:00:00,3.4198121012951863
2025-05-12 17:00:00,3.5623042721824856
2025-05-12 18:00:00,4.559749468393582
2025-05-12 19:00:00,4.559749468393582
2025-05-12 20:00:00,3.989780784844384
2025-05-12 21:00:00,3.989780784844384
2025-05-12 22:00:00,4.417257297506283
2025-05-12 23:00:00,5.8421790063792765
2025-05-13 00:00:00,4.559749468393582
2025-05-13 01:00:00,4.559749468393582
2025-05-13 02:00:00,4.559749468393582
2025-05-13 03:00:00,4.417257297506283
2025-05-13 04:00:00,4.844733810168181
2025-05-13 05:00:00,4.98722598105548
2025-05-13 06:00:00,3.7047964430697853
2025-05-13 07:00:00,3.4198121012951863
2025-05-13 08:00:00,3.7047964430697853
2025-05-13 09:00:00,3.989780784844384
2025-05-13 10:00:00,5.414702493717378
2025-05-13 11:00:00,4.1322729557316835
2025-05-13 12:00:00,3.989780784844384
2025-05-13 13:00:00,3.7047964430697853
2025-05-13 14:00:00,3.4198121012951863
2025-05-13 15:00:00,4.98722598105548
2025-05-13 16:00:00,3.847288613957085
2025-05-13 17:00:00,3.989780784844384
2025-05-13 18:00:00,3.847288613957085
2025-05-13 19:00:00,4.274765126618983
2025-05-13 20:00:00,6.127163348153876
2025-05-13 21:00:00,4.559749468393582
2025-05-13 22:00:00,4.7022416392808815
2025-05-13 23:00:00,4.559749468393582
2025-05-14 00:00:00,4.7022416392808815
2025-05-14 01:00:00,4.98722598105548
2025-05-14 02:00:00,5.272210322830079
2025-05-14 03:00:00,4.844733810168181
2025-05-14 04:00:00,4.417257297506283
2025-05-14 05:00:00,4.844733810168181
2025-05-14 06:00:00,5.272210322830079
2025-05-14 07:00:00,4.844733810168181
2025-05-14 08:00:00,4.844733810168181
2025-05-14 09:00:00,4.274765126618983
2025-05-14 10:00:00,4.417257297506283
2025-05-14 11:00:00,4.844733810168181
2025-05-14 12:00:00,4.559749468393582
2025-05-14 13:00:00,4.98722598105548
2025-05-14 14:00:00,3.5623042721824856
2025-05-14 15:00:00,3.847288613957085
2025-05-14 16:00:00,4.1322729557316835
2025-05-14 17:00:00,3.7047964430697853
2025-05-14 18:00:00,4.1322729557316835
2025-05-14 19:00:00,3.5623042721824856
2025-05-14 20:00:00,4.844733810168181
2025-05-14 21:00:00,3.847288613957085
2025-05-14 22:00:00,3.847288613957085
2025-05-14 23:00:00,3.989780784844384
2025-05-15 00:00:00,4.7022416392808815
2025-05-15 01:00:00,4.417257297506283
2025-05-15 02:00:00,4.1322729557316835
2025-05-15 03:00:00,3.847288613957085
2025-05-15 04:00:00,3.989780784844384
2025-05-15 05:00:00,3.989780784844384
2025-05-15 06:00:00,5.12971815194278
2025-05-15 07:00:00,3.5623042721824856
2025-05-15 08:00:00,3.7047964430697853
2025-05-15 09:00:00,3.5623042721824856
2025-05-15 10:00:00,3.7047964430697853
2025-05-15 11:00:00,4.559749468393582
2025-05-15 12:00:00,3.4198121012951863
2025-05-15 13:00:00,3.2773199304078866
2025-05-15 14:00:00,3.7047964430697853
2025-05-15 15:00:00,3.2773199304078866
2025-05-15 16:00:00,4.417257297506283
2025-05-15 17:00:00,3.5623042721824856
2025-05-15 18:00:00,3.134827759520588
2025-05-15 19:00:00,3.2773199304078866
2025-05-15 20:00:00,3.7047964430697853
2025-05-15 21:00:00,4.1322729557316835
2025-05-15 22:00:00,4.417257297506283
2025-05-15 23:00:00,3.7047964430697853
2025-05-16 00:00:00,3.7047964430697853
2025-05-16 01:00:00,3.7047964430697853
2025-05-16 02:00:00,4.559749468393582
2025-05-16 03:00:00,4.559749468393582
2025-05-16 04:00:00,5.12971815194278
2025-05-16 05:00:00,5.12971815194278
2025-05-16 06:00:00,4.559749468393582
2025-05-16 07:00:00,4.844733810168181
2025-05-16 08:00:00,3.847288613957085
2025-05-16 09:00:00,3.847288613957085
2025-05-16 10:00:00,3.2773199304078866
2025-05-16 11:00:00,3.4198121012951863
2025-05-16 12:00:00,3.4198121012951863
2025-05-16 13:00:00,3.4198121012951863
2025-05-16 14:00:00,3.989780784844384
2025-05-16 15:00:00,3.134827759520588
2025-05-16 16:00:00,3.134827759520588
2025-05-16 17:00:00,3.989780784844384
2025-05-16 18:00:00,3.134827759520588
2025-05-16 19:00:00,3.2773199304078866
2025-05-16 20:00:00,4.1322729557316835
2025-05-16 21:00:00,3.4198121012951863
2025-05-16 22:00:00,4.1322729557316835
2025-05-16 23:00:00,3.7047964430697853
2025-05-17 00:00:00,3.2773199304078866
2025-05-17 01:00:00,4.1322729557316835
2025-05-17 02:00:00,3.7047964430697853
2025-05-17 03:00:00,3.847288613957085
2025-05-17 04:00:00,3.989780784844384
2025-05-17 05:00:00,3.2773199304078866
2025-05-17 06:00:00,3.4198121012951863
2025-05-17 07:00:00,3.989780784844384
2025-05-17 08:00:00,3.134827759520588
2025-05-17 09:00:00,3.989780784844384
2025-05-17 10:00:00,2.992335588633288
2025-05-17 11:00:00,3.2773199304078866
2025-05-17 12:00:00,2.992335588633288
2025-05-17 13:00:00,3.847288613957085
2025-05-17 14:00:00,2.992335588633288
2025-05-17 15:00:00,3.2773199304078866
2025-05-17 16:00:00,3.2773199304078866
2025-05-17 17:00:00,2.8498434177459884
2025-05-17 18:00:00,2.992335588633288
2025-05-17 19:00:00,3.847288613957085
2025-05-17 20:00:00,3.4198121012951863
2025-05-17 21:00:00,3.2773199304078866
2025-05-17 22:00:00,3.2773199304078866
2025-05-17 23:00:00,3.2773199304078866
2025-05-18 00:00:00,6.412147689928475
2025-05-18 01:00:00,6.625885946259424
2025-05-18 02:00:00,6.269655519041176
2025-05-18 03:00:00,6.625885946259424
2025-05-18 04:00:00,6.9108702880340225
2025-05-18 05:00:00,6.412147689928475
2025-05-18 06:00:00,6.127163348153876
2025-05-18 07:00:00,6.625885946259424
2025-05-18 08:00:00,6.269655519041176
2025-05-18 09:00:00,6.3409016044848245
2025-05-18 10:00:00,5.913425091822927
2025-05-18 11:00:00,8.905760680456215
2025-05-18 12:00:00,12.681803208969649
2025-05-18 13:00:00,7.69457722791417
2025-05-18 14:00:00,6.055917262710225
2025-05-18 15:00:00,6.198409433597525
2025-05-18 16:00:00,5.7709329209356275
2025-05-18 17:00:00,6.483393775372124
2025-05-18 18:00:00,6.697132031703073
2025-05-18 19:00:00,7.053362458921322
2025-05-18 20:00:00,7.409592886139571
2025-05-18 21:00:00,7.409592886139571
2025-05-18 22:00:00,7.338346800695921
2025-05-18 23:00:00,7.837069398801468
2025-05-19 00:00:00,7.623331142470519
2025-05-19 01:00:00,7.908315484245119
2025-05-19 02:00:00,7.267100715252271
2025-05-19 03:00:00,8.050807655132418
2025-05-19 04:00:00,7.979561569688768
2025-05-19 05:00:00,8.122053740576067
2025-05-19 06:00:00,7.623331142470519
2025-05-19 07:00:00,7.623331142470519
2025-05-19 08:00:00,7.409592886139571
2025-05-19 09:00:00,6.768378117146724
2025-05-19 10:00:00,7.124608544364971
2025-05-19 11:00:00,6.768378117146724
2025-05-19 12:00:00,12.610557123525998
2025-05-19 13:00:00,13.821740576068045
2025-05-19 14:00:00,14.676693601391841
2025-05-19 15:00:00,13.536756234293447
2025-05-19 16:00:00,17.66902919002513
2025-05-19 17:00:00,30.20834022810748
2025-05-19 18:00:00,30.63581674076938
2025-05-19 19:00:00,31.063293253431276
2025-05-19 20:00:00,29.56712545911463
2025-05-19 21:00:00,15.602892712159289
2025-05-19 22:00:00,16.315353566595785
2025-05-19 23:00:00,16.386599652039436
2025-05-20 00:00:00,17.24155267736323
2025-05-20 01:00:00,16.885322250144984
2025-05-20 02:00:00,16.742830079257683
2025-05-20 03:00:00,17.384044848250532
2025-05-20 04:00:00,16.814076164701333
2025-05-20 05:00:00,16.95656833558863
2025-05-20 06:00:00,17.954013531799728
2025-05-20 07:00:00,18.523982215348926
2025-05-20 08:00:00,19.09395089889812
2025-05-20 09:00:00,17.59778310458148
2025-05-20 10:00:00,11.613111927314902
2025-05-20 11:00:00,9.048252851343515
2025-05-20 12:00:00,8.692022424125266
2025-05-20 13:00:00,9.54697544944906
2025-05-20 14:00:00,18.38149004446163
2025-05-20 15:00:00,8.193299826019718
2025-05-20 16:00:00,5.699686835491977
2025-05-20 17:00:00,5.557194664604678
2025-05-20 18:00:00,6.198409433597525
2025-05-20 19:00:00,5.7709329209356275
2025-05-20 20:00:00,6.9108702880340225
2025-05-20 21:00:00,6.982116373477672
2025-05-20 22:00:00,7.4808389715832195
2025-05-20 23:00:00,7.4808389715832195
2025-05-21 00:00:00,7.69457722791417
2025-05-21 01:00:00,7.623331142470519
2025-05-21 02:00:00,8.407038082350667
2025-05-21 03:00:00,10.615666731103808
2025-05-21 04:00:00,9.333237193118114
2025-05-21 05:00:00,7.124608544364971
2025-05-21 06:00:00,9.83195979122366
2025-05-21 07:00:00,9.404483278561763
2025-05-21 08:00:00,10.04569804755461
2025-05-21 09:00:00,9.689467620336362
2025-05-21 10:00:00,10.188190218441909
2025-05-21 11:00:00,9.903205876667311
2025-05-21 12:00:00,9.97445196211096
2025-05-21 13:00:00,9.048252851343515
2025-05-21 14:00:00,8.977006765899864
2025-05-21 15:00:00,8.549530253237966
2025-05-21 16:00:00,7.623331142470519
2025-05-21 17:00:00,7.195854629808621
2025-05-21 18:00:00,7.338346800695921
2025-05-21 19:00:00,7.195854629808621
2025-05-21 20:00:00,7.55208505702687
2025-05-21 21:00:00,9.048252851343515
2025-05-21 22:00:00,7.4808389715832195
2025-05-21 23:00:00,7.267100715252271
2025-05-22 00:00:00,8.335791996907016
2025-05-22 01:00:00,7.69457722791417
2025-05-22 02:00:00,7.908315484245119
2025-05-22 03:00:00,7.837069398801468
2025-05-22 04:00:00,8.050807655132418
2025-05-22 05:00:00,8.335791996907016
2025-05-22 06:00:00,9.903205876667311
2025-05-22 07:00:00,10.188190218441909
2025-05-22 08:00:00,9.760713705780011
2025-05-22 09:00:00,10.25943630388556
2025-05-22 10:00:00,10.401928474772859
2025-05-22 11:00:00,8.763268509568915
2025-05-22 12:00:00,8.050807655132418
2025-05-22 13:00:00,7.623331142470519
2025-05-22 14:00:00,8.692022424125266
2025-05-22 15:00:00,8.335791996907016
2025-05-22 16:00:00,10.04569804755461
2025-05-22 17:00:00,6.982116373477672
2025-05-22 18:00:00,6.625885946259424
2025-05-22 19:00:00,7.4808389715832195
2025-05-22 20:00:00,7.124608544364971
2025-05-22 21:00:00,8.193299826019718
2025-05-22 22:00:00,7.55208505702687
2025-05-22 23:00:00,7.837069398801468
2025-05-23 00:00:00,8.549530253237966
2025-05-23 01:00:00,7.55208505702687
2025-05-23 02:00:00,7.908315484245119
2025-05-23 03:00:00,8.335791996907016
2025-05-23 04:00:00,8.478284167794316
2025-05-23 05:00:00,8.264545911463367
2025-05-23 06:00:00,10.686912816547457
2025-05-23 07:00:00,10.330682389329208
2025-05-23 08:00:00,10.544420645660159
2025-05-23 09:00:00,9.404483278561763
2025-05-23 10:00:00,9.689467620336362
2025-05-23 11:00:00,9.475729364005412
2025-05-23 12:00:00,12.7530492944133
2025-05-23 13:00:00,17.52653701913783
2025-05-23 14:00:00,17.66902919002513
2025-05-23 15:00:00,9.760713705780011
2025-05-23 16:00:00,7.4808389715832195
2025-05-23 17:00:00,7.55208505702687
2025-05-23 18:00:00,7.623331142470519
2025-05-23 19:00:00,7.4808389715832195
2025-05-23 20:00:00,8.122053740576067
2025-05-23 21:00:00,7.837069398801468
2025-05-23 22:00:00,8.193299826019718
2025-05-23 23:00:00,8.335791996907016
2025-05-24 00:00:00,7.908315484245119
2025-05-24 01:00:00,8.264545911463367
2025-05-24 02:00:00,7.979561569688768
2025-05-24 03:00:00,7.979561569688768
2025-05-24 04:00:00,8.763268509568915
2025-05-24 05:00:00,7.837069398801468
2025-05-24 06:00:00,7.69457722791417
2025-05-24 07:00:00,8.193299826019718
2025-05-24 08:00:00,7.409592886139571
2025-05-24 09:00:00,7.623331142470519
2025-05-24 10:00:00,7.124608544364971
2025-05-24 11:00:00,6.9108702880340225
2025-05-24 12:00:00,7.55208505702687
2025-05-24 13:00:00,6.768378117146724
2025-05-24 14:00:00,7.267100715252271
2025-05-24 15:00:00,6.982116373477672
2025-05-24 16:00:00,7.338346800695921
2025-05-24 17:00:00,7.053362458921322
2025-05-24 18:00:00,6.625885946259424
2025-05-24 19:00:00,6.483393775372124
2025-05-24 20:00:00,7.69457722791417
2025-05-24 21:00:00,7.837069398801468
2025-05-24 22:00:00,7.979561569688768
2025-05-24 23:00:00,8.193299826019718
2025-05-25 00:00:00,8.834514595012566
2025-05-25 01:00:00,8.478284167794316
2025-05-25 02:00:00,8.549530253237966
2025-05-25 03:00:00,8.407038082350667
2025-05-25 04:00:00,9.333237193118114
2025-05-25 05:00:00,8.549530253237966
2025-05-25 06:00:00,8.335791996907016
2025-05-25 07:00:00,8.834514595012566
2025-05-25 08:00:00,7.409592886139571
2025-05-25 09:00:00,12.254326696307752
2025-05-25 10:00:00,14.035478832398994
2025-05-25 11:00:00,10.544420645660159
2025-05-25 12:00:00,13.821740576068045
2025-05-25 13:00:00,14.106724917842644
2025-05-25 14:00:00,13.323017977962497
2025-05-25 15:00:00,7.267100715252271
2025-05-25 16:00:00,5.7709329209356275
2025-05-25 17:00:00,5.7709329209356275
2025-05-25 18:00:00,5.414702493717378
2025-05-25 19:00:00,5.7709329209356275
2025-05-25 20:00:00,6.554639860815773
2025-05-25 21:00:00,7.69457722791417
2025-05-25 22:00:00,6.982116373477672
2025-05-25 23:00:00,7.55208505702687
2025-05-26 00:00:00,7.765823313357819
2025-05-26 01:00:00,8.335791996907016
2025-05-26 02:00:00,7.623331142470519
2025-05-26 03:00:00,8.122053740576067
2025-05-26 04:00:00,8.122053740576067
2025-05-26 05:00:00,8.335791996907016
2025-05-26 06:00:00,10.758158901991107
2025-05-26 07:00:00,8.763268509568915
2025-05-26 08:00:00,7.837069398801468
2025-05-26 09:00:00,6.768378117146724
2025-05-26 10:00:00,6.625885946259424
2025-05-26 11:00:00,5.984671177266576
2025-05-26 12:00:00,5.557194664604678
2025-05-26 13:00:00,5.8421790063792765
2025-05-26 14:00:00,5.913425091822927
2025-05-26 15:00:00,4.98722598105548
2025-05-26 16:00:00,5.414702493717378
2025-05-26 17:00:00,4.488503382949932
2025-05-26 18:00:00,4.844733810168181
2025-05-26 19:00:00,4.346011212062633
2025-05-26 20:00:00,5.628440750048328
2025-05-26 21:00:00,6.198409433597525
2025-05-26 22:00:00,5.699686835491977
2025-05-26 23:00:00,6.839624202590373
2025-05-27 00:00:00,6.412147689928475
2025-05-27 01:00:00,6.839624202590373
2025-05-27 02:00:00,7.053362458921322
2025-05-27 03:00:00,6.839624202590373
2025-05-27 04:00:00,6.982116373477672
2025-05-27 05:00:00,6.839624202590373
2025-05-27 06:00:00,8.264545911463367
2025-05-27 07:00:00,7.124608544364971
2025-05-27 08:00:00,7.267100715252271
2025-05-27 09:00:00,6.982116373477672
2025-05-27 10:00:00,6.3409016044848245
2025-05-27 11:00:00,6.412147689928475
2025-05-27 12:00:00,6.483393775372124
2025-05-27 13:00:00,6.3409016044848245
2025-05-27 14:00:00,6.127163348153876
2025-05-27 15:00:00,5.485948579161028
2025-05-27 16:00:00,4.98722598105548
2025-05-27 17:00:00,4.1322729557316835
2025-05-27 18:00:00,4.77348772472453
2025-05-27 19:00:00,4.1322729557316835
2025-05-27 20:00:00,4.91597989561183
2025-05-27 21:00:00,5.485948579161028
2025-05-27 22:00:00,5.913425091822927
2025-05-27 23:00:00,5.8421790063792765
2025-05-28 00:00:00,6.625885946259424
2025-05-28 01:00:00,6.412147689928475
2025-05-28 02:00:00,6.055917262710225
2025-05-28 03:00:00,7.409592886139571
2025-05-28 04:00:00,6.483393775372124
2025-05-28 05:00:00,7.124608544364971
2025-05-28 06:00:00,8.905760680456215
2025-05-28 07:00:00,8.549530253237966
2025-05-28 08:00:00,7.979561569688768
2025-05-28 09:00:00,8.478284167794316
2025-05-28 10:00:00,7.837069398801468
2025-05-28 11:00:00,7.765823313357819
2025-05-28 12:00:00,7.837069398801468
2025-05-28 13:00:00,7.837069398801468
2025-05-28 14:00:00,7.267100715252271
2025-05-28 15:00:00,7.267100715252271
2025-05-28 16:00:00,5.8421790063792765
2025-05-28 17:00:00,6.412147689928475
2025-05-28 18:00:00,5.913425091822927
2025-05-28 19:00:00,6.198409433597525
2025-05-28 20:00:00,6.9108702880340225
2025-05-28 21:00:00,6.554639860815773
2025-05-28 22:00:00,6.625885946259424
2025-05-28 23:00:00,13.109279721631546
2025-05-29 00:00:00,14.819185772279141
2025-05-29 01:00:00,14.391709259617242
2025-05-29 02:00:00,14.605447515948192
2025-05-29 03:00:00,14.89043185772279
2025-05-29 04:00:00,14.249217088729942
2025-05-29 05:00:00,18.737720471679875
2025-05-29 06:00:00,31.704508022424122
2025-05-29 07:00:00,30.493324569882077
2025-05-29 08:00:00,34.98182795283201
2025-05-29 09:00:00,25.933575101488497
2025-05-29 10:00:00,25.86232901604485
2025-05-29 11:00:00,25.5060985888266
2025-05-29 12:00:00,11.256881500096656
2025-05-29 13:00:00,8.407038082350667
2025-05-29 14:00:00,7.4808389715832195
2025-05-29 15:00:00,6.625885946259424
2025-05-29 16:00:00,6.483393775372124
2025-05-29 17:00:00,5.343456408273728
2025-05-29 18:00:00,6.412147689928475
2025-05-29 19:00:00,5.628440750048328
2025-05-29 20:00:00,6.9108702880340225
2025-05-29 21:00:00,6.198409433597525
2025-05-29 22:00:00,6.3409016044848245
2025-05-29 23:00:00,7.124608544364971
2025-05-30 00:00:00,6.412147689928475
2025-05-30 01:00:00,6.768378117146724
2025-05-30 02:00:00,6.768378117146724
2025-05-30 03:00:00,6.554639860815773
2025-05-30 04:00:00,7.195854629808621
2025-05-30 05:00:00,6.839624202590373
2025-05-30 06:00:00,7.908315484245119
2025-05-30 07:00:00,8.834514595012566
2025-05-30 08:00:00,8.122053740576067
2025-05-30 09:00:00,8.264545911463367
2025-05-30 10:00:00,7.124608544364971
2025-05-30 11:00:00,7.053362458921322
2025-05-30 12:00:00,7.338346800695921
2025-05-30 13:00:00,6.839624202590373
2025-05-30 14:00:00,6.839624202590373
2025-05-30 15:00:00,5.913425091822927
2025-05-30 16:00:00,5.05847206649913
2025-05-30 17:00:00,4.274765126618983
2025-05-30 18:00:00,4.844733810168181
2025-05-30 19:00:00,5.12971815194278
2025-05-30 20:00:00,5.414702493717378
2025-05-30 21:00:00,5.699686835491977
2025-05-30 22:00:00,5.984671177266576
2025-05-30 23:00:00,6.9108702880340225
2025-05-31 00:00:00,6.198409433597525
2025-05-31 01:00:00,7.195854629808621
2025-05-31 02:00:00,6.412147689928475
2025-05-31 03:00:00,7.55208505702687
2025-05-31 04:00:00,7.053362458921322
2025-05-31 05:00:00,6.982116373477672
2025-05-31 06:00:00,7.837069398801468
2025-05-31 07:00:00,7.338346800695921
2025-05-31 08:00:00,7.338346800695921
2025-05-31 09:00:00,7.4808389715832195
2025-05-31 10:00:00,7.55208505702687
2025-05-31 11:00:00,7.837069398801468
2025-05-31 12:00:00,6.697132031703073
2025-05-31 13:00:00,6.839624202590373
2025-05-31 14:00:00,5.8421790063792765
2025-05-31 15:00:00,6.839624202590373
2025-05-31 16:00:00,5.913425091822927
2025-05-31 17:00:00,6.982116373477672
2025-05-31 18:00:00,6.483393775372124
2025-05-31 19:00:00,5.913425091822927
2025-05-31 20:00:00,7.409592886139571
2025-05-31 21:00:00,7.69457722791417
2025-05-31 22:00:00,7.837069398801468
2025-05-31 23:00:00,7.765823313357819
2025-06-01 00:00:00,7.009917026554021
2025-06-01 01:00:00,7.3788600279516015
2025-06-01 02:00:00,7.1328980270198805
2025-06-01 03:00:00,7.071407526786952
2025-06-01 04:00:00,7.563331528650391
2025-06-01 05:00:00,7.6248220288833215
2025-06-01 06:00:00,7.071407526786952
2025-06-01 07:00:00,6.763955025622301
2025-06-01 08:00:00,6.333521523991791
2025-06-01 09:00:00,5.90308802236128
2025-06-01 10:00:00,5.964578522594211
2025-06-01 11:00:00,6.026069022827141
2025-06-01 12:00:00,5.0422210191002605
2025-06-01 13:00:00,5.411164020497841
2025-06-01 14:00:00,5.165202019566121
2025-06-01 15:00:00,4.980730518867331
2025-06-01 16:00:00,5.34967352026491
2025-06-01 17:00:00,4.734768517935611
2025-06-01 18:00:00,5.718616521662491
2025-06-01 19:00:00,4.980730518867331
2025-06-01 20:00:00,6.333521523991791
2025-06-01 21:00:00,6.149050023293
2025-06-01 22:00:00,6.825445525855231
2025-06-01 23:00:00,7.009917026554021
2025-06-02 00:00:00,7.19438852725281
2025-06-02 01:00:00,6.948426526321091
2025-06-02 02:00:00,7.19438852725281
2025-06-02 03:00:00,7.563331528650391
2025-06-02 04:00:00,7.932274530047971
2025-06-02 05:00:00,7.809293529582111
2025-06-02 06:00:00,7.74780302934918
2025-06-02 07:00:00,7.932274530047971
2025-06-02 08:00:00,7.1328980270198805
2025-06-02 09:00:00,7.870784029815041
2025-06-02 10:00:00,6.8869360260881605
2025-06-02 11:00:00,6.272031023758861
2025-06-02 12:00:00,6.640974025156441
2025-06-02 13:00:00,6.149050023293
2025-06-02 14:00:00,6.21054052352593
2025-06-02 15:00:00,10.514875539831031
2025-06-02 16:00:00,19.246526572907094
2025-06-02 17:00:00,15.434115558465432
2025-06-02 18:00:00,4.11986351560631
2025-06-02 19:00:00,4.181354015839241
2025-06-02 20:00:00,4.857749518401471
2025-06-02 21:00:00,4.980730518867331
2025-06-02 22:00:00,5.288183020031981
2025-06-02 23:00:00,5.534145020963701
2025-06-03 00:00:00,5.65712602142956
2025-06-03 01:00:00,5.411164020497841
2025-06-03 02:00:00,6.21054052352593
2025-06-03 03:00:00,5.718616521662491
2025-06-03 04:00:00,5.964578522594211
2025-06-03 05:00:00,6.272031023758861
2025-06-03 06:00:00,6.948426526321091
2025-06-03 07:00:00,7.563331528650391
2025-06-03 08:00:00,7.3788600279516015
2025-06-03 09:00:00,6.702464525389371
2025-06-03 10:00:00,7.501841028417461
2025-06-03 11:00:00,7.809293529582111
2025-06-03 12:00:00,7.993765030280901
2025-06-03 13:00:00,7.993765030280901
2025-06-03 14:00:00,8.23972703121262
2025-06-03 15:00:00,7.255879027485741
2025-06-03 16:00:00,5.8415975221283505
2025-06-03 17:00:00,6.087559523060071
2025-06-03 18:00:00,5.411164020497841
2025-06-03 19:00:00,5.472654520730771
2025-06-03 20:00:00,5.8415975221283505
2025-06-03 21:00:00,5.59563552119663
2025-06-03 22:00:00,5.411164020497841
2025-06-03 23:00:00,5.411164020497841
2025-06-04 00:00:00,5.964578522594211
2025-06-04 01:00:00,5.718616521662491
2025-06-04 02:00:00,5.780107021895421
2025-06-04 03:00:00,6.026069022827141
2025-06-04 04:00:00,5.8415975221283505
2025-06-04 05:00:00,5.65712602142956
2025-06-04 06:00:00,6.948426526321091
2025-06-04 07:00:00,7.44035052818453
2025-06-04 08:00:00,7.255879027485741
2025-06-04 09:00:00,7.686312529116251
2025-06-04 10:00:00,7.993765030280901
2025-06-04 11:00:00,7.870784029815041
2025-06-04 12:00:00,7.501841028417461
2025-06-04 13:00:00,7.932274530047971
2025-06-04 14:00:00,8.178236530979692
2025-06-04 15:00:00,6.087559523060071
2025-06-04 16:00:00,6.087559523060071
2025-06-04 17:00:00,5.34967352026491
2025-06-04 18:00:00,5.472654520730771
2025-06-04 19:00:00,5.718616521662491
2025-06-04 20:00:00,5.472654520730771
2025-06-04 21:00:00,5.59563552119663
2025-06-04 22:00:00,5.8415975221283505
2025-06-04 23:00:00,5.534145020963701
2025-06-05 00:00:00,5.472654520730771
2025-06-05 01:00:00,5.65712602142956
2025-06-05 02:00:00,6.087559523060071
2025-06-05 03:00:00,5.780107021895421
2025-06-05 04:00:00,5.90308802236128
2025-06-05 05:00:00,6.456502524457651
2025-06-05 06:00:00,7.3788600279516015
2025-06-05 07:00:00,7.563331528650391
2025-06-05 08:00:00,7.993765030280901
2025-06-05 09:00:00,7.932274530047971
2025-06-05 10:00:00,8.23972703121262
2025-06-05 11:00:00,13.835362552409253
2025-06-05 12:00:00,21.706146582224292
2025-06-05 13:00:00,22.198070584087734
2025-06-05 14:00:00,20.599317578031553
2025-06-05 15:00:00,11.683195044256701
2025-06-05 16:00:00,6.456502524457651
2025-06-05 17:00:00,5.22669251979905
2025-06-05 18:00:00,5.22669251979905
2025-06-05 19:00:00,5.411164020497841
2025-06-05 20:00:00,5.718616521662491
2025-06-05 21:00:00,5.718616521662491
2025-06-05 22:00:00,5.59563552119663
2025-06-05 23:00:00,6.087559523060071
2025-06-06 00:00:00,5.718616521662491
2025-06-06 01:00:00,5.59563552119663
2025-06-06 02:00:00,5.964578522594211
2025-06-06 03:00:00,5.718616521662491
2025-06-06 04:00:00,6.026069022827141
2025-06-06 05:00:00,5.59563552119663
2025-06-06 06:00:00,7.501841028417461
2025-06-06 07:00:00,7.870784029815041
2025-06-06 08:00:00,7.1328980270198805
2025-06-06 09:00:00,7.3788600279516015
2025-06-06 10:00:00,7.3788600279516015
2025-06-06 11:00:00,7.870784029815041
2025-06-06 12:00:00,14.019834053108042
2025-06-06 13:00:00,11.129780542160331
2025-06-06 14:00:00,6.640974025156441
2025-06-06 15:00:00,5.472654520730771
2025-06-06 16:00:00,5.411164020497841
2025-06-06 17:00:00,5.718616521662491
2025-06-06 18:00:00,12.298100046586
2025-06-06 19:00:00,11.99064754542135
2025-06-06 20:00:00,12.544062047517722
2025-06-06 21:00:00,12.113628545887211
2025-06-06 22:00:00,12.298100046586
2025-06-06 23:00:00,12.667043047983581
2025-06-07 00:00:00,12.728533548216511
2025-06-07 01:00:00,12.544062047517722
2025-06-07 02:00:00,12.23660954635307
2025-06-07 03:00:00,12.359590546818932
2025-06-07 04:00:00,12.482571547284792
2025-06-07 05:00:00,12.482571547284792
2025-06-07 06:00:00,12.23660954635307
2025-06-07 07:00:00,12.175119046120143
2025-06-07 08:00:00,12.23660954635307
2025-06-07 09:00:00,11.929157045188422
2025-06-07 10:00:00,11.498723543557912
2025-06-07 11:00:00,5.165202019566121
2025-06-07 12:00:00,17.893735567782635
2025-06-07 13:00:00,7.993765030280901
2025-06-07 14:00:00,5.288183020031981
2025-06-07 15:00:00,5.288183020031981
2025-06-07 16:00:00,5.34967352026491
2025-06-07 17:00:00,5.472654520730771
2025-06-07 18:00:00,5.472654520730771
2025-06-07 19:00:00,5.165202019566121
2025-06-07 20:00:00,5.411164020497841
2025-06-07 21:00:00,5.34967352026491
2025-06-07 22:00:00,5.65712602142956
2025-06-07 23:00:00,5.59563552119663
2025-06-08 00:00:00,5.780107021895421
2025-06-08 01:00:00,5.65712602142956
2025-06-08 02:00:00,6.087559523060071
2025-06-08 03:00:00,5.964578522594211
2025-06-08 04:00:00,5.534145020963701
2025-06-08 05:00:00,5.90308802236128
2025-06-08 06:00:00,5.59563552119663
2025-06-08 07:00:00,5.534145020963701
2025-06-08 08:00:00,5.8415975221283505
2025-06-08 09:00:00,5.165202019566121
2025-06-08 10:00:00,5.22669251979905
2025-06-08 11:00:00,5.34967352026491
2025-06-08 12:00:00,5.59563552119663
2025-06-08 13:00:00,5.472654520730771
2025-06-08 14:00:00,5.103711519333191
2025-06-08 15:00:00,5.411164020497841
2025-06-08 16:00:00,5.288183020031981
2025-06-08 17:00:00,5.34967352026491
2025-06-08 18:00:00,9.408046535638292
2025-06-08 19:00:00,12.052138045654281
2025-06-08 20:00:00,12.113628545887211
2025-06-08 21:00:00,12.113628545887211
2025-06-08 22:00:00,12.42108104705186
2025-06-08 23:00:00,12.482571547284792
2025-06-09 00:00:00,12.482571547284792
2025-06-09 01:00:00,12.298100046586
2025-06-09 02:00:00,12.85151454868237
2025-06-09 03:00:00,12.790024048449443
2025-06-09 04:00:00,12.482571547284792
2025-06-09 05:00:00,12.113628545887211
2025-06-09 06:00:00,12.42108104705186
2025-06-09 07:00:00,7.74780302934918
2025-06-09 08:00:00,7.6248220288833215
2025-06-09 09:00:00,7.501841028417461
2025-06-09 10:00:00,7.317369527718671
2025-06-09 11:00:00,7.44035052818453
2025-06-09 12:00:00,7.255879027485741
2025-06-09 13:00:00,7.255879027485741
2025-06-09 14:00:00,7.255879027485741
2025-06-09 15:00:00,6.640974025156441
2025-06-09 16:00:00,5.22669251979905
2025-06-09 17:00:00,5.472654520730771
2025-06-09 18:00:00,5.34967352026491
2025-06-09 19:00:00,5.22669251979905
2025-06-09 20:00:00,5.472654520730771
2025-06-09 21:00:00,5.411164020497841
2025-06-09 22:00:00,5.780107021895421
2025-06-09 23:00:00,5.59563552119663
2025-06-10 00:00:00,5.718616521662491
2025-06-10 01:00:00,6.026069022827141
2025-06-10 02:00:00,5.718616521662491
2025-06-10 03:00:00,6.026069022827141
2025-06-10 04:00:00,5.472654520730771
2025-06-10 05:00:00,6.272031023758861
2025-06-10 06:00:00,6.456502524457651
2025-06-10 07:00:00,6.640974025156441
2025-06-10 08:00:00,6.825445525855231
2025-06-10 09:00:00,6.948426526321091
2025-06-10 10:00:00,7.071407526786952
2025-06-10 11:00:00,6.640974025156441
2025-06-10 12:00:00,6.702464525389371
2025-06-10 13:00:00,6.272031023758861
2025-06-10 14:00:00,6.579483524923511
2025-06-10 15:00:00,6.149050023293
2025-06-10 16:00:00,5.288183020031981
2025-06-10 17:00:00,5.59563552119663
2025-06-10 18:00:00,5.59563552119663
2025-06-10 19:00:00,5.534145020963701
2025-06-10 20:00:00,5.964578522594211
2025-06-10 21:00:00,5.34967352026491
2025-06-10 22:00:00,5.65712602142956
2025-06-10 23:00:00,6.948426526321091
2025-06-11 00:00:00,6.149050023293
2025-06-11 01:00:00,5.718616521662491
2025-06-11 02:00:00,5.780107021895421
2025-06-11 03:00:00,5.964578522594211
2025-06-11 04:00:00,6.026069022827141
2025-06-11 05:00:00,5.472654520730771
2025-06-11 06:00:00,7.6248220288833215
2025-06-11 07:00:00,7.501841028417461
2025-06-11 08:00:00,7.563331528650391
2025-06-11 09:00:00,7.870784029815041
2025-06-11 10:00:00,7.686312529116251
2025-06-11 11:00:00,7.6248220288833215
2025-06-11 12:00:00,8.055255530513831
2025-06-11 13:00:00,8.23972703121262
2025-06-11 14:00:00,7.255879027485741
2025-06-11 15:00:00,6.825445525855231
2025-06-11 16:00:00,5.59563552119663
2025-06-11 17:00:00,5.288183020031981
2025-06-11 18:00:00,5.22669251979905
2025-06-11 19:00:00,5.65712602142956
2025-06-11 20:00:00,5.288183020031981
2025-06-11 21:00:00,14.634739055437342
2025-06-11 22:00:00,20.476336577565693
2025-06-11 23:00:00,20.2918650768669
2025-06-12 00:00:00,20.414846077332765
2025-06-12 01:00:00,20.353355577099833
2025-06-12 02:00:00,20.9067700791962
2025-06-12 03:00:00,20.599317578031553
2025-06-12 04:00:00,17.46330206615212
2025-06-12 05:00:00,5.534145020963701
2025-06-12 06:00:00,6.579483524923511
2025-06-12 07:00:00,7.44035052818453
2025-06-12 08:00:00,7.501841028417461
2025-06-12 09:00:00,7.501841028417461
2025-06-12 10:00:00,7.19438852725281
2025-06-12 11:00:00,6.763955025622301
2025-06-12 12:00:00,7.009917026554021
2025-06-12 13:00:00,7.255879027485741
2025-06-12 14:00:00,6.640974025156441
2025-06-12 15:00:00,5.411164020497841
2025-06-12 16:00:00,4.67327801770268
2025-06-12 17:00:00,5.103711519333191
2025-06-12 18:00:00,4.61178751746975
2025-06-12 19:00:00,4.857749518401471
2025-06-12 20:00:00,4.9192400186344
2025-06-12 21:00:00,5.0422210191002605
2025-06-12 22:00:00,5.165202019566121
2025-06-12 23:00:00,5.411164020497841
2025-06-13 00:00:00,5.103711519333191
2025-06-13 01:00:00,5.34967352026491
2025-06-13 02:00:00,5.65712602142956
2025-06-13 03:00:00,5.411164020497841
2025-06-13 04:00:00,5.718616521662491
2025-06-13 05:00:00,5.22669251979905
2025-06-13 06:00:00,7.009917026554021
2025-06-13 07:00:00,7.071407526786952
2025-06-13 08:00:00,6.702464525389371
2025-06-13 09:00:00,7.071407526786952
2025-06-13 10:00:00,6.517993024690581
2025-06-13 11:00:00,6.640974025156441
2025-06-13 12:00:00,6.948426526321091
2025-06-13 13:00:00,6.8869360260881605
2025-06-13 14:00:00,6.026069022827141
2025-06-13 15:00:00,5.411164020497841
2025-06-13 16:00:00,9.531027536104151
2025-06-13 17:00:00,11.80617604472256
2025-06-13 18:00:00,11.560214043790841
2025-06-13 19:00:00,11.99064754542135
2025-06-13 20:00:00,11.683195044256701
2025-06-13 21:00:00,12.113628545887211
2025-06-13 22:00:00,12.052138045654281
2025-06-13 23:00:00,12.359590546818932
2025-06-14 00:00:00,12.175119046120143
2025-06-14 01:00:00,12.175119046120143
2025-06-14 02:00:00,11.99064754542135
2025-06-14 03:00:00,12.42108104705186
2025-06-14 04:00:00,12.605552547750653
2025-06-14 05:00:00,11.929157045188422
2025-06-14 06:00:00,12.052138045654281
2025-06-14 07:00:00,12.359590546818932
2025-06-14 08:00:00,11.80617604472256
2025-06-14 09:00:00,12.113628545887211
2025-06-14 10:00:00,11.560214043790841
2025-06-14 11:00:00,6.333521523991791
2025-06-14 12:00:00,4.7962590181685405
2025-06-14 13:00:00,4.7962590181685405
2025-06-14 14:00:00,5.103711519333191
2025-06-14 15:00:00,4.67327801770268
2025-06-14 16:00:00,5.0422210191002605
2025-06-14 17:00:00,4.7962590181685405
2025-06-14 18:00:00,4.857749518401471
2025-06-14 19:00:00,4.857749518401471
2025-06-14 20:00:00,4.9192400186344
2025-06-14 21:00:00,5.165202019566121
2025-06-14 22:00:00,5.22669251979905
2025-06-14 23:00:00,5.472654520730771
2025-06-15 00:00:00,5.165202019566121
2025-06-15 01:00:00,5.65712602142956
2025-06-15 02:00:00,5.288183020031981
2025-06-15 03:00:00,5.718616521662491
2025-06-15 04:00:00,5.34967352026491
2025-06-15 05:00:00,5.534145020963701
2025-06-15 06:00:00,5.411164020497841
2025-06-15 07:00:00,5.165202019566121
2025-06-15 08:00:00,4.9192400186344
2025-06-15 09:00:00,4.980730518867331
2025-06-15 10:00:00,4.980730518867331
2025-06-15 11:00:00,18.447150069879
2025-06-15 12:00:00,19.185036072674162
2025-06-15 13:00:00,19.492488573838813
2025-06-15 14:00:00,20.107393576168114
2025-06-15 15:00:00,19.922922075469323
2025-06-15 16:00:00,19.36950757337295
2025-06-15 17:00:00,19.36950757337295
2025-06-15 18:00:00,5.59563552119663
2025-06-15 19:00:00,5.34967352026491
2025-06-15 20:00:00,5.22669251979905
2025-06-15 21:00:00,5.288183020031981
2025-06-15 22:00:00,5.288183020031981
2025-06-15 23:00:00,5.34967352026491
2025-06-16 00:00:00,5.718616521662491
2025-06-16 01:00:00,5.534145020963701
2025-06-16 02:00:00,5.59563552119663
2025-06-16 03:00:00,5.472654520730771
2025-06-16 04:00:00,5.8415975221283505
2025-06-16 05:00:00,5.8415975221283505
2025-06-16 06:00:00,5.472654520730771
2025-06-16 07:00:00,6.640974025156441
2025-06-16 08:00:00,6.825445525855231
2025-06-16 09:00:00,7.009917026554021
2025-06-16 10:00:00,6.948426526321091
2025-06-16 11:00:00,7.44035052818453
2025-06-16 12:00:00,7.3788600279516015
2025-06-16 13:00:00,7.255879027485741
2025-06-16 14:00:00,6.640974025156441
2025-06-16 15:00:00,7.255879027485741
2025-06-16 16:00:00,6.087559523060071
2025-06-16 17:00:00,5.65712602142956
2025-06-16 18:00:00,5.34967352026491
2025-06-16 19:00:00,5.288183020031981
2025-06-16 20:00:00,5.718616521662491
2025-06-16 21:00:00,5.288183020031981
2025-06-16 22:00:00,5.472654520730771
2025-06-16 23:00:00,5.411164020497841
2025-06-17 00:00:00,5.472654520730771
2025-06-17 01:00:00,5.22669251979905
2025-06-17 02:00:00,5.165202019566121
2025-06-17 03:00:00,5.718616521662491
2025-06-17 04:00:00,5.8415975221283505
2025-06-17 05:00:00,5.411164020497841
2025-06-17 06:00:00,6.149050023293
2025-06-17 07:00:00,6.087559523060071
2025-06-17 08:00:00,6.517993024690581
2025-06-17 09:00:00,7.1328980270198805
2025-06-17 10:00:00,6.825445525855231
2025-06-17 11:00:00,6.763955025622301
2025-06-17 12:00:00,6.640974025156441
2025-06-17 13:00:00,6.640974025156441
2025-06-17 14:00:00,6.579483524923511
2025-06-17 15:00:00,6.087559523060071
2025-06-17 16:00:00,4.61178751746975
2025-06-17 17:00:00,3.6894300139758007
2025-06-17 18:00:00,4.36582551653803
2025-06-17 19:00:00,3.6279395137428705
2025-06-17 20:00:00,4.242844516072171
2025-06-17 21:00:00,3.8124110144416608
2025-06-17 22:00:00,3.5664490135099403
2025-06-17 23:00:00,3.9353920149075203
2025-06-18 00:00:00,3.9968825151404506
2025-06-18 01:00:00,3.4434680130440802
2025-06-18 02:00:00,3.8124110144416608
2025-06-18 03:00:00,3.6279395137428705
2025-06-18 04:00:00,3.87390151467459
2025-06-18 05:00:00,3.3819775128111504
2025-06-18 06:00:00,5.165202019566121
2025-06-18 07:00:00,6.087559523060071
2025-06-18 08:00:00,6.272031023758861
2025-06-18 09:00:00,6.395012024224721
2025-06-18 10:00:00,6.763955025622301
2025-06-18 11:00:00,6.640974025156441
2025-06-18 12:00:00,6.948426526321091
2025-06-18 13:00:00,6.763955025622301
2025-06-18 14:00:00,5.90308802236128
2025-06-18 15:00:00,5.718616521662491
2025-06-18 16:00:00,3.9353920149075203
2025-06-18 17:00:00,3.3204870125782207
2025-06-18 18:00:00,3.6279395137428705
2025-06-18 19:00:00,3.2589965123452904
2025-06-18 20:00:00,3.6279395137428705
2025-06-18 21:00:00,3.5664490135099403
2025-06-18 22:00:00,3.2589965123452904
2025-06-18 23:00:00,3.3204870125782207
2025-06-19 00:00:00,3.5664490135099403
2025-06-19 01:00:00,3.4434680130440802
2025-06-19 02:00:00,3.3819775128111504
2025-06-19 03:00:00,3.6279395137428705
2025-06-19 04:00:00,3.5049585132770105
2025-06-19 05:00:00,3.7509205142087305
2025-06-19 06:00:00,5.0422210191002605
2025-06-19 07:00:00,5.59563552119663
2025-06-19 08:00:00,5.34967352026491
2025-06-19 09:00:00,6.333521523991791
2025-06-19 10:00:00,6.026069022827141
2025-06-19 11:00:00,5.780107021895421
2025-06-19 12:00:00,6.272031023758861
2025-06-19 13:00:00,5.90308802236128
2025-06-19 14:00:00,5.90308802236128
2025-06-19 15:00:00,5.718616521662491
2025-06-19 16:00:00,4.427316016770961
2025-06-19 17:00:00,3.8124110144416608
2025-06-19 18:00:00,3.5049585132770105
2025-06-19 19:00:00,4.11986351560631
2025-06-19 20:00:00,4.11986351560631
2025-06-19 21:00:00,4.488806517003891
2025-06-19 22:00:00,4.181354015839241
2025-06-19 23:00:00,4.61178751746975
2025-06-20 00:00:00,4.3043350163051
2025-06-20 01:00:00,4.67327801770268
2025-06-20 02:00:00,4.857749518401471
2025-06-20 03:00:00,4.3043350163051
2025-06-20 04:00:00,4.3043350163051
2025-06-20 05:00:00,6.087559523060071
2025-06-20 06:00:00,6.272031023758861
2025-06-20 07:00:00,6.026069022827141
2025-06-20 08:00:00,5.8415975221283505
2025-06-20 09:00:00,5.8415975221283505
2025-06-20 10:00:00,5.59563552119663
2025-06-20 11:00:00,5.34967352026491
2025-06-20 12:00:00,6.333521523991791
2025-06-20 13:00:00,6.21054052352593
2025-06-20 14:00:00,5.90308802236128
2025-06-20 15:00:00,4.857749518401471
2025-06-20 16:00:00,3.6894300139758007
2025-06-20 17:00:00,3.3204870125782207
2025-06-20 18:00:00,3.3819775128111504
2025-06-20 19:00:00,3.4434680130440802
2025-06-20 20:00:00,3.5049585132770105
2025-06-20 21:00:00,3.4434680130440802
2025-06-20 22:00:00,3.5664490135099403
2025-06-20 23:00:00,3.6279395137428705
2025-06-21 00:00:00,4.05837301537338
2025-06-21 01:00:00,3.6279395137428705
2025-06-21 02:00:00,4.488806517003891
2025-06-21 03:00:00,4.181354015839241
2025-06-21 04:00:00,4.242844516072171
2025-06-21 05:00:00,3.87390151467459
2025-06-21 06:00:00,4.181354015839241
2025-06-21 07:00:00,3.2589965123452904
2025-06-21 08:00:00,3.2589965123452904
2025-06-21 09:00:00,3.4434680130440802
2025-06-21 10:00:00,3.5049585132770105
2025-06-21 11:00:00,3.2589965123452904
2025-06-21 12:00:00,3.3204870125782207
2025-06-21 13:00:00,3.5049585132770105
2025-06-21 14:00:00,3.2589965123452904
2025-06-21 15:00:00,3.5049585132770105
2025-06-21 16:00:00,3.2589965123452904
2025-06-21 17:00:00,3.5664490135099403
2025-06-21 18:00:00,3.4434680130440802
2025-06-21 19:00:00,3.3204870125782207
2025-06-21 20:00:00,3.6279395137428705
2025-06-21 21:00:00,3.6894300139758007
2025-06-21 22:00:00,3.7509205142087305
2025-06-21 23:00:00,3.2589965123452904
2025-06-22 00:00:00,3.6894300139758007
2025-06-22 01:00:00,3.3204870125782207
2025-06-22 02:00:00,3.87390151467459
2025-06-22 03:00:00,3.5664490135099403
2025-06-22 04:00:00,3.3819775128111504
2025-06-22 05:00:00,3.3819775128111504
2025-06-22 06:00:00,9.592518036337081
2025-06-22 07:00:00,18.447150069879
2025-06-22 08:00:00,18.32416906941314
2025-06-22 09:00:00,14.757720055903203
2025-06-22 10:00:00,18.631621570577792
2025-06-22 11:00:00,18.570131070344864
2025-06-22 12:00:00,12.544062047517722
2025-06-22 13:00:00,13.712381551943393
2025-06-22 14:00:00,18.939074071742443
2025-06-22 15:00:00,18.69311207081072
2025-06-22 16:00:00,5.472654520730771
2025-06-22 17:00:00,4.3043350163051
2025-06-22 18:00:00,3.9353920149075203
2025-06-22 19:00:00,3.4434680130440802
2025-06-22 20:00:00,3.9968825151404506
2025-06-22 21:00:00,3.7509205142087305
2025-06-22 22:00:00,3.8124110144416608
2025-06-22 23:00:00,3.6279395137428705
2025-06-23 00:00:00,3.5049585132770105
2025-06-23 01:00:00,3.3204870125782207
2025-06-23 02:00:00,3.7509205142087305
2025-06-23 03:00:00,3.5049585132770105
2025-06-23 04:00:00,3.4434680130440802
2025-06-23 05:00:00,5.22669251979905
2025-06-23 06:00:00,4.61178751746975
2025-06-23 07:00:00,5.90308802236128
2025-06-23 08:00:00,5.34967352026491
2025-06-23 09:00:00,5.90308802236128
2025-06-23 10:00:00,6.21054052352593
2025-06-23 11:00:00,6.149050023293
2025-06-23 12:00:00,5.780107021895421
2025-06-23 13:00:00,6.333521523991791
2025-06-23 14:00:00,6.21054052352593
2025-06-23 15:00:00,5.411164020497841
2025-06-23 16:00:00,3.9353920149075203
2025-06-23 17:00:00,3.8124110144416608
2025-06-23 18:00:00,3.8124110144416608
2025-06-23 19:00:00,3.8124110144416608
2025-06-23 20:00:00,3.6894300139758007
2025-06-23 21:00:00,3.5049585132770105
2025-06-23 22:00:00,3.5664490135099403
2025-06-23 23:00:00,3.4434680130440802
2025-06-24 00:00:00,3.4434680130440802
2025-06-24 01:00:00,3.4434680130440802
2025-06-24 02:00:00,3.1975060121123606
2025-06-24 03:00:00,3.3819775128111504
2025-06-24 04:00:00,3.5664490135099403
2025-06-24 05:00:00,4.7962590181685405
2025-06-24 06:00:00,5.288183020031981
2025-06-24 07:00:00,5.90308802236128
2025-06-24 08:00:00,6.026069022827141
2025-06-24 09:00:00,6.8869360260881605
2025-06-24 10:00:00,7.009917026554021
2025-06-24 11:00:00,7.686312529116251
2025-06-24 12:00:00,7.74780302934918
2025-06-24 13:00:00,8.055255530513831
2025-06-24 14:00:00,8.547179532377271
2025-06-24 15:00:00,7.563331528650391
2025-06-24 16:00:00,6.333521523991791
2025-06-24 17:00:00,4.9192400186344
2025-06-24 18:00:00,4.980730518867331
2025-06-24 19:00:00,4.7962590181685405
2025-06-24 20:00:00,4.488806517003891
2025-06-24 21:00:00,4.488806517003891
2025-06-24 22:00:00,4.242844516072171
2025-06-24 23:00:00,4.550297017236821
2025-06-25 00:00:00,4.05837301537338
2025-06-25 01:00:00,4.488806517003891
2025-06-25 02:00:00,4.11986351560631
2025-06-25 03:00:00,4.3043350163051
2025-06-25 04:00:00,3.87390151467459
2025-06-25 05:00:00,4.05837301537338
2025-06-25 06:00:00,5.65712602142956
2025-06-25 07:00:00,6.21054052352593
2025-06-25 08:00:00,6.333521523991791
2025-06-25 09:00:00,6.21054052352593
2025-06-25 10:00:00,6.825445525855231
2025-06-25 11:00:00,6.948426526321091
2025-06-25 12:00:00,7.44035052818453
2025-06-25 13:00:00,7.3788600279516015
2025-06-25 14:00:00,6.8869360260881605
2025-06-25 15:00:00,10.4533850395981
2025-06-25 16:00:00,9.039103534240711
2025-06-25 17:00:00,4.181354015839241
2025-06-25 18:00:00,4.05837301537338
2025-06-25 19:00:00,3.7509205142087305
2025-06-25 20:00:00,3.5049585132770105
2025-06-25 21:00:00,3.5049585132770105
2025-06-25 22:00:00,3.6279395137428705
2025-06-25 23:00:00,3.3204870125782207
2025-06-26 00:00:00,3.4434680130440802
2025-06-26 01:00:00,3.3204870125782207
2025-06-26 02:00:00,3.5664490135099403
2025-06-26 03:00:00,3.1360155118794304
2025-06-26 04:00:00,3.0745250116465
2025-06-26 05:00:00,2.95154401118064
2025-06-26 06:00:00,3.1360155118794304
2025-06-26 07:00:00,3.2589965123452904
2025-06-26 08:00:00,3.87390151467459
2025-06-26 09:00:00,4.61178751746975
2025-06-26 10:00:00,4.61178751746975
2025-06-26 11:00:00,6.026069022827141
2025-06-26 12:00:00,18.631621570577792
2025-06-26 13:00:00,18.570131070344864
2025-06-26 14:00:00,18.816093071276583
2025-06-26 15:00:00,13.589400551477532
2025-06-26 16:00:00,3.0745250116465
2025-06-26 17:00:00,3.3819775128111504
2025-06-26 18:00:00,3.4434680130440802
2025-06-26 19:00:00,3.0745250116465
2025-06-26 20:00:00,3.3819775128111504
2025-06-26 21:00:00,3.6279395137428705
2025-06-26 22:00:00,3.9353920149075203
2025-06-26 23:00:00,3.6279395137428705
2025-06-27 00:00:00,3.6279395137428705
2025-06-27 01:00:00,3.7509205142087305
2025-06-27 02:00:00,3.6894300139758007
2025-06-27 03:00:00,3.9968825151404506
2025-06-27 04:00:00,3.7509205142087305
2025-06-27 05:00:00,5.411164020497841
2025-06-27 06:00:00,5.534145020963701
2025-06-27 07:00:00,5.288183020031981
2025-06-27 08:00:00,5.288183020031981
2025-06-27 09:00:00,5.411164020497841
2025-06-27 10:00:00,5.22669251979905
2025-06-27 11:00:00,5.472654520730771
2025-06-27 12:00:00,8.670160532843132
2025-06-27 13:00:00,27.178801102955063
2025-06-27 14:00:00,25.948991098296464
2025-06-27 15:00:00,21.152732080127922
2025-06-27 16:00:00,18.75460257104365
2025-06-27 17:00:00,18.447150069879
2025-06-27 18:00:00,17.955226068015563
2025-06-27 19:00:00,16.47945406242524
2025-06-27 20:00:00,24.719181093637864
2025-06-27 21:00:00,24.411728592473214
2025-06-27 22:00:00,24.411728592473214
2025-06-27 23:00:00,24.350238092240286
2025-06-28 00:00:00,24.350238092240286
2025-06-28 01:00:00,24.596200093172
2025-06-28 02:00:00,16.23349206149352
2025-06-28 03:00:00,11.068290041927401
2025-06-28 04:00:00,10.022951537967591
2025-06-28 05:00:00,7.317369527718671
2025-06-28 06:00:00,3.0745250116465
2025-06-28 07:00:00,3.1975060121123606
2025-06-28 08:00:00,3.1975060121123606
2025-06-28 09:00:00,3.1360155118794304
2025-06-28 10:00:00,3.3204870125782207
2025-06-28 11:00:00,3.5664490135099403
2025-06-28 12:00:00,3.1360155118794304
2025-06-28 13:00:00,3.1975060121123606
2025-06-28 14:00:00,3.0745250116465
2025-06-28 15:00:00,3.2589965123452904
2025-06-28 16:00:00,3.3204870125782207
2025-06-28 17:00:00,3.1360155118794304
2025-06-28 18:00:00,3.1975060121123606
2025-06-28 19:00:00,3.1975060121123606
2025-06-28 20:00:00,3.4434680130440802
2025-06-28 21:00:00,2.95154401118064
2025-06-28 22:00:00,3.3819775128111504
2025-06-28 23:00:00,3.1360155118794304
2025-06-29 00:00:00,3.5049585132770105
2025-06-29 01:00:00,3.87390151467459
2025-06-29 02:00:00,3.87390151467459
2025-06-29 03:00:00,3.7509205142087305
2025-06-29 04:00:00,3.7509205142087305
2025-06-29 05:00:00,3.87390151467459
2025-06-29 06:00:00,3.3819775128111504
2025-06-29 07:00:00,3.1975060121123606
2025-06-29 08:00:00,3.1975060121123606
2025-06-29 09:00:00,3.0745250116465
2025-06-29 10:00:00,3.1360155118794304
2025-06-29 11:00:00,10.637856540296893
2025-06-29 12:00:00,10.084442038200521
2025-06-29 13:00:00,3.1975060121123606
2025-06-29 14:00:00,3.3204870125782207
2025-06-29 15:00:00,3.5049585132770105
2025-06-29 16:00:00,3.8124110144416608
2025-06-29 17:00:00,3.6894300139758007
2025-06-29 18:00:00,3.4434680130440802
2025-06-29 19:00:00,3.3204870125782207
2025-06-29 20:00:00,3.3819775128111504
2025-06-29 21:00:00,3.6279395137428705
2025-06-29 22:00:00,3.1975060121123606
2025-06-29 23:00:00,3.1975060121123606
2025-06-30 00:00:00,3.1360155118794304
2025-06-30 01:00:00,3.1975060121123606
2025-06-30 02:00:00,3.3819775128111504
2025-06-30 03:00:00,3.0745250116465
2025-06-30 04:00:00,3.0130345114135704
2025-06-30 05:00:00,3.1975060121123606
2025-06-30 06:00:00,3.1360155118794304
2025-06-30 07:00:00,3.1360155118794304
2025-06-30 08:00:00,3.1360155118794304
2025-06-30 09:00:00,3.1975060121123606
2025-06-30 10:00:00,3.1360155118794304
2025-06-30 11:00:00,3.6894300139758007
2025-06-30 12:00:00,3.3204870125782207
2025-06-30 13:00:00,3.6279395137428705
2025-06-30 14:00:00,3.4434680130440802
2025-06-30 15:00:00,3.5049585132770105
2025-06-30 16:00:00,3.2589965123452904
2025-06-30 17:00:00,3.1975060121123606
2025-06-30 18:00:00,3.2589965123452904
2025-06-30 19:00:00,3.2589965123452904
2025-06-30 20:00:00,3.1975060121123606
2025-06-30 21:00:00,3.3819775128111504
2025-06-30 22:00:00,3.3204870125782207
2025-06-30 23:00:00,3.1360155118794304
2025-07-01 00:00:00,2.629220598662533
2025-07-01 01:00:00,2.8772602777816396
2025-07-01 02:00:00,2.5796126628387115
2025-07-01 03:00:00,2.53000472701489
2025-07-01 04:00:00,2.480396791191069
2025-07-01 05:00:00,2.629220598662533
2025-07-01 06:00:00,2.8772602777816396
2025-07-01 07:00:00,4.1174586733771745
2025-07-01 08:00:00,4.216674545024817
2025-07-01 09:00:00,4.415106288320102
2025-07-01 10:00:00,4.0182428017295315
2025-07-01 11:00:00,4.563930095791566
2025-07-01 12:00:00,4.663145967439209
2025-07-01 13:00:00,5.109617389853601
2025-07-01 14:00:00,4.663145967439209
2025-07-01 15:00:00,15.031204554617876
2025-07-01 16:00:00,15.229636297913164
2025-07-01 17:00:00,15.428068041208448
2025-07-01 18:00:00,15.229636297913164
2025-07-01 19:00:00,15.080812490441696
2025-07-01 20:00:00,14.138261709789093
2025-07-01 21:00:00,3.5717713793151393
2025-07-01 22:00:00,3.4725555076674963
2025-07-01 23:00:00,3.1749078927245677
2025-07-02 00:00:00,3.2245158285483893
2025-07-02 01:00:00,3.323731700196032
2025-07-02 02:00:00,3.1749078927245677
2025-07-02 03:00:00,3.4725555076674963
2025-07-02 04:00:00,3.3733396360198533
2025-07-02 05:00:00,3.1252999569007462
2025-07-02 06:00:00,4.067850737553353
2025-07-02 07:00:00,4.266282480848639
2025-07-02 08:00:00,4.663145967439209
2025-07-02 09:00:00,4.861577710734495
2025-07-02 10:00:00,5.109617389853601
2025-07-02 11:00:00,5.258441197325066
2025-07-02 12:00:00,5.258441197325066
2025-07-02 13:00:00,5.308049133148887
2025-07-02 14:00:00,5.754520555563279
2025-07-02 15:00:00,4.167066609200996
2025-07-02 16:00:00,3.2245158285483893
2025-07-02 17:00:00,2.827652341957818
2025-07-02 18:00:00,2.827652341957818
2025-07-02 19:00:00,2.778044406133997
2025-07-02 20:00:00,2.827652341957818
2025-07-02 21:00:00,2.778044406133997
2025-07-02 22:00:00,2.778044406133997
2025-07-02 23:00:00,2.480396791191069
2025-07-03 00:00:00,2.8772602777816396
2025-07-03 01:00:00,2.5796126628387115
2025-07-03 02:00:00,2.381180919543426
2025-07-03 03:00:00,2.381180919543426
2025-07-03 04:00:00,2.7284364703101756
2025-07-03 05:00:00,2.281965047895783
2025-07-03 06:00:00,2.629220598662533
2025-07-03 07:00:00,2.9764761494292826
2025-07-03 08:00:00,3.5221634434913174
2025-07-03 09:00:00,3.720595186786603
2025-07-03 10:00:00,3.670987250962782
2025-07-03 11:00:00,3.869418994258067
2025-07-03 12:00:00,3.9686348659057096
2025-07-03 13:00:00,3.9686348659057096
2025-07-03 14:00:00,3.670987250962782
2025-07-03 15:00:00,3.4725555076674963
2025-07-03 16:00:00,2.6788285344863545
2025-07-03 17:00:00,2.629220598662533
2025-07-03 18:00:00,2.926868213605461
2025-07-03 19:00:00,2.53000472701489
2025-07-03 20:00:00,2.480396791191069
2025-07-03 21:00:00,2.381180919543426
2025-07-03 22:00:00,2.7284364703101756
2025-07-03 23:00:00,2.53000472701489
2025-07-04 00:00:00,2.827652341957818
2025-07-04 01:00:00,2.926868213605461
2025-07-04 02:00:00,2.9764761494292826
2025-07-04 03:00:00,3.4725555076674963
2025-07-04 04:00:00,3.1749078927245677
2025-07-04 05:00:00,4.216674545024817
2025-07-04 06:00:00,4.216674545024817
2025-07-04 07:00:00,4.663145967439209
2025-07-04 08:00:00,4.216674545024817
2025-07-04 09:00:00,4.464714224143924
2025-07-04 10:00:00,4.365498352496281
2025-07-04 11:00:00,4.464714224143924
2025-07-04 12:00:00,4.663145967439209
2025-07-04 13:00:00,4.960793582382138
2025-07-04 14:00:00,4.762361839086852
2025-07-04 15:00:00,3.670987250962782
2025-07-04 16:00:00,3.1749078927245677
2025-07-04 17:00:00,2.778044406133997
2025-07-04 18:00:00,2.7284364703101756
2025-07-04 19:00:00,2.6788285344863545
2025-07-04 20:00:00,2.7284364703101756
2025-07-04 21:00:00,2.7284364703101756
2025-07-04 22:00:00,2.629220598662533
2025-07-04 23:00:00,2.4307888553672474
2025-07-05 00:00:00,2.5796126628387115
2025-07-05 01:00:00,2.6788285344863545
2025-07-05 02:00:00,2.480396791191069
2025-07-05 03:00:00,2.480396791191069
2025-07-05 04:00:00,2.53000472701489
2025-07-05 05:00:00,2.3315729837196044
2025-07-05 06:00:00,2.5796126628387115
2025-07-05 07:00:00,2.480396791191069
2025-07-05 08:00:00,2.53000472701489
2025-07-05 09:00:00,2.53000472701489
2025-07-05 10:00:00,2.9764761494292826
2025-07-05 11:00:00,3.026084085253104
2025-07-05 12:00:00,2.9764761494292826
2025-07-05 13:00:00,3.2245158285483893
2025-07-05 14:00:00,3.2741237643722108
2025-07-05 15:00:00,3.3733396360198533
2025-07-05 16:00:00,14.733556939674948
2025-07-05 17:00:00,14.634341068027306
2025-07-05 18:00:00,14.485517260555842
2025-07-05 19:00:00,14.535125196379662
2025-07-05 20:00:00,14.634341068027306
2025-07-05 21:00:00,14.336693453084377
2025-07-05 22:00:00,14.435909324732021
2025-07-05 23:00:00,12.848455378369735
2025-07-06 00:00:00,5.506480876444173
2025-07-06 01:00:00,3.5221634434913174
2025-07-06 02:00:00,2.7284364703101756
2025-07-06 03:00:00,2.629220598662533
2025-07-06 04:00:00,2.5796126628387115
2025-07-06 05:00:00,2.381180919543426
2025-07-06 06:00:00,2.480396791191069
2025-07-06 07:00:00,2.778044406133997
2025-07-06 08:00:00,2.7284364703101756
2025-07-06 09:00:00,2.926868213605461
2025-07-06 10:00:00,3.026084085253104
2025-07-06 11:00:00,3.3733396360198533
2025-07-06 12:00:00,3.5221634434913174
2025-07-06 13:00:00,3.3733396360198533
2025-07-06 14:00:00,3.2245158285483893
2025-07-06 15:00:00,3.5221634434913174
2025-07-06 16:00:00,3.075692021076925
2025-07-06 17:00:00,3.5717713793151393
2025-07-06 18:00:00,3.2741237643722108
2025-07-06 19:00:00,5.605696748091815
2025-07-06 20:00:00,8.482957025873455
2025-07-06 21:00:00,8.334133218401991
2025-07-06 22:00:00,8.28452528257817
2025-07-06 23:00:00,8.433349090049633
2025-07-07 00:00:00,8.234917346754349
2025-07-07 01:00:00,8.135701475106705
2025-07-07 02:00:00,8.185309410930527
2025-07-07 03:00:00,8.234917346754349
2025-07-07 04:00:00,8.334133218401991
2025-07-07 05:00:00,8.086093539282883
2025-07-07 06:00:00,8.5821728975211
2025-07-07 07:00:00,7.738837988516134
2025-07-07 08:00:00,3.9190269300818885
2025-07-07 09:00:00,3.9190269300818885
2025-07-07 10:00:00,3.869418994258067
2025-07-07 11:00:00,4.167066609200996
2025-07-07 12:00:00,3.869418994258067
2025-07-07 13:00:00,4.0182428017295315
2025-07-07 14:00:00,5.06000945402978
2025-07-07 15:00:00,4.067850737553353
2025-07-07 16:00:00,2.827652341957818
2025-07-07 17:00:00,2.778044406133997
2025-07-07 18:00:00,2.629220598662533
2025-07-07 19:00:00,3.075692021076925
2025-07-07 20:00:00,2.6788285344863545
2025-07-07 21:00:00,2.629220598662533
2025-07-07 22:00:00,2.5796126628387115
2025-07-07 23:00:00,2.7284364703101756
2025-07-08 00:00:00,2.7284364703101756
2025-07-08 01:00:00,2.629220598662533
2025-07-08 02:00:00,2.53000472701489
2025-07-08 03:00:00,2.7284364703101756
2025-07-08 04:00:00,2.7284364703101756
2025-07-08 05:00:00,2.381180919543426
2025-07-08 06:00:00,2.4307888553672474
2025-07-08 07:00:00,3.1749078927245677
2025-07-08 08:00:00,4.663145967439209
2025-07-08 09:00:00,4.31589041667246
2025-07-08 10:00:00,4.563930095791566
2025-07-08 11:00:00,4.365498352496281
2025-07-08 12:00:00,4.861577710734495
2025-07-08 13:00:00,4.663145967439209
2025-07-08 14:00:00,4.762361839086852
2025-07-08 15:00:00,4.1174586733771745
2025-07-08 16:00:00,2.8772602777816396
2025-07-08 17:00:00,3.1252999569007462
2025-07-08 18:00:00,2.926868213605461
2025-07-08 19:00:00,2.827652341957818
2025-07-08 20:00:00,2.9764761494292826
2025-07-08 21:00:00,2.827652341957818
2025-07-08 22:00:00,2.53000472701489
2025-07-08 23:00:00,2.778044406133997
2025-07-09 00:00:00,2.629220598662533
2025-07-09 01:00:00,2.4307888553672474
2025-07-09 02:00:00,2.629220598662533
2025-07-09 03:00:00,2.827652341957818
2025-07-09 04:00:00,2.5796126628387115
2025-07-09 05:00:00,3.5221634434913174
2025-07-09 06:00:00,3.9686348659057096
2025-07-09 07:00:00,4.365498352496281
2025-07-09 08:00:00,4.365498352496281
2025-07-09 09:00:00,4.663145967439209
2025-07-09 10:00:00,4.960793582382138
2025-07-09 11:00:00,5.010401518205958
2025-07-09 12:00:00,4.811969774910674
2025-07-09 13:00:00,5.06000945402978
2025-07-09 14:00:00,5.06000945402978
2025-07-09 15:00:00,4.762361839086852
2025-07-09 16:00:00,3.2741237643722108
2025-07-09 17:00:00,2.926868213605461
2025-07-09 18:00:00,3.026084085253104
2025-07-09 19:00:00,2.629220598662533
2025-07-09 20:00:00,2.6788285344863545
2025-07-09 21:00:00,2.6788285344863545
2025-07-09 22:00:00,2.53000472701489
2025-07-09 23:00:00,2.5796126628387115
2025-07-10 00:00:00,2.6788285344863545
2025-07-10 01:00:00,2.5796126628387115
2025-07-10 02:00:00,2.6788285344863545
2025-07-10 03:00:00,2.629220598662533
2025-07-10 04:00:00,2.480396791191069
2025-07-10 05:00:00,3.670987250962782
2025-07-10 06:00:00,4.067850737553353
2025-07-10 07:00:00,4.167066609200996
2025-07-10 08:00:00,3.5717713793151393
2025-07-10 09:00:00,4.31589041667246
2025-07-10 10:00:00,4.365498352496281
2025-07-10 11:00:00,4.712753903263031
2025-07-10 12:00:00,5.06000945402978
2025-07-10 13:00:00,5.556088812267994
2025-07-10 14:00:00,4.811969774910674
2025-07-10 15:00:00,4.563930095791566
2025-07-10 16:00:00,3.323731700196032
2025-07-10 17:00:00,3.1749078927245677
2025-07-10 18:00:00,3.2741237643722108
2025-07-10 19:00:00,2.6788285344863545
2025-07-10 20:00:00,3.026084085253104
2025-07-10 21:00:00,2.778044406133997
2025-07-10 22:00:00,2.827652341957818
2025-07-10 23:00:00,2.827652341957818
2025-07-11 00:00:00,2.53000472701489
2025-07-11 01:00:00,2.480396791191069
2025-07-11 02:00:00,2.778044406133997
2025-07-11 03:00:00,2.3315729837196044
2025-07-11 04:00:00,2.53000472701489
2025-07-11 05:00:00,2.53000472701489
2025-07-11 06:00:00,3.770203122610424
2025-07-11 07:00:00,4.31589041667246
2025-07-11 08:00:00,4.613538031615388
2025-07-11 09:00:00,4.811969774910674
2025-07-11 10:00:00,4.911185646558317
2025-07-11 11:00:00,5.159225325677423
2025-07-11 12:00:00,4.911185646558317
2025-07-11 13:00:00,12.749239506722093
2025-07-11 14:00:00,16.122579142741948
2025-07-11 15:00:00,15.576891848679912
2025-07-11 16:00:00,12.947671250017379
2025-07-11 17:00:00,3.1749078927245677
2025-07-11 18:00:00,3.1749078927245677
2025-07-11 19:00:00,2.9764761494292826
2025-07-11 20:00:00,3.1252999569007462
2025-07-11 21:00:00,2.7284364703101756
2025-07-11 22:00:00,3.1749078927245677
2025-07-11 23:00:00,2.7284364703101756
2025-07-12 00:00:00,2.778044406133997
2025-07-12 01:00:00,2.7284364703101756
2025-07-12 02:00:00,2.926868213605461
2025-07-12 03:00:00,2.778044406133997
2025-07-12 04:00:00,2.53000472701489
2025-07-12 05:00:00,2.629220598662533
2025-07-12 06:00:00,2.827652341957818
2025-07-12 07:00:00,2.629220598662533
2025-07-12 08:00:00,2.827652341957818
2025-07-12 09:00:00,2.778044406133997
2025-07-12 10:00:00,3.1749078927245677
2025-07-12 11:00:00,3.2245158285483893
2025-07-12 12:00:00,3.1749078927245677
2025-07-12 13:00:00,3.3733396360198533
2025-07-12 14:00:00,5.952952298858565
2025-07-12 15:00:00,3.5717713793151393
2025-07-12 16:00:00,6.15138404215385
2025-07-12 17:00:00,14.683949003851128
2025-07-12 18:00:00,14.931988682970232
2025-07-12 19:00:00,14.634341068027306
2025-07-12 20:00:00,5.506480876444173
2025-07-12 21:00:00,3.323731700196032
2025-07-12 22:00:00,2.926868213605461
2025-07-12 23:00:00,2.8772602777816396
2025-07-13 00:00:00,3.026084085253104
2025-07-13 01:00:00,2.7284364703101756
2025-07-13 02:00:00,3.026084085253104
2025-07-13 03:00:00,2.8772602777816396
2025-07-13 04:00:00,2.629220598662533
2025-07-13 05:00:00,2.7284364703101756
2025-07-13 06:00:00,2.4307888553672474
2025-07-13 07:00:00,2.8772602777816396
2025-07-13 08:00:00,2.5796126628387115
2025-07-13 09:00:00,2.778044406133997
2025-07-13 10:00:00,3.075692021076925
2025-07-13 11:00:00,3.1252999569007462
2025-07-13 12:00:00,3.323731700196032
2025-07-13 13:00:00,3.2741237643722108
2025-07-13 14:00:00,3.670987250962782
2025-07-13 15:00:00,3.323731700196032
2025-07-13 16:00:00,3.2245158285483893
2025-07-13 17:00:00,3.3733396360198533
2025-07-13 18:00:00,3.026084085253104
2025-07-13 19:00:00,2.8772602777816396
2025-07-13 20:00:00,4.216674545024817
2025-07-13 21:00:00,8.28452528257817
2025-07-13 22:00:00,8.234917346754349
2025-07-13 23:00:00,8.28452528257817
2025-07-14 00:00:00,8.234917346754349
2025-07-14 01:00:00,8.036485603459063
2025-07-14 02:00:00,8.185309410930527
2025-07-14 03:00:00,7.986877667635241
2025-07-14 04:00:00,8.28452528257817
2025-07-14 05:00:00,7.341974501925564
2025-07-14 06:00:00,3.9190269300818885
2025-07-14 07:00:00,4.067850737553353
2025-07-14 08:00:00,4.216674545024817
2025-07-14 09:00:00,4.266282480848639
2025-07-14 10:00:00,4.514322159967745
2025-07-14 11:00:00,4.960793582382138
2025-07-14 12:00:00,5.258441197325066
2025-07-14 13:00:00,7.689230052692314
2025-07-14 14:00:00,17.1643457950422
2025-07-14 15:00:00,16.072971206918126
2025-07-14 16:00:00,15.279244233736984
2025-07-14 17:00:00,14.783164875498768
2025-07-14 18:00:00,14.733556939674948
2025-07-14 19:00:00,5.556088812267994
2025-07-14 20:00:00,3.323731700196032
2025-07-14 21:00:00,2.7284364703101756
2025-07-14 22:00:00,2.778044406133997
2025-07-14 23:00:00,2.778044406133997
2025-07-15 00:00:00,2.7284364703101756
2025-07-15 01:00:00,2.7284364703101756
2025-07-15 02:00:00,2.4307888553672474
2025-07-15 03:00:00,2.6788285344863545
2025-07-15 04:00:00,2.4307888553672474
2025-07-15 05:00:00,3.869418994258067
2025-07-15 06:00:00,3.869418994258067
2025-07-15 07:00:00,4.216674545024817
2025-07-15 08:00:00,4.613538031615388
2025-07-15 09:00:00,5.109617389853601
2025-07-15 10:00:00,5.357657068972709
2025-07-15 11:00:00,5.208833261501244
2025-07-15 12:00:00,5.308049133148887
2025-07-15 13:00:00,5.456872940620351
2025-07-15 14:00:00,5.456872940620351
2025-07-15 15:00:00,4.811969774910674
2025-07-15 16:00:00,3.869418994258067
2025-07-15 17:00:00,3.5221634434913174
2025-07-15 18:00:00,3.3733396360198533
2025-07-15 19:00:00,3.2245158285483893
2025-07-15 20:00:00,3.1252999569007462
2025-07-15 21:00:00,3.026084085253104
2025-07-15 22:00:00,2.9764761494292826
2025-07-15 23:00:00,5.506480876444173
2025-07-16 00:00:00,8.135701475106705
2025-07-16 01:00:00,8.334133218401991
2025-07-16 02:00:00,7.986877667635241
2025-07-16 03:00:00,8.334133218401991
2025-07-16 04:00:00,8.036485603459063
2025-07-16 05:00:00,7.887661795987598
2025-07-16 06:00:00,8.532564961697277
2025-07-16 07:00:00,4.960793582382138
2025-07-16 08:00:00,4.663145967439209
2025-07-16 09:00:00,5.506480876444173
2025-07-16 10:00:00,5.754520555563279
2025-07-16 11:00:00,5.903344363034743
2025-07-16 12:00:00,6.101776106330029
2025-07-16 13:00:00,5.952952298858565
2025-07-16 14:00:00,5.952952298858565
2025-07-16 15:00:00,5.159225325677423
2025-07-16 16:00:00,3.819811058434246
2025-07-16 17:00:00,3.1749078927245677
2025-07-16 18:00:00,2.8772602777816396
2025-07-16 19:00:00,3.026084085253104
2025-07-16 20:00:00,2.827652341957818
2025-07-16 21:00:00,6.399423721272957
2025-07-16 22:00:00,8.383741154225813
2025-07-16 23:00:00,8.334133218401991
2025-07-17 00:00:00,8.086093539282883
2025-07-17 01:00:00,8.28452528257817
2025-07-17 02:00:00,8.28452528257817
2025-07-17 03:00:00,8.433349090049633
2025-07-17 04:00:00,8.334133218401991
2025-07-17 05:00:00,7.887661795987598
2025-07-17 06:00:00,8.334133218401991
2025-07-17 07:00:00,6.2505999138014925
2025-07-17 08:00:00,4.563930095791566
2025-07-17 09:00:00,4.1174586733771745
2025-07-17 10:00:00,4.31589041667246
2025-07-17 11:00:00,3.9190269300818885
2025-07-17 12:00:00,3.770203122610424
2025-07-17 13:00:00,4.415106288320102
2025-07-17 14:00:00,3.9190269300818885
2025-07-17 15:00:00,3.075692021076925
2025-07-17 16:00:00,2.6788285344863545
2025-07-17 17:00:00,2.381180919543426
2025-07-17 18:00:00,2.629220598662533
2025-07-17 19:00:00,2.53000472701489
2025-07-17 20:00:00,2.480396791191069
2025-07-17 21:00:00,2.381180919543426
2025-07-17 22:00:00,2.6788285344863545
2025-07-17 23:00:00,2.480396791191069
2025-07-18 00:00:00,2.629220598662533
2025-07-18 01:00:00,2.6788285344863545
2025-07-18 02:00:00,2.7284364703101756
2025-07-18 03:00:00,3.323731700196032
2025-07-18 04:00:00,3.1252999569007462
2025-07-18 05:00:00,3.075692021076925
2025-07-18 06:00:00,6.647463400392064
2025-07-18 07:00:00,9.475115742349884
2025-07-18 08:00:00,9.425507806526062
2025-07-18 09:00:00,4.712753903263031
2025-07-18 10:00:00,3.4229475718436744
2025-07-18 11:00:00,3.323731700196032
2025-07-18 12:00:00,3.5717713793151393
2025-07-18 13:00:00,3.670987250962782
2025-07-18 14:00:00,3.869418994258067
2025-07-18 15:00:00,3.5717713793151393
2025-07-18 16:00:00,2.778044406133997
2025-07-18 17:00:00,2.480396791191069
2025-07-18 18:00:00,2.6788285344863545
2025-07-18 19:00:00,2.281965047895783
2025-07-18 20:00:00,2.480396791191069
2025-07-18 21:00:00,2.480396791191069
2025-07-18 22:00:00,2.6788285344863545
2025-07-18 23:00:00,2.5796126628387115
2025-07-19 00:00:00,5.010401518205958
2025-07-19 01:00:00,9.871979228940454
2025-07-19 02:00:00,9.673547485645168
2025-07-19 03:00:00,9.772763357292812
2025-07-19 04:00:00,9.971195100588096
2025-07-19 05:00:00,10.169626843883382
2025-07-19 06:00:00,9.37589987070224
2025-07-19 07:00:00,9.326291934878418
2025-07-19 08:00:00,9.177468127406954
2025-07-19 09:00:00,9.276683999054598
2025-07-19 10:00:00,9.326291934878418
2025-07-19 11:00:00,9.177468127406954
2025-07-19 12:00:00,9.871979228940454
2025-07-19 13:00:00,12.749239506722093
2025-07-19 14:00:00,14.336693453084377
2025-07-19 15:00:00,14.435909324732021
2025-07-19 16:00:00,14.485517260555842
2025-07-19 17:00:00,14.485517260555842
2025-07-19 18:00:00,3.1252999569007462
2025-07-19 19:00:00,2.480396791191069
2025-07-19 20:00:00,2.4307888553672474
2025-07-19 21:00:00,2.6788285344863545
2025-07-19 22:00:00,2.7284364703101756
2025-07-19 23:00:00,2.53000472701489
2025-07-20 00:00:00,2.480396791191069
2025-07-20 01:00:00,2.5796126628387115
2025-07-20 02:00:00,2.629220598662533
2025-07-20 03:00:00,2.4307888553672474
2025-07-20 04:00:00,2.53000472701489
2025-07-20 05:00:00,2.381180919543426
2025-07-20 06:00:00,2.480396791191069
2025-07-20 07:00:00,2.4307888553672474
2025-07-20 08:00:00,2.53000472701489
2025-07-20 09:00:00,2.53000472701489
2025-07-20 10:00:00,2.4307888553672474
2025-07-20 11:00:00,2.480396791191069
2025-07-20 12:00:00,2.53000472701489
2025-07-20 13:00:00,2.53000472701489
2025-07-20 14:00:00,2.629220598662533
2025-07-20 15:00:00,2.480396791191069
2025-07-20 16:00:00,2.7284364703101756
2025-07-20 17:00:00,2.480396791191069
2025-07-20 18:00:00,2.6788285344863545
2025-07-20 19:00:00,2.53000472701489
2025-07-20 20:00:00,2.480396791191069
2025-07-20 21:00:00,2.5796126628387115
2025-07-20 22:00:00,2.53000472701489
2025-07-20 23:00:00,2.53000472701489
2025-07-21 00:00:00,2.5796126628387115
2025-07-21 01:00:00,2.480396791191069
2025-07-21 02:00:00,2.53000472701489
2025-07-21 03:00:00,2.5796126628387115
2025-07-21 04:00:00,2.5796126628387115
2025-07-21 05:00:00,2.827652341957818
2025-07-21 06:00:00,3.770203122610424
2025-07-21 07:00:00,4.1174586733771745
2025-07-21 08:00:00,4.415106288320102
2025-07-21 09:00:00,4.266282480848639
2025-07-21 10:00:00,4.514322159967745
2025-07-21 11:00:00,4.563930095791566
2025-07-21 12:00:00,4.464714224143924
2025-07-21 13:00:00,4.613538031615388
2025-07-21 14:00:00,4.811969774910674
2025-07-21 15:00:00,3.4725555076674963
2025-07-21 16:00:00,7.093934822806457
2025-07-21 17:00:00,6.647463400392064
2025-07-21 18:00:00,2.5796126628387115
2025-07-21 19:00:00,2.480396791191069
2025-07-21 20:00:00,2.827652341957818
2025-07-21 21:00:00,2.629220598662533
2025-07-21 22:00:00,2.629220598662533
2025-07-21 23:00:00,2.7284364703101756
2025-07-22 00:00:00,2.778044406133997
2025-07-22 01:00:00,3.026084085253104
2025-07-22 02:00:00,3.1749078927245677
2025-07-22 03:00:00,3.4725555076674963
2025-07-22 04:00:00,3.3733396360198533
2025-07-22 05:00:00,3.1252999569007462
2025-07-22 06:00:00,3.770203122610424
2025-07-22 07:00:00,4.31589041667246
2025-07-22 08:00:00,4.464714224143924
2025-07-22 09:00:00,4.415106288320102
2025-07-22 10:00:00,4.365498352496281
2025-07-22 11:00:00,4.663145967439209
2025-07-22 12:00:00,4.216674545024817
2025-07-22 13:00:00,4.811969774910674
2025-07-22 14:00:00,4.861577710734495
2025-07-22 15:00:00,4.464714224143924
2025-07-22 16:00:00,3.323731700196032
2025-07-22 17:00:00,2.7284364703101756
2025-07-22 18:00:00,2.778044406133997
2025-07-22 19:00:00,2.53000472701489
2025-07-22 20:00:00,2.53000472701489
2025-07-22 21:00:00,2.778044406133997
2025-07-22 22:00:00,6.895503079511171
2025-07-22 23:00:00,7.937269731811419
2025-07-23 00:00:00,8.036485603459063
2025-07-23 01:00:00,7.887661795987598
2025-07-23 02:00:00,7.986877667635241
2025-07-23 03:00:00,8.135701475106705
2025-07-23 04:00:00,8.086093539282883
2025-07-23 05:00:00,2.6788285344863545
2025-07-23 06:00:00,3.5221634434913174
2025-07-23 07:00:00,3.3733396360198533
2025-07-23 08:00:00,3.4229475718436744
2025-07-23 09:00:00,3.770203122610424
2025-07-23 10:00:00,3.6213793151389604
2025-07-23 11:00:00,3.6213793151389604
2025-07-23 12:00:00,4.067850737553353
2025-07-23 13:00:00,4.563930095791566
2025-07-23 14:00:00,4.663145967439209
2025-07-23 15:00:00,4.31589041667246
2025-07-23 16:00:00,3.4725555076674963
2025-07-23 17:00:00,3.4229475718436744
2025-07-23 18:00:00,3.720595186786603
2025-07-23 19:00:00,3.1749078927245677
2025-07-23 20:00:00,3.4229475718436744
2025-07-23 21:00:00,3.670987250962782
2025-07-23 22:00:00,3.720595186786603
2025-07-23 23:00:00,3.720595186786603
2025-07-24 00:00:00,3.720595186786603
2025-07-24 01:00:00,3.770203122610424
2025-07-24 02:00:00,3.6213793151389604
2025-07-24 03:00:00,3.6213793151389604
2025-07-24 04:00:00,3.5717713793151393
2025-07-24 05:00:00,3.670987250962782
2025-07-24 06:00:00,3.670987250962782
2025-07-24 07:00:00,3.9686348659057096
2025-07-24 08:00:00,4.31589041667246
2025-07-24 09:00:00,4.216674545024817
2025-07-24 10:00:00,3.9686348659057096
2025-07-24 11:00:00,4.0182428017295315
2025-07-24 12:00:00,4.762361839086852
2025-07-24 13:00:00,5.010401518205958
2025-07-24 14:00:00,4.563930095791566
2025-07-24 15:00:00,3.9190269300818885
2025-07-24 16:00:00,3.5717713793151393
2025-07-24 17:00:00,3.323731700196032
2025-07-24 18:00:00,3.1749078927245677
2025-07-24 19:00:00,3.1252999569007462
2025-07-24 20:00:00,3.1749078927245677
2025-07-24 21:00:00,3.5221634434913174
2025-07-24 22:00:00,3.770203122610424
2025-07-24 23:00:00,4.067850737553353
2025-07-25 00:00:00,3.6213793151389604
2025-07-25 01:00:00,3.720595186786603
2025-07-25 02:00:00,3.720595186786603
2025-07-25 03:00:00,3.869418994258067
2025-07-25 04:00:00,3.770203122610424
2025-07-25 05:00:00,3.670987250962782
2025-07-25 06:00:00,3.9190269300818885
2025-07-25 07:00:00,4.514322159967745
2025-07-25 08:00:00,4.266282480848639
2025-07-25 09:00:00,4.415106288320102
2025-07-25 10:00:00,4.960793582382138
2025-07-25 11:00:00,5.109617389853601
2025-07-25 12:00:00,4.663145967439209
2025-07-25 13:00:00,4.960793582382138
2025-07-25 14:00:00,5.605696748091815
2025-07-25 15:00:00,5.357657068972709
2025-07-25 16:00:00,4.415106288320102
2025-07-25 17:00:00,4.415106288320102
2025-07-25 18:00:00,4.266282480848639
2025-07-25 19:00:00,4.167066609200996
2025-07-25 20:00:00,4.365498352496281
2025-07-25 21:00:00,4.712753903263031
2025-07-25 22:00:00,4.266282480848639
2025-07-25 23:00:00,4.712753903263031
2025-07-26 00:00:00,4.266282480848639
2025-07-26 01:00:00,4.266282480848639
2025-07-26 02:00:00,4.31589041667246
2025-07-26 03:00:00,4.464714224143924
2025-07-26 04:00:00,4.514322159967745
2025-07-26 05:00:00,4.1174586733771745
2025-07-26 06:00:00,4.167066609200996
2025-07-26 07:00:00,4.266282480848639
2025-07-26 08:00:00,4.1174586733771745
2025-07-26 09:00:00,4.514322159967745
2025-07-26 10:00:00,4.266282480848639
2025-07-26 11:00:00,4.365498352496281
2025-07-26 12:00:00,12.798847442545915
2025-07-26 13:00:00,15.527283912856092
2025-07-26 14:00:00,12.749239506722093
2025-07-26 15:00:00,16.469834693508698
2025-07-26 16:00:00,7.093934822806457
2025-07-26 17:00:00,4.415106288320102
2025-07-26 18:00:00,4.464714224143924
2025-07-26 19:00:00,4.712753903263031
2025-07-26 20:00:00,4.613538031615388
2025-07-26 21:00:00,4.415106288320102
2025-07-26 22:00:00,4.563930095791566
2025-07-26 23:00:00,4.464714224143924
2025-07-27 00:00:00,4.613538031615388
2025-07-27 01:00:00,4.464714224143924
2025-07-27 02:00:00,4.415106288320102
2025-07-27 03:00:00,4.266282480848639
2025-07-27 04:00:00,4.563930095791566
2025-07-27 05:00:00,4.464714224143924
2025-07-27 06:00:00,4.31589041667246
2025-07-27 07:00:00,4.31589041667246
2025-07-27 08:00:00,12.104336341012417
2025-07-27 09:00:00,15.924147399446662
2025-07-27 10:00:00,16.072971206918126
2025-07-27 11:00:00,15.13042042626552
2025-07-27 12:00:00,9.37589987070224
2025-07-27 13:00:00,4.514322159967745
2025-07-27 14:00:00,4.365498352496281
2025-07-27 15:00:00,4.365498352496281
2025-07-27 16:00:00,4.216674545024817
2025-07-27 17:00:00,4.514322159967745
2025-07-27 18:00:00,4.415106288320102
2025-07-27 19:00:00,4.1174586733771745
2025-07-27 20:00:00,4.464714224143924
2025-07-27 21:00:00,4.365498352496281
2025-07-27 22:00:00,4.514322159967745
2025-07-27 23:00:00,4.464714224143924
2025-07-28 00:00:00,4.712753903263031
2025-07-28 01:00:00,4.266282480848639
2025-07-28 02:00:00,4.365498352496281
2025-07-28 03:00:00,4.464714224143924
2025-07-28 04:00:00,4.861577710734495
2025-07-28 05:00:00,5.952952298858565
2025-07-28 06:00:00,5.40726500479653
2025-07-28 07:00:00,5.357657068972709
2025-07-28 08:00:00,6.052168170506208
2025-07-28 09:00:00,6.4490316570967785
2025-07-28 10:00:00,6.2505999138014925
2025-07-28 11:00:00,6.15138404215385
2025-07-28 12:00:00,6.796287207863529
2025-07-28 13:00:00,6.15138404215385
2025-07-28 14:00:00,5.704912619739458
2025-07-28 15:00:00,4.464714224143924
2025-07-28 16:00:00,4.415106288320102
2025-07-28 17:00:00,3.9190269300818885
2025-07-28 18:00:00,4.0182428017295315
2025-07-28 19:00:00,4.0182428017295315
2025-07-28 20:00:00,3.9686348659057096
2025-07-28 21:00:00,3.869418994258067
2025-07-28 22:00:00,3.869418994258067
2025-07-28 23:00:00,3.5221634434913174
2025-07-29 00:00:00,4.067850737553353
2025-07-29 01:00:00,3.670987250962782
2025-07-29 02:00:00,3.5717713793151393
2025-07-29 03:00:00,3.6213793151389604
2025-07-29 04:00:00,3.6213793151389604
2025-07-29 05:00:00,3.869418994258067
2025-07-29 06:00:00,4.613538031615388
2025-07-29 07:00:00,5.754520555563279
2025-07-29 08:00:00,5.8041284913871
2025-07-29 09:00:00,6.2505999138014925
2025-07-29 10:00:00,6.945111015334993
2025-07-29 11:00:00,6.2505999138014925
2025-07-29 12:00:00,6.697071336215886
2025-07-29 13:00:00,10.566490330473952
2025-07-29 14:00:00,10.715314137945418
2025-07-29 15:00:00,10.318450651354846
2025-07-29 16:00:00,9.227076063230776
2025-07-29 17:00:00,8.830212576640204
2025-07-29 18:00:00,8.086093539282883
2025-07-29 19:00:00,7.838053860163777
2025-07-29 20:00:00,3.4229475718436744
2025-07-29 21:00:00,2.926868213605461
2025-07-29 22:00:00,2.629220598662533
2025-07-29 23:00:00,2.7284364703101756
2025-07-30 00:00:00,2.7284364703101756
2025-07-30 01:00:00,2.8772602777816396
2025-07-30 02:00:00,2.778044406133997
2025-07-30 03:00:00,2.53000472701489
2025-07-30 04:00:00,2.629220598662533
2025-07-30 05:00:00,2.6788285344863545
2025-07-30 06:00:00,3.1252999569007462
2025-07-30 07:00:00,3.323731700196032
2025-07-30 08:00:00,3.9190269300818885
2025-07-30 09:00:00,4.911185646558317
2025-07-30 10:00:00,5.556088812267994
2025-07-30 11:00:00,5.952952298858565
2025-07-30 12:00:00,14.336693453084377
2025-07-30 13:00:00,17.61081721745659
2025-07-30 14:00:00,7.341974501925564
2025-07-30 15:00:00,5.159225325677423
2025-07-30 16:00:00,3.720595186786603
2025-07-30 17:00:00,2.8772602777816396
2025-07-30 18:00:00,2.5796126628387115
2025-07-30 19:00:00,9.37589987070224
2025-07-30 20:00:00,2.6788285344863545
2025-07-30 21:00:00,2.629220598662533
2025-07-30 22:00:00,2.4307888553672474
2025-07-30 23:00:00,2.4307888553672474
2025-07-31 00:00:00,2.480396791191069
2025-07-31 01:00:00,2.53000472701489
2025-07-31 02:00:00,2.4307888553672474
2025-07-31 03:00:00,2.4307888553672474
2025-07-31 04:00:00,2.5796126628387115
2025-07-31 05:00:00,4.613538031615388
2025-07-31 06:00:00,15.824931527799018
2025-07-31 07:00:00,16.519442629332517
2025-07-31 08:00:00,16.420226757684873
2025-07-31 09:00:00,16.56905056515634
2025-07-31 10:00:00,9.127860191583132
2025-07-31 11:00:00,4.762361839086852
2025-07-31 12:00:00,4.1174586733771745
2025-07-31 13:00:00,3.6213793151389604
2025-07-31 14:00:00,3.6213793151389604
2025-07-31 15:00:00,2.827652341957818
2025-07-31 16:00:00,4.067850737553353
2025-07-31 17:00:00,8.185309410930527
2025-07-31 18:00:00,2.778044406133997
2025-07-31 19:00:00,2.926868213605461
2025-07-31 20:00:00,2.7284364703101756
2025-07-31 21:00:00,2.926868213605461
2025-07-31 22:00:00,2.827652341957818
2025-07-31 23:00:00,2.9764761494292826
2025-08-01 00:00:00,3.0139643629443817
2025-08-01 01:00:00,3.2254706340281984
2025-08-01 02:00:00,3.3312237695701064
2025-08-01 03:00:00,3.8071128795086935
2025-08-01 04:00:00,3.2254706340281984
2025-08-01 05:00:00,3.542730040653922
2025-08-01 06:00:00,3.11971749848629
2025-08-01 07:00:00,3.4369769051120147
2025-08-01 08:00:00,2.85533465963152
2025-08-01 09:00:00,2.961087795173428
2025-08-01 10:00:00,2.85533465963152
2025-08-01 11:00:00,3.066840930715336
2025-08-01 12:00:00,10.945449528587492
2025-08-01 13:00:00,15.334204653576679
2025-08-01 14:00:00,19.405700371940142
2025-08-01 15:00:00,21.150627108381627
2025-08-01 16:00:00,17.079131390018166
2025-08-01 17:00:00,14.911192111409049
2025-08-01 18:00:00,14.858315543638094
2025-08-01 19:00:00,7.772855462330249
2025-08-01 20:00:00,6.080805293659719
2025-08-01 21:00:00,8.883263385520284
2025-08-01 22:00:00,8.830386817749329
2025-08-01 23:00:00,8.830386817749329
2025-08-02 00:00:00,8.883263385520284
2025-08-02 01:00:00,9.253399359916962
2025-08-02 02:00:00,9.35915249545887
2025-08-02 03:00:00,9.412029063229824
2025-08-02 04:00:00,9.464905631000779
2025-08-02 05:00:00,9.62353533431364
2025-08-02 06:00:00,9.35915249545887
2025-08-02 07:00:00,3.4369769051120147
2025-08-02 08:00:00,2.85533465963152
2025-08-02 09:00:00,2.802458091860566
2025-08-02 10:00:00,3.2254706340281984
2025-08-02 11:00:00,2.7495815240896118
2025-08-02 12:00:00,2.6967049563186576
2025-08-02 13:00:00,2.7495815240896118
2025-08-02 14:00:00,2.85533465963152
2025-08-02 15:00:00,3.0139643629443817
2025-08-02 16:00:00,2.85533465963152
2025-08-02 17:00:00,2.6967049563186576
2025-08-02 18:00:00,2.802458091860566
2025-08-02 19:00:00,2.85533465963152
2025-08-02 20:00:00,3.4898534728829684
2025-08-02 21:00:00,2.961087795173428
2025-08-02 22:00:00,2.961087795173428
2025-08-02 23:00:00,2.961087795173428
2025-08-03 00:00:00,2.908211227402474
2025-08-03 01:00:00,2.961087795173428
2025-08-03 02:00:00,3.3841003373410605
2025-08-03 03:00:00,3.066840930715336
2025-08-03 04:00:00,3.1725940662572443
2025-08-03 05:00:00,3.0139643629443817
2025-08-03 06:00:00,3.0139643629443817
2025-08-03 07:00:00,3.1725940662572443
2025-08-03 08:00:00,2.802458091860566
2025-08-03 09:00:00,2.908211227402474
2025-08-03 10:00:00,2.802458091860566
2025-08-03 11:00:00,2.6967049563186576
2025-08-03 12:00:00,4.441631692760142
2025-08-03 13:00:00,8.56600397889456
2025-08-03 14:00:00,5.287656777095407
2025-08-03 15:00:00,3.066840930715336
2025-08-03 16:00:00,2.961087795173428
2025-08-03 17:00:00,3.11971749848629
2025-08-03 18:00:00,2.961087795173428
2025-08-03 19:00:00,3.0139643629443817
2025-08-03 20:00:00,2.85533465963152
2025-08-03 21:00:00,2.85533465963152
2025-08-03 22:00:00,3.11971749848629
2025-08-03 23:00:00,2.961087795173428
2025-08-04 00:00:00,2.85533465963152
2025-08-04 01:00:00,3.0139643629443817
2025-08-04 02:00:00,3.066840930715336
2025-08-04 03:00:00,3.0139643629443817
2025-08-04 04:00:00,2.961087795173428
2025-08-04 05:00:00,2.802458091860566
2025-08-04 06:00:00,2.85533465963152
2025-08-04 07:00:00,3.0139643629443817
2025-08-04 08:00:00,2.7495815240896118
2025-08-04 09:00:00,2.802458091860566
2025-08-04 10:00:00,2.7495815240896118
2025-08-04 11:00:00,2.7495815240896118
2025-08-04 12:00:00,3.2254706340281984
2025-08-04 13:00:00,2.908211227402474
2025-08-04 14:00:00,3.066840930715336
2025-08-04 15:00:00,3.11971749848629
2025-08-04 16:00:00,3.066840930715336
2025-08-04 17:00:00,2.961087795173428
2025-08-04 18:00:00,3.2783472017991526
2025-08-04 19:00:00,2.85533465963152
2025-08-04 20:00:00,3.0139643629443817
2025-08-04 21:00:00,3.1725940662572443
2025-08-04 22:00:00,2.85533465963152
2025-08-04 23:00:00,3.066840930715336
2025-08-05 00:00:00,2.85533465963152
2025-08-05 01:00:00,2.85533465963152
2025-08-05 02:00:00,2.961087795173428
2025-08-05 03:00:00,2.961087795173428
2025-08-05 04:00:00,3.066840930715336
2025-08-05 05:00:00,2.908211227402474
2025-08-05 06:00:00,3.9128660150506014
2025-08-05 07:00:00,3.965742582821555
2025-08-05 08:00:00,3.701359743966785
2025-08-05 09:00:00,3.6484831761958305
2025-08-05 10:00:00,3.701359743966785
2025-08-05 11:00:00,2.908211227402474
2025-08-05 12:00:00,3.1725940662572443
2025-08-05 13:00:00,5.1819036415534985
2025-08-05 14:00:00,15.439957789118589
2025-08-05 15:00:00,14.541056137012369
2025-08-05 16:00:00,3.2254706340281984
2025-08-05 17:00:00,3.1725940662572443
2025-08-05 18:00:00,3.2254706340281984
2025-08-05 19:00:00,2.85533465963152
2025-08-05 20:00:00,3.0139643629443817
2025-08-05 21:00:00,3.11971749848629
2025-08-05 22:00:00,3.0139643629443817
2025-08-05 23:00:00,2.802458091860566
2025-08-06 00:00:00,3.066840930715336
2025-08-06 01:00:00,3.066840930715336
2025-08-06 02:00:00,2.908211227402474
2025-08-06 03:00:00,3.2254706340281984
2025-08-06 04:00:00,2.802458091860566
2025-08-06 05:00:00,3.0139643629443817
2025-08-06 06:00:00,2.802458091860566
2025-08-06 07:00:00,3.11971749848629
2025-08-06 08:00:00,3.0139643629443817
2025-08-06 09:00:00,2.908211227402474
2025-08-06 10:00:00,2.961087795173428
2025-08-06 11:00:00,4.230125421676325
2025-08-06 12:00:00,3.9128660150506014
2025-08-06 13:00:00,9.517782198771734
2025-08-06 14:00:00,15.810093763515269
2025-08-06 15:00:00,15.49283435688954
2025-08-06 16:00:00,15.175574950263817
2025-08-06 17:00:00,15.334204653576679
2025-08-06 18:00:00,15.122698382492864
2025-08-06 19:00:00,3.6484831761958305
2025-08-06 20:00:00,3.3312237695701064
2025-08-06 21:00:00,3.11971749848629
2025-08-06 22:00:00,2.908211227402474
2025-08-06 23:00:00,3.2783472017991526
2025-08-07 00:00:00,3.066840930715336
2025-08-07 01:00:00,2.85533465963152
2025-08-07 02:00:00,3.2254706340281984
2025-08-07 03:00:00,2.961087795173428
2025-08-07 04:00:00,3.0139643629443817
2025-08-07 05:00:00,3.0139643629443817
2025-08-07 06:00:00,2.961087795173428
2025-08-07 07:00:00,2.908211227402474
2025-08-07 08:00:00,3.542730040653922
2025-08-07 09:00:00,3.595606608424877
2025-08-07 10:00:00,3.4369769051120147
2025-08-07 11:00:00,3.3312237695701064
2025-08-07 12:00:00,2.6967049563186576
2025-08-07 13:00:00,3.066840930715336
2025-08-07 14:00:00,2.6438283885477034
2025-08-07 15:00:00,2.908211227402474
2025-08-07 16:00:00,2.5909518207767492
2025-08-07 17:00:00,2.6438283885477034
2025-08-07 18:00:00,2.802458091860566
2025-08-07 19:00:00,2.6438283885477034
2025-08-07 20:00:00,2.5380752530057955
2025-08-07 21:00:00,2.908211227402474
2025-08-07 22:00:00,2.5380752530057955
2025-08-07 23:00:00,2.5380752530057955
2025-08-08 00:00:00,2.6967049563186576
2025-08-08 01:00:00,2.4851986852348413
2025-08-08 02:00:00,2.7495815240896118
2025-08-08 03:00:00,2.4851986852348413
2025-08-08 04:00:00,2.6438283885477034
2025-08-08 05:00:00,2.3265689819219793
2025-08-08 06:00:00,2.5909518207767492
2025-08-08 07:00:00,2.4851986852348413
2025-08-08 08:00:00,3.0139643629443817
2025-08-08 09:00:00,3.701359743966785
2025-08-08 10:00:00,3.965742582821555
2025-08-08 11:00:00,3.6484831761958305
2025-08-08 12:00:00,4.0714957183634635
2025-08-08 13:00:00,4.124372286134418
2025-08-08 14:00:00,3.9128660150506014
2025-08-08 15:00:00,3.4898534728829684
2025-08-08 16:00:00,3.2783472017991526
2025-08-08 17:00:00,3.0139643629443817
2025-08-08 18:00:00,3.066840930715336
2025-08-08 19:00:00,3.11971749848629
2025-08-08 20:00:00,3.1725940662572443
2025-08-08 21:00:00,3.1725940662572443
2025-08-08 22:00:00,3.11971749848629
2025-08-08 23:00:00,2.7495815240896118
2025-08-09 00:00:00,3.1725940662572443
2025-08-09 01:00:00,2.961087795173428
2025-08-09 02:00:00,2.908211227402474
2025-08-09 03:00:00,3.0139643629443817
2025-08-09 04:00:00,3.066840930715336
2025-08-09 05:00:00,2.7495815240896118
2025-08-09 06:00:00,2.85533465963152
2025-08-09 07:00:00,2.6438283885477034
2025-08-09 08:00:00,2.802458091860566
2025-08-09 09:00:00,3.1725940662572443
2025-08-09 10:00:00,3.1725940662572443
2025-08-09 11:00:00,4.124372286134418
2025-08-09 12:00:00,15.651464060202406
2025-08-09 13:00:00,15.704340627973359
2025-08-09 14:00:00,15.704340627973359
2025-08-09 15:00:00,4.9175208026987285
2025-08-09 16:00:00,3.3312237695701064
2025-08-09 17:00:00,3.1725940662572443
2025-08-09 18:00:00,3.595606608424877
2025-08-09 19:00:00,3.1725940662572443
2025-08-09 20:00:00,3.1725940662572443
2025-08-09 21:00:00,2.961087795173428
2025-08-09 22:00:00,3.1725940662572443
2025-08-09 23:00:00,3.1725940662572443
2025-08-10 00:00:00,2.908211227402474
2025-08-10 01:00:00,3.0139643629443817
2025-08-10 02:00:00,2.908211227402474
2025-08-10 03:00:00,2.961087795173428
2025-08-10 04:00:00,3.066840930715336
2025-08-10 05:00:00,2.802458091860566
2025-08-10 06:00:00,2.908211227402474
2025-08-10 07:00:00,2.802458091860566
2025-08-10 08:00:00,2.85533465963152
2025-08-10 09:00:00,3.1725940662572443
2025-08-10 10:00:00,3.066840930715336
2025-08-10 11:00:00,3.1725940662572443
2025-08-10 12:00:00,3.2254706340281984
2025-08-10 13:00:00,3.3841003373410605
2025-08-10 14:00:00,3.754236311737739
2025-08-10 15:00:00,3.4898534728829684
2025-08-10 16:00:00,3.3841003373410605
2025-08-10 17:00:00,3.3841003373410605
2025-08-10 18:00:00,3.3841003373410605
2025-08-10 19:00:00,3.3312237695701064
2025-08-10 20:00:00,3.3312237695701064
2025-08-10 21:00:00,2.961087795173428
2025-08-10 22:00:00,3.1725940662572443
2025-08-10 23:00:00,2.961087795173428
2025-08-11 00:00:00,2.85533465963152
2025-08-11 01:00:00,3.3312237695701064
2025-08-11 02:00:00,2.85533465963152
2025-08-11 03:00:00,2.908211227402474
2025-08-11 04:00:00,2.85533465963152
2025-08-11 05:00:00,3.0139643629443817
2025-08-11 06:00:00,3.3312237695701064
2025-08-11 07:00:00,3.8071128795086935
2025-08-11 08:00:00,3.965742582821555
2025-08-11 09:00:00,3.9128660150506014
2025-08-11 10:00:00,3.965742582821555
2025-08-11 11:00:00,4.124372286134418
2025-08-11 12:00:00,4.28300198944728
2025-08-11 13:00:00,4.54738482830205
2025-08-11 14:00:00,4.6531379638439585
2025-08-11 15:00:00,4.177248853905372
2025-08-11 16:00:00,3.3312237695701064
2025-08-11 17:00:00,3.754236311737739
2025-08-11 18:00:00,3.11971749848629
2025-08-11 19:00:00,4.230125421676325
2025-08-11 20:00:00,8.989016521062192
2025-08-11 21:00:00,9.200522792146009
2025-08-11 22:00:00,8.671757114436467
2025-08-11 23:00:00,8.989016521062192
2025-08-12 00:00:00,8.883263385520284
2025-08-12 01:00:00,9.041893088833145
2025-08-12 02:00:00,8.830386817749329
2025-08-12 03:00:00,8.936139953291239
2025-08-12 04:00:00,8.777510249978377
2025-08-12 05:00:00,8.777510249978377
2025-08-12 06:00:00,8.671757114436467
2025-08-12 07:00:00,8.777510249978377
2025-08-12 08:00:00,5.1819036415534985
2025-08-12 09:00:00,4.124372286134418
2025-08-12 10:00:00,3.2783472017991526
2025-08-12 11:00:00,3.859989447279647
2025-08-12 12:00:00,3.754236311737739
2025-08-12 13:00:00,3.859989447279647
2025-08-12 14:00:00,3.965742582821555
2025-08-12 15:00:00,3.701359743966785
2025-08-12 16:00:00,2.908211227402474
2025-08-12 17:00:00,2.5909518207767492
2025-08-12 18:00:00,2.802458091860566
2025-08-12 19:00:00,2.802458091860566
2025-08-12 20:00:00,2.7495815240896118
2025-08-12 21:00:00,2.5380752530057955
2025-08-12 22:00:00,2.908211227402474
2025-08-12 23:00:00,2.5909518207767492
2025-08-13 00:00:00,2.908211227402474
2025-08-13 01:00:00,2.3794455496929334
2025-08-13 02:00:00,2.5909518207767492
2025-08-13 03:00:00,2.5909518207767492
2025-08-13 04:00:00,2.908211227402474
2025-08-13 05:00:00,2.5380752530057955
2025-08-13 06:00:00,3.4369769051120147
2025-08-13 07:00:00,3.3312237695701064
2025-08-13 08:00:00,3.3841003373410605
2025-08-13 09:00:00,3.6484831761958305
2025-08-13 10:00:00,3.4369769051120147
2025-08-13 11:00:00,3.4369769051120147
2025-08-13 12:00:00,3.4898534728829684
2025-08-13 13:00:00,3.859989447279647
2025-08-13 14:00:00,3.4369769051120147
2025-08-13 15:00:00,3.754236311737739
2025-08-13 16:00:00,3.066840930715336
2025-08-13 17:00:00,2.802458091860566
2025-08-13 18:00:00,2.802458091860566
2025-08-13 19:00:00,2.908211227402474
2025-08-13 20:00:00,2.5380752530057955
2025-08-13 21:00:00,2.802458091860566
2025-08-13 22:00:00,2.4851986852348413
2025-08-13 23:00:00,2.908211227402474
2025-08-14 00:00:00,2.5380752530057955
2025-08-14 01:00:00,2.4851986852348413
2025-08-14 02:00:00,2.5380752530057955
2025-08-14 03:00:00,2.7495815240896118
2025-08-14 04:00:00,2.5909518207767492
2025-08-14 05:00:00,2.432322117463887
2025-08-14 06:00:00,3.3841003373410605
2025-08-14 07:00:00,3.542730040653922
2025-08-14 08:00:00,3.542730040653922
2025-08-14 09:00:00,3.2254706340281984
2025-08-14 10:00:00,3.066840930715336
2025-08-14 11:00:00,3.595606608424877
2025-08-14 12:00:00,3.4369769051120147
2025-08-14 13:00:00,3.3841003373410605
2025-08-14 14:00:00,3.4898534728829684
2025-08-14 15:00:00,2.85533465963152
2025-08-14 16:00:00,2.6438283885477034
2025-08-14 17:00:00,2.7495815240896118
2025-08-14 18:00:00,2.5380752530057955
2025-08-14 19:00:00,2.802458091860566
2025-08-14 20:00:00,2.802458091860566
2025-08-14 21:00:00,2.5909518207767492
2025-08-14 22:00:00,2.6967049563186576
2025-08-14 23:00:00,2.4851986852348413
2025-08-15 00:00:00,2.802458091860566
2025-08-15 01:00:00,2.5909518207767492
2025-08-15 02:00:00,2.5380752530057955
2025-08-15 03:00:00,2.6438283885477034
2025-08-15 04:00:00,2.5380752530057955
2025-08-15 05:00:00,2.6967049563186576
2025-08-15 06:00:00,3.3312237695701064
2025-08-15 07:00:00,3.3841003373410605
2025-08-15 08:00:00,3.3312237695701064
2025-08-15 09:00:00,3.9128660150506014
2025-08-15 10:00:00,2.7495815240896118
2025-08-15 11:00:00,3.6484831761958305
2025-08-15 12:00:00,3.542730040653922
2025-08-15 13:00:00,3.701359743966785
2025-08-15 14:00:00,3.595606608424877
2025-08-15 15:00:00,2.908211227402474
2025-08-15 16:00:00,2.85533465963152
2025-08-15 17:00:00,2.6967049563186576
2025-08-15 18:00:00,2.85533465963152
2025-08-15 19:00:00,2.7495815240896118
2025-08-15 20:00:00,2.6967049563186576
2025-08-15 21:00:00,2.85533465963152
2025-08-15 22:00:00,2.5909518207767492
2025-08-15 23:00:00,2.6438283885477034
2025-08-16 00:00:00,2.5909518207767492
2025-08-16 01:00:00,2.5909518207767492
2025-08-16 02:00:00,2.7495815240896118
2025-08-16 03:00:00,2.6438283885477034
2025-08-16 04:00:00,2.432322117463887
2025-08-16 05:00:00,2.4851986852348413
2025-08-16 06:00:00,2.4851986852348413
2025-08-16 07:00:00,2.6438283885477034
2025-08-16 08:00:00,2.273692414151025
2025-08-16 09:00:00,2.4851986852348413
2025-08-16 10:00:00,2.5380752530057955
2025-08-16 11:00:00,2.3265689819219793
2025-08-16 12:00:00,2.6438283885477034
2025-08-16 13:00:00,2.4851986852348413
2025-08-16 14:00:00,2.5909518207767492
2025-08-16 15:00:00,2.802458091860566
2025-08-16 16:00:00,2.5380752530057955
2025-08-16 17:00:00,2.6438283885477034
2025-08-16 18:00:00,2.7495815240896118
2025-08-16 19:00:00,2.5380752530057955
2025-08-16 20:00:00,2.5380752530057955
2025-08-16 21:00:00,2.3794455496929334
2025-08-16 22:00:00,2.5909518207767492
2025-08-16 23:00:00,2.432322117463887
2025-08-17 00:00:00,2.273692414151025
2025-08-17 01:00:00,2.3265689819219793
2025-08-17 02:00:00,2.273692414151025
2025-08-17 03:00:00,2.273692414151025
2025-08-17 04:00:00,2.5380752530057955
2025-08-17 05:00:00,2.273692414151025
2025-08-17 06:00:00,2.062186143067209
2025-08-17 07:00:00,2.273692414151025
2025-08-17 08:00:00,2.062186143067209
2025-08-17 09:00:00,2.6438283885477034
2025-08-17 10:00:00,2.1679392786091167
2025-08-17 11:00:00,2.432322117463887
2025-08-17 12:00:00,2.220815846380071
2025-08-17 13:00:00,2.432322117463887
2025-08-17 14:00:00,2.4851986852348413
2025-08-17 15:00:00,2.4851986852348413
2025-08-17 16:00:00,2.1679392786091167
2025-08-17 17:00:00,2.273692414151025
2025-08-17 18:00:00,2.1150627108381626
2025-08-17 19:00:00,2.5380752530057955
2025-08-17 20:00:00,2.273692414151025
2025-08-17 21:00:00,2.1679392786091167
2025-08-17 22:00:00,2.3265689819219793
2025-08-17 23:00:00,2.273692414151025
2025-08-18 00:00:00,2.4851986852348413
2025-08-18 01:00:00,2.273692414151025
2025-08-18 02:00:00,2.3265689819219793
2025-08-18 03:00:00,2.4851986852348413
2025-08-18 04:00:00,3.066840930715336
2025-08-18 05:00:00,3.6484831761958305
2025-08-18 06:00:00,4.494508260531096
2025-08-18 07:00:00,4.54738482830205
2025-08-18 08:00:00,4.600261396073004
2025-08-18 09:00:00,4.441631692760142
2025-08-18 10:00:00,4.3887551249891885
2025-08-18 11:00:00,4.0714957183634635
2025-08-18 12:00:00,4.600261396073004
2025-08-18 13:00:00,4.0714957183634635
2025-08-18 14:00:00,2.3265689819219793
2025-08-18 15:00:00,2.273692414151025
2025-08-18 16:00:00,2.432322117463887
2025-08-18 17:00:00,2.220815846380071
2025-08-18 18:00:00,2.220815846380071
2025-08-18 19:00:00,2.220815846380071
2025-08-18 20:00:00,2.6438283885477034
2025-08-18 21:00:00,2.3794455496929334
2025-08-18 22:00:00,2.4851986852348413
2025-08-18 23:00:00,2.5380752530057955
2025-08-19 00:00:00,2.5380752530057955
2025-08-19 01:00:00,2.802458091860566
2025-08-19 02:00:00,2.5909518207767492
2025-08-19 03:00:00,2.5909518207767492
2025-08-19 04:00:00,2.6967049563186576
2025-08-19 05:00:00,6.768200674682121
2025-08-19 06:00:00,8.407374275581697
2025-08-19 07:00:00,10.892572960816539
2025-08-19 08:00:00,10.733943257503675
2025-08-19 09:00:00,10.52243698641986
2025-08-19 10:00:00,10.681066689732722
2025-08-19 11:00:00,10.152301012023182
2025-08-19 12:00:00,10.310930715336044
2025-08-19 13:00:00,6.080805293659719
2025-08-19 14:00:00,4.600261396073004
2025-08-19 15:00:00,4.230125421676325
2025-08-19 16:00:00,2.5380752530057955
2025-08-19 17:00:00,2.273692414151025
2025-08-19 18:00:00,2.3794455496929334
2025-08-19 19:00:00,2.85533465963152
2025-08-19 20:00:00,2.432322117463887
2025-08-19 21:00:00,2.5380752530057955
2025-08-19 22:00:00,2.802458091860566
2025-08-19 23:00:00,2.5380752530057955
2025-08-20 00:00:00,2.5380752530057955
2025-08-20 01:00:00,2.6438283885477034
2025-08-20 02:00:00,2.5909518207767492
2025-08-20 03:00:00,2.3265689819219793
2025-08-20 04:00:00,2.5909518207767492
2025-08-20 05:00:00,2.3794455496929334
2025-08-20 06:00:00,2.6438283885477034
2025-08-20 07:00:00,3.066840930715336
2025-08-20 08:00:00,3.859989447279647
2025-08-20 09:00:00,3.4898534728829684
2025-08-20 10:00:00,3.1725940662572443
2025-08-20 11:00:00,3.0139643629443817
2025-08-20 12:00:00,3.595606608424877
2025-08-20 13:00:00,2.908211227402474
2025-08-20 14:00:00,3.2254706340281984
2025-08-20 15:00:00,3.11971749848629
2025-08-20 16:00:00,2.802458091860566
2025-08-20 17:00:00,7.93148516564311
2025-08-20 18:00:00,7.772855462330249
2025-08-20 19:00:00,8.090114868955972
2025-08-20 20:00:00,8.56600397889456
2025-08-20 21:00:00,8.195868004497882
2025-08-20 22:00:00,8.354497707810744
2025-08-20 23:00:00,7.349842920162616
2025-08-21 00:00:00,2.85533465963152
2025-08-21 01:00:00,2.7495815240896118
2025-08-21 02:00:00,2.802458091860566
2025-08-21 03:00:00,3.066840930715336
2025-08-21 04:00:00,3.066840930715336
2025-08-21 05:00:00,2.961087795173428
2025-08-21 06:00:00,2.7495815240896118
2025-08-21 07:00:00,3.9128660150506014
2025-08-21 08:00:00,3.4369769051120147
2025-08-21 09:00:00,3.2783472017991526
2025-08-21 10:00:00,3.4369769051120147
2025-08-21 11:00:00,3.2783472017991526
2025-08-21 12:00:00,2.961087795173428
2025-08-21 13:00:00,2.908211227402474
2025-08-21 14:00:00,2.7495815240896118
2025-08-21 15:00:00,2.220815846380071
2025-08-21 16:00:00,2.220815846380071
2025-08-21 17:00:00,2.220815846380071
2025-08-21 18:00:00,2.3794455496929334
2025-08-21 19:00:00,2.220815846380071
2025-08-21 20:00:00,2.3265689819219793
2025-08-21 21:00:00,2.4851986852348413
2025-08-21 22:00:00,2.220815846380071
2025-08-21 23:00:00,2.273692414151025
2025-08-22 00:00:00,2.5909518207767492
2025-08-22 01:00:00,2.961087795173428
2025-08-22 02:00:00,2.7495815240896118
2025-08-22 03:00:00,3.0139643629443817
2025-08-22 04:00:00,2.961087795173428
2025-08-22 05:00:00,2.908211227402474
2025-08-22 06:00:00,3.859989447279647
2025-08-22 07:00:00,4.3887551249891885
2025-08-22 08:00:00,5.4991630481792235
2025-08-22 09:00:00,3.2783472017991526
2025-08-22 10:00:00,3.2254706340281984
2025-08-22 11:00:00,3.2783472017991526
2025-08-22 12:00:00,3.0139643629443817
2025-08-22 13:00:00,3.2254706340281984
2025-08-22 14:00:00,2.908211227402474
2025-08-22 15:00:00,2.5380752530057955
2025-08-22 16:00:00,2.5909518207767492
2025-08-22 17:00:00,2.432322117463887
2025-08-22 18:00:00,2.1679392786091167
2025-08-22 19:00:00,2.3265689819219793
2025-08-22 20:00:00,5.869299022575902
2025-08-22 21:00:00,15.281328085805725
2025-08-22 22:00:00,15.175574950263817
2025-08-22 23:00:00,15.122698382492864
2025-08-23 00:00:00,15.387081221347636
2025-08-23 01:00:00,15.122698382492864
2025-08-23 02:00:00,15.228451518034774
2025-08-23 03:00:00,15.387081221347636
2025-08-23 04:00:00,17.766526771040567
2025-08-23 05:00:00,15.96872346682813
2025-08-23 06:00:00,15.122698382492864
2025-08-23 07:00:00,8.46025084335265
2025-08-23 08:00:00,2.432322117463887
2025-08-23 09:00:00,2.273692414151025
2025-08-23 10:00:00,2.220815846380071
2025-08-23 11:00:00,2.1679392786091167
2025-08-23 12:00:00,2.4851986852348413
2025-08-23 13:00:00,2.220815846380071
2025-08-23 14:00:00,2.220815846380071
2025-08-23 15:00:00,2.220815846380071
2025-08-23 16:00:00,2.273692414151025
2025-08-23 17:00:00,2.432322117463887
2025-08-23 18:00:00,2.1679392786091167
2025-08-23 19:00:00,2.3265689819219793
2025-08-23 20:00:00,2.273692414151025
2025-08-23 21:00:00,2.6438283885477034
2025-08-23 22:00:00,2.3794455496929334
2025-08-23 23:00:00,2.3265689819219793
2025-08-24 00:00:00,2.5380752530057955
2025-08-24 01:00:00,5.129027073782545
2025-08-24 02:00:00,2.5380752530057955
2025-08-24 03:00:00,2.5909518207767492
2025-08-24 04:00:00,2.6438283885477034
2025-08-24 05:00:00,3.11971749848629
2025-08-24 06:00:00,2.5909518207767492
2025-08-24 07:00:00,3.965742582821555
2025-08-24 08:00:00,8.195868004497882
2025-08-24 09:00:00,4.81176766715682
2025-08-24 10:00:00,2.273692414151025
2025-08-24 11:00:00,2.220815846380071
2025-08-24 12:00:00,2.1679392786091167
2025-08-24 13:00:00,2.273692414151025
2025-08-24 14:00:00,2.3265689819219793
2025-08-24 15:00:00,2.3265689819219793
2025-08-24 16:00:00,2.1150627108381626
2025-08-24 17:00:00,2.3265689819219793
2025-08-24 18:00:00,2.220815846380071
2025-08-24 19:00:00,2.3265689819219793
2025-08-24 20:00:00,2.3265689819219793
2025-08-24 21:00:00,2.3265689819219793
2025-08-24 22:00:00,4.54738482830205
2025-08-24 23:00:00,8.407374275581697
2025-08-25 00:00:00,8.56600397889456
2025-08-25 01:00:00,8.989016521062192
2025-08-25 02:00:00,8.830386817749329
2025-08-25 03:00:00,9.35915249545887
2025-08-25 04:00:00,8.724633682207422
2025-08-25 05:00:00,9.147646224375055
2025-08-25 06:00:00,10.310930715336044
2025-08-25 07:00:00,10.046547876481274
2025-08-25 08:00:00,9.835041605397457
2025-08-25 09:00:00,10.046547876481274
2025-08-25 10:00:00,6.450941268056397
2025-08-25 11:00:00,3.3312237695701064
2025-08-25 12:00:00,3.1725940662572443
2025-08-25 13:00:00,3.3312237695701064
2025-08-25 14:00:00,2.85533465963152
2025-08-25 15:00:00,2.273692414151025
2025-08-25 16:00:00,2.273692414151025
2025-08-25 17:00:00,2.1679392786091167
2025-08-25 18:00:00,2.5909518207767492
2025-08-25 19:00:00,2.908211227402474
2025-08-25 20:00:00,3.066840930715336
2025-08-25 21:00:00,3.0139643629443817
2025-08-25 22:00:00,3.2783472017991526
2025-08-25 23:00:00,3.2254706340281984
2025-08-26 00:00:00,3.2783472017991526
2025-08-26 01:00:00,3.2783472017991526
2025-08-26 02:00:00,3.6484831761958305
2025-08-26 03:00:00,3.6484831761958305
2025-08-26 04:00:00,3.4898534728829684
2025-08-26 05:00:00,3.754236311737739
2025-08-26 06:00:00,3.6484831761958305
2025-08-26 07:00:00,3.3841003373410605
2025-08-26 08:00:00,3.0139643629443817
2025-08-26 09:00:00,3.2254706340281984
2025-08-26 10:00:00,3.701359743966785
2025-08-26 11:00:00,3.3841003373410605
2025-08-26 12:00:00,4.0714957183634635
2025-08-26 13:00:00,3.6484831761958305
2025-08-26 14:00:00,3.8071128795086935
2025-08-26 15:00:00,3.754236311737739
2025-08-26 16:00:00,2.908211227402474
2025-08-26 17:00:00,2.5909518207767492
2025-08-26 18:00:00,2.961087795173428
2025-08-26 19:00:00,3.4369769051120147
2025-08-26 20:00:00,3.11971749848629
2025-08-26 21:00:00,3.542730040653922
2025-08-26 22:00:00,3.701359743966785
2025-08-26 23:00:00,3.3312237695701064
2025-08-27 00:00:00,3.8071128795086935
2025-08-27 01:00:00,4.0714957183634635
2025-08-27 02:00:00,3.8071128795086935
2025-08-27 03:00:00,3.754236311737739
2025-08-27 04:00:00,4.0714957183634635
2025-08-27 05:00:00,3.965742582821555
2025-08-27 06:00:00,4.81176766715682
2025-08-27 07:00:00,5.076150506011591
2025-08-27 08:00:00,4.3887551249891885
2025-08-27 09:00:00,4.3887551249891885
2025-08-27 10:00:00,3.6484831761958305
2025-08-27 11:00:00,3.9128660150506014
2025-08-27 12:00:00,3.2783472017991526
2025-08-27 13:00:00,3.3312237695701064
2025-08-27 14:00:00,2.7495815240896118
2025-08-27 15:00:00,2.3794455496929334
2025-08-27 16:00:00,2.5909518207767492
2025-08-27 17:00:00,2.1679392786091167
2025-08-27 18:00:00,2.273692414151025
2025-08-27 19:00:00,2.7495815240896118
2025-08-27 20:00:00,2.961087795173428
2025-08-27 21:00:00,3.2254706340281984
2025-08-27 22:00:00,3.2783472017991526
2025-08-27 23:00:00,3.542730040653922
2025-08-28 00:00:00,3.3312237695701064
2025-08-28 01:00:00,3.6484831761958305
2025-08-28 02:00:00,3.701359743966785
2025-08-28 03:00:00,3.595606608424877
2025-08-28 04:00:00,3.754236311737739
2025-08-28 05:00:00,3.754236311737739
2025-08-28 06:00:00,5.922175590346856
2025-08-28 07:00:00,5.4991630481792235
2025-08-28 08:00:00,5.340533344866361
2025-08-28 09:00:00,5.7635458870339935
2025-08-28 10:00:00,4.9175208026987285
2025-08-28 11:00:00,5.287656777095407
2025-08-28 12:00:00,5.2347802093244535
2025-08-28 13:00:00,5.076150506011591
2025-08-28 14:00:00,4.3358785572182335
2025-08-28 15:00:00,3.2254706340281984
2025-08-28 16:00:00,2.3794455496929334
2025-08-28 17:00:00,2.6967049563186576
2025-08-28 18:00:00,2.961087795173428
2025-08-28 19:00:00,2.961087795173428
2025-08-28 20:00:00,3.4898534728829684
2025-08-28 21:00:00,3.595606608424877
2025-08-28 22:00:00,3.6484831761958305
2025-08-28 23:00:00,3.9128660150506014
2025-08-29 00:00:00,4.0714957183634635
2025-08-29 01:00:00,3.9128660150506014
2025-08-29 02:00:00,4.0714957183634635
2025-08-29 03:00:00,4.124372286134418
2025-08-29 04:00:00,4.494508260531096
2025-08-29 05:00:00,4.28300198944728
2025-08-29 06:00:00,5.287656777095407
2025-08-29 07:00:00,5.2347802093244535
2025-08-29 08:00:00,2.802458091860566
2025-08-29 09:00:00,0.0
2025-08-29 10:00:00,0.0
2025-08-29 11:00:00,0.0
2025-08-29 12:00:00,3.9128660150506014
2025-08-29 13:00:00,4.0714957183634635
2025-08-29 14:00:00,3.2783472017991526
2025-08-29 15:00:00,3.0139643629443817
2025-08-29 16:00:00,2.961087795173428
2025-08-29 17:00:00,3.0139643629443817
2025-08-29 18:00:00,3.4369769051120147
2025-08-29 19:00:00,3.2783472017991526
2025-08-29 20:00:00,3.965742582821555
2025-08-29 21:00:00,3.8071128795086935
2025-08-29 22:00:00,3.859989447279647
2025-08-29 23:00:00,4.177248853905372
2025-08-30 00:00:00,4.177248853905372
2025-08-30 01:00:00,3.965742582821555
2025-08-30 02:00:00,4.441631692760142
2025-08-30 03:00:00,4.28300198944728
2025-08-30 04:00:00,4.0714957183634635
2025-08-30 05:00:00,4.018619150592509
2025-08-30 06:00:00,4.3358785572182335
2025-08-30 07:00:00,3.754236311737739
2025-08-30 08:00:00,3.4369769051120147
2025-08-30 09:00:00,3.595606608424877
2025-08-30 10:00:00,2.85533465963152
2025-08-30 11:00:00,2.802458091860566
2025-08-30 12:00:00,2.4851986852348413
2025-08-30 13:00:00,2.3794455496929334
2025-08-30 14:00:00,2.220815846380071
2025-08-30 15:00:00,2.3794455496929334
2025-08-30 16:00:00,2.4851986852348413
2025-08-30 17:00:00,7.508472623475478
2025-08-30 18:00:00,8.46025084335265
2025-08-30 19:00:00,9.0947696566041
2025-08-30 20:00:00,8.883263385520284
2025-08-30 21:00:00,9.35915249545887
2025-08-30 22:00:00,9.200522792146009
2025-08-30 23:00:00,9.676411902084595
2025-08-31 00:00:00,9.676411902084595
2025-08-31 01:00:00,9.676411902084595
2025-08-31 02:00:00,10.152301012023182
2025-08-31 03:00:00,9.887918173168412
2025-08-31 04:00:00,9.835041605397457
2025-08-31 05:00:00,9.676411902084595
2025-08-31 06:00:00,9.835041605397457
2025-08-31 07:00:00,9.62353533431364
2025-08-31 08:00:00,6.398064700285443
2025-08-31 09:00:00,2.908211227402474
2025-08-31 10:00:00,2.961087795173428
2025-08-31 11:00:00,2.3794455496929334
2025-08-31 12:00:00,2.3794455496929334
2025-08-31 13:00:00,2.273692414151025
2025-08-31 14:00:00,2.5909518207767492
2025-08-31 15:00:00,2.3265689819219793
2025-08-31 16:00:00,2.3794455496929334
2025-08-31 17:00:00,2.4851986852348413
2025-08-31 18:00:00,2.220815846380071
2025-08-31 19:00:00,2.4851986852348413
2025-08-31 20:00:00,2.432322117463887
2025-08-31 21:00:00,3.11971749848629
2025-08-31 22:00:00,3.0139643629443817
2025-08-31 23:00:00,3.4369769051120147
2025-09-01 00:00:00,3.0458714994464713
2025-09-01 01:00:00,3.2838302103407266
2025-09-01 02:00:00,3.1410549838041737
2025-09-01 03:00:00,3.236238468161876
2025-09-01 04:00:00,3.4741971790561315
2025-09-01 05:00:00,3.2838302103407266
2025-09-01 06:00:00,2.9506880150887693
2025-09-01 07:00:00,3.236238468161876
2025-09-01 08:00:00,2.474770593300258
2025-09-01 09:00:00,2.474770593300258
2025-09-01 10:00:00,1.998853171511747
2025-09-01 11:00:00,2.2844036245848534
2025-09-01 12:00:00,2.046444913690598
2025-09-01 13:00:00,2.0940366558694494
2025-09-01 14:00:00,2.2844036245848534
2025-09-01 15:00:00,1.9512614293328958
2025-09-01 16:00:00,2.0940366558694494
2025-09-01 17:00:00,1.9036696871540446
2025-09-01 18:00:00,2.3795871089425558
2025-09-01 19:00:00,2.2844036245848534
2025-09-01 20:00:00,2.0940366558694494
2025-09-01 21:00:00,2.2368118824060024
2025-09-01 22:00:00,2.7127293041945135
2025-09-01 23:00:00,2.7127293041945135
2025-09-02 00:00:00,2.9030962729099183
2025-09-02 01:00:00,2.855504530731067
2025-09-02 02:00:00,3.1410549838041737
2025-09-02 03:00:00,3.0458714994464713
2025-09-02 04:00:00,3.236238468161876
2025-09-02 05:00:00,2.855504530731067
2025-09-02 06:00:00,4.188073311738899
2025-09-02 07:00:00,3.521788921234983
2025-09-02 08:00:00,3.521788921234983
2025-09-02 09:00:00,2.760321046373365
2025-09-02 10:00:00,2.6651375620156625
2025-09-02 11:00:00,3.0934632416253227
2025-09-02 12:00:00,2.6651375620156625
2025-09-02 13:00:00,2.5699540776579606
2025-09-02 14:00:00,2.5699540776579606
2025-09-02 15:00:00,2.3795871089425558
2025-09-02 16:00:00,2.522362335479109
2025-09-02 17:00:00,1.998853171511747
2025-09-02 18:00:00,4.188073311738899
2025-09-02 19:00:00,7.5194952642584765
2025-09-02 20:00:00,7.138761326827668
2025-09-02 21:00:00,7.138761326827668
2025-09-02 22:00:00,7.614678748616178
2025-09-02 23:00:00,6.186926483250645
2025-09-03 00:00:00,2.855504530731067
2025-09-03 01:00:00,2.807912788552216
2025-09-03 02:00:00,2.9982797572676203
2025-09-03 03:00:00,5.4730503505678785
2025-09-03 04:00:00,3.1886467259830247
2025-09-03 05:00:00,3.2838302103407266
2025-09-03 06:00:00,3.7597476321292382
2025-09-03 07:00:00,3.950114600844643
2025-09-03 08:00:00,3.950114600844643
2025-09-03 09:00:00,3.0934632416253227
2025-09-03 10:00:00,2.9506880150887693
2025-09-03 11:00:00,2.9506880150887693
2025-09-03 12:00:00,2.9506880150887693
2025-09-03 13:00:00,2.855504530731067
2025-09-03 14:00:00,2.855504530731067
2025-09-03 15:00:00,1.998853171511747
2025-09-03 16:00:00,2.2368118824060024
2025-09-03 17:00:00,2.1892201402271514
2025-09-03 18:00:00,2.2844036245848534
2025-09-03 19:00:00,2.3795871089425558
2025-09-03 20:00:00,2.1892201402271514
2025-09-03 21:00:00,2.2368118824060024
2025-09-03 22:00:00,2.6651375620156625
2025-09-03 23:00:00,2.427178851121407
2025-09-04 00:00:00,2.474770593300258
2025-09-04 01:00:00,2.522362335479109
2025-09-04 02:00:00,2.760321046373365
2025-09-04 03:00:00,2.9982797572676203
2025-09-04 04:00:00,2.5699540776579606
2025-09-04 05:00:00,2.9030962729099183
2025-09-04 06:00:00,3.9025228586657916
2025-09-04 07:00:00,3.8549311164869406
2025-09-04 08:00:00,4.188073311738899
2025-09-04 09:00:00,3.9025228586657916
2025-09-04 10:00:00,3.807339374308089
2025-09-04 11:00:00,3.2838302103407266
2025-09-04 12:00:00,3.379013694698429
2025-09-04 13:00:00,2.9506880150887693
2025-09-04 14:00:00,2.427178851121407
2025-09-04 15:00:00,2.2368118824060024
2025-09-04 16:00:00,2.2844036245848534
2025-09-04 17:00:00,2.2844036245848534
2025-09-04 18:00:00,2.5699540776579606
2025-09-04 19:00:00,3.0934632416253227
2025-09-04 20:00:00,3.1886467259830247
2025-09-04 21:00:00,3.4741971790561315
2025-09-04 22:00:00,3.4741971790561315
2025-09-04 23:00:00,3.4741971790561315
2025-09-05 00:00:00,3.712155889950387
2025-09-05 01:00:00,3.569380663413834
2025-09-05 02:00:00,3.7597476321292382
2025-09-05 03:00:00,3.807339374308089
2025-09-05 04:00:00,3.712155889950387
2025-09-05 05:00:00,3.569380663413834
2025-09-05 06:00:00,4.616398991348559
2025-09-05 07:00:00,4.188073311738899
2025-09-05 08:00:00,4.235665053917749
2025-09-05 09:00:00,3.7597476321292382
2025-09-05 10:00:00,3.807339374308089
2025-09-05 11:00:00,3.4266054368772805
2025-09-05 12:00:00,2.9030962729099183
2025-09-05 13:00:00,3.0934632416253227
2025-09-05 14:00:00,2.617545819836811
2025-09-05 15:00:00,2.2368118824060024
2025-09-05 16:00:00,2.3795871089425558
2025-09-05 17:00:00,4.378440280454303
2025-09-05 18:00:00,7.757453975152732
2025-09-05 19:00:00,8.138187912583541
2025-09-05 20:00:00,8.185779654762392
2025-09-05 21:00:00,8.566513592193202
2025-09-05 22:00:00,8.709288818729755
2025-09-05 23:00:00,8.804472303087456
2025-09-06 00:00:00,8.899655787445159
2025-09-06 01:00:00,8.899655787445159
2025-09-06 02:00:00,9.185206240518266
2025-09-06 03:00:00,9.090022756160565
2025-09-06 04:00:00,8.899655787445159
2025-09-06 05:00:00,8.94724752962401
2025-09-06 06:00:00,9.137614498339413
2025-09-06 07:00:00,8.804472303087456
2025-09-06 08:00:00,8.709288818729755
2025-09-06 09:00:00,8.423738365656646
2025-09-06 10:00:00,8.233371396941244
2025-09-06 11:00:00,7.805045717331583
2025-09-06 12:00:00,5.996559514535241
2025-09-06 13:00:00,2.474770593300258
2025-09-06 14:00:00,2.2844036245848534
2025-09-06 15:00:00,2.474770593300258
2025-09-06 16:00:00,2.5699540776579606
2025-09-06 17:00:00,2.6651375620156625
2025-09-06 18:00:00,2.9982797572676203
2025-09-06 19:00:00,2.9982797572676203
2025-09-06 20:00:00,3.1410549838041737
2025-09-06 21:00:00,3.379013694698429
2025-09-06 22:00:00,3.379013694698429
2025-09-06 23:00:00,3.3314219525195785
2025-09-07 00:00:00,3.712155889950387
2025-09-07 01:00:00,3.2838302103407266
2025-09-07 02:00:00,3.4266054368772805
2025-09-07 03:00:00,3.8549311164869406
2025-09-07 04:00:00,3.7597476321292382
2025-09-07 05:00:00,3.6169724055926844
2025-09-07 06:00:00,3.521788921234983
2025-09-07 07:00:00,3.9025228586657916
2025-09-07 08:00:00,3.2838302103407266
2025-09-07 09:00:00,3.0458714994464713
2025-09-07 10:00:00,2.760321046373365
2025-09-07 11:00:00,2.760321046373365
2025-09-07 12:00:00,2.617545819836811
2025-09-07 13:00:00,2.617545819836811
2025-09-07 14:00:00,2.1892201402271514
2025-09-07 15:00:00,2.3795871089425558
2025-09-07 16:00:00,2.5699540776579606
2025-09-07 17:00:00,2.6651375620156625
2025-09-07 18:00:00,2.9506880150887693
2025-09-07 19:00:00,3.1410549838041737
2025-09-07 20:00:00,3.379013694698429
2025-09-07 21:00:00,3.379013694698429
2025-09-07 22:00:00,3.7597476321292382
2025-09-07 23:00:00,3.807339374308089
2025-09-08 00:00:00,3.997706343023494
2025-09-08 01:00:00,3.7597476321292382
2025-09-08 02:00:00,4.140481569560047
2025-09-08 03:00:00,4.235665053917749
2025-09-08 04:00:00,4.426032022633154
2025-09-08 05:00:00,3.9025228586657916
2025-09-08 06:00:00,5.139908155315921
2025-09-08 07:00:00,4.901949444421665
2025-09-08 08:00:00,5.044724670958218
2025-09-08 09:00:00,4.616398991348559
2025-09-08 10:00:00,4.901949444421665
2025-09-08 11:00:00,4.283256796096601
2025-09-08 12:00:00,4.283256796096601
2025-09-08 13:00:00,3.4741971790561315
2025-09-08 14:00:00,3.4266054368772805
2025-09-08 15:00:00,3.2838302103407266
2025-09-08 16:00:00,2.760321046373365
2025-09-08 17:00:00,2.331995366763705
2025-09-08 18:00:00,2.7127293041945135
2025-09-08 19:00:00,3.379013694698429
2025-09-08 20:00:00,3.2838302103407266
2025-09-08 21:00:00,3.712155889950387
2025-09-08 22:00:00,3.569380663413834
2025-09-08 23:00:00,3.8549311164869406
2025-09-09 00:00:00,3.997706343023494
2025-09-09 01:00:00,3.807339374308089
2025-09-09 02:00:00,3.950114600844643
2025-09-09 03:00:00,4.568807249169707
2025-09-09 04:00:00,4.521215506990856
2025-09-09 05:00:00,3.9025228586657916
2025-09-09 06:00:00,4.854357702242814
2025-09-09 07:00:00,5.09231641313707
2025-09-09 08:00:00,5.3778668662101765
2025-09-09 09:00:00,5.09231641313707
2025-09-09 10:00:00,4.045298085202345
2025-09-09 11:00:00,3.4266054368772805
2025-09-09 12:00:00,3.379013694698429
2025-09-09 13:00:00,3.1410549838041737
2025-09-09 14:00:00,2.9982797572676203
2025-09-09 15:00:00,2.9030962729099183
2025-09-09 16:00:00,2.474770593300258
2025-09-09 17:00:00,2.046444913690598
2025-09-09 18:00:00,2.0940366558694494
2025-09-09 19:00:00,2.522362335479109
2025-09-09 20:00:00,4.378440280454303
2025-09-09 21:00:00,8.138187912583541
2025-09-09 22:00:00,8.138187912583541
2025-09-09 23:00:00,8.566513592193202
2025-09-10 00:00:00,8.328554881298945
2025-09-10 01:00:00,8.423738365656646
2025-09-10 02:00:00,8.423738365656646
2025-09-10 03:00:00,8.51892185001435
2025-09-10 04:00:00,8.661697076550903
2025-09-10 05:00:00,8.51892185001435
2025-09-10 06:00:00,9.37557320923367
2025-09-10 07:00:00,4.188073311738899
2025-09-10 08:00:00,3.9025228586657916
2025-09-10 09:00:00,3.4741971790561315
2025-09-10 10:00:00,3.0934632416253227
2025-09-10 11:00:00,3.4266054368772805
2025-09-10 12:00:00,8.185779654762392
2025-09-10 13:00:00,8.280963139120095
2025-09-10 14:00:00,8.423738365656646
2025-09-10 15:00:00,7.947820943868137
2025-09-10 16:00:00,7.471903522079625
2025-09-10 17:00:00,7.3291282955430725
2025-09-10 18:00:00,7.567087006437327
2025-09-10 19:00:00,7.471903522079625
2025-09-10 20:00:00,7.471903522079625
2025-09-10 21:00:00,3.9025228586657916
2025-09-10 22:00:00,2.2844036245848534
2025-09-10 23:00:00,2.3795871089425558
2025-09-11 00:00:00,2.3795871089425558
2025-09-11 01:00:00,2.522362335479109
2025-09-11 02:00:00,2.427178851121407
2025-09-11 03:00:00,2.427178851121407
2025-09-11 04:00:00,2.5699540776579606
2025-09-11 05:00:00,2.474770593300258
2025-09-11 06:00:00,4.045298085202345
2025-09-11 07:00:00,3.807339374308089
2025-09-11 08:00:00,3.3314219525195785
2025-09-11 09:00:00,2.9506880150887693
2025-09-11 10:00:00,2.9030962729099183
2025-09-11 11:00:00,2.9030962729099183
2025-09-11 12:00:00,2.9506880150887693
2025-09-11 13:00:00,3.0934632416253227
2025-09-11 14:00:00,3.1410549838041737
2025-09-11 15:00:00,3.0934632416253227
2025-09-11 16:00:00,1.998853171511747
2025-09-11 17:00:00,1.998853171511747
2025-09-11 18:00:00,1.998853171511747
2025-09-11 19:00:00,2.046444913690598
2025-09-11 20:00:00,6.234518225429497
2025-09-11 21:00:00,7.852637459510435
2025-09-11 22:00:00,8.185779654762392
2025-09-11 23:00:00,8.043004428225839
2025-09-12 00:00:00,8.233371396941244
2025-09-12 01:00:00,8.185779654762392
2025-09-12 02:00:00,8.280963139120095
2025-09-12 03:00:00,8.09059617040469
2025-09-12 04:00:00,8.185779654762392
2025-09-12 05:00:00,8.280963139120095
2025-09-12 06:00:00,7.995412686046988
2025-09-12 07:00:00,3.569380663413834
2025-09-12 08:00:00,3.4266054368772805
2025-09-12 09:00:00,3.7597476321292382
2025-09-12 10:00:00,3.807339374308089
2025-09-12 11:00:00,3.521788921234983
2025-09-12 12:00:00,3.7597476321292382
2025-09-12 13:00:00,3.0458714994464713
2025-09-12 14:00:00,3.1886467259830247
2025-09-12 15:00:00,2.046444913690598
2025-09-12 16:00:00,1.8560779449751934
2025-09-12 17:00:00,1.9036696871540446
2025-09-12 18:00:00,2.2368118824060024
2025-09-12 19:00:00,1.8560779449751934
2025-09-12 20:00:00,1.9036696871540446
2025-09-12 21:00:00,1.998853171511747
2025-09-12 22:00:00,2.1416283980483004
2025-09-12 23:00:00,1.998853171511747
2025-09-13 00:00:00,1.8560779449751934
2025-09-13 01:00:00,2.2368118824060024
2025-09-13 02:00:00,1.8560779449751934
2025-09-13 03:00:00,2.0940366558694494
2025-09-13 04:00:00,1.8084862027963422
2025-09-13 05:00:00,2.2368118824060024
2025-09-13 06:00:00,1.8084862027963422
2025-09-13 07:00:00,1.9036696871540446
2025-09-13 08:00:00,1.9512614293328958
2025-09-13 09:00:00,1.8560779449751934
2025-09-13 10:00:00,1.8560779449751934
2025-09-13 11:00:00,1.8084862027963422
2025-09-13 12:00:00,1.9512614293328958
2025-09-13 13:00:00,1.8560779449751934
2025-09-13 14:00:00,1.7133027184386402
2025-09-13 15:00:00,1.8084862027963422
2025-09-13 16:00:00,1.8560779449751934
2025-09-13 17:00:00,1.9036696871540446
2025-09-13 18:00:00,1.7608944606174914
2025-09-13 19:00:00,1.9512614293328958
2025-09-13 20:00:00,1.998853171511747
2025-09-13 21:00:00,2.046444913690598
2025-09-13 22:00:00,2.617545819836811
2025-09-13 23:00:00,1.9036696871540446
2025-09-14 00:00:00,1.9512614293328958
2025-09-14 01:00:00,2.1416283980483004
2025-09-14 02:00:00,1.9036696871540446
2025-09-14 03:00:00,1.9512614293328958
2025-09-14 04:00:00,1.9036696871540446
2025-09-14 05:00:00,1.998853171511747
2025-09-14 06:00:00,1.9512614293328958
2025-09-14 07:00:00,1.9512614293328958
2025-09-14 08:00:00,1.6657109762597893
2025-09-14 09:00:00,1.998853171511747
2025-09-14 10:00:00,1.9036696871540446
2025-09-14 11:00:00,1.9512614293328958
2025-09-14 12:00:00,1.6657109762597893
2025-09-14 13:00:00,1.8084862027963422
2025-09-14 14:00:00,1.9512614293328958
2025-09-14 15:00:00,1.7608944606174914
2025-09-14 16:00:00,1.9512614293328958
2025-09-14 17:00:00,1.6657109762597893
2025-09-14 18:00:00,1.8084862027963422
2025-09-14 19:00:00,2.2368118824060024
2025-09-14 20:00:00,1.8560779449751934
2025-09-14 21:00:00,1.9036696871540446
2025-09-14 22:00:00,1.9036696871540446
2025-09-14 23:00:00,2.2844036245848534
2025-09-15 00:00:00,1.9036696871540446
2025-09-15 01:00:00,1.9036696871540446
2025-09-15 02:00:00,2.046444913690598
2025-09-15 03:00:00,1.9512614293328958
2025-09-15 04:00:00,2.2368118824060024
2025-09-15 05:00:00,1.9512614293328958
2025-09-15 06:00:00,2.760321046373365
2025-09-15 07:00:00,2.7127293041945135
2025-09-15 08:00:00,2.617545819836811
2025-09-15 09:00:00,2.3795871089425558
2025-09-15 10:00:00,2.760321046373365
2025-09-15 11:00:00,2.427178851121407
2025-09-15 12:00:00,2.522362335479109
2025-09-15 13:00:00,2.9030962729099183
2025-09-15 14:00:00,2.046444913690598
2025-09-15 15:00:00,1.7133027184386402
2025-09-15 16:00:00,2.1416283980483004
2025-09-15 17:00:00,1.8560779449751934
2025-09-15 18:00:00,1.7608944606174914
2025-09-15 19:00:00,1.9512614293328958
2025-09-15 20:00:00,2.046444913690598
2025-09-15 21:00:00,1.9512614293328958
2025-09-15 22:00:00,1.9512614293328958
2025-09-15 23:00:00,2.046444913690598
2025-09-16 00:00:00,1.8560779449751934
2025-09-16 01:00:00,2.0940366558694494
2025-09-16 02:00:00,2.046444913690598
2025-09-16 03:00:00,1.8560779449751934
2025-09-16 04:00:00,1.9512614293328958
2025-09-16 05:00:00,2.046444913690598
2025-09-16 06:00:00,2.617545819836811
2025-09-16 07:00:00,2.760321046373365
2025-09-16 08:00:00,2.9030962729099183
2025-09-16 09:00:00,2.427178851121407
2025-09-16 10:00:00,2.760321046373365
2025-09-16 11:00:00,2.617545819836811
2025-09-16 12:00:00,2.1416283980483004
2025-09-16 13:00:00,2.522362335479109
2025-09-16 14:00:00,2.474770593300258
2025-09-16 15:00:00,1.9512614293328958
2025-09-16 16:00:00,2.617545819836811
2025-09-16 17:00:00,2.046444913690598
2025-09-16 18:00:00,1.8560779449751934
2025-09-16 19:00:00,1.8560779449751934
2025-09-16 20:00:00,1.9512614293328958
2025-09-16 21:00:00,2.1892201402271514
2025-09-16 22:00:00,1.9512614293328958
2025-09-16 23:00:00,1.9036696871540446
2025-09-17 00:00:00,1.8560779449751934
2025-09-17 01:00:00,2.331995366763705
2025-09-17 02:00:00,1.9512614293328958
2025-09-17 03:00:00,1.9036696871540446
2025-09-17 04:00:00,1.9512614293328958
2025-09-17 05:00:00,2.1416283980483004
2025-09-17 06:00:00,2.9982797572676203
2025-09-17 07:00:00,2.855504530731067
2025-09-17 08:00:00,2.522362335479109
2025-09-17 09:00:00,3.521788921234983
2025-09-17 10:00:00,3.236238468161876
2025-09-17 11:00:00,3.236238468161876
2025-09-17 12:00:00,2.7127293041945135
2025-09-17 13:00:00,2.474770593300258
2025-09-17 14:00:00,2.331995366763705
2025-09-17 15:00:00,1.9512614293328958
2025-09-17 16:00:00,1.998853171511747
2025-09-17 17:00:00,1.998853171511747
2025-09-17 18:00:00,1.998853171511747
2025-09-17 19:00:00,1.9512614293328958
2025-09-17 20:00:00,2.0940366558694494
2025-09-17 21:00:00,2.046444913690598
2025-09-17 22:00:00,1.9036696871540446
2025-09-17 23:00:00,1.8084862027963422
2025-09-18 00:00:00,2.1416283980483004
2025-09-18 01:00:00,1.9036696871540446
2025-09-18 02:00:00,1.9512614293328958
2025-09-18 03:00:00,1.8560779449751934
2025-09-18 04:00:00,2.2368118824060024
2025-09-18 05:00:00,1.8560779449751934
2025-09-18 06:00:00,2.427178851121407
2025-09-18 07:00:00,1.7608944606174914
2025-09-18 08:00:00,1.9036696871540446
2025-09-18 09:00:00,1.998853171511747
2025-09-18 10:00:00,2.046444913690598
2025-09-18 11:00:00,2.1892201402271514
2025-09-18 12:00:00,2.9030962729099183
2025-09-18 13:00:00,2.807912788552216
2025-09-18 14:00:00,2.855504530731067
2025-09-18 15:00:00,2.7127293041945135
2025-09-18 16:00:00,2.2368118824060024
2025-09-18 17:00:00,1.9036696871540446
2025-09-18 18:00:00,1.9036696871540446
2025-09-18 19:00:00,2.5699540776579606
2025-09-18 20:00:00,2.2368118824060024
2025-09-18 21:00:00,2.0940366558694494
2025-09-18 22:00:00,1.9036696871540446
2025-09-18 23:00:00,1.9036696871540446
2025-09-19 00:00:00,1.9512614293328958
2025-09-19 01:00:00,1.9512614293328958
2025-09-19 02:00:00,2.046444913690598
2025-09-19 03:00:00,1.998853171511747
2025-09-19 04:00:00,1.8560779449751934
2025-09-19 05:00:00,2.0940366558694494
2025-09-19 06:00:00,3.712155889950387
2025-09-19 07:00:00,3.1410549838041737
2025-09-19 08:00:00,2.427178851121407
2025-09-19 09:00:00,2.522362335479109
2025-09-19 10:00:00,2.7127293041945135
2025-09-19 11:00:00,2.6651375620156625
2025-09-19 12:00:00,2.807912788552216
2025-09-19 13:00:00,1.9512614293328958
2025-09-19 14:00:00,1.7133027184386402
2025-09-19 15:00:00,1.5229357497232356
2025-09-19 16:00:00,1.618119234080938
2025-09-19 17:00:00,1.5229357497232356
2025-09-19 18:00:00,1.8560779449751934
2025-09-19 19:00:00,1.618119234080938
2025-09-19 20:00:00,1.7133027184386402
2025-09-19 21:00:00,1.7133027184386402
2025-09-19 22:00:00,1.9512614293328958
2025-09-19 23:00:00,1.6657109762597893
2025-09-20 00:00:00,1.5705274919020868
2025-09-20 01:00:00,1.7608944606174914
2025-09-20 02:00:00,1.6657109762597893
2025-09-20 03:00:00,1.8560779449751934
2025-09-20 04:00:00,1.618119234080938
2025-09-20 05:00:00,1.618119234080938
2025-09-20 06:00:00,1.5705274919020868
2025-09-20 07:00:00,1.5229357497232356
2025-09-20 08:00:00,1.6657109762597893
2025-09-20 09:00:00,1.4753440075443847
2025-09-20 10:00:00,2.2844036245848534
2025-09-20 11:00:00,6.758027389396858
2025-09-20 12:00:00,2.5699540776579606
2025-09-20 13:00:00,12.754586903932099
2025-09-20 14:00:00,13.087729099184058
2025-09-20 15:00:00,13.18291258354176
2025-09-20 16:00:00,13.040137357005207
2025-09-20 17:00:00,13.27809606789946
2025-09-20 18:00:00,13.230504325720611
2025-09-20 19:00:00,13.373279552257163
2025-09-20 20:00:00,13.27809606789946
2025-09-20 21:00:00,13.230504325720611
2025-09-20 22:00:00,11.659976833818524
2025-09-20 23:00:00,1.8084862027963422
2025-09-21 00:00:00,1.7608944606174914
2025-09-21 01:00:00,1.6657109762597893
2025-09-21 02:00:00,4.616398991348559
2025-09-21 03:00:00,1.618119234080938
2025-09-21 04:00:00,1.6657109762597893
2025-09-21 05:00:00,1.7133027184386402
2025-09-21 06:00:00,1.5229357497232356
2025-09-21 07:00:00,1.7133027184386402
2025-09-21 08:00:00,1.4753440075443847
2025-09-21 09:00:00,1.5229357497232356
2025-09-21 10:00:00,1.5705274919020868
2025-09-21 11:00:00,1.7608944606174914
2025-09-21 12:00:00,2.9030962729099183
2025-09-21 13:00:00,6.472476936323752
2025-09-21 14:00:00,6.520068678502604
2025-09-21 15:00:00,6.424885194144901
2025-09-21 16:00:00,6.662843905039157
2025-09-21 17:00:00,6.424885194144901
2025-09-21 18:00:00,6.662843905039157
2025-09-21 19:00:00,4.473623764812005
2025-09-21 20:00:00,1.8560779449751934
2025-09-21 21:00:00,1.7133027184386402
2025-09-21 22:00:00,1.618119234080938
2025-09-21 23:00:00,1.6657109762597893
2025-09-22 00:00:00,1.6657109762597893
2025-09-22 01:00:00,1.8084862027963422
2025-09-22 02:00:00,1.6657109762597893
2025-09-22 03:00:00,1.6657109762597893
2025-09-22 04:00:00,1.6657109762597893
2025-09-22 05:00:00,2.522362335479109
2025-09-22 06:00:00,3.4266054368772805
2025-09-22 07:00:00,3.6169724055926844
2025-09-22 08:00:00,3.236238468161876
2025-09-22 09:00:00,3.379013694698429
2025-09-22 10:00:00,3.4266054368772805
2025-09-22 11:00:00,3.379013694698429
2025-09-22 12:00:00,2.1892201402271514
2025-09-22 13:00:00,2.427178851121407
2025-09-22 14:00:00,2.0940366558694494
2025-09-22 15:00:00,1.5705274919020868
2025-09-22 16:00:00,1.4753440075443847
2025-09-22 17:00:00,1.5705274919020868
2025-09-22 18:00:00,1.5705274919020868
2025-09-22 19:00:00,1.5229357497232356
2025-09-22 20:00:00,1.618119234080938
2025-09-22 21:00:00,1.618119234080938
2025-09-22 22:00:00,1.7133027184386402
2025-09-22 23:00:00,1.618119234080938
2025-09-23 00:00:00,1.4753440075443847
2025-09-23 01:00:00,1.6657109762597893
2025-09-23 02:00:00,1.7608944606174914
2025-09-23 03:00:00,1.4753440075443847
2025-09-23 04:00:00,1.618119234080938
2025-09-23 05:00:00,1.618119234080938
2025-09-23 06:00:00,3.236238468161876
2025-09-23 07:00:00,3.2838302103407266
2025-09-23 08:00:00,3.3314219525195785
2025-09-23 09:00:00,3.236238468161876
2025-09-23 10:00:00,3.0934632416253227
2025-09-23 11:00:00,4.7591742178851115
2025-09-23 12:00:00,3.950114600844643
2025-09-23 13:00:00,3.1410549838041737
2025-09-23 14:00:00,3.1886467259830247
2025-09-23 15:00:00,2.5699540776579606
2025-09-23 16:00:00,1.4277522653655335
2025-09-23 17:00:00,1.4753440075443847
2025-09-23 18:00:00,1.5229357497232356
2025-09-23 19:00:00,1.7608944606174914
2025-09-23 20:00:00,1.5705274919020868
2025-09-23 21:00:00,1.4753440075443847
2025-09-23 22:00:00,1.6657109762597893
2025-09-23 23:00:00,1.7608944606174914
2025-09-24 00:00:00,1.5705274919020868
2025-09-24 01:00:00,1.5705274919020868
2025-09-24 02:00:00,1.618119234080938
2025-09-24 03:00:00,1.7608944606174914
2025-09-24 04:00:00,1.5705274919020868
2025-09-24 05:00:00,1.8084862027963422
2025-09-24 06:00:00,4.66399073352741
2025-09-24 07:00:00,3.1886467259830247
2025-09-24 08:00:00,3.1886467259830247
2025-09-24 09:00:00,3.1886467259830247
2025-09-24 10:00:00,3.3314219525195785
2025-09-24 11:00:00,3.1410549838041737
2025-09-24 12:00:00,3.3314219525195785
2025-09-24 13:00:00,3.0934632416253227
2025-09-24 14:00:00,3.379013694698429
2025-09-24 15:00:00,3.4266054368772805
2025-09-24 16:00:00,3.0458714994464713
2025-09-24 17:00:00,1.6657109762597893
2025-09-24 18:00:00,1.4753440075443847
2025-09-24 19:00:00,1.7133027184386402
2025-09-24 20:00:00,1.6657109762597893
2025-09-24 21:00:00,1.4753440075443847
2025-09-24 22:00:00,1.6657109762597893
2025-09-24 23:00:00,1.618119234080938
2025-09-25 00:00:00,1.5705274919020868
2025-09-25 01:00:00,1.7133027184386402
2025-09-25 02:00:00,1.618119234080938
2025-09-25 03:00:00,1.4753440075443847
2025-09-25 04:00:00,1.7133027184386402
2025-09-25 05:00:00,1.6657109762597893
2025-09-25 06:00:00,6.662843905039157
2025-09-25 07:00:00,7.995412686046988
2025-09-25 08:00:00,3.0934632416253227
2025-09-25 09:00:00,2.2844036245848534
2025-09-25 10:00:00,2.046444913690598
2025-09-25 11:00:00,2.1416283980483004
2025-09-25 12:00:00,2.2368118824060024
2025-09-25 13:00:00,1.998853171511747
2025-09-25 14:00:00,1.4277522653655335
2025-09-25 15:00:00,1.5705274919020868
2025-09-25 16:00:00,1.4277522653655335
2025-09-25 17:00:00,1.5229357497232356
2025-09-25 18:00:00,1.7133027184386402
2025-09-25 19:00:00,1.5229357497232356
2025-09-25 20:00:00,1.7133027184386402
2025-09-25 21:00:00,1.7133027184386402
2025-09-25 22:00:00,1.618119234080938
2025-09-25 23:00:00,1.5705274919020868
2025-09-26 00:00:00,1.6657109762597893
2025-09-26 01:00:00,1.5705274919020868
2025-09-26 02:00:00,1.618119234080938
2025-09-26 03:00:00,1.7608944606174914
2025-09-26 04:00:00,1.5705274919020868
2025-09-26 05:00:00,1.7133027184386402
2025-09-26 06:00:00,3.4741971790561315
2025-09-26 07:00:00,3.4741971790561315
2025-09-26 08:00:00,3.236238468161876
2025-09-26 09:00:00,3.379013694698429
2025-09-26 10:00:00,3.1410549838041737
2025-09-26 11:00:00,3.1886467259830247
2025-09-26 12:00:00,3.4741971790561315
2025-09-26 13:00:00,3.2838302103407266
2025-09-26 14:00:00,3.2838302103407266
2025-09-26 15:00:00,1.998853171511747
2025-09-26 16:00:00,4.426032022633154
2025-09-26 17:00:00,6.662843905039157
2025-09-26 18:00:00,6.853210873754561
2025-09-26 19:00:00,6.7104356472180084
2025-09-26 20:00:00,6.8056191315757095
2025-09-26 21:00:00,6.758027389396858
2025-09-26 22:00:00,7.043577842469966
2025-09-26 23:00:00,6.8056191315757095
2025-09-27 00:00:00,6.8056191315757095
2025-09-27 01:00:00,6.853210873754561
2025-09-27 02:00:00,6.995986100291114
2025-09-27 03:00:00,6.758027389396858
2025-09-27 04:00:00,6.8056191315757095
2025-09-27 05:00:00,6.758027389396858
2025-09-27 06:00:00,6.758027389396858
2025-09-27 07:00:00,6.662843905039157
2025-09-27 08:00:00,6.567660420681453
2025-09-27 09:00:00,6.615252162860306
2025-09-27 10:00:00,6.8056191315757095
2025-09-27 11:00:00,6.520068678502604
2025-09-27 12:00:00,5.56823383492558
2025-09-27 13:00:00,1.4277522653655335
2025-09-27 14:00:00,1.3325687810078313
2025-09-27 15:00:00,1.5705274919020868
2025-09-27 16:00:00,1.4277522653655335
2025-09-27 17:00:00,1.4277522653655335
2025-09-27 18:00:00,1.4753440075443847
2025-09-27 19:00:00,1.5229357497232356
2025-09-27 20:00:00,1.7608944606174914
2025-09-27 21:00:00,1.5705274919020868
2025-09-27 22:00:00,1.5705274919020868
2025-09-27 23:00:00,1.5229357497232356
2025-09-28 00:00:00,1.6657109762597893
2025-09-28 01:00:00,1.618119234080938
2025-09-28 02:00:00,1.5705274919020868
2025-09-28 03:00:00,1.5705274919020868
2025-09-28 04:00:00,1.5229357497232356
2025-09-28 05:00:00,1.7133027184386402
2025-09-28 06:00:00,1.4753440075443847
2025-09-28 07:00:00,1.3801605231866825
2025-09-28 08:00:00,1.5229357497232356
2025-09-28 09:00:00,1.4277522653655335
2025-09-28 10:00:00,1.618119234080938
2025-09-28 11:00:00,1.4277522653655335
2025-09-28 12:00:00,1.3801605231866825
2025-09-28 13:00:00,1.4277522653655335
2025-09-28 14:00:00,1.618119234080938
2025-09-28 15:00:00,1.3801605231866825
2025-09-28 16:00:00,1.3325687810078313
2025-09-28 17:00:00,1.4277522653655335
2025-09-28 18:00:00,1.6657109762597893
2025-09-28 19:00:00,1.618119234080938
2025-09-28 20:00:00,1.5705274919020868
2025-09-28 21:00:00,1.5705274919020868
2025-09-28 22:00:00,1.618119234080938
2025-09-28 23:00:00,1.618119234080938
2025-09-29 00:00:00,1.5229357497232356
2025-09-29 01:00:00,1.7608944606174914
2025-09-29 02:00:00,1.618119234080938
2025-09-29 03:00:00,1.5229357497232356
2025-09-29 04:00:00,1.5705274919020868
2025-09-29 05:00:00,1.8560779449751934
2025-09-29 06:00:00,3.3314219525195785
2025-09-29 07:00:00,5.330275124031325
2025-09-29 08:00:00,3.6169724055926844
2025-09-29 09:00:00,3.4266054368772805
2025-09-29 10:00:00,3.379013694698429
2025-09-29 11:00:00,3.4266054368772805
2025-09-29 12:00:00,3.236238468161876
2025-09-29 13:00:00,3.2838302103407266
2025-09-29 14:00:00,3.4266054368772805
2025-09-29 15:00:00,2.9030962729099183
2025-09-29 16:00:00,1.998853171511747
2025-09-29 17:00:00,1.4277522653655335
2025-09-29 18:00:00,1.7133027184386402
2025-09-29 19:00:00,1.5229357497232356
2025-09-29 20:00:00,1.5229357497232356
2025-09-29 21:00:00,1.5705274919020868
2025-09-29 22:00:00,1.7608944606174914
2025-09-29 23:00:00,1.6657109762597893
2025-09-30 00:00:00,1.5705274919020868
2025-09-30 01:00:00,1.7133027184386402
2025-09-30 02:00:00,1.5229357497232356
2025-09-30 03:00:00,1.5229357497232356
2025-09-30 04:00:00,1.618119234080938
2025-09-30 05:00:00,1.7133027184386402
2025-09-30 06:00:00,1.7133027184386402
2025-09-30 07:00:00,1.7608944606174914
2025-09-30 08:00:00,1.7608944606174914
2025-09-30 09:00:00,1.9036696871540446
2025-09-30 10:00:00,1.998853171511747
2025-09-30 11:00:00,2.427178851121407
2025-09-30 12:00:00,2.2368118824060024
2025-09-30 13:00:00,2.1892201402271514
2025-09-30 14:00:00,2.046444913690598
2025-09-30 15:00:00,2.0940366558694494
2025-09-30 16:00:00,1.8560779449751934
2025-09-30 17:00:00,1.4277522653655335
2025-09-30 18:00:00,1.2849770388289803
2025-09-30 19:00:00,1.3325687810078313
2025-09-30 20:00:00,1.3325687810078313
2025-09-30 21:00:00,1.5705274919020868
2025-09-30 22:00:00,1.3325687810078313
2025-09-30 23:00:00,1.2849770388289803
2025-10-01 00:00:00,10.645169310098753
2025-10-01 01:00:00,12.165907782970004
2025-10-01 02:00:00,11.405538546534379
2025-10-01 03:00:00,11.025353928316566
2025-10-01 04:00:00,10.645169310098753
2025-10-01 05:00:00,10.645169310098753
2025-10-01 06:00:00,11.405538546534379
2025-10-01 07:00:00,14.066830874059068
2025-10-01 08:00:00,15.96775396514813
2025-10-01 09:00:00,16.347938583365945
2025-10-01 10:00:00,16.347938583365945
2025-10-01 11:00:00,17.48849243801938
2025-10-01 12:00:00,14.44701549227688
2025-10-01 13:00:00,14.827200110494692
2025-10-01 14:00:00,15.587569346930318
2025-10-01 15:00:00,15.96775396514813
2025-10-01 16:00:00,10.264984691880942
2025-10-01 17:00:00,9.124430837227504
2025-10-01 18:00:00,10.645169310098753
2025-10-01 19:00:00,11.405538546534379
2025-10-01 20:00:00,10.264984691880942
2025-10-01 21:00:00,11.025353928316566
2025-10-01 22:00:00,11.785723164752193
2025-10-01 23:00:00,11.405538546534379
2025-10-02 00:00:00,10.645169310098753
2025-10-02 01:00:00,11.025353928316566
2025-10-02 02:00:00,11.785723164752193
2025-10-02 03:00:00,11.025353928316566
2025-10-02 04:00:00,9.88480007366313
2025-10-02 05:00:00,10.264984691880942
2025-10-02 06:00:00,11.025353928316566
2025-10-02 07:00:00,9.504615455445316
2025-10-02 08:00:00,16.347938583365945
2025-10-02 09:00:00,16.347938583365945
2025-10-02 10:00:00,16.728123201583756
2025-10-02 11:00:00,16.728123201583756
2025-10-02 12:00:00,16.728123201583756
2025-10-02 13:00:00,12.546092401187817
2025-10-02 14:00:00,11.025353928316566
2025-10-02 15:00:00,9.504615455445316
2025-10-02 16:00:00,10.645169310098753
2025-10-02 17:00:00,9.88480007366313
2025-10-02 18:00:00,11.405538546534379
2025-10-02 19:00:00,11.025353928316566
2025-10-02 20:00:00,11.405538546534379
2025-10-02 21:00:00,11.405538546534379
2025-10-02 22:00:00,11.405538546534379
2025-10-02 23:00:00,11.405538546534379
2025-10-03 00:00:00,11.405538546534379
2025-10-03 01:00:00,10.645169310098753
2025-10-03 02:00:00,12.165907782970004
2025-10-03 03:00:00,11.405538546534379
2025-10-03 04:00:00,10.645169310098753
2025-10-03 05:00:00,12.165907782970004
2025-10-03 06:00:00,17.10830781980157
2025-10-03 07:00:00,23.951630947722194
2025-10-03 08:00:00,28.89403098455376
2025-10-03 09:00:00,29.654400220989384
2025-10-03 10:00:00,28.513846366335947
2025-10-03 11:00:00,28.133661748118136
2025-10-03 12:00:00,28.133661748118136
2025-10-03 13:00:00,28.133661748118136
2025-10-03 14:00:00,26.23273865702907
2025-10-03 15:00:00,20.910154001979695
2025-10-03 16:00:00,18.629046292672818
2025-10-03 17:00:00,19.76960014732626
2025-10-03 18:00:00,19.76960014732626
2025-10-03 19:00:00,19.76960014732626
2025-10-03 20:00:00,20.910154001979695
2025-10-03 21:00:00,19.76960014732626
2025-10-03 22:00:00,19.389415529108444
2025-10-03 23:00:00,21.67052323841532
2025-10-04 00:00:00,19.389415529108444
2025-10-04 01:00:00,20.14978476554407
2025-10-04 02:00:00,19.76960014732626
2025-10-04 03:00:00,20.910154001979695
2025-10-04 04:00:00,20.14978476554407
2025-10-04 05:00:00,19.389415529108444
2025-10-04 06:00:00,17.868677056237193
2025-10-04 07:00:00,18.629046292672818
2025-10-04 08:00:00,19.76960014732626
2025-10-04 09:00:00,19.389415529108444
2025-10-04 10:00:00,18.248861674455007
2025-10-04 11:00:00,11.405538546534379
2025-10-04 12:00:00,11.025353928316566
2025-10-04 13:00:00,9.88480007366313
2025-10-04 14:00:00,9.88480007366313
2025-10-04 15:00:00,9.124430837227504
2025-10-04 16:00:00,10.264984691880942
2025-10-04 17:00:00,11.405538546534379
2025-10-04 18:00:00,11.025353928316566
2025-10-04 19:00:00,10.645169310098753
2025-10-04 20:00:00,10.645169310098753
2025-10-04 21:00:00,10.645169310098753
2025-10-04 22:00:00,11.025353928316566
2025-10-04 23:00:00,11.785723164752193
2025-10-05 00:00:00,10.645169310098753
2025-10-05 01:00:00,11.025353928316566
2025-10-05 02:00:00,10.264984691880942
2025-10-05 03:00:00,12.165907782970004
2025-10-05 04:00:00,11.025353928316566
2025-10-05 05:00:00,10.645169310098753
2025-10-05 06:00:00,9.88480007366313
2025-10-05 07:00:00,20.910154001979695
2025-10-05 08:00:00,14.44701549227688
2025-10-05 09:00:00,9.88480007366313
2025-10-05 10:00:00,9.124430837227504
2025-10-05 11:00:00,10.264984691880942
2025-10-05 12:00:00,11.025353928316566
2025-10-05 13:00:00,9.504615455445316
2025-10-05 14:00:00,9.504615455445316
2025-10-05 15:00:00,10.645169310098753
2025-10-05 16:00:00,11.025353928316566
2025-10-05 17:00:00,12.165907782970004
2025-10-05 18:00:00,11.025353928316566
2025-10-05 19:00:00,10.645169310098753
2025-10-05 20:00:00,10.645169310098753
2025-10-05 21:00:00,11.025353928316566
2025-10-05 22:00:00,12.92627701940563
2025-10-05 23:00:00,11.025353928316566
2025-10-06 00:00:00,10.264984691880942
2025-10-06 01:00:00,11.025353928316566
2025-10-06 02:00:00,10.264984691880942
2025-10-06 03:00:00,12.165907782970004
2025-10-06 04:00:00,10.645169310098753
2025-10-06 05:00:00,10.645169310098753
2025-10-06 06:00:00,9.88480007366313
2025-10-06 07:00:00,11.405538546534379
2025-10-06 08:00:00,17.48849243801938
2025-10-06 09:00:00,15.96775396514813
2025-10-06 10:00:00,17.10830781980157
2025-10-06 11:00:00,15.207384728712505
2025-10-06 12:00:00,15.587569346930318
2025-10-06 13:00:00,18.629046292672818
2025-10-06 14:00:00,18.248861674455007
2025-10-06 15:00:00,10.645169310098753
2025-10-06 16:00:00,11.405538546534379
2025-10-06 17:00:00,10.264984691880942
2025-10-06 18:00:00,12.546092401187817
2025-10-06 19:00:00,11.025353928316566
2025-10-06 20:00:00,11.025353928316566
2025-10-06 21:00:00,11.405538546534379
2025-10-06 22:00:00,12.92627701940563
2025-10-06 23:00:00,11.025353928316566
2025-10-07 00:00:00,11.025353928316566
2025-10-07 01:00:00,11.025353928316566
2025-10-07 02:00:00,12.92627701940563
2025-10-07 03:00:00,11.025353928316566
2025-10-07 04:00:00,11.025353928316566
2025-10-07 05:00:00,11.025353928316566
2025-10-07 06:00:00,14.827200110494692
2025-10-07 07:00:00,11.785723164752193
2025-10-07 08:00:00,9.504615455445316
2025-10-07 09:00:00,9.88480007366313
2025-10-07 10:00:00,11.025353928316566
2025-10-07 11:00:00,14.066830874059068
2025-10-07 12:00:00,16.347938583365945
2025-10-07 13:00:00,15.587569346930318
2025-10-07 14:00:00,15.587569346930318
2025-10-07 15:00:00,14.827200110494692
2025-10-07 16:00:00,15.207384728712505
2025-10-07 17:00:00,16.347938583365945
2025-10-07 18:00:00,15.96775396514813
2025-10-07 19:00:00,16.347938583365945
2025-10-07 20:00:00,18.629046292672818
2025-10-07 21:00:00,17.48849243801938
2025-10-07 22:00:00,17.10830781980157
2025-10-07 23:00:00,17.10830781980157
2025-10-08 00:00:00,18.629046292672818
2025-10-08 01:00:00,17.48849243801938
2025-10-08 02:00:00,17.10830781980157
2025-10-08 03:00:00,17.48849243801938
2025-10-08 04:00:00,17.868677056237193
2025-10-08 05:00:00,17.48849243801938
2025-10-08 06:00:00,15.96775396514813
2025-10-08 07:00:00,14.066830874059068
2025-10-08 08:00:00,11.025353928316566
2025-10-08 09:00:00,9.88480007366313
2025-10-08 10:00:00,9.124430837227504
2025-10-08 11:00:00,9.504615455445316
2025-10-08 12:00:00,9.504615455445316
2025-10-08 13:00:00,10.645169310098753
2025-10-08 14:00:00,9.88480007366313
2025-10-08 15:00:00,8.74424621900969
2025-10-08 16:00:00,9.88480007366313
2025-10-08 17:00:00,11.025353928316566
2025-10-08 18:00:00,10.645169310098753
2025-10-08 19:00:00,10.264984691880942
2025-10-08 20:00:00,11.405538546534379
2025-10-08 21:00:00,11.025353928316566
2025-10-08 22:00:00,14.066830874059068
2025-10-08 23:00:00,14.44701549227688
2025-10-09 00:00:00,13.686646255841255
2025-10-09 01:00:00,14.066830874059068
2025-10-09 02:00:00,15.207384728712505
2025-10-09 03:00:00,13.686646255841255
2025-10-09 04:00:00,13.686646255841255
2025-10-09 05:00:00,14.066830874059068
2025-10-09 06:00:00,14.44701549227688
2025-10-09 07:00:00,13.306461637623443
2025-10-09 08:00:00,15.207384728712505
2025-10-09 09:00:00,15.207384728712505
2025-10-09 10:00:00,16.728123201583756
2025-10-09 11:00:00,12.92627701940563
2025-10-09 12:00:00,11.785723164752193
2025-10-09 13:00:00,11.405538546534379
2025-10-09 14:00:00,13.306461637623443
2025-10-09 15:00:00,11.025353928316566
2025-10-09 16:00:00,12.165907782970004
2025-10-09 17:00:00,11.405538546534379
2025-10-09 18:00:00,12.165907782970004
2025-10-09 19:00:00,14.066830874059068
2025-10-09 20:00:00,14.827200110494692
2025-10-09 21:00:00,15.96775396514813
2025-10-09 22:00:00,15.96775396514813
2025-10-09 23:00:00,17.868677056237193
2025-10-10 00:00:00,15.587569346930318
2025-10-10 01:00:00,15.96775396514813
2025-10-10 02:00:00,15.587569346930318
2025-10-10 03:00:00,18.248861674455007
2025-10-10 04:00:00,15.207384728712505
2025-10-10 05:00:00,15.96775396514813
2025-10-10 06:00:00,14.44701549227688
2025-10-10 07:00:00,14.44701549227688
2025-10-10 08:00:00,16.347938583365945
2025-10-10 09:00:00,12.92627701940563
2025-10-10 10:00:00,11.405538546534379
2025-10-10 11:00:00,15.96775396514813
2025-10-10 12:00:00,19.009230910890633
2025-10-10 13:00:00,16.347938583365945
2025-10-10 14:00:00,16.728123201583756
2025-10-10 15:00:00,15.96775396514813
2025-10-10 16:00:00,18.248861674455007
2025-10-10 17:00:00,11.785723164752193
2025-10-10 18:00:00,10.645169310098753
2025-10-10 19:00:00,10.264984691880942
2025-10-10 20:00:00,12.165907782970004
2025-10-10 21:00:00,11.025353928316566
2025-10-10 22:00:00,10.645169310098753
2025-10-10 23:00:00,11.025353928316566
2025-10-11 00:00:00,12.165907782970004
2025-10-11 01:00:00,11.025353928316566
2025-10-11 02:00:00,10.264984691880942
2025-10-11 03:00:00,11.025353928316566
2025-10-11 04:00:00,10.264984691880942
2025-10-11 05:00:00,11.785723164752193
2025-10-11 06:00:00,10.264984691880942
2025-10-11 07:00:00,9.504615455445316
2025-10-11 08:00:00,36.1175387306922
2025-10-11 09:00:00,52.46547731405814
2025-10-11 10:00:00,51.3249234594047
2025-10-11 11:00:00,50.564554222969086
2025-10-11 12:00:00,50.94473884118689
2025-10-11 13:00:00,14.066830874059068
2025-10-11 14:00:00,10.264984691880942
2025-10-11 15:00:00,9.504615455445316
2025-10-11 16:00:00,9.124430837227504
2025-10-11 17:00:00,10.264984691880942
2025-10-11 18:00:00,11.785723164752193
2025-10-11 19:00:00,11.025353928316566
2025-10-11 20:00:00,10.264984691880942
2025-10-11 21:00:00,10.645169310098753
2025-10-11 22:00:00,12.165907782970004
2025-10-11 23:00:00,10.645169310098753
2025-10-12 00:00:00,11.025353928316566
2025-10-12 01:00:00,10.645169310098753
2025-10-12 02:00:00,10.645169310098753
2025-10-12 03:00:00,12.165907782970004
2025-10-12 04:00:00,11.025353928316566
2025-10-12 05:00:00,9.88480007366313
2025-10-12 06:00:00,10.645169310098753
2025-10-12 07:00:00,11.025353928316566
2025-10-12 08:00:00,9.504615455445316
2025-10-12 09:00:00,18.248861674455007
2025-10-12 10:00:00,101.12910844593817
2025-10-12 11:00:00,61.58990815128565
2025-10-12 12:00:00,9.504615455445316
2025-10-12 13:00:00,29.654400220989384
2025-10-12 14:00:00,101.50929306415597
2025-10-12 15:00:00,103.41021615524504
2025-10-12 16:00:00,101.12910844593817
2025-10-12 17:00:00,101.50929306415597
2025-10-12 18:00:00,19.76960014732626
2025-10-12 19:00:00,11.785723164752193
2025-10-12 20:00:00,10.645169310098753
2025-10-12 21:00:00,10.264984691880942
2025-10-12 22:00:00,11.025353928316566
2025-10-12 23:00:00,12.165907782970004
2025-10-13 00:00:00,10.645169310098753
2025-10-13 01:00:00,10.264984691880942
2025-10-13 02:00:00,11.025353928316566
2025-10-13 03:00:00,10.645169310098753
2025-10-13 04:00:00,12.92627701940563
2025-10-13 05:00:00,10.264984691880942
2025-10-13 06:00:00,10.645169310098753
2025-10-13 07:00:00,9.504615455445316
2025-10-13 08:00:00,11.025353928316566
2025-10-13 09:00:00,9.124430837227504
2025-10-13 10:00:00,9.504615455445316
2025-10-13 11:00:00,9.504615455445316
2025-10-13 12:00:00,11.025353928316566
2025-10-13 13:00:00,9.504615455445316
2025-10-13 14:00:00,9.504615455445316
2025-10-13 15:00:00,9.504615455445316
2025-10-13 16:00:00,9.124430837227504
2025-10-13 17:00:00,12.165907782970004
2025-10-13 18:00:00,10.645169310098753
2025-10-13 19:00:00,10.645169310098753
2025-10-13 20:00:00,10.645169310098753
2025-10-13 21:00:00,12.165907782970004
2025-10-13 22:00:00,10.645169310098753
2025-10-13 23:00:00,11.025353928316566
2025-10-14 00:00:00,10.645169310098753
2025-10-14 01:00:00,12.165907782970004
2025-10-14 02:00:00,11.025353928316566
2025-10-14 03:00:00,10.264984691880942
2025-10-14 04:00:00,11.025353928316566
2025-10-14 05:00:00,11.785723164752193
2025-10-14 06:00:00,9.88480007366313
2025-10-14 07:00:00,9.504615455445316
2025-10-14 08:00:00,9.88480007366313
2025-10-14 09:00:00,11.405538546534379
2025-10-14 10:00:00,9.88480007366313
2025-10-14 11:00:00,9.504615455445316
2025-10-14 12:00:00,9.504615455445316
2025-10-14 13:00:00,11.405538546534379
2025-10-14 14:00:00,9.124430837227504
2025-10-14 15:00:00,9.88480007366313
2025-10-14 16:00:00,9.88480007366313
2025-10-14 17:00:00,9.504615455445316
2025-10-14 18:00:00,12.546092401187817
2025-10-14 19:00:00,10.645169310098753
2025-10-14 20:00:00,11.025353928316566
2025-10-14 21:00:00,10.645169310098753
2025-10-14 22:00:00,12.165907782970004
2025-10-14 23:00:00,10.645169310098753
2025-10-15 00:00:00,11.025353928316566
2025-10-15 01:00:00,10.645169310098753
2025-10-15 02:00:00,10.264984691880942
2025-10-15 03:00:00,12.546092401187817
2025-10-15 04:00:00,10.645169310098753
2025-10-15 05:00:00,11.025353928316566
2025-10-15 06:00:00,10.264984691880942
2025-10-15 07:00:00,11.025353928316566
2025-10-15 08:00:00,10.264984691880942
2025-10-15 09:00:00,10.645169310098753
2025-10-15 10:00:00,11.405538546534379
2025-10-15 11:00:00,11.785723164752193
2025-10-15 12:00:00,9.504615455445316
2025-10-15 13:00:00,10.264984691880942
2025-10-15 14:00:00,17.48849243801938
2025-10-15 15:00:00,10.264984691880942
2025-10-15 16:00:00,11.025353928316566
2025-10-15 17:00:00,11.025353928316566
2025-10-15 18:00:00,10.645169310098753
2025-10-15 19:00:00,11.025353928316566
2025-10-15 20:00:00,12.165907782970004
2025-10-15 21:00:00,11.025353928316566
2025-10-15 22:00:00,12.165907782970004
2025-10-15 23:00:00,15.587569346930318
2025-10-16 00:00:00,14.44701549227688
2025-10-16 01:00:00,14.066830874059068
2025-10-16 02:00:00,13.686646255841255
2025-10-16 03:00:00,14.44701549227688
2025-10-16 04:00:00,15.207384728712505
2025-10-16 05:00:00,14.44701549227688
2025-10-16 06:00:00,13.306461637623443
2025-10-16 07:00:00,12.546092401187817
2025-10-16 08:00:00,14.827200110494692
2025-10-16 09:00:00,12.92627701940563
2025-10-16 10:00:00,10.645169310098753
2025-10-16 11:00:00,9.504615455445316
2025-10-16 12:00:00,11.785723164752193
2025-10-16 13:00:00,9.504615455445316
2025-10-16 14:00:00,10.264984691880942
2025-10-16 15:00:00,9.504615455445316
2025-10-16 16:00:00,11.785723164752193
2025-10-16 17:00:00,9.88480007366313
2025-10-16 18:00:00,11.025353928316566
2025-10-16 19:00:00,10.645169310098753
2025-10-16 20:00:00,12.546092401187817
2025-10-16 21:00:00,10.645169310098753
2025-10-16 22:00:00,11.025353928316566
2025-10-16 23:00:00,10.645169310098753
2025-10-17 00:00:00,12.92627701940563
2025-10-17 01:00:00,14.44701549227688
2025-10-17 02:00:00,14.066830874059068
2025-10-17 03:00:00,14.066830874059068
2025-10-17 04:00:00,15.587569346930318
2025-10-17 05:00:00,14.066830874059068
2025-10-17 06:00:00,13.686646255841255
2025-10-17 07:00:00,14.44701549227688
2025-10-17 08:00:00,13.686646255841255
2025-10-17 09:00:00,12.546092401187817
2025-10-17 10:00:00,9.504615455445316
2025-10-17 11:00:00,11.785723164752193
2025-10-17 12:00:00,9.88480007366313
2025-10-17 13:00:00,9.88480007366313
2025-10-17 14:00:00,85.54153909900785
2025-10-17 15:00:00,103.79040077346285
2025-10-17 16:00:00,101.88947768237378
2025-10-17 17:00:00,60.82953891485002
2025-10-17 18:00:00,11.405538546534379
2025-10-17 19:00:00,11.785723164752193
2025-10-17 20:00:00,11.405538546534379
2025-10-17 21:00:00,10.645169310098753
2025-10-17 22:00:00,11.025353928316566
2025-10-17 23:00:00,20.529969383761884
2025-10-18 00:00:00,52.46547731405814
2025-10-18 01:00:00,52.08529269584034
2025-10-18 02:00:00,52.84566193227595
2025-10-18 03:00:00,53.60603116871159
2025-10-18 04:00:00,52.46547731405814
2025-10-18 05:00:00,52.08529269584034
2025-10-18 06:00:00,52.46547731405814
2025-10-18 07:00:00,52.84566193227595
2025-10-18 08:00:00,51.70510807762252
2025-10-18 09:00:00,15.587569346930318
2025-10-18 10:00:00,10.264984691880942
2025-10-18 11:00:00,11.025353928316566
2025-10-18 12:00:00,10.264984691880942
2025-10-18 13:00:00,9.504615455445316
2025-10-18 14:00:00,9.88480007366313
2025-10-18 15:00:00,11.025353928316566
2025-10-18 16:00:00,9.504615455445316
2025-10-18 17:00:00,10.264984691880942
2025-10-18 18:00:00,12.165907782970004
2025-10-18 19:00:00,10.264984691880942
2025-10-18 20:00:00,11.405538546534379
2025-10-18 21:00:00,10.645169310098753
2025-10-18 22:00:00,11.785723164752193
2025-10-18 23:00:00,11.405538546534379
2025-10-19 00:00:00,11.025353928316566
2025-10-19 01:00:00,11.785723164752193
2025-10-19 02:00:00,10.645169310098753
2025-10-19 03:00:00,11.025353928316566
2025-10-19 04:00:00,11.405538546534379
2025-10-19 05:00:00,11.025353928316566
2025-10-19 06:00:00,10.264984691880942
2025-10-19 07:00:00,11.025353928316566
2025-10-19 08:00:00,9.124430837227504
2025-10-19 09:00:00,54.36640040514721
2025-10-19 10:00:00,10.645169310098753
2025-10-19 11:00:00,9.504615455445316
2025-10-19 12:00:00,9.88480007366313
2025-10-19 13:00:00,11.025353928316566
2025-10-19 14:00:00,9.88480007366313
2025-10-19 15:00:00,9.88480007366313
2025-10-19 16:00:00,10.645169310098753
2025-10-19 17:00:00,10.264984691880942
2025-10-19 18:00:00,11.405538546534379
2025-10-19 19:00:00,11.785723164752193
2025-10-19 20:00:00,11.025353928316566
2025-10-19 21:00:00,10.645169310098753
2025-10-19 22:00:00,36.877907967127825
2025-10-19 23:00:00,52.08529269584034
2025-10-20 00:00:00,52.46547731405814
2025-10-20 01:00:00,53.22584655049377
2025-10-20 02:00:00,52.08529269584034
2025-10-20 03:00:00,51.70510807762252
2025-10-20 04:00:00,53.60603116871159
2025-10-20 05:00:00,52.08529269584034
2025-10-20 06:00:00,52.08529269584034
2025-10-20 07:00:00,52.08529269584034
2025-10-20 08:00:00,51.3249234594047
2025-10-20 09:00:00,50.94473884118689
2025-10-20 10:00:00,26.993107893464696
2025-10-20 11:00:00,9.504615455445316
2025-10-20 12:00:00,10.264984691880942
2025-10-20 13:00:00,10.264984691880942
2025-10-20 14:00:00,9.504615455445316
2025-10-20 15:00:00,9.504615455445316
2025-10-20 16:00:00,11.025353928316566
2025-10-20 17:00:00,10.264984691880942
2025-10-20 18:00:00,11.025353928316566
2025-10-20 19:00:00,10.645169310098753
2025-10-20 20:00:00,11.785723164752193
2025-10-20 21:00:00,11.785723164752193
2025-10-20 22:00:00,14.44701549227688
2025-10-20 23:00:00,14.44701549227688
2025-10-21 00:00:00,14.827200110494692
2025-10-21 01:00:00,13.306461637623443
2025-10-21 02:00:00,15.587569346930318
2025-10-21 03:00:00,13.686646255841255
2025-10-21 04:00:00,14.44701549227688
2025-10-21 05:00:00,15.587569346930318
2025-10-21 06:00:00,13.686646255841255
2025-10-21 07:00:00,17.10830781980157
2025-10-21 08:00:00,26.612923275246885
2025-10-21 09:00:00,20.910154001979695
2025-10-21 10:00:00,19.009230910890633
2025-10-21 11:00:00,18.248861674455007
2025-10-21 12:00:00,17.48849243801938
2025-10-21 13:00:00,19.389415529108444
2025-10-21 14:00:00,17.868677056237193
2025-10-21 15:00:00,17.868677056237193
2025-10-21 16:00:00,19.009230910890633
2025-10-21 17:00:00,18.629046292672818
2025-10-21 18:00:00,19.009230910890633
2025-10-21 19:00:00,20.14978476554407
2025-10-21 20:00:00,19.009230910890633
2025-10-21 21:00:00,19.009230910890633
2025-10-21 22:00:00,20.14978476554407
2025-10-21 23:00:00,19.009230910890633
2025-10-22 00:00:00,17.868677056237193
2025-10-22 01:00:00,19.389415529108444
2025-10-22 02:00:00,19.389415529108444
2025-10-22 03:00:00,19.389415529108444
2025-10-22 04:00:00,20.529969383761884
2025-10-22 05:00:00,71.47470822494877
2025-10-22 06:00:00,65.01156971524595
2025-10-22 07:00:00,20.910154001979695
2025-10-22 08:00:00,22.811077093068757
2025-10-22 09:00:00,20.910154001979695
2025-10-22 10:00:00,21.290338620197506
2025-10-22 11:00:00,23.571446329504386
2025-10-22 12:00:00,21.67052323841532
2025-10-22 13:00:00,21.67052323841532
2025-10-22 14:00:00,22.430892474850946
2025-10-22 15:00:00,21.67052323841532
2025-10-22 16:00:00,20.910154001979695
2025-10-22 17:00:00,22.05070785663313
2025-10-22 18:00:00,23.571446329504386
2025-10-22 19:00:00,22.811077093068757
2025-10-22 20:00:00,22.05070785663313
2025-10-22 21:00:00,23.951630947722194
2025-10-22 22:00:00,68.43323127920628
2025-10-22 23:00:00,115.19593931999722
2025-10-23 00:00:00,115.57612393821503
2025-10-23 01:00:00,114.81575470177943
2025-10-23 02:00:00,114.4355700835616
2025-10-23 03:00:00,116.33649317465067
2025-10-23 04:00:00,114.81575470177943
2025-10-23 05:00:00,113.29501622890815
2025-10-23 06:00:00,113.29501622890815
2025-10-23 07:00:00,106.45169310098754
2025-10-23 08:00:00,103.41021615524504
2025-10-23 09:00:00,40.29956953108814
2025-10-23 10:00:00,15.587569346930318
2025-10-23 11:00:00,14.44701549227688
2025-10-23 12:00:00,12.165907782970004
2025-10-23 13:00:00,11.785723164752193
2025-10-23 14:00:00,9.88480007366313
2025-10-23 15:00:00,9.88480007366313
2025-10-23 16:00:00,11.785723164752193
2025-10-23 17:00:00,10.645169310098753
2025-10-23 18:00:00,11.405538546534379
2025-10-23 19:00:00,12.165907782970004
2025-10-23 20:00:00,11.785723164752193
2025-10-23 21:00:00,14.44701549227688
2025-10-23 22:00:00,14.44701549227688
2025-10-23 23:00:00,15.96775396514813
2025-10-24 00:00:00,14.44701549227688
2025-10-24 01:00:00,14.827200110494692
2025-10-24 02:00:00,15.587569346930318
2025-10-24 03:00:00,14.827200110494692
2025-10-24 04:00:00,14.44701549227688
2025-10-24 05:00:00,15.96775396514813
2025-10-24 06:00:00,63.11064662415691
2025-10-24 07:00:00,108.73280081029442
2025-10-24 08:00:00,108.35261619207661
2025-10-24 09:00:00,106.45169310098754
2025-10-24 10:00:00,109.11298542851222
2025-10-24 11:00:00,111.77427775603692
2025-10-24 12:00:00,106.45169310098754
2025-10-24 13:00:00,105.6913238645519
2025-10-24 14:00:00,34.59680025782095
2025-10-24 15:00:00,14.44701549227688
2025-10-24 16:00:00,13.306461637623443
2025-10-24 17:00:00,14.066830874059068
2025-10-24 18:00:00,15.207384728712505
2025-10-24 19:00:00,14.44701549227688
2025-10-24 20:00:00,14.066830874059068
2025-10-24 21:00:00,14.066830874059068
2025-10-24 22:00:00,15.96775396514813
2025-10-24 23:00:00,13.686646255841255
2025-10-25 00:00:00,14.066830874059068
2025-10-25 01:00:00,15.587569346930318
2025-10-25 02:00:00,14.827200110494692
2025-10-25 03:00:00,13.686646255841255
2025-10-25 04:00:00,14.827200110494692
2025-10-25 05:00:00,15.587569346930318
2025-10-25 06:00:00,14.066830874059068
2025-10-25 07:00:00,13.686646255841255
2025-10-25 08:00:00,14.44701549227688
2025-10-25 09:00:00,13.686646255841255
2025-10-25 10:00:00,13.306461637623443
2025-10-25 11:00:00,15.207384728712505
2025-10-25 12:00:00,10.645169310098753
2025-10-25 13:00:00,9.88480007366313
2025-10-25 14:00:00,9.88480007366313
2025-10-25 15:00:00,11.405538546534379
2025-10-25 16:00:00,9.88480007366313
2025-10-25 17:00:00,10.264984691880942
2025-10-25 18:00:00,12.546092401187817
2025-10-25 19:00:00,11.785723164752193
2025-10-25 20:00:00,14.44701549227688
2025-10-25 21:00:00,14.066830874059068
2025-10-25 22:00:00,15.587569346930318
2025-10-25 23:00:00,14.44701549227688
2025-10-26 00:00:00,14.066830874059068
2025-10-26 01:00:00,15.587569346930318
2025-10-26 02:00:00,14.44701549227688
2025-10-26 03:00:00,14.44701549227688
2025-10-26 04:00:00,15.207384728712505
2025-10-26 05:00:00,14.827200110494692
2025-10-26 06:00:00,14.44701549227688
2025-10-26 07:00:00,12.92627701940563
2025-10-26 08:00:00,14.827200110494692
2025-10-26 09:00:00,13.686646255841255
2025-10-26 10:00:00,60.82953891485002
2025-10-26 11:00:00,75.6567390253447
2025-10-26 12:00:00,73.37563131603784
2025-10-26 13:00:00,74.13600055247346
2025-10-26 14:00:00,75.27655440712691
2025-10-26 15:00:00,74.13600055247346
2025-10-26 16:00:00,62.73046200593909
2025-10-26 17:00:00,13.306461637623443
2025-10-26 18:00:00,15.207384728712505
2025-10-26 19:00:00,14.44701549227688
2025-10-26 20:00:00,14.44701549227688
2025-10-26 21:00:00,13.686646255841255
2025-10-26 22:00:00,16.347938583365945
2025-10-26 23:00:00,14.066830874059068
2025-10-27 00:00:00,14.827200110494692
2025-10-27 01:00:00,15.587569346930318
2025-10-27 02:00:00,14.827200110494692
2025-10-27 03:00:00,14.066830874059068
2025-10-27 04:00:00,14.44701549227688
2025-10-27 05:00:00,16.347938583365945
2025-10-27 06:00:00,13.686646255841255
2025-10-27 07:00:00,13.306461637623443
2025-10-27 08:00:00,14.827200110494692
2025-10-27 09:00:00,13.306461637623443
2025-10-27 10:00:00,40.67975414930595
2025-10-27 11:00:00,20.14978476554407
2025-10-27 12:00:00,15.207384728712505
2025-10-27 13:00:00,28.89403098455376
2025-10-27 14:00:00,55.126769641582825
2025-10-27 15:00:00,57.40787735088971
2025-10-27 16:00:00,49.80418498653346
2025-10-27 17:00:00,16.347938583365945
2025-10-27 18:00:00,15.96775396514813
2025-10-27 19:00:00,17.868677056237193
2025-10-27 20:00:00,15.96775396514813
2025-10-27 21:00:00,16.347938583365945
2025-10-27 22:00:00,17.48849243801938
2025-10-27 23:00:00,16.347938583365945
2025-10-28 00:00:00,15.96775396514813
2025-10-28 01:00:00,16.347938583365945
2025-10-28 02:00:00,17.868677056237193
2025-10-28 03:00:00,15.96775396514813
2025-10-28 04:00:00,16.347938583365945
2025-10-28 05:00:00,17.48849243801938
2025-10-28 06:00:00,15.96775396514813
2025-10-28 07:00:00,14.827200110494692
2025-10-28 08:00:00,14.827200110494692
2025-10-28 09:00:00,16.347938583365945
2025-10-28 10:00:00,15.207384728712505
2025-10-28 11:00:00,15.587569346930318
2025-10-28 12:00:00,16.347938583365945
2025-10-28 13:00:00,15.207384728712505
2025-10-28 14:00:00,15.207384728712505
2025-10-28 15:00:00,15.96775396514813
2025-10-28 16:00:00,15.207384728712505
2025-10-28 17:00:00,15.96775396514813
2025-10-28 18:00:00,15.96775396514813
2025-10-28 19:00:00,17.48849243801938
2025-10-28 20:00:00,15.96775396514813
2025-10-28 21:00:00,16.347938583365945
2025-10-28 22:00:00,17.10830781980157
2025-10-28 23:00:00,16.728123201583756
2025-10-29 00:00:00,16.347938583365945
2025-10-29 01:00:00,17.48849243801938
2025-10-29 02:00:00,16.347938583365945
2025-10-29 03:00:00,16.347938583365945
2025-10-29 04:00:00,17.868677056237193
2025-10-29 05:00:00,15.96775396514813
2025-10-29 06:00:00,16.347938583365945
2025-10-29 07:00:00,15.207384728712505
2025-10-29 08:00:00,16.347938583365945
2025-10-29 09:00:00,16.728123201583756
2025-10-29 10:00:00,15.96775396514813
2025-10-29 11:00:00,17.48849243801938
2025-10-29 12:00:00,16.347938583365945
2025-10-29 13:00:00,16.728123201583756
2025-10-29 14:00:00,13.306461637623443
2025-10-29 15:00:00,95.04615455445315
2025-10-29 16:00:00,103.03003153702724
2025-10-29 17:00:00,101.88947768237378
2025-10-29 18:00:00,104.55077000989847
2025-10-29 19:00:00,102.6498469188094
2025-10-29 20:00:00,106.83187771920535
2025-10-29 21:00:00,107.97243157385878
2025-10-29 22:00:00,106.45169310098754
2025-10-29 23:00:00,106.45169310098754
2025-10-30 00:00:00,106.45169310098754
2025-10-30 01:00:00,107.59224695564097
2025-10-30 02:00:00,39.91938491287033
2025-10-30 03:00:00,14.44701549227688
2025-10-30 04:00:00,15.587569346930318
2025-10-30 05:00:00,18.629046292672818
2025-10-30 06:00:00,14.44701549227688
2025-10-30 07:00:00,14.44701549227688
2025-10-30 08:00:00,13.686646255841255
2025-10-30 09:00:00,12.92627701940563
2025-10-30 10:00:00,13.306461637623443
2025-10-30 11:00:00,14.827200110494692
2025-10-30 12:00:00,40.29956953108814
2025-10-30 13:00:00,66.53230818811721
2025-10-30 14:00:00,65.39175433346378
2025-10-30 15:00:00,67.29267742455283
2025-10-30 16:00:00,65.01156971524595
2025-10-30 17:00:00,34.21661563960314
2025-10-30 18:00:00,28.133661748118136
2025-10-30 19:00:00,25.85255403881126
2025-10-30 20:00:00,26.612923275246885
2025-10-30 21:00:00,27.753477129900322
2025-10-30 22:00:00,26.612923275246885
2025-10-30 23:00:00,25.85255403881126
2025-10-31 00:00:00,27.753477129900322
2025-10-31 01:00:00,26.23273865702907
2025-10-31 02:00:00,26.23273865702907
2025-10-31 03:00:00,26.612923275246885
2025-10-31 04:00:00,27.37329251168251
2025-10-31 05:00:00,26.23273865702907
2025-10-31 06:00:00,99.60836997306691
2025-10-31 07:00:00,114.4355700835616
2025-10-31 08:00:00,38.018461821781266
2025-10-31 09:00:00,22.05070785663313
2025-10-31 10:00:00,22.05070785663313
2025-10-31 11:00:00,20.910154001979695
2025-10-31 12:00:00,23.19126171128657
2025-10-31 13:00:00,26.993107893464696
2025-10-31 14:00:00,36.497723348910014
2025-10-31 15:00:00,83.64061600791878
2025-10-31 16:00:00,83.26043138970097
2025-10-31 17:00:00,84.02080062613659
2025-10-31 18:00:00,77.9378467346516
2025-10-31 19:00:00,33.45624640316751
2025-10-31 20:00:00,28.133661748118136
2025-10-31 21:00:00,33.0760617849497
2025-10-31 22:00:00,22.430892474850946
2025-10-31 23:00:00,23.951630947722194
2025-11-01 00:00:00,4.51929078922767
2025-11-01 01:00:00,4.055773785204319
2025-11-01 02:00:00,3.4184379046722118
2025-11-01 03:00:00,3.5343171556780493
2025-11-01 04:00:00,4.403411538221832
2025-11-01 05:00:00,4.171653036210157
2025-11-01 06:00:00,3.4763775301751307
2025-11-01 07:00:00,10.429132590525391
2025-11-01 08:00:00,59.61987464250349
2025-11-01 09:00:00,65.06619943977785
2025-11-01 10:00:00,69.35373172699384
2025-11-01 11:00:00,52.31948182913571
2025-11-01 12:00:00,52.14566295262696
2025-11-01 13:00:00,52.26154220363279
2025-11-01 14:00:00,53.13063658617658
2025-11-01 15:00:00,90.03817803153588
2025-11-01 16:00:00,88.35792889195123
2025-11-01 17:00:00,85.80858536982281
2025-11-01 18:00:00,84.47597398325567
2025-11-01 19:00:00,81.75281158461848
2025-11-01 20:00:00,91.71842717112052
2025-11-01 21:00:00,85.34506836579945
2025-11-01 22:00:00,75.3215131537945
2025-11-01 23:00:00,49.13280242647518
2025-11-02 00:00:00,48.55340617144599
2025-11-02 01:00:00,47.39461366138761
2025-11-02 02:00:00,41.48477186008989
2025-11-02 03:00:00,39.51482459299065
2025-11-02 04:00:00,38.24015283192644
2025-11-02 05:00:00,38.41397170843519
2025-11-02 06:00:00,36.9075414453593
2025-11-02 07:00:00,38.18221320642351
2025-11-02 08:00:00,41.195073732575295
2025-11-02 09:00:00,48.03194954191972
2025-11-02 10:00:00,51.9718440761182
2025-11-02 11:00:00,50.117776060024795
2025-11-02 12:00:00,67.15202595788294
2025-11-02 13:00:00,66.16705232433331
2025-11-02 14:00:00,67.73142221291212
2025-11-02 15:00:00,67.26790520888878
2025-11-02 16:00:00,56.20143673783128
2025-11-02 17:00:00,55.50616123179625
2025-11-02 18:00:00,54.057670594223275
2025-11-02 19:00:00,55.679980108305
2025-11-02 20:00:00,85.1712494892907
2025-11-02 21:00:00,110.95438283808959
2025-11-02 22:00:00,107.53594493341737
2025-11-02 23:00:00,102.49519751466343
2025-11-03 00:00:00,101.2205257535992
2025-11-03 01:00:00,97.28063121940073
2025-11-03 02:00:00,79.60904544101048
2025-11-03 03:00:00,77.69703779941416
2025-11-03 04:00:00,52.02978370162112
2025-11-03 05:00:00,48.958983549966426
2025-11-03 06:00:00,51.0448100680715
2025-11-03 07:00:00,63.32801067469029
2025-11-03 08:00:00,66.28293157533915
2025-11-03 09:00:00,50.46541381304231
2025-11-03 10:00:00,65.06619943977785
2025-11-03 11:00:00,67.90524108942087
2025-11-03 12:00:00,52.725059207656145
2025-11-03 13:00:00,55.56410085729917
2025-11-03 14:00:00,66.28293157533915
2025-11-03 15:00:00,82.50602671615643
2025-11-03 16:00:00,94.7312876972723
2025-11-03 17:00:00,108.46297894146406
2025-11-03 18:00:00,108.57885819246991
2025-11-03 19:00:00,108.17328081394948
2025-11-03 20:00:00,107.82564306093197
2025-11-03 21:00:00,107.99946193744073
2025-11-03 22:00:00,99.945853992535
2025-11-03 23:00:00,96.64329533886863
2025-11-04 00:00:00,82.96954372017979
2025-11-04 01:00:00,83.43306072420313
2025-11-04 02:00:00,86.15622312284032
2025-11-04 03:00:00,58.46108213244511
2025-11-04 04:00:00,49.42250055398977
2025-11-04 05:00:00,49.13280242647518
2025-11-04 06:00:00,47.91607029091388
2025-11-04 07:00:00,38.47191133393812
2025-11-04 08:00:00,41.13713410707238
2025-11-04 09:00:00,45.77230414730588
2025-11-04 10:00:00,62.28509741563776
2025-11-04 11:00:00,90.03817803153588
2025-11-04 12:00:00,93.86219331472853
2025-11-04 13:00:00,86.09828349733739
2025-11-04 14:00:00,78.50819255645503
2025-11-04 15:00:00,71.61337712160768
2025-11-04 16:00:00,78.1026151779346
2025-11-04 17:00:00,90.15405728254171
2025-11-04 18:00:00,98.96088035898538
2025-11-04 19:00:00,83.37512109870022
2025-11-04 20:00:00,81.52105308260681
2025-11-04 21:00:00,81.8107512101214
2025-11-04 22:00:00,81.92663046112725
2025-11-04 23:00:00,76.71206416586455
2025-11-05 00:00:00,46.00406264931756
2025-11-05 01:00:00,46.177881525826315
2025-11-05 02:00:00,51.33450819558609
2025-11-05 03:00:00,49.306621302983935
2025-11-05 04:00:00,48.66928542245183
2025-11-05 05:00:00,51.0448100680715
2025-11-05 06:00:00,49.53837980499561
2025-11-05 07:00:00,49.07486280097226
2025-11-05 08:00:00,52.26154220363279
2025-11-05 09:00:00,63.50182955119905
2025-11-05 10:00:00,63.15419179818154
2025-11-05 11:00:00,61.24218415658522
2025-11-05 12:00:00,59.56193501700057
2025-11-05 13:00:00,57.939625502918844
2025-11-05 14:00:00,53.536213964697005
2025-11-05 15:00:00,53.59415359019993
2025-11-05 16:00:00,55.44822160629333
2025-11-05 17:00:00,53.536213964697005
2025-11-05 18:00:00,63.15419179818154
2025-11-05 19:00:00,90.675513912068
2025-11-05 20:00:00,93.514555561711
2025-11-05 21:00:00,89.22702327449502
2025-11-05 22:00:00,59.735753893509326
2025-11-05 23:00:00,56.143497112328355
2025-11-06 00:00:00,49.828077932510205
2025-11-06 01:00:00,47.56843253789636
2025-11-06 02:00:00,46.52551927884383
2025-11-06 03:00:00,46.29376077683215
2025-11-06 04:00:00,46.409640027837995
2025-11-06 05:00:00,45.13496826677378
2025-11-06 06:00:00,44.092055007721235
2025-11-06 07:00:00,44.03411538221832
2025-11-06 08:00:00,42.93326249766286
2025-11-06 09:00:00,45.01908901576794
2025-11-06 10:00:00,45.36672676878545
2025-11-06 11:00:00,45.83024377280881
2025-11-06 12:00:00,44.9032097647621
2025-11-06 13:00:00,46.7572777808555
2025-11-06 14:00:00,44.96114939026502
2025-11-06 15:00:00,49.01692317546934
2025-11-06 16:00:00,49.94395718351604
2025-11-06 17:00:00,57.53404812439841
2025-11-06 18:00:00,60.95248602907062
2025-11-06 19:00:00,63.675648427707806
2025-11-06 20:00:00,65.24001831628662
2025-11-06 21:00:00,60.8945464035677
2025-11-06 22:00:00,52.725059207656145
2025-11-06 23:00:00,50.46541381304231
2025-11-07 00:00:00,42.64356437014826
2025-11-07 01:00:00,41.54271148559281
2025-11-07 02:00:00,41.89034923861033
2025-11-07 03:00:00,40.96331523056362
2025-11-07 04:00:00,42.06416811511908
2025-11-07 05:00:00,42.70150399565119
2025-11-07 06:00:00,42.4118058681366
2025-11-07 07:00:00,44.67145126275042
2025-11-07 08:00:00,46.467579653340906
2025-11-07 09:00:00,47.452553286890534
2025-11-07 10:00:00,46.7572777808555
2025-11-07 11:00:00,46.989036282867175
2025-11-07 12:00:00,48.61134579694891
2025-11-07 13:00:00,45.888183398311725
2025-11-07 14:00:00,53.536213964697005
2025-11-07 15:00:00,81.1734153295893
2025-11-07 16:00:00,89.1690836489921
2025-11-07 17:00:00,87.43089488390454
2025-11-07 18:00:00,81.86869083562432
2025-11-07 19:00:00,77.92879630142585
2025-11-07 20:00:00,75.90090940882368
2025-11-07 21:00:00,51.855964825112366
2025-11-07 22:00:00,51.79802519960945
2025-11-07 23:00:00,51.62420632310069
2025-11-08 00:00:00,50.00189680901896
2025-11-08 01:00:00,49.828077932510205
2025-11-08 02:00:00,50.059836434521884
2025-11-08 03:00:00,48.72722504795475
2025-11-08 04:00:00,48.66928542245183
2025-11-08 05:00:00,49.77013830700729
2025-11-08 06:00:00,49.596319430498525
2025-11-08 07:00:00,46.58345890434675
2025-11-08 08:00:00,44.49763238624167
2025-11-08 09:00:00,45.71436452180297
2025-11-08 10:00:00,46.64139852984967
2025-11-08 11:00:00,45.888183398311725
2025-11-08 12:00:00,45.94612302381464
2025-11-08 13:00:00,49.36456092848685
2025-11-08 14:00:00,53.999730968720364
2025-11-08 15:00:00,89.4587817765067
2025-11-08 16:00:00,101.27846537910213
2025-11-08 17:00:00,89.1690836489921
2025-11-08 18:00:00,69.41167135249677
2025-11-08 19:00:00,67.90524108942087
2025-11-08 20:00:00,63.50182955119905
2025-11-08 21:00:00,58.86665951096554
2025-11-08 22:00:00,51.855964825112366
2025-11-08 23:00:00,44.84527013925918
2025-11-09 00:00:00,51.855964825112366
2025-11-09 01:00:00,57.01259149487214
2025-11-09 02:00:00,55.91173861031668
2025-11-09 03:00:00,55.9696782358196
2025-11-09 04:00:00,55.33234235528749
2025-11-09 05:00:00,54.1156102197262
2025-11-09 06:00:00,55.795859359310846
2025-11-09 07:00:00,52.49330070564447
2025-11-09 08:00:00,48.55340617144599
2025-11-09 09:00:00,60.77866715256186
2025-11-09 10:00:00,66.16705232433331
2025-11-09 11:00:00,58.51902175794803
2025-11-09 12:00:00,52.26154220363279
2025-11-09 13:00:00,46.29376077683215
2025-11-09 14:00:00,43.10708137417162
2025-11-09 15:00:00,41.89034923861033
2025-11-09 16:00:00,40.96331523056362
2025-11-09 17:00:00,41.31095298358113
2025-11-09 18:00:00,39.16718683997314
2025-11-09 19:00:00,35.28523193127757
2025-11-09 20:00:00,38.41397170843519
2025-11-09 21:00:00,34.30025829772796
2025-11-09 22:00:00,34.24231867222504
2025-11-09 23:00:00,35.11141305476882
2025-11-10 00:00:00,36.270205564827194
2025-11-10 01:00:00,34.47407717423671
2025-11-10 02:00:00,34.30025829772796
2025-11-10 03:00:00,34.93759417826006
2025-11-10 04:00:00,34.41613754873379
2025-11-10 05:00:00,34.82171492725423
2025-11-10 06:00:00,34.705835676248384
2025-11-10 07:00:00,34.41613754873379
2025-11-10 08:00:00,34.1264394212192
2025-11-10 09:00:00,36.32814519033011
2025-11-10 10:00:00,34.01056017021336
2025-11-10 11:00:00,40.383918975534435
2025-11-10 12:00:00,43.45471912718913
2025-11-10 13:00:00,55.10058385327582
2025-11-10 14:00:00,57.939625502918844
2025-11-10 15:00:00,53.1885762116795
2025-11-10 16:00:00,57.30228962238674
2025-11-10 17:00:00,56.838772618363386
2025-11-10 18:00:00,38.06633395541768
2025-11-10 19:00:00,41.195073732575295
2025-11-10 20:00:00,45.77230414730588
2025-11-10 21:00:00,49.42250055398977
2025-11-10 22:00:00,41.31095298358113
2025-11-10 23:00:00,38.29809245742935
2025-11-11 00:00:00,34.58995642524255
2025-11-11 01:00:00,35.63286968429509
2025-11-11 02:00:00,34.64789605074547
2025-11-11 03:00:00,34.53201679973963
2025-11-11 04:00:00,34.24231867222504
2025-11-11 05:00:00,34.93759417826006
2025-11-11 06:00:00,34.41613754873379
2025-11-11 07:00:00,34.06849979571628
2025-11-11 08:00:00,34.93759417826006
2025-11-11 09:00:00,34.87965455275714
2025-11-11 10:00:00,35.169352680271736
2025-11-11 11:00:00,42.00622848961616
2025-11-11 12:00:00,42.64356437014826
2025-11-11 13:00:00,43.33883987618329
2025-11-11 14:00:00,43.91823613121248
2025-11-11 15:00:00,43.22296062517746
2025-11-11 16:00:00,44.84527013925918
2025-11-11 17:00:00,53.30445546268534
2025-11-11 18:00:00,59.272236889485974
2025-11-11 19:00:00,57.707867000907164
2025-11-11 20:00:00,70.1069468585318
2025-11-11 21:00:00,71.96101487462519
2025-11-11 22:00:00,69.12197322498217
2025-11-11 23:00:00,58.1134443794276
2025-11-12 00:00:00,57.186410371380894
2025-11-12 01:00:00,55.21646310428166
2025-11-12 02:00:00,53.36239508818825
2025-11-12 03:00:00,54.23148947073203
2025-11-12 04:00:00,51.74008557410652
2025-11-12 05:00:00,49.306621302983935
2025-11-12 06:00:00,38.93542833796146
2025-11-12 07:00:00,39.341005716481895
2025-11-12 08:00:00,44.26587388423
2025-11-12 09:00:00,39.74658309500232
2025-11-12 10:00:00,41.89034923861033
2025-11-12 11:00:00,43.45471912718913
2025-11-12 12:00:00,45.656424896300045
2025-11-12 13:00:00,46.35170040233507
2025-11-12 14:00:00,46.989036282867175
2025-11-12 15:00:00,52.02978370162112
2025-11-12 16:00:00,53.13063658617658
2025-11-12 17:00:00,55.73791973380792
2025-11-12 18:00:00,51.27656857008318
2025-11-12 19:00:00,52.66711958215323
2025-11-12 20:00:00,59.0404783874743
2025-11-12 21:00:00,56.375255614340034
2025-11-12 22:00:00,51.56626669759777
2025-11-12 23:00:00,50.29159493653355
2025-11-13 00:00:00,50.52335343854523
2025-11-13 01:00:00,46.35170040233507
2025-11-13 02:00:00,45.19290789227669
2025-11-13 03:00:00,44.03411538221832
2025-11-13 04:00:00,43.33883987618329
2025-11-13 05:00:00,42.12210774062199
2025-11-13 06:00:00,43.74441725470372
2025-11-13 07:00:00,41.021254856066534
2025-11-13 08:00:00,42.237986991627835
2025-11-13 09:00:00,43.74441725470372
2025-11-13 10:00:00,44.96114939026502
2025-11-13 11:00:00,49.94395718351604
2025-11-13 12:00:00,50.23365531103064
2025-11-13 13:00:00,50.349534562036474
2025-11-13 14:00:00,50.52335343854523
2025-11-13 15:00:00,48.785164673457665
2025-11-13 16:00:00,59.15635763848014
2025-11-13 17:00:00,60.083391646526835
2025-11-13 18:00:00,60.48896902504727
2025-11-13 19:00:00,61.879520037117324
2025-11-13 20:00:00,61.18424453108229
2025-11-13 21:00:00,58.98253876197138
2025-11-13 22:00:00,54.34736872173787
2025-11-13 23:00:00,45.19290789227669
2025-11-14 00:00:00,45.656424896300045
2025-11-14 01:00:00,45.54054564529421
2025-11-14 02:00:00,42.35386624263367
2025-11-14 03:00:00,44.03411538221832
2025-11-14 04:00:00,43.570598378194966
2025-11-14 05:00:00,43.91823613121248
2025-11-14 06:00:00,44.49763238624167
2025-11-14 07:00:00,41.36889260908406
2025-11-14 08:00:00,41.48477186008989
2025-11-14 09:00:00,40.2680397245286
2025-11-14 10:00:00,44.72939088825335
2025-11-14 11:00:00,50.92893081706566
2025-11-14 12:00:00,57.36022924788965
2025-11-14 13:00:00,60.54690865055019
2025-11-14 14:00:00,60.37308977404143
2025-11-14 15:00:00,58.692840634456786
2025-11-14 16:00:00,62.343037041140676
2025-11-14 17:00:00,59.90957277001808
2025-11-14 18:00:00,56.317315988837116
2025-11-14 19:00:00,53.536213964697005
2025-11-14 20:00:00,53.13063658617658
2025-11-14 21:00:00,51.56626669759777
2025-11-14 22:00:00,49.48044017949269
2025-11-14 23:00:00,53.42033471369117
2025-11-15 00:00:00,50.870991191562744
2025-11-15 01:00:00,50.46541381304231
2025-11-15 02:00:00,48.14782879292556
2025-11-15 03:00:00,48.03194954191972
2025-11-15 04:00:00,48.43752692044015
2025-11-15 05:00:00,48.61134579694891
2025-11-15 06:00:00,46.64139852984967
2025-11-15 07:00:00,50.81305156605982
2025-11-15 08:00:00,58.34520288143928
2025-11-15 09:00:00,58.34520288143928
2025-11-15 10:00:00,56.25937636333419
2025-11-15 11:00:00,55.73791973380792
2025-11-15 12:00:00,53.8259120922116
2025-11-15 13:00:00,60.8945464035677
2025-11-15 14:00:00,68.60051659545591
2025-11-15 15:00:00,74.16272064373611
2025-11-15 16:00:00,73.29362626119234
2025-11-15 17:00:00,70.04900723302889
2025-11-15 18:00:00,69.29579210149095
2025-11-15 19:00:00,69.8172487310172
2025-11-15 20:00:00,68.42669771894715
2025-11-15 21:00:00,66.10911269883039
2025-11-15 22:00:00,60.257210523035596
2025-11-15 23:00:00,52.49330070564447
2025-11-16 00:00:00,52.02978370162112
2025-11-16 01:00:00,51.21862894458025
2025-11-16 02:00:00,52.26154220363279
2025-11-16 03:00:00,51.855964825112366
2025-11-16 04:00:00,51.27656857008318
2025-11-16 05:00:00,51.50832707209485
2025-11-16 06:00:00,51.45038744659193
2025-11-16 07:00:00,50.870991191562744
2025-11-16 08:00:00,49.24868167748102
2025-11-16 09:00:00,66.22499194983624
2025-11-16 10:00:00,70.686343113561
2025-11-16 11:00:00,70.62840348805807
2025-11-16 12:00:00,68.89021472297051
2025-11-16 13:00:00,66.51469007735082
2025-11-16 14:00:00,66.86232783036834
2025-11-16 15:00:00,63.44388992569613
2025-11-16 16:00:00,59.272236889485974
2025-11-16 17:00:00,56.607014116351706
2025-11-16 18:00:00,53.94179134321744
2025-11-16 19:00:00,53.88385171771452
2025-11-16 20:00:00,54.46324797274371
2025-11-16 21:00:00,53.246515837182415
2025-11-16 22:00:00,52.02978370162112
2025-11-16 23:00:00,50.46541381304231
2025-11-17 00:00:00,42.12210774062199
2025-11-17 01:00:00,36.55990369234179
2025-11-17 02:00:00,35.40111118228341
2025-11-17 03:00:00,38.93542833796146
2025-11-17 04:00:00,36.212265939324276
2025-11-17 05:00:00,39.16718683997314
2025-11-17 06:00:00,35.74874893530093
2025-11-17 07:00:00,39.80452272050524
2025-11-17 08:00:00,37.42899807488557
2025-11-17 09:00:00,42.18004736612492
2025-11-17 10:00:00,42.06416811511908
2025-11-17 11:00:00,46.467579653340906
2025-11-17 12:00:00,48.37958729493723
2025-11-17 13:00:00,47.27873441038177
2025-11-17 14:00:00,47.220794784878855
2025-11-17 15:00:00,46.467579653340906
2025-11-17 16:00:00,45.42466639428837
2025-11-17 17:00:00,48.84310429896058
2025-11-17 18:00:00,49.65425905600145
2025-11-17 19:00:00,33.373224289681254
2025-11-17 20:00:00,35.227292305774654
2025-11-17 21:00:00,33.43116391518417
2025-11-17 22:00:00,27.231623986371854
2025-11-17 23:00:00,23.0599709501617
2025-11-18 00:00:00,21.32178218507413
2025-11-18 01:00:00,20.97414443205662
2025-11-18 02:00:00,18.888317913951543
2025-11-18 03:00:00,19.35183491797489
2025-11-18 04:00:00,18.250982033419433
2025-11-18 05:00:00,18.135102782413597
2025-11-18 06:00:00,19.58359341998657
2025-11-18 07:00:00,18.07716315691068
2025-11-18 08:00:00,18.250982033419433
2025-11-18 09:00:00,18.830378288448625
2025-11-18 10:00:00,26.883986233354342
2025-11-18 11:00:00,33.54704316619001
2025-11-18 12:00:00,33.604982791692926
2025-11-18 13:00:00,34.184379046722114
2025-11-18 14:00:00,43.9761757567154
2025-11-18 15:00:00,55.795859359310846
2025-11-18 16:00:00,54.46324797274371
2025-11-18 17:00:00,47.3366740358847
2025-11-18 18:00:00,46.931096657364265
2025-11-18 19:00:00,48.55340617144599
2025-11-18 20:00:00,55.679980108305
2025-11-18 21:00:00,56.143497112328355
2025-11-18 22:00:00,41.8324096131074
2025-11-18 23:00:00,27.753080615898124
2025-11-19 00:00:00,26.768106982348502
2025-11-19 01:00:00,27.115744735366015
2025-11-19 02:00:00,30.708001516546986
2025-11-19 03:00:00,35.980507437312596
2025-11-19 04:00:00,34.35819792323087
2025-11-19 05:00:00,35.169352680271736
2025-11-19 06:00:00,18.308921658922355
2025-11-19 07:00:00,19.87329154750116
2025-11-19 08:00:00,27.695140990395206
2025-11-19 09:00:00,42.12210774062199
2025-11-19 10:00:00,41.13713410707238
2025-11-19 11:00:00,39.92040197151108
2025-11-19 12:00:00,36.03844706281552
2025-11-19 13:00:00,37.255179198376815
2025-11-19 14:00:00,39.398945341984806
2025-11-19 15:00:00,49.19074205197809
2025-11-19 16:00:00,53.94179134321744
2025-11-19 17:00:00,46.1199419003234
2025-11-19 18:00:00,43.45471912718913
2025-11-19 19:00:00,41.13713410707238
2025-11-19 20:00:00,47.220794784878855
2025-11-19 21:00:00,47.51049291239345
2025-11-19 22:00:00,37.602816951394324
2025-11-19 23:00:00,21.495601061582892
2025-11-20 00:00:00,19.58359341998657
2025-11-20 01:00:00,18.540680160934027
2025-11-20 02:00:00,33.25734503867541
2025-11-20 03:00:00,33.77880166820168
2025-11-20 04:00:00,34.30025829772796
2025-11-20 05:00:00,34.01056017021336
2025-11-20 06:00:00,28.680114623944824
2025-11-20 07:00:00,18.714499037442785
2025-11-20 08:00:00,18.772438662945707
2025-11-20 09:00:00,18.656559411939867
2025-11-20 10:00:00,32.50412990713747
2025-11-20 11:00:00,37.1972395728739
2025-11-20 12:00:00,37.95045470441184
2025-11-20 13:00:00,44.9032097647621
2025-11-20 14:00:00,47.39461366138761
2025-11-20 15:00:00,46.409640027837995
2025-11-20 16:00:00,57.30228962238674
2025-11-20 17:00:00,55.795859359310846
2025-11-20 18:00:00,49.828077932510205
2025-11-20 19:00:00,45.94612302381464
2025-11-20 20:00:00,45.83024377280881
2025-11-20 21:00:00,45.94612302381464
2025-11-20 22:00:00,47.742251414405125
2025-11-20 23:00:00,41.021254856066534
2025-11-21 00:00:00,38.64573021044687
2025-11-21 01:00:00,38.64573021044687
2025-11-21 02:00:00,37.1972395728739
2025-11-21 03:00:00,37.776635827903085
2025-11-21 04:00:00,38.124273580920594
2025-11-21 05:00:00,19.757412296495325
2025-11-21 06:00:00,22.190876567617916
2025-11-21 07:00:00,34.24231867222504
2025-11-21 08:00:00,35.227292305774654
2025-11-21 09:00:00,34.82171492725423
2025-11-21 10:00:00,43.049141748668696
2025-11-21 11:00:00,54.4053083472408
2025-11-21 12:00:00,50.349534562036474
2025-11-21 13:00:00,53.478274339194094
2025-11-21 14:00:00,53.014757335170735
2025-11-21 15:00:00,45.54054564529421
2025-11-21 16:00:00,48.66928542245183
2025-11-21 17:00:00,50.98687044256858
2025-11-21 18:00:00,42.527685119142426
2025-11-21 19:00:00,38.35603208293227
2025-11-21 20:00:00,36.67578294334762
2025-11-21 21:00:00,34.705835676248384
2025-11-21 22:00:00,35.459050807786326
2025-11-21 23:00:00,34.93759417826006
2025-11-22 00:00:00,38.93542833796146
2025-11-22 01:00:00,48.66928542245183
2025-11-22 02:00:00,48.61134579694891
2025-11-22 03:00:00,49.306621302983935
2025-11-22 04:00:00,48.32164766943431
2025-11-22 05:00:00,32.96764691116082
2025-11-22 06:00:00,32.562069532640386
2025-11-22 07:00:00,32.562069532640386
2025-11-22 08:00:00,32.62000915814331
2025-11-22 09:00:00,33.952620544710435
2025-11-22 10:00:00,34.06849979571628
2025-11-22 11:00:00,35.11141305476882
2025-11-22 12:00:00,42.93326249766286
2025-11-22 13:00:00,49.77013830700729
2025-11-22 14:00:00,46.58345890434675
2025-11-22 15:00:00,51.74008557410652
2025-11-22 16:00:00,48.61134579694891
2025-11-22 17:00:00,41.716530362101565
2025-11-22 18:00:00,41.89034923861033
2025-11-22 19:00:00,39.57276421849357
2025-11-22 20:00:00,37.602816951394324
2025-11-22 21:00:00,38.93542833796146
2025-11-22 22:00:00,23.9870049582084
2025-11-22 23:00:00,18.540680160934027
2025-11-23 00:00:00,22.65439357164127
2025-11-23 01:00:00,35.0534734292659
2025-11-23 02:00:00,34.01056017021336
2025-11-23 03:00:00,34.7637753017513
2025-11-23 04:00:00,34.01056017021336
2025-11-23 05:00:00,34.64789605074547
2025-11-23 06:00:00,34.01056017021336
2025-11-23 07:00:00,34.184379046722114
2025-11-23 08:00:00,43.22296062517746
2025-11-23 09:00:00,47.27873441038177
2025-11-23 10:00:00,51.21862894458025
2025-11-23 11:00:00,43.86029650570956
2025-11-23 12:00:00,41.13713410707238
2025-11-23 13:00:00,42.58562474464535
2025-11-23 14:00:00,55.33234235528749
2025-11-23 15:00:00,52.78299883315906
2025-11-23 16:00:00,50.059836434521884
2025-11-23 17:00:00,35.74874893530093
2025-11-23 18:00:00,34.53201679973963
2025-11-23 19:00:00,34.7637753017513
2025-11-23 20:00:00,35.0534734292659
2025-11-23 21:00:00,34.30025829772796
2025-11-23 22:00:00,34.64789605074547
2025-11-23 23:00:00,35.0534734292659
2025-11-24 00:00:00,34.41613754873379
2025-11-24 01:00:00,34.53201679973963
2025-11-24 02:00:00,35.28523193127757
2025-11-24 03:00:00,34.82171492725423
2025-11-24 04:00:00,34.99553380376298
2025-11-24 05:00:00,34.35819792323087
2025-11-24 06:00:00,24.56640121323759
2025-11-24 07:00:00,19.293895292471973
2025-11-24 08:00:00,18.888317913951543
2025-11-24 09:00:00,23.349669077676293
2025-11-24 10:00:00,35.980507437312596
2025-11-24 11:00:00,33.952620544710435
2025-11-24 12:00:00,34.64789605074547
2025-11-24 13:00:00,36.444024441335955
2025-11-24 14:00:00,39.80452272050524
2025-11-24 15:00:00,40.383918975534435
2025-11-24 16:00:00,37.89251507890892
2025-11-24 17:00:00,46.00406264931756
2025-11-24 18:00:00,55.21646310428166
2025-11-24 19:00:00,47.68431178890221
2025-11-24 20:00:00,52.6091799566503
2025-11-24 21:00:00,51.0448100680715
2025-11-24 22:00:00,51.160689319077335
2025-11-24 23:00:00,48.32164766943431
2025-11-25 00:00:00,38.87748871245854
2025-11-25 01:00:00,38.819549086955625
2025-11-25 02:00:00,37.776635827903085
2025-11-25 03:00:00,37.66075657689725
2025-11-25 04:00:00,38.00839432991476
2025-11-25 05:00:00,18.656559411939867
2025-11-25 06:00:00,19.58359341998657
2025-11-25 07:00:00,35.0534734292659
2025-11-25 08:00:00,34.7637753017513
2025-11-25 09:00:00,35.169352680271736
2025-11-25 10:00:00,35.227292305774654
2025-11-25 11:00:00,35.227292305774654
2025-11-25 12:00:00,35.51699043328925
2025-11-25 13:00:00,34.7637753017513
2025-11-25 14:00:00,36.09638668831844
2025-11-25 15:00:00,34.7637753017513
2025-11-25 16:00:00,34.184379046722114
2025-11-25 17:00:00,34.35819792323087
2025-11-25 18:00:00,37.776635827903085
2025-11-25 19:00:00,50.29159493653355
2025-11-25 20:00:00,54.98470460226998
2025-11-25 21:00:00,58.40314250694219
2025-11-25 22:00:00,52.08772332712404
2025-11-25 23:00:00,44.03411538221832
2025-11-26 00:00:00,41.60065111109573
2025-11-26 01:00:00,41.25301335807821
2025-11-26 02:00:00,40.383918975534435
2025-11-26 03:00:00,38.52985095944103
2025-11-26 04:00:00,39.109247214470216
2025-11-26 05:00:00,39.28306609097898
2025-11-26 06:00:00,38.819549086955625
2025-11-26 07:00:00,39.0513075889673
2025-11-26 08:00:00,47.56843253789636
2025-11-26 09:00:00,47.16285515937594
2025-11-26 10:00:00,46.931096657364265
2025-11-26 11:00:00,50.117776060024795
2025-11-26 12:00:00,44.20793425872708
2025-11-26 13:00:00,37.255179198376815
2025-11-26 14:00:00,36.212265939324276
2025-11-26 15:00:00,33.72086204269877
2025-11-26 16:00:00,33.72086204269877
2025-11-26 17:00:00,34.93759417826006
2025-11-26 18:00:00,44.96114939026502
2025-11-26 19:00:00,43.10708137417162
2025-11-26 20:00:00,49.94395718351604
2025-11-26 21:00:00,48.263708043931395
2025-11-26 22:00:00,43.45471912718913
2025-11-26 23:00:00,36.965481070862225
2025-11-27 00:00:00,36.501964066838866
2025-11-27 01:00:00,34.24231867222504
2025-11-27 02:00:00,33.952620544710435
2025-11-27 03:00:00,34.47407717423671
2025-11-27 04:00:00,18.540680160934027
2025-11-27 05:00:00,19.12007641596322
2025-11-27 06:00:00,18.656559411939867
2025-11-27 07:00:00,27.695140990395206
2025-11-27 08:00:00,35.57493005879217
2025-11-27 09:00:00,37.02342069636514
2025-11-27 10:00:00,33.43116391518417
2025-11-27 11:00:00,34.01056017021336
2025-11-27 12:00:00,43.049141748668696
2025-11-27 13:00:00,42.4118058681366
2025-11-27 14:00:00,41.42683223458697
2025-11-27 15:00:00,40.094220848019845
2025-11-27 16:00:00,35.28523193127757
2025-11-27 17:00:00,34.7637753017513
2025-11-27 18:00:00,20.105050049512837
2025-11-27 19:00:00,21.95911806560624
2025-11-27 20:00:00,18.308921658922355
2025-11-27 21:00:00,30.939760018558662
2025-11-27 22:00:00,34.705835676248384
2025-11-27 23:00:00,33.604982791692926
2025-11-28 00:00:00,34.35819792323087
2025-11-28 01:00:00,30.418303389032392
2025-11-28 02:00:00,18.714499037442785
2025-11-28 03:00:00,18.540680160934027
2025-11-28 04:00:00,18.42480090992819
2025-11-28 05:00:00,28.564235372938988
2025-11-28 06:00:00,34.99553380376298
2025-11-28 07:00:00,33.662922417195844
2025-11-28 08:00:00,35.690809309798006
2025-11-28 09:00:00,32.73588840914914
2025-11-28 10:00:00,18.888317913951543
2025-11-28 11:00:00,19.46771416898073
2025-11-28 12:00:00,26.65222773134267
2025-11-28 13:00:00,37.71869620240017
2025-11-28 14:00:00,39.51482459299065
2025-11-28 15:00:00,51.392447821089014
2025-11-28 16:00:00,61.93745966262024
2025-11-28 17:00:00,61.18424453108229
2025-11-28 18:00:00,54.86882535126414
2025-11-28 19:00:00,52.66711958215323
2025-11-28 20:00:00,40.55773785204319
2025-11-28 21:00:00,37.602816951394324
2025-11-28 22:00:00,34.01056017021336
2025-11-28 23:00:00,20.45268780253035
2025-11-29 00:00:00,19.757412296495325
2025-11-29 01:00:00,27.0578051098631
2025-11-29 02:00:00,36.38608481583303
2025-11-29 03:00:00,35.459050807786326
2025-11-29 04:00:00,32.50412990713747
2025-11-29 05:00:00,19.757412296495325
2025-11-29 06:00:00,19.46771416898073
2025-11-29 07:00:00,19.52565379448365
2025-11-29 08:00:00,20.162989675015755
2025-11-29 09:00:00,33.1994054131725
2025-11-29 10:00:00,43.280900250680375
2025-11-29 11:00:00,42.64356437014826
2025-11-29 12:00:00,40.44185860103735
2025-11-29 13:00:00,38.00839432991476
2025-11-29 14:00:00,36.09638668831844
2025-11-29 15:00:00,43.16502099967454
2025-11-29 16:00:00,43.9761757567154
2025-11-29 17:00:00,37.37105844938266
2025-11-29 18:00:00,26.188710727319318
2025-11-29 19:00:00,21.2059029340683
2025-11-29 20:00:00,20.047110424009922
2025-11-29 21:00:00,20.162989675015755
2025-11-29 22:00:00,31.692975150096608
2025-11-29 23:00:00,37.02342069636514
2025-11-30 00:00:00,36.67578294334762
2025-11-30 01:00:00,35.169352680271736
2025-11-30 02:00:00,21.669419938091647
2025-11-30 03:00:00,19.815351921998243
2025-11-30 04:00:00,19.178016041466137
2025-11-30 05:00:00,20.626506679039107
2025-11-30 06:00:00,35.57493005879217
2025-11-30 07:00:00,35.3431715567805
2025-11-30 08:00:00,41.195073732575295
2025-11-30 09:00:00,47.3366740358847
2025-11-30 10:00:00,50.92893081706566
2025-11-30 11:00:00,45.25084751777961
2025-11-30 12:00:00,40.44185860103735
2025-11-30 13:00:00,38.124273580920594
2025-11-30 14:00:00,37.48693770038849
2025-11-30 15:00:00,35.74874893530093
2025-11-30 16:00:00,33.836741293704605
2025-11-30 17:00:00,26.999865484360182
2025-11-30 18:00:00,19.23595566696906
2025-11-30 19:00:00,19.293895292471973
2025-11-30 20:00:00,24.682280464243426
2025-11-30 21:00:00,35.28523193127757
2025-11-30 22:00:00,34.705835676248384
2025-11-30 23:00:00,34.30025829772796
2025-12-01 00:00:00,46.01122991982833
2025-12-01 01:00:00,30.2409025273448
2025-12-01 02:00:00,28.681199818198074
2025-12-01 03:00:00,28.85450011921438
2025-12-01 04:00:00,29.807651774804043
2025-12-01 05:00:00,28.941150269722527
2025-12-01 06:00:00,30.934103731410012
2025-12-01 07:00:00,32.060555688015974
2025-12-01 08:00:00,31.194054182934465
2025-12-01 09:00:00,48.17748368253211
2025-12-01 10:00:00,65.59416393467052
2025-12-01 11:00:00,67.50046724584985
2025-12-01 12:00:00,62.648058817393384
2025-12-01 13:00:00,59.70195370011624
2025-12-01 14:00:00,55.196145873692366
2025-12-01 15:00:00,40.7255707388311
2025-12-01 16:00:00,27.64139801210026
2025-12-01 17:00:00,43.41172540458379
2025-12-01 18:00:00,46.271180371352784
2025-12-01 19:00:00,51.64348970285816
2025-12-01 20:00:00,68.88686965398027
2025-12-01 21:00:00,81.97104238071111
2025-12-01 22:00:00,52.94324196048043
2025-12-01 23:00:00,49.73718639167883
2025-12-02 00:00:00,25.82174485142908
2025-12-02 01:00:00,26.601596206002448
2025-12-02 02:00:00,26.16834545346169
2025-12-02 03:00:00,25.648444550412783
2025-12-02 04:00:00,26.428295904986143
2025-12-02 05:00:00,34.14015930021161
2025-12-02 06:00:00,49.47723594015438
2025-12-02 07:00:00,48.26413383304027
2025-12-02 08:00:00,68.80021950347212
2025-12-02 09:00:00,74.08587868446935
2025-12-02 10:00:00,53.809743465561944
2025-12-02 11:00:00,40.985521190355556
2025-12-02 12:00:00,34.40010975173606
2025-12-02 13:00:00,41.07217134086371
2025-12-02 14:00:00,53.46314286352935
2025-12-02 15:00:00,56.755848582839086
2025-12-02 16:00:00,53.029892110988584
2025-12-02 17:00:00,51.03693864930111
2025-12-02 18:00:00,51.55683955235002
2025-12-02 19:00:00,34.14015930021161
2025-12-02 20:00:00,37.08626441748875
2025-12-02 21:00:00,41.59207224391262
2025-12-02 22:00:00,40.11901968527405
2025-12-02 23:00:00,33.36030794563825
2025-12-03 00:00:00,32.14720583852413
2025-12-03 01:00:00,29.461051172771434
2025-12-03 02:00:00,28.941150269722527
2025-12-03 03:00:00,28.07464876464102
2025-12-03 04:00:00,28.161298915149167
2025-12-03 05:00:00,30.154252376836645
2025-12-03 06:00:00,31.10740403242631
2025-12-03 07:00:00,30.760803430393707
2025-12-03 08:00:00,39.77241908324144
2025-12-03 09:00:00,54.50294466962716
2025-12-03 10:00:00,67.50046724584985
2025-12-03 11:00:00,63.94781107501565
2025-12-03 12:00:00,60.91505580723035
2025-12-03 13:00:00,53.28984256251304
2025-12-03 14:00:00,50.43038759574405
2025-12-03 15:00:00,51.470189401841864
2025-12-03 16:00:00,32.667106741573036
2025-12-03 17:00:00,28.161298915149167
2025-12-03 18:00:00,29.114450570738832
2025-12-03 19:00:00,44.19157675915716
2025-12-03 20:00:00,63.514560322474885
2025-12-03 21:00:00,88.29650336780615
2025-12-03 22:00:00,84.91714749798825
2025-12-03 23:00:00,63.60121047298304
2025-12-04 00:00:00,56.755848582839086
2025-12-04 01:00:00,28.247949065657316
2025-12-04 02:00:00,28.247949065657316
2025-12-04 03:00:00,27.987998614132863
2025-12-04 04:00:00,27.381447560575808
2025-12-04 05:00:00,28.07464876464102
2025-12-04 06:00:00,49.82383654218699
2025-12-04 07:00:00,52.85659180997229
2025-12-04 08:00:00,57.01579903436354
2025-12-04 09:00:00,42.111973146961525
2025-12-04 10:00:00,41.76537254492892
2025-12-04 11:00:00,40.3789701367985
2025-12-04 12:00:00,60.395154904181446
2025-12-04 13:00:00,52.76994165946413
2025-12-04 14:00:00,52.50999120793968
2025-12-04 15:00:00,49.47723594015438
2025-12-04 16:00:00,35.78651215986648
2025-12-04 17:00:00,31.194054182934465
2025-12-04 18:00:00,29.027800420230683
2025-12-04 19:00:00,32.060555688015974
2025-12-04 20:00:00,42.025322996453376
2025-12-04 21:00:00,40.11901968527405
2025-12-04 22:00:00,46.53113082287724
2025-12-04 23:00:00,35.95981246088278
2025-12-05 00:00:00,27.294797410067652
2025-12-05 01:00:00,27.64139801210026
2025-12-05 02:00:00,26.428295904986143
2025-12-05 03:00:00,27.294797410067652
2025-12-05 04:00:00,27.121497109051354
2025-12-05 05:00:00,28.334599216165472
2025-12-05 06:00:00,29.807651774804043
2025-12-05 07:00:00,29.287750871755136
2025-12-05 08:00:00,42.19862329746967
2025-12-05 09:00:00,41.50542209340446
2025-12-05 10:00:00,38.645967126635476
2025-12-05 11:00:00,35.69986200935833
2025-12-05 12:00:00,31.88725538699967
2025-12-05 13:00:00,27.554747861592105
2025-12-05 14:00:00,26.16834545346169
2025-12-05 15:00:00,27.901348463624714
2025-12-05 16:00:00,46.53113082287724
2025-12-05 17:00:00,62.12815791434448
2025-12-05 18:00:00,57.36239963639615
2025-12-05 19:00:00,53.983043766578255
2025-12-05 20:00:00,41.24547164188001
2025-12-05 21:00:00,27.381447560575808
2025-12-05 22:00:00,28.681199818198074
2025-12-05 23:00:00,28.85450011921438
2025-12-06 00:00:00,25.735094700920932
2025-12-06 01:00:00,38.99256772866808
2025-12-06 02:00:00,50.8636383482848
2025-12-06 03:00:00,50.43038759574405
2025-12-06 04:00:00,45.404678866271276
2025-12-06 05:00:00,28.334599216165472
2025-12-06 06:00:00,29.20110072124698
2025-12-06 07:00:00,25.82174485142908
2025-12-06 08:00:00,26.8615466575269
2025-12-06 09:00:00,49.30393563913808
2025-12-06 10:00:00,61.69490716180371
2025-12-06 11:00:00,61.26165640926296
2025-12-06 12:00:00,61.78155731231187
2025-12-06 13:00:00,58.48885159300212
2025-12-06 14:00:00,53.11654226149674
2025-12-06 15:00:00,61.43495671027926
2025-12-06 16:00:00,66.80726604178464
2025-12-06 17:00:00,49.65053624117069
2025-12-06 18:00:00,30.4142028283611
2025-12-06 19:00:00,46.01122991982833
2025-12-06 20:00:00,62.99465941942598
2025-12-06 21:00:00,63.16795972044229
2025-12-06 22:00:00,59.87525400113254
2025-12-06 23:00:00,53.46314286352935
2025-12-07 00:00:00,32.49380644055673
2025-12-07 01:00:00,27.901348463624714
2025-12-07 02:00:00,27.381447560575808
2025-12-07 03:00:00,26.774896507018745
2025-12-07 04:00:00,27.814698313116565
2025-12-07 05:00:00,50.1704371442196
2025-12-07 06:00:00,50.690338047268504
2025-12-07 07:00:00,51.81679000387447
2025-12-07 08:00:00,31.10740403242631
2025-12-07 09:00:00,35.266611256817576
2025-12-07 10:00:00,41.76537254492892
2025-12-07 11:00:00,51.03693864930111
2025-12-07 12:00:00,56.23594767979018
2025-12-07 13:00:00,54.93619542216791
2025-12-07 14:00:00,56.755848582839086
2025-12-07 15:00:00,55.36944617470868
2025-12-07 16:00:00,54.589594820135304
2025-12-07 17:00:00,33.880208848687154
2025-12-07 18:00:00,31.367354483950763
2025-12-07 19:00:00,30.847453580901856
2025-12-07 20:00:00,30.67415327988555
2025-12-07 21:00:00,30.154252376836645
2025-12-07 22:00:00,31.194054182934465
2025-12-07 23:00:00,30.500852978869254
2025-12-08 00:00:00,31.280704333442614
2025-12-08 01:00:00,31.10740403242631
2025-12-08 02:00:00,30.847453580901856
2025-12-08 03:00:00,30.4142028283611
2025-12-08 04:00:00,30.760803430393707
2025-12-08 05:00:00,32.58045659106488
2025-12-08 06:00:00,30.847453580901856
2025-12-08 07:00:00,31.280704333442614
2025-12-08 08:00:00,30.760803430393707
2025-12-08 09:00:00,34.660060203260514
2025-12-08 10:00:00,34.14015930021161
2025-12-08 11:00:00,32.840407042589334
2025-12-08 12:00:00,31.367354483950763
2025-12-08 13:00:00,32.060555688015974
2025-12-08 14:00:00,34.573410052752365
2025-12-08 15:00:00,30.154252376836645
2025-12-08 16:00:00,44.79812781271421
2025-12-08 17:00:00,65.68081408517867
2025-12-08 18:00:00,67.2405167943254
2025-12-08 19:00:00,67.2405167943254
2025-12-08 20:00:00,72.95942672786339
2025-12-08 21:00:00,61.868207462820024
2025-12-08 22:00:00,41.332121792388165
2025-12-08 23:00:00,35.69986200935833
2025-12-09 00:00:00,33.446958096146396
2025-12-09 01:00:00,32.060555688015974
2025-12-09 02:00:00,34.48675990224421
2025-12-09 03:00:00,33.6202583971627
2025-12-09 04:00:00,33.533608246654545
2025-12-09 05:00:00,34.14015930021161
2025-12-09 06:00:00,34.40010975173606
2025-12-09 07:00:00,33.9668589991953
2025-12-09 08:00:00,45.491329016779424
2025-12-09 09:00:00,48.09083353202396
2025-12-09 10:00:00,46.184530220844636
2025-12-09 11:00:00,45.491329016779424
2025-12-09 12:00:00,39.77241908324144
2025-12-09 13:00:00,32.14720583852413
2025-12-09 14:00:00,31.02075388191816
2025-12-09 15:00:00,35.17996110630942
2025-12-09 16:00:00,30.500852978869254
2025-12-09 17:00:00,47.051031725926144
2025-12-09 18:00:00,55.45609632521682
2025-12-09 19:00:00,54.32964436861085
2025-12-09 20:00:00,61.08835610824665
2025-12-09 21:00:00,65.42086363365422
2025-12-09 22:00:00,44.88477796322236
2025-12-09 23:00:00,34.83336050427682
2025-12-10 00:00:00,34.573410052752365
2025-12-10 01:00:00,39.33916833070068
2025-12-10 02:00:00,52.85659180997229
2025-12-10 03:00:00,53.46314286352935
2025-12-10 04:00:00,53.636443164545646
2025-12-10 05:00:00,54.0696939170864
2025-12-10 06:00:00,53.54979301403749
2025-12-10 07:00:00,44.104926608649
2025-12-10 08:00:00,29.89430192531219
2025-12-10 09:00:00,46.09788007033649
2025-12-10 10:00:00,73.91257838345305
2025-12-10 11:00:00,66.20071498822759
2025-12-10 12:00:00,61.954857613328166
2025-12-10 13:00:00,58.055600840461366
2025-12-10 14:00:00,54.0696939170864
2025-12-10 15:00:00,66.02741468721128
2025-12-10 16:00:00,74.77907988853455
2025-12-10 17:00:00,67.4138170953417
2025-12-10 18:00:00,66.11406483771943
2025-12-10 19:00:00,64.90096273060531
2025-12-10 20:00:00,51.21023895031741
2025-12-10 21:00:00,46.01122991982833
2025-12-10 22:00:00,35.78651215986648
2025-12-10 23:00:00,34.92001065478497
2025-12-11 00:00:00,33.100357494113794
2025-12-11 01:00:00,30.587503129377403
2025-12-11 02:00:00,31.540654784967067
2025-12-11 03:00:00,31.280704333442614
2025-12-11 04:00:00,31.80060523649152
2025-12-11 05:00:00,30.2409025273448
2025-12-11 06:00:00,30.2409025273448
2025-12-11 07:00:00,30.847453580901856
2025-12-11 08:00:00,47.224332026942456
2025-12-11 09:00:00,48.87068488659733
2025-12-11 10:00:00,43.06512480255119
2025-12-11 11:00:00,38.99256772866808
2025-12-11 12:00:00,34.31345960122791
2025-12-11 13:00:00,40.11901968527405
2025-12-11 14:00:00,57.36239963639615
2025-12-11 15:00:00,54.50294466962716
2025-12-11 16:00:00,53.983043766578255
2025-12-11 17:00:00,38.039416073078414
2025-12-11 18:00:00,31.88725538699967
2025-12-11 19:00:00,52.250040756415224
2025-12-11 20:00:00,53.11654226149674
2025-12-11 21:00:00,54.589594820135304
2025-12-11 22:00:00,56.58254828182279
2025-12-11 23:00:00,53.46314286352935
2025-12-12 00:00:00,51.81679000387447
2025-12-12 01:00:00,52.85659180997229
2025-12-12 02:00:00,44.104926608649
2025-12-12 03:00:00,31.02075388191816
2025-12-12 04:00:00,31.10740403242631
2025-12-12 05:00:00,31.280704333442614
2025-12-12 06:00:00,36.73966381545615
2025-12-12 07:00:00,33.6202583971627
2025-12-12 08:00:00,41.07217134086371
2025-12-12 09:00:00,43.7583260066164
2025-12-12 10:00:00,43.15177495305934
2025-12-12 11:00:00,39.77241908324144
2025-12-12 12:00:00,37.86611577206211
2025-12-12 13:00:00,32.32050613954043
2025-12-12 14:00:00,33.793558698179
2025-12-12 15:00:00,36.479713363931694
2025-12-12 16:00:00,85.69699885256162
2025-12-12 17:00:00,89.94285622746104
2025-12-12 18:00:00,81.53779162817035
2025-12-12 19:00:00,79.45818801597473
2025-12-12 20:00:00,35.87316231037463
2025-12-12 21:00:00,31.45400463445892
2025-12-12 22:00:00,32.14720583852413
2025-12-12 23:00:00,30.2409025273448
2025-12-13 00:00:00,30.4142028283611
2025-12-13 01:00:00,31.45400463445892
2025-12-13 02:00:00,35.17996110630942
2025-12-13 03:00:00,53.37649271302119
2025-12-13 04:00:00,53.636443164545646
2025-12-13 05:00:00,44.711477662206065
2025-12-13 06:00:00,29.89430192531219
2025-12-13 07:00:00,31.540654784967067
2025-12-13 08:00:00,29.807651774804043
2025-12-13 09:00:00,30.500852978869254
2025-12-13 10:00:00,34.660060203260514
2025-12-13 11:00:00,54.589594820135304
2025-12-13 12:00:00,54.67624497064346
2025-12-13 13:00:00,68.45361890143951
2025-12-13 14:00:00,70.35992221261884
2025-12-13 15:00:00,78.85163696241767
2025-12-13 16:00:00,74.1725288349775
2025-12-13 17:00:00,47.91753323100766
2025-12-13 18:00:00,57.01579903436354
2025-12-13 19:00:00,59.52865339909993
2025-12-13 20:00:00,64.29441167704826
2025-12-13 21:00:00,53.029892110988584
2025-12-13 22:00:00,48.437434134056566
2025-12-13 23:00:00,39.59911878222514
2025-12-14 00:00:00,36.56636351443984
2025-12-14 01:00:00,35.006660805293116
2025-12-14 02:00:00,33.793558698179
2025-12-14 03:00:00,32.58045659106488
2025-12-14 04:00:00,32.40715629004858
2025-12-14 05:00:00,32.49380644055673
2025-12-14 06:00:00,36.046462611390936
2025-12-14 07:00:00,34.31345960122791
2025-12-14 08:00:00,35.52656170834203
2025-12-14 09:00:00,53.203192412004896
2025-12-14 10:00:00,55.36944617470868
2025-12-14 11:00:00,50.776988197776646
2025-12-14 12:00:00,44.104926608649
2025-12-14 13:00:00,39.68576893273329
2025-12-14 14:00:00,36.826313965964296
2025-12-14 15:00:00,39.33916833070068
2025-12-14 16:00:00,49.217285488629926
2025-12-14 17:00:00,33.9668589991953
2025-12-14 18:00:00,35.95981246088278
2025-12-14 19:00:00,33.446958096146396
2025-12-14 20:00:00,33.18700764462194
2025-12-14 21:00:00,33.9668589991953
2025-12-14 22:00:00,32.40715629004858
2025-12-14 23:00:00,32.840407042589334
2025-12-15 00:00:00,32.667106741573036
2025-12-15 01:00:00,33.100357494113794
2025-12-15 02:00:00,33.01370734360564
2025-12-15 03:00:00,33.6202583971627
2025-12-15 04:00:00,32.40715629004858
2025-12-15 05:00:00,33.18700764462194
2025-12-15 06:00:00,32.667106741573036
2025-12-15 07:00:00,32.14720583852413
2025-12-15 08:00:00,38.81926742765177
2025-12-15 09:00:00,46.09788007033649
2025-12-15 10:00:00,45.404678866271276
2025-12-15 11:00:00,42.805174351026736
2025-12-15 12:00:00,44.711477662206065
2025-12-15 13:00:00,56.40924798080649
2025-12-15 14:00:00,51.81679000387447
2025-12-15 15:00:00,53.11654226149674
2025-12-15 16:00:00,48.17748368253211
2025-12-15 17:00:00,46.01122991982833
2025-12-15 18:00:00,48.004183381515816
2025-12-15 19:00:00,50.43038759574405
2025-12-15 20:00:00,66.46066543975203
2025-12-15 21:00:00,67.587117396358
2025-12-15 22:00:00,45.66462931779573
2025-12-15 23:00:00,39.07921787917623
2025-12-16 00:00:00,36.219762912407234
2025-12-16 01:00:00,33.6202583971627
2025-12-16 02:00:00,34.48675990224421
2025-12-16 03:00:00,32.92705719309749
2025-12-16 04:00:00,34.74671035376866
2025-12-16 05:00:00,32.753756892081185
2025-12-16 06:00:00,33.01370734360564
2025-12-16 07:00:00,33.793558698179
2025-12-16 08:00:00,54.67624497064346
2025-12-16 09:00:00,52.07674045539893
2025-12-16 10:00:00,66.20071498822759
2025-12-16 11:00:00,69.40677055702918
2025-12-16 12:00:00,66.28736513873574
2025-12-16 13:00:00,61.69490716180371
2025-12-16 14:00:00,56.669198432330944
2025-12-16 15:00:00,57.102449184871695
2025-12-16 16:00:00,38.645967126635476
2025-12-16 17:00:00,34.05350914970345
2025-12-16 18:00:00,32.40715629004858
2025-12-16 19:00:00,34.31345960122791
2025-12-16 20:00:00,39.77241908324144
2025-12-16 21:00:00,45.23137856525497
2025-12-16 22:00:00,74.43247928650196
2025-12-16 23:00:00,61.60825701129556
2025-12-17 00:00:00,59.09540264655918
2025-12-17 01:00:00,58.74880204452657
2025-12-17 02:00:00,50.95028849879296
2025-12-17 03:00:00,31.45400463445892
2025-12-17 04:00:00,33.9668589991953
2025-12-17 05:00:00,31.80060523649152
2025-12-17 06:00:00,48.95733503710547
2025-12-17 07:00:00,57.102449184871695
2025-12-17 08:00:00,59.961904151640695
2025-12-17 09:00:00,70.0999717610944
2025-12-17 10:00:00,67.4138170953417
2025-12-17 11:00:00,66.11406483771943
2025-12-17 12:00:00,63.34126002145859
2025-12-17 13:00:00,58.48885159300212
2025-12-17 14:00:00,63.77451077399934
2025-12-17 15:00:00,73.04607687837154
2025-12-17 16:00:00,68.1070182994069
2025-12-17 17:00:00,68.1070182994069
2025-12-17 18:00:00,64.0344612255238
2025-12-17 19:00:00,77.11863395225464
2025-12-17 20:00:00,87.94990276577356
2025-12-17 21:00:00,90.54940728101809
2025-12-17 22:00:00,85.00379764849642
2025-12-17 23:00:00,68.88686965398027
2025-12-18 00:00:00,56.9291488838554
2025-12-18 01:00:00,35.439911557833874
2025-12-18 02:00:00,32.753756892081185
2025-12-18 03:00:00,33.100357494113794
2025-12-18 04:00:00,55.196145873692366
2025-12-18 05:00:00,56.06264737877388
2025-12-18 06:00:00,54.589594820135304
2025-12-18 07:00:00,49.910486692695144
2025-12-18 08:00:00,33.533608246654545
2025-12-18 09:00:00,32.14720583852413
2025-12-18 10:00:00,35.61321185885018
2025-12-18 11:00:00,55.28279602420052
2025-12-18 12:00:00,55.975997228265726
2025-12-18 13:00:00,56.9291488838554
2025-12-18 14:00:00,55.889347077757584
2025-12-18 15:00:00,55.975997228265726
2025-12-18 16:00:00,70.35992221261884
2025-12-18 17:00:00,77.89848530682801
2025-12-18 18:00:00,77.63853485530355
2025-12-18 19:00:00,68.19366844991507
2025-12-18 20:00:00,62.56140866688523
2025-12-18 21:00:00,61.08835610824665
2025-12-18 22:00:00,57.27574948588799
2025-12-18 23:00:00,58.662151894018415
2025-12-19 00:00:00,57.102449184871695
2025-12-19 01:00:00,58.74880204452657
2025-12-19 02:00:00,57.18909933537985
2025-12-19 03:00:00,56.23594767979018
2025-12-19 04:00:00,55.36944617470868
2025-12-19 05:00:00,55.10949572318421
2025-12-19 06:00:00,54.32964436861085
2025-12-19 07:00:00,54.589594820135304
2025-12-19 08:00:00,53.8963936160701
2025-12-19 09:00:00,55.10949572318421
2025-12-19 10:00:00,55.10949572318421
2025-12-19 11:00:00,44.79812781271421
2025-12-19 12:00:00,31.80060523649152
2025-12-19 13:00:00,37.952765922570265
2025-12-19 14:00:00,64.0344612255238
2025-12-19 15:00:00,66.80726604178464
2025-12-19 16:00:00,75.81888169463238
2025-12-19 17:00:00,68.28031860042321
2025-12-19 18:00:00,38.55931697612732
2025-12-19 19:00:00,36.39306321342354
2025-12-19 20:00:00,36.046462611390936
2025-12-19 21:00:00,32.23385598903228
2025-12-19 22:00:00,32.92705719309749
2025-12-19 23:00:00,31.540654784967067
2025-12-20 00:00:00,35.87316231037463
2025-12-20 01:00:00,72.26622552379817
2025-12-20 02:00:00,76.07883214615683
2025-12-20 03:00:00,76.42543274818944
2025-12-20 04:00:00,76.8586835007302
2025-12-20 05:00:00,68.45361890143951
2025-12-20 06:00:00,45.404678866271276
2025-12-20 07:00:00,36.133112761899085
2025-12-20 08:00:00,35.353261407325725
2025-12-20 09:00:00,47.57093262897505
2025-12-20 10:00:00,58.055600840461366
2025-12-20 11:00:00,73.04607687837154
2025-12-20 12:00:00,95.92171661252347
2025-12-20 13:00:00,81.79774207969481
2025-12-20 14:00:00,82.14434268172742
2025-12-20 15:00:00,77.63853485530355
2025-12-20 16:00:00,72.61282612583078
2025-12-20 17:00:00,80.67129012308885
2025-12-20 18:00:00,80.06473906953178
2025-12-20 19:00:00,80.84459042410515
2025-12-20 20:00:00,78.50503636038506
2025-12-20 21:00:00,73.9992285339612
2025-12-20 22:00:00,64.46771197806456
2025-12-20 23:00:00,62.82135911840968
2025-12-21 00:00:00,67.76041769737431
2025-12-21 01:00:00,37.952765922570265
2025-12-21 02:00:00,32.32050613954043
2025-12-21 03:00:00,33.9668589991953
2025-12-21 04:00:00,32.667106741573036
2025-12-21 05:00:00,31.88725538699967
2025-12-21 06:00:00,32.753756892081185
2025-12-21 07:00:00,32.92705719309749
2025-12-21 08:00:00,39.512468631716985
2025-12-21 09:00:00,74.1725288349775
2025-12-21 10:00:00,79.11158741394212
2025-12-21 11:00:00,88.0365529162817
2025-12-21 12:00:00,87.25670156170834
2025-12-21 13:00:00,39.68576893273329
2025-12-21 14:00:00,36.479713363931694
2025-12-21 15:00:00,36.65301366494799
2025-12-21 16:00:00,31.540654784967067
2025-12-21 17:00:00,32.92705719309749
2025-12-21 18:00:00,47.74423292999136
2025-12-21 19:00:00,57.102449184871695
2025-12-21 20:00:00,53.46314286352935
2025-12-21 21:00:00,31.88725538699967
2025-12-21 22:00:00,31.973905537507825
2025-12-21 23:00:00,34.31345960122791
2025-12-22 00:00:00,32.23385598903228
2025-12-22 01:00:00,31.80060523649152
2025-12-22 02:00:00,32.40715629004858
2025-12-22 03:00:00,33.100357494113794
2025-12-22 04:00:00,33.533608246654545
2025-12-22 05:00:00,32.060555688015974
2025-12-22 06:00:00,32.49380644055673
2025-12-22 07:00:00,32.58045659106488
2025-12-22 08:00:00,62.04150776383632
2025-12-22 09:00:00,68.54026905194766
2025-12-22 10:00:00,65.59416393467052
2025-12-22 11:00:00,55.02284557267607
2025-12-22 12:00:00,42.63187405001043
2025-12-22 13:00:00,64.38106182755641
2025-12-22 14:00:00,55.10949572318421
2025-12-22 15:00:00,54.32964436861085
2025-12-22 16:00:00,53.983043766578255
2025-12-22 17:00:00,56.58254828182279
2025-12-22 18:00:00,54.0696939170864
2025-12-22 19:00:00,67.32716694483355
2025-12-22 20:00:00,69.75337115906179
2025-12-22 21:00:00,65.07426303162161
2025-12-22 22:00:00,71.3130738682085
2025-12-22 23:00:00,82.05769253121926
2025-12-23 00:00:00,80.84459042410515
2025-12-23 01:00:00,59.26870294757548
2025-12-23 02:00:00,54.32964436861085
2025-12-23 03:00:00,55.80269692724943
2025-12-23 04:00:00,55.80269692724943
2025-12-23 05:00:00,51.38353925133371
2025-12-23 06:00:00,31.540654784967067
2025-12-23 07:00:00,31.367354483950763
2025-12-23 08:00:00,35.266611256817576
2025-12-23 09:00:00,75.64558139361607
2025-12-23 10:00:00,68.1070182994069
2025-12-23 11:00:00,67.32716694483355
2025-12-23 12:00:00,67.76041769737431
2025-12-23 13:00:00,69.23347025601288
2025-12-23 14:00:00,72.95942672786339
2025-12-23 15:00:00,68.36696875093136
2025-12-23 16:00:00,66.28736513873574
2025-12-23 17:00:00,61.00170595773851
2025-12-23 18:00:00,61.26165640926296
2025-12-23 19:00:00,61.43495671027926
2025-12-23 20:00:00,61.868207462820024
2025-12-23 21:00:00,57.70900023842876
2025-12-23 22:00:00,57.449049786904304
2025-12-23 23:00:00,58.228901141477664
2025-12-24 00:00:00,57.102449184871695
2025-12-24 01:00:00,62.301458215360775
2025-12-24 02:00:00,58.14225099096951
2025-12-24 03:00:00,57.70900023842876
2025-12-24 04:00:00,44.97142811373052
2025-12-24 05:00:00,30.154252376836645
2025-12-24 06:00:00,3.3793558698179
2025-12-24 07:00:00,0.0
2025-12-24 08:00:00,0.0
2025-12-24 09:00:00,22.26908868059488
2025-12-24 10:00:00,56.9291488838554
2025-12-24 11:00:00,56.06264737877388
2025-12-24 12:00:00,56.14929752928204
2025-12-24 13:00:00,80.49798982207254
2025-12-24 14:00:00,102.42047790063482
2025-12-24 15:00:00,99.56102293386583
2025-12-24 16:00:00,79.80478861800734
2025-12-24 17:00:00,61.08835610824665
2025-12-24 18:00:00,59.70195370011624
2025-12-24 19:00:00,59.26870294757548
2025-12-24 20:00:00,56.40924798080649
2025-12-24 21:00:00,55.02284557267607
2025-12-24 22:00:00,40.205669835782196
2025-12-24 23:00:00,32.667106741573036
2025-12-25 00:00:00,31.713955085983372
2025-12-25 01:00:00,32.667106741573036
2025-12-25 02:00:00,48.610734435072864
2025-12-25 03:00:00,55.45609632521682
2025-12-25 04:00:00,55.62939662623313
2025-12-25 05:00:00,54.589594820135304
2025-12-25 06:00:00,40.03236953476589
2025-12-25 07:00:00,33.36030794563825
2025-12-25 08:00:00,31.280704333442614
2025-12-25 09:00:00,36.219762912407234
2025-12-25 10:00:00,56.23594767979018
2025-12-25 11:00:00,56.755848582839086
2025-12-25 12:00:00,56.06264737877388
2025-12-25 13:00:00,55.45609632521682
2025-12-25 14:00:00,55.02284557267607
2025-12-25 15:00:00,55.71604677674127
2025-12-25 16:00:00,58.055600840461366
2025-12-25 17:00:00,55.71604677674127
2025-12-25 18:00:00,55.71604677674127
2025-12-25 19:00:00,55.889347077757584
2025-12-25 20:00:00,44.62482751169791
2025-12-25 21:00:00,48.52408428456472
2025-12-25 22:00:00,52.683291508955975
2025-12-25 23:00:00,52.94324196048043
2025-12-26 00:00:00,53.37649271302119
2025-12-26 01:00:00,53.11654226149674
2025-12-26 02:00:00,53.203192412004896
2025-12-26 03:00:00,53.203192412004896
2025-12-26 04:00:00,53.11654226149674
2025-12-26 05:00:00,40.46562028730665
2025-12-26 06:00:00,35.69986200935833
2025-12-26 07:00:00,32.92705719309749
2025-12-26 08:00:00,31.713955085983372
2025-12-26 09:00:00,32.92705719309749
2025-12-26 10:00:00,31.367354483950763
2025-12-26 11:00:00,33.533608246654545
2025-12-26 12:00:00,32.32050613954043
2025-12-26 13:00:00,32.667106741573036
2025-12-26 14:00:00,55.542746475724975
2025-12-26 15:00:00,71.13977356719221
2025-12-26 16:00:00,69.06016995499657
2025-12-26 17:00:00,64.90096273060531
2025-12-26 18:00:00,54.32964436861085
2025-12-26 19:00:00,34.573410052752365
2025-12-26 20:00:00,32.23385598903228
2025-12-26 21:00:00,33.9668589991953
2025-12-26 22:00:00,32.753756892081185
2025-12-26 23:00:00,31.88725538699967
2025-12-27 00:00:00,33.36030794563825
2025-12-27 01:00:00,32.667106741573036
2025-12-27 02:00:00,31.88725538699967
2025-12-27 03:00:00,32.58045659106488
2025-12-27 04:00:00,32.92705719309749
2025-12-27 05:00:00,32.49380644055673
2025-12-27 06:00:00,31.80060523649152
2025-12-27 07:00:00,33.01370734360564
2025-12-27 08:00:00,32.32050613954043
2025-12-27 09:00:00,38.039416073078414
2025-12-27 10:00:00,57.27574948588799
2025-12-27 11:00:00,70.18662191160254
2025-12-27 12:00:00,72.00627507227372
2025-12-27 13:00:00,71.65967447024111
2025-12-27 14:00:00,68.19366844991507
2025-12-27 15:00:00,61.175006258754806
2025-12-27 16:00:00,61.26165640926296
2025-12-27 17:00:00,59.35535309808363
2025-12-27 18:00:00,60.04855430214884
2025-12-27 19:00:00,50.60368789676035
2025-12-27 20:00:00,32.23385598903228
2025-12-27 21:00:00,31.88725538699967
2025-12-27 22:00:00,32.753756892081185
2025-12-27 23:00:00,31.713955085983372
2025-12-28 00:00:00,32.23385598903228
2025-12-28 01:00:00,32.40715629004858
2025-12-28 02:00:00,32.14720583852413
2025-12-28 03:00:00,32.14720583852413
2025-12-28 04:00:00,41.24547164188001
2025-12-28 05:00:00,56.322597830298335
2025-12-28 06:00:00,55.196145873692366
2025-12-28 07:00:00,53.11654226149674
2025-12-28 08:00:00,31.280704333442614
2025-12-28 09:00:00,38.732617277143625
2025-12-28 10:00:00,43.238425103567494
2025-12-28 11:00:00,55.10949572318421
2025-12-28 12:00:00,59.615303549608086
2025-12-28 13:00:00,55.62939662623313
2025-12-28 14:00:00,54.84954527165976
2025-12-28 15:00:00,55.889347077757584
2025-12-28 16:00:00,54.32964436861085
2025-12-28 17:00:00,34.74671035376866
2025-12-28 18:00:00,31.80060523649152
2025-12-28 19:00:00,31.540654784967067
2025-12-28 20:00:00,53.37649271302119
2025-12-28 21:00:00,54.589594820135304
2025-12-28 22:00:00,52.42334105743152
2025-12-28 23:00:00,52.42334105743152
2025-12-29 00:00:00,53.28984256251304
2025-12-29 01:00:00,54.15634406759455
2025-12-29 02:00:00,53.029892110988584
2025-12-29 03:00:00,54.24299421810271
2025-12-29 04:00:00,53.11654226149674
2025-12-29 05:00:00,54.416294519119006
2025-12-29 06:00:00,54.762895121151615
2025-12-29 07:00:00,55.45609632521682
2025-12-29 08:00:00,56.49589813131463
2025-12-29 09:00:00,55.196145873692366
2025-12-29 10:00:00,47.3109821774506
2025-12-29 11:00:00,30.760803430393707
2025-12-29 12:00:00,29.63435147378774
2025-12-29 13:00:00,29.980952075820348
2025-12-29 14:00:00,41.59207224391262
2025-12-29 15:00:00,56.49589813131463
2025-12-29 16:00:00,60.741755506214055
2025-12-29 17:00:00,78.50503636038506
2025-12-29 18:00:00,77.20528410276279
2025-12-29 19:00:00,53.029892110988584
2025-12-29 20:00:00,45.92457976932018
2025-12-29 21:00:00,30.760803430393707
2025-12-29 22:00:00,30.67415327988555
2025-12-29 23:00:00,31.10740403242631
2025-12-30 00:00:00,30.32755267785295
2025-12-30 01:00:00,31.367354483950763
2025-12-30 02:00:00,30.32755267785295
2025-12-30 03:00:00,30.154252376836645
2025-12-30 04:00:00,31.627304935475216
2025-12-30 05:00:00,31.194054182934465
2025-12-30 06:00:00,30.847453580901856
2025-12-30 07:00:00,30.587503129377403
2025-12-30 08:00:00,30.067602226328496
2025-12-30 09:00:00,30.154252376836645
2025-12-30 10:00:00,31.627304935475216
2025-12-30 11:00:00,30.760803430393707
2025-12-30 12:00:00,30.067602226328496
2025-12-30 13:00:00,30.154252376836645
2025-12-30 14:00:00,30.500852978869254
2025-12-30 15:00:00,39.16586802968438
2025-12-30 16:00:00,56.9291488838554
2025-12-30 17:00:00,78.50503636038506
2025-12-30 18:00:00,70.18662191160254
2025-12-30 19:00:00,57.102449184871695
2025-12-30 20:00:00,43.585025705600096
2025-12-30 21:00:00,38.99256772866808
2025-12-30 22:00:00,34.48675990224421
2025-12-30 23:00:00,32.40715629004858
2025-12-31 00:00:00,33.9668589991953
2025-12-31 01:00:00,32.49380644055673
2025-12-31 02:00:00,32.840407042589334
2025-12-31 03:00:00,33.880208848687154
2025-12-31 04:00:00,31.88725538699967
2025-12-31 05:00:00,32.58045659106488
2025-12-31 06:00:00,33.880208848687154
2025-12-31 07:00:00,31.973905537507825
2025-12-31 08:00:00,31.713955085983372
2025-12-31 09:00:00,38.55931697612732
2025-12-31 10:00:00,35.78651215986648
2025-12-31 11:00:00,33.36030794563825
2025-12-31 12:00:00,31.80060523649152
2025-12-31 13:00:00,55.542746475724975
2025-12-31 14:00:00,65.24756333263792
2025-12-31 15:00:00,65.85411438619498
2025-12-31 16:00:00,67.06721649330909
2025-12-31 17:00:00,45.92457976932018
2025-12-31 18:00:00,39.16586802968438
2025-12-31 19:00:00,36.133112761899085
2025-12-31 20:00:00,34.660060203260514
2025-12-31 21:00:00,32.23385598903228
2025-12-31 22:00:00,32.840407042589334
2025-12-31 23:00:00,32.14720583852413
