datetime,pv_kW
2025-01-01 00:00:00,0.0
2025-01-01 01:00:00,0.0
2025-01-01 02:00:00,0.0
2025-01-01 03:00:00,0.0
2025-01-01 04:00:00,0.0
2025-01-01 05:00:00,0.0
2025-01-01 06:00:00,0.0
2025-01-01 07:00:00,0.0
2025-01-01 08:00:00,1.8602334207425668
2025-01-01 09:00:00,3.5890881370856325
2025-01-01 10:00:00,4.81157303069816
2025-01-01 11:00:00,5.444377776332263
2025-01-01 12:00:00,5.444377776332263
2025-01-01 13:00:00,4.81157303069816
2025-01-01 14:00:00,3.5890881370856325
2025-01-01 15:00:00,1.8602334207425668
2025-01-01 16:00:00,0.0
2025-01-01 17:00:00,0.0
2025-01-01 18:00:00,0.0
2025-01-01 19:00:00,0.0
2025-01-01 20:00:00,0.0
2025-01-01 21:00:00,0.0
2025-01-01 22:00:00,0.0
2025-01-01 23:00:00,0.0
2025-01-02 00:00:00,0.0
2025-01-02 01:00:00,0.0
2025-01-02 02:00:00,0.0
2025-01-02 03:00:00,0.0
2025-01-02 04:00:00,0.0
2025-01-02 05:00:00,0.0
2025-01-02 06:00:00,0.0
2025-01-02 07:00:00,0.0
2025-01-02 08:00:00,1.8764598614023649
2025-01-02 09:00:00,3.6063520885101936
2025-01-02 10:00:00,4.829570613020039
2025-01-02 11:00:00,5.462755113950743
2025-01-02 12:00:00,5.462755113950743
2025-01-02 13:00:00,4.829570613020039
2025-01-02 14:00:00,3.6063520885101936
2025-01-02 15:00:00,1.8764598614023649
2025-01-02 16:00:00,0.0
2025-01-02 17:00:00,0.0
2025-01-02 18:00:00,0.0
2025-01-02 19:00:00,0.0
2025-01-02 20:00:00,0.0
2025-01-02 21:00:00,0.0
2025-01-02 22:00:00,0.0
2025-01-02 23:00:00,0.0
2025-01-03 00:00:00,0.0
2025-01-03 01:00:00,0.0
2025-01-03 02:00:00,0.0
2025-01-03 03:00:00,0.0
2025-01-03 04:00:00,0.0
2025-01-03 05:00:00,0.0
2025-01-03 06:00:00,0.0
2025-01-03 07:00:00,0.0
2025-01-03 08:00:00,1.894041674449444
2025-01-03 09:00:00,3.625054432560785
2025-01-03 10:00:00,4.849065292141744
2025-01-03 11:00:00,5.482659935885462
2025-01-03 12:00:00,5.482659935885462
2025-01-03 13:00:00,4.849065292141744
2025-01-03 14:00:00,3.625054432560785
2025-01-03 15:00:00,1.894041674449444
2025-01-03 16:00:00,0.0
2025-01-03 17:00:00,0.0
2025-01-03 18:00:00,0.0
2025-01-03 19:00:00,0.0
2025-01-03 20:00:00,0.0
2025-01-03 21:00:00,0.0
2025-01-03 22:00:00,0.0
2025-01-03 23:00:00,0.0
2025-01-04 00:00:00,0.0
2025-01-04 01:00:00,0.0
2025-01-04 02:00:00,0.0
2025-01-04 03:00:00,0.0
2025-01-04 04:00:00,0.0
2025-01-04 05:00:00,0.0
2025-01-04 06:00:00,0.0
2025-01-04 07:00:00,0.0
2025-01-04 08:00:00,1.9129725815116538
2025-01-04 09:00:00,3.645187613701101
2025-01-04 10:00:00,4.870048609435532
2025-01-04 11:00:00,5.504083316034149
2025-01-04 12:00:00,5.504083316034149
2025-01-04 13:00:00,4.870048609435532
2025-01-04 14:00:00,3.645187613701101
2025-01-04 15:00:00,1.9129725815116538
2025-01-04 16:00:00,0.0
2025-01-04 17:00:00,0.0
2025-01-04 18:00:00,0.0
2025-01-04 19:00:00,0.0
2025-01-04 20:00:00,0.0
2025-01-04 21:00:00,0.0
2025-01-04 22:00:00,0.0
2025-01-04 23:00:00,0.0
2025-01-05 00:00:00,0.0
2025-01-05 01:00:00,0.0
2025-01-05 02:00:00,0.0
2025-01-05 03:00:00,0.0
2025-01-05 04:00:00,0.0
2025-01-05 05:00:00,0.0
2025-01-05 06:00:00,0.0
2025-01-05 07:00:00,0.0
2025-01-05 08:00:00,1.9332458087956108
2025-01-05 09:00:00,3.6667434868897906
2025-01-05 10:00:00,4.8925114502413205
2025-01-05 11:00:00,5.527015637825129
2025-01-05 12:00:00,5.527015637825129
2025-01-05 13:00:00,4.8925114502413205
2025-01-05 14:00:00,3.6667434868897906
2025-01-05 15:00:00,1.9332458087956108
2025-01-05 16:00:00,0.0
2025-01-05 17:00:00,0.0
2025-01-05 18:00:00,0.0
2025-01-05 19:00:00,0.0
2025-01-05 20:00:00,0.0
2025-01-05 21:00:00,0.0
2025-01-05 22:00:00,0.0
2025-01-05 23:00:00,0.0
2025-01-06 00:00:00,0.0
2025-01-06 01:00:00,0.0
2025-01-06 02:00:00,0.0
2025-01-06 03:00:00,0.0
2025-01-06 04:00:00,0.0
2025-01-06 05:00:00,0.0
2025-01-06 06:00:00,0.0
2025-01-06 07:00:00,0.0
2025-01-06 08:00:00,1.9548540866159863
2025-01-06 09:00:00,3.689713318482689
2025-01-06 10:00:00,4.916444045739719
2025-01-06 11:00:00,5.551446596592891
2025-01-06 12:00:00,5.551446596592891
2025-01-06 13:00:00,4.916444045739719
2025-01-06 14:00:00,3.689713318482689
2025-01-06 15:00:00,1.9548540866159863
2025-01-06 16:00:00,0.0
2025-01-06 17:00:00,0.0
2025-01-06 18:00:00,0.0
2025-01-06 19:00:00,0.0
2025-01-06 20:00:00,0.0
2025-01-06 21:00:00,0.0
2025-01-06 22:00:00,0.0
2025-01-06 23:00:00,0.0
2025-01-07 00:00:00,0.0
2025-01-07 01:00:00,0.0
2025-01-07 02:00:00,0.0
2025-01-07 03:00:00,0.0
2025-01-07 04:00:00,0.0
2025-01-07 05:00:00,0.0
2025-01-07 06:00:00,0.0
2025-01-07 07:00:00,0.0
2025-01-07 08:00:00,1.9777896489645472
2025-01-07 09:00:00,3.7140877872726303
2025-01-07 10:00:00,4.941835975031854
2025-01-07 11:00:00,5.5773652021962405
2025-01-07 12:00:00,5.5773652021962405
2025-01-07 13:00:00,4.941835975031854
2025-01-07 14:00:00,3.7140877872726303
2025-01-07 15:00:00,1.9777896489645472
2025-01-07 16:00:00,0.0
2025-01-07 17:00:00,0.0
2025-01-07 18:00:00,0.0
2025-01-07 19:00:00,0.0
2025-01-07 20:00:00,0.0
2025-01-07 21:00:00,0.0
2025-01-07 22:00:00,0.0
2025-01-07 23:00:00,0.0
2025-01-08 00:00:00,0.0
2025-01-08 01:00:00,0.0
2025-01-08 02:00:00,0.0
2025-01-08 03:00:00,0.0
2025-01-08 04:00:00,0.0
2025-01-08 05:00:00,0.0
2025-01-08 06:00:00,0.0
2025-01-08 07:00:00,0.0
2025-01-08 08:00:00,2.0020442331337094
2025-01-08 09:00:00,3.739856985681097
2025-01-08 10:00:00,4.968676167439815
2025-01-08 11:00:00,5.604759781892719
2025-01-08 12:00:00,5.604759781892719
2025-01-08 13:00:00,4.968676167439815
2025-01-08 14:00:00,3.739856985681097
2025-01-08 15:00:00,2.0020442331337094
2025-01-08 16:00:00,0.0
2025-01-08 17:00:00,0.0
2025-01-08 18:00:00,0.0
2025-01-08 19:00:00,0.0
2025-01-08 20:00:00,0.0
2025-01-08 21:00:00,0.0
2025-01-08 22:00:00,0.0
2025-01-08 23:00:00,0.0
2025-01-09 00:00:00,0.0
2025-01-09 01:00:00,0.0
2025-01-09 02:00:00,0.0
2025-01-09 03:00:00,0.0
2025-01-09 04:00:00,0.0
2025-01-09 05:00:00,0.0
2025-01-09 06:00:00,0.0
2025-01-09 07:00:00,0.0
2025-01-09 08:00:00,2.0276090794099444
2025-01-09 09:00:00,3.767010421116474
2025-01-09 10:00:00,4.996952905042142
2025-01-09 11:00:00,5.63361798348347
2025-01-09 12:00:00,5.63361798348347
2025-01-09 13:00:00,4.996952905042142
2025-01-09 14:00:00,3.767010421116474
2025-01-09 15:00:00,2.0276090794099444
2025-01-09 16:00:00,0.0
2025-01-09 17:00:00,0.0
2025-01-09 18:00:00,0.0
2025-01-09 19:00:00,0.0
2025-01-09 20:00:00,0.0
2025-01-09 21:00:00,0.0
2025-01-09 22:00:00,0.0
2025-01-09 23:00:00,0.0
2025-01-10 00:00:00,0.0
2025-01-10 01:00:00,0.0
2025-01-10 02:00:00,0.0
2025-01-10 03:00:00,0.0
2025-01-10 04:00:00,0.0
2025-01-10 05:00:00,0.0
2025-01-10 06:00:00,0.0
2025-01-10 07:00:00,0.0
2025-01-10 08:00:00,2.054474930853162
2025-01-10 09:00:00,3.7955370175143823
2025-01-10 10:00:00,5.026653825459332
2025-01-10 11:00:00,5.663926778743282
2025-01-10 12:00:00,5.663926778743282
2025-01-10 13:00:00,5.026653825459332
2025-01-10 14:00:00,3.7955370175143823
2025-01-10 15:00:00,2.054474930853162
2025-01-10 16:00:00,0.0
2025-01-10 17:00:00,0.0
2025-01-10 18:00:00,0.0
2025-01-10 19:00:00,0.0
2025-01-10 20:00:00,0.0
2025-01-10 21:00:00,0.0
2025-01-10 22:00:00,0.0
2025-01-10 23:00:00,0.0
2025-01-11 00:00:00,0.0
2025-01-11 01:00:00,0.0
2025-01-11 02:00:00,0.0
2025-01-11 03:00:00,0.0
2025-01-11 04:00:00,0.0
2025-01-11 05:00:00,0.0
2025-01-11 06:00:00,0.0
2025-01-11 07:00:00,0.0
2025-01-11 08:00:00,2.082632033178651
2025-01-11 09:00:00,3.825425117075933
2025-01-11 10:00:00,5.057765924904716
2025-01-11 11:00:00,5.695672467150944
2025-01-11 12:00:00,5.695672467150944
2025-01-11 13:00:00,5.057765924904716
2025-01-11 14:00:00,3.825425117075933
2025-01-11 15:00:00,2.082632033178651
2025-01-11 16:00:00,0.0
2025-01-11 17:00:00,0.0
2025-01-11 18:00:00,0.0
2025-01-11 19:00:00,0.0
2025-01-11 20:00:00,0.0
2025-01-11 21:00:00,0.0
2025-01-11 22:00:00,0.0
2025-01-11 23:00:00,0.0
2025-01-12 00:00:00,0.0
2025-01-12 01:00:00,0.0
2025-01-12 02:00:00,0.0
2025-01-12 03:00:00,0.0
2025-01-12 04:00:00,0.0
2025-01-12 05:00:00,0.0
2025-01-12 06:00:00,0.0
2025-01-12 07:00:00,0.0
2025-01-12 08:00:00,2.112070134758842
2025-01-12 09:00:00,3.856662482220395
2025-01-12 10:00:00,5.090275561516619
2025-01-12 11:00:00,5.728840679935477
2025-01-12 12:00:00,5.728840679935477
2025-01-12 13:00:00,5.090275561516619
2025-01-12 14:00:00,3.856662482220395
2025-01-12 15:00:00,2.112070134758842
2025-01-12 16:00:00,0.0
2025-01-12 17:00:00,0.0
2025-01-12 18:00:00,0.0
2025-01-12 19:00:00,0.0
2025-01-12 20:00:00,0.0
2025-01-12 21:00:00,0.0
2025-01-12 22:00:00,0.0
2025-01-12 23:00:00,0.0
2025-01-13 00:00:00,0.0
2025-01-13 01:00:00,0.0
2025-01-13 02:00:00,0.0
2025-01-13 03:00:00,0.0
2025-01-13 04:00:00,0.0
2025-01-13 05:00:00,0.0
2025-01-13 06:00:00,0.0
2025-01-13 07:00:00,0.0038132396304544946
2025-01-13 08:00:00,2.142778486762437
2025-01-13 09:00:00,3.889236297768928
2025-01-13 10:00:00,5.124168458987833
2025-01-13 11:00:00,5.763416384453971
2025-01-13 12:00:00,5.763416384453971
2025-01-13 13:00:00,5.124168458987833
2025-01-13 14:00:00,3.889236297768928
2025-01-13 15:00:00,2.142778486762437
2025-01-13 16:00:00,0.0038132396304544946
2025-01-13 17:00:00,0.0
2025-01-13 18:00:00,0.0
2025-01-13 19:00:00,0.0
2025-01-13 20:00:00,0.0
2025-01-13 21:00:00,0.0
2025-01-13 22:00:00,0.0
2025-01-13 23:00:00,0.0
2025-01-14 00:00:00,0.0
2025-01-14 01:00:00,0.0
2025-01-14 02:00:00,0.0
2025-01-14 03:00:00,0.0
2025-01-14 04:00:00,0.0
2025-01-14 05:00:00,0.0
2025-01-14 06:00:00,0.0
2025-01-14 07:00:00,0.03341742791436921
2025-01-14 08:00:00,2.1747458434490508
2025-01-14 09:00:00,3.9231331733765034
2025-01-14 10:00:00,5.159429710508848
2025-01-14 11:00:00,5.79938388891714
2025-01-14 12:00:00,5.79938388891714
2025-01-14 13:00:00,5.159429710508848
2025-01-14 14:00:00,3.9231331733765034
2025-01-14 15:00:00,2.1747458434490508
2025-01-14 16:00:00,0.03341742791436921
2025-01-14 17:00:00,0.0
2025-01-14 18:00:00,0.0
2025-01-14 19:00:00,0.0
2025-01-14 20:00:00,0.0
2025-01-14 21:00:00,0.0
2025-01-14 22:00:00,0.0
2025-01-14 23:00:00,0.0
2025-01-15 00:00:00,0.0
2025-01-15 01:00:00,0.0
2025-01-15 02:00:00,0.0
2025-01-15 03:00:00,0.0
2025-01-15 04:00:00,0.0
2025-01-15 05:00:00,0.0
2025-01-15 06:00:00,0.0
2025-01-15 07:00:00,0.06419314691567356
2025-01-15 08:00:00,2.2079604626377054
2025-01-15 09:00:00,3.9583391462293522
2025-01-15 10:00:00,5.1960437830413895
2025-01-15 11:00:00,5.836726847478696
2025-01-15 12:00:00,5.836726847478696
2025-01-15 13:00:00,5.1960437830413895
2025-01-15 14:00:00,3.9583391462293522
2025-01-15 15:00:00,2.2079604626377054
2025-01-15 16:00:00,0.06419314691567356
2025-01-15 17:00:00,0.0
2025-01-15 18:00:00,0.0
2025-01-15 19:00:00,0.0
2025-01-15 20:00:00,0.0
2025-01-15 21:00:00,0.0
2025-01-15 22:00:00,0.0
2025-01-15 23:00:00,0.0
2025-01-16 00:00:00,0.0
2025-01-16 01:00:00,0.0
2025-01-16 02:00:00,0.0
2025-01-16 03:00:00,0.0
2025-01-16 04:00:00,0.0
2025-01-16 05:00:00,0.0
2025-01-16 06:00:00,0.0
2025-01-16 07:00:00,0.09613096865684373
2025-01-16 08:00:00,2.2424101063678448
2025-01-16 09:00:00,3.9948396840253855
2025-01-16 10:00:00,5.23399452193891
2025-01-16 11:00:00,5.875428265704804
2025-01-16 12:00:00,5.875428265704804
2025-01-16 13:00:00,5.23399452193891
2025-01-16 14:00:00,3.9948396840253855
2025-01-16 15:00:00,2.2424101063678448
2025-01-16 16:00:00,0.09613096865684373
2025-01-16 17:00:00,0.0
2025-01-16 18:00:00,0.0
2025-01-16 19:00:00,0.0
2025-01-16 20:00:00,0.0
2025-01-16 21:00:00,0.0
2025-01-16 22:00:00,0.0
2025-01-16 23:00:00,0.0
2025-01-17 00:00:00,0.0
2025-01-17 01:00:00,0.0
2025-01-17 02:00:00,0.0
2025-01-17 03:00:00,0.0
2025-01-17 04:00:00,0.0
2025-01-17 05:00:00,0.0
2025-01-17 06:00:00,0.0
2025-01-17 07:00:00,0.12922105757766666
2025-01-17 08:00:00,2.2780820417717145
2025-01-17 09:00:00,4.032619688255144
2025-01-17 10:00:00,5.273265155930661
2025-01-17 11:00:00,5.915470506439757
2025-01-17 12:00:00,5.915470506439757
2025-01-17 13:00:00,5.273265155930661
2025-01-17 14:00:00,4.032619688255144
2025-01-17 15:00:00,2.2780820417717145
2025-01-17 16:00:00,0.12922105757766666
2025-01-17 17:00:00,0.0
2025-01-17 18:00:00,0.0
2025-01-17 19:00:00,0.0
2025-01-17 20:00:00,0.0
2025-01-17 21:00:00,0.0
2025-01-17 22:00:00,0.0
2025-01-17 23:00:00,0.0
2025-01-18 00:00:00,0.0
2025-01-18 01:00:00,0.0
2025-01-18 02:00:00,0.0
2025-01-18 03:00:00,0.0
2025-01-18 04:00:00,0.0
2025-01-18 05:00:00,0.0
2025-01-18 06:00:00,0.0
2025-01-18 07:00:00,0.1634531685805929
2025-01-18 08:00:00,2.314963042177122
2025-01-18 09:00:00,4.071663497800933
2025-01-18 10:00:00,5.313838302486027
2025-01-18 11:00:00,5.956835296084039
2025-01-18 12:00:00,5.956835296084039
2025-01-18 13:00:00,5.313838302486027
2025-01-18 14:00:00,4.071663497800933
2025-01-18 15:00:00,2.314963042177122
2025-01-18 16:00:00,0.1634531685805929
2025-01-18 17:00:00,0.0
2025-01-18 18:00:00,0.0
2025-01-18 19:00:00,0.0
2025-01-18 20:00:00,0.0
2025-01-18 21:00:00,0.0
2025-01-18 22:00:00,0.0
2025-01-18 23:00:00,0.0
2025-01-19 00:00:00,0.0
2025-01-19 01:00:00,0.0
2025-01-19 02:00:00,0.0
2025-01-19 03:00:00,0.0
2025-01-19 04:00:00,0.0
2025-01-19 05:00:00,0.0
2025-01-19 06:00:00,0.0
2025-01-19 07:00:00,0.19881664521977982
2025-01-19 08:00:00,2.3530393884595515
2025-01-19 09:00:00,4.111954892871573
2025-01-19 10:00:00,5.35569597357547
2025-01-19 11:00:00,5.999503731300588
2025-01-19 12:00:00,5.999503731300588
2025-01-19 13:00:00,5.35569597357547
2025-01-19 14:00:00,4.111954892871573
2025-01-19 15:00:00,2.3530393884595515
2025-01-19 16:00:00,0.19881664521977982
2025-01-19 17:00:00,0.0
2025-01-19 18:00:00,0.0
2025-01-19 19:00:00,0.0
2025-01-19 20:00:00,0.0
2025-01-19 21:00:00,0.0
2025-01-19 22:00:00,0.0
2025-01-19 23:00:00,0.0
2025-01-20 00:00:00,0.0
2025-01-20 01:00:00,0.0
2025-01-20 02:00:00,0.0
2025-01-20 03:00:00,0.0
2025-01-20 04:00:00,0.0
2025-01-20 05:00:00,0.0
2025-01-20 06:00:00,0.0
2025-01-20 07:00:00,0.2353004180549074
2025-01-20 08:00:00,2.3922968706627104
2025-01-20 09:00:00,4.153477099290215
2025-01-20 10:00:00,5.3988195818444
2025-01-20 11:00:00,6.043456286164952
2025-01-20 12:00:00,6.043456286164952
2025-01-20 13:00:00,5.3988195818444
2025-01-20 14:00:00,4.153477099290215
2025-01-20 15:00:00,2.3922968706627104
2025-01-20 16:00:00,0.2353004180549074
2025-01-20 17:00:00,0.0
2025-01-20 18:00:00,0.0
2025-01-20 19:00:00,0.0
2025-01-20 20:00:00,0.0
2025-01-20 21:00:00,0.0
2025-01-20 22:00:00,0.0
2025-01-20 23:00:00,0.0
2025-01-21 00:00:00,0.0
2025-01-21 01:00:00,0.0
2025-01-21 02:00:00,0.0
2025-01-21 03:00:00,0.0
2025-01-21 04:00:00,0.0
2025-01-21 05:00:00,0.0
2025-01-21 06:00:00,0.0
2025-01-21 07:00:00,0.27289300319077053
2025-01-21 08:00:00,2.4327207899063437
2025-01-21 09:00:00,4.196212793152308
2025-01-21 10:00:00,5.443189947215778
2025-01-21 11:00:00,6.08867281977451
2025-01-21 12:00:00,6.08867281977451
2025-01-21 13:00:00,5.443189947215778
2025-01-21 14:00:00,4.196212793152308
2025-01-21 15:00:00,2.4327207899063437
2025-01-21 16:00:00,0.27289300319077053
2025-01-21 17:00:00,0.0
2025-01-21 18:00:00,0.0
2025-01-21 19:00:00,0.0
2025-01-21 20:00:00,0.0
2025-01-21 21:00:00,0.0
2025-01-21 22:00:00,0.0
2025-01-21 23:00:00,0.0
2025-01-22 00:00:00,0.0
2025-01-22 01:00:00,0.0
2025-01-22 02:00:00,0.0
2025-01-22 03:00:00,0.0
2025-01-22 04:00:00,0.0
2025-01-22 05:00:00,0.0
2025-01-22 06:00:00,0.0
2025-01-22 07:00:00,0.31158250102375773
2025-01-22 08:00:00,2.4742959606001262
2025-01-22 09:00:00,4.240144105870606
2025-01-22 10:00:00,5.488787303937049
2025-01-22 11:00:00,6.1351325843316795
2025-01-22 12:00:00,6.1351325843316795
2025-01-22 13:00:00,5.488787303937049
2025-01-22 14:00:00,4.240144105870606
2025-01-22 15:00:00,2.4742959606001262
2025-01-22 16:00:00,0.31158250102375773
2025-01-22 17:00:00,0.0
2025-01-22 18:00:00,0.0
2025-01-22 19:00:00,0.0
2025-01-22 20:00:00,0.0
2025-01-22 21:00:00,0.0
2025-01-22 22:00:00,0.0
2025-01-22 23:00:00,0.0
2025-01-23 00:00:00,0.0
2025-01-23 01:00:00,0.0
2025-01-23 02:00:00,0.0
2025-01-23 03:00:00,0.0
2025-01-23 04:00:00,0.0
2025-01-23 05:00:00,0.0
2025-01-23 06:00:00,0.0
2025-01-23 07:00:00,0.35135659521616497
2025-01-23 08:00:00,2.5170067129820706
2025-01-23 09:00:00,4.2852526296236615
2025-01-23 10:00:00,5.535591308086352
2025-01-23 11:00:00,6.182814233715274
2025-01-23 12:00:00,6.182814233715274
2025-01-23 13:00:00,5.535591308086352
2025-01-23 14:00:00,4.2852526296236615
2025-01-23 15:00:00,2.5170067129820706
2025-01-23 16:00:00,0.35135659521616497
2025-01-23 17:00:00,0.0
2025-01-23 18:00:00,0.0
2025-01-23 19:00:00,0.0
2025-01-23 20:00:00,0.0
2025-01-23 21:00:00,0.0
2025-01-23 22:00:00,0.0
2025-01-23 23:00:00,0.0
2025-01-24 00:00:00,0.0
2025-01-24 01:00:00,0.0
2025-01-24 02:00:00,0.0
2025-01-24 03:00:00,0.0
2025-01-24 04:00:00,0.0
2025-01-24 05:00:00,0.0
2025-01-24 06:00:00,0.0
2025-01-24 07:00:00,0.3922025519191688
2025-01-24 08:00:00,2.560836895999636
2025-01-24 09:00:00,4.331519423223777
2025-01-24 10:00:00,5.583581045552505
2025-01-24 11:00:00,6.231695832553773
2025-01-24 12:00:00,6.231695832553773
2025-01-24 13:00:00,5.583581045552505
2025-01-24 14:00:00,4.331519423223777
2025-01-24 15:00:00,2.560836895999636
2025-01-24 16:00:00,0.3922025519191688
2025-01-24 17:00:00,0.0
2025-01-24 18:00:00,0.0
2025-01-24 19:00:00,0.0
2025-01-24 20:00:00,0.0
2025-01-24 21:00:00,0.0
2025-01-24 22:00:00,0.0
2025-01-24 23:00:00,0.0
2025-01-25 00:00:00,0.0
2025-01-25 01:00:00,0.0
2025-01-25 02:00:00,0.0
2025-01-25 03:00:00,0.0
2025-01-25 04:00:00,0.0
2025-01-25 05:00:00,0.0
2025-01-25 06:00:00,0.0
2025-01-25 07:00:00,0.43410721926503687
2025-01-25 08:00:00,2.605769880551276
2025-01-25 09:00:00,4.378925018419898
2025-01-25 10:00:00,5.632735040502567
2025-01-25 11:00:00,6.281754865813381
2025-01-25 12:00:00,6.281754865813381
2025-01-25 13:00:00,5.632735040502567
2025-01-25 14:00:00,4.378925018419898
2025-01-25 15:00:00,2.605769880551276
2025-01-25 16:00:00,0.43410721926503687
2025-01-25 17:00:00,0.0
2025-01-25 18:00:00,0.0
2025-01-25 19:00:00,0.0
2025-01-25 20:00:00,0.0
2025-01-25 21:00:00,0.0
2025-01-25 22:00:00,0.0
2025-01-25 23:00:00,0.0
2025-01-26 00:00:00,0.0
2025-01-26 01:00:00,0.0
2025-01-26 02:00:00,0.0
2025-01-26 03:00:00,0.0
2025-01-26 04:00:00,0.0
2025-01-26 05:00:00,0.0
2025-01-26 06:00:00,0.0
2025-01-26 07:00:00,0.4770570271488978
2025-01-26 08:00:00,2.651788563105742
2025-01-26 09:00:00,4.427449426650208
2025-01-26 10:00:00,5.68303126435006
2025-01-26 11:00:00,6.332968248913149
2025-01-26 12:00:00,6.332968248913149
2025-01-26 13:00:00,5.68303126435006
2025-01-26 14:00:00,4.427449426650208
2025-01-26 15:00:00,2.651788563105742
2025-01-26 16:00:00,0.4770570271488978
2025-01-26 17:00:00,0.0
2025-01-26 18:00:00,0.0
2025-01-26 19:00:00,0.0
2025-01-26 20:00:00,0.0
2025-01-26 21:00:00,0.0
2025-01-26 22:00:00,0.0
2025-01-26 23:00:00,0.0
2025-01-27 00:00:00,0.0
2025-01-27 01:00:00,0.0
2025-01-27 02:00:00,0.0
2025-01-27 03:00:00,0.0
2025-01-27 04:00:00,0.0
2025-01-27 05:00:00,0.0
2025-01-27 06:00:00,0.0
2025-01-27 07:00:00,0.5210379873199397
2025-01-27 08:00:00,2.698875369715799
2025-01-27 09:00:00,4.477072146258608
2025-01-27 10:00:00,5.7344471452360875
2025-01-27 11:00:00,6.385312338378355
2025-01-27 12:00:00,6.385312338378355
2025-01-27 13:00:00,5.7344471452360875
2025-01-27 14:00:00,4.477072146258608
2025-01-27 15:00:00,2.698875369715799
2025-01-27 16:00:00,0.5210379873199397
2025-01-27 17:00:00,0.0
2025-01-27 18:00:00,0.0
2025-01-27 19:00:00,0.0
2025-01-27 20:00:00,0.0
2025-01-27 21:00:00,0.0
2025-01-27 22:00:00,0.0
2025-01-27 23:00:00,0.0
2025-01-28 00:00:00,0.0
2025-01-28 01:00:00,0.0
2025-01-28 02:00:00,0.0
2025-01-28 03:00:00,0.0
2025-01-28 04:00:00,0.0
2025-01-28 05:00:00,0.0
2025-01-28 06:00:00,0.0
2025-01-28 07:00:00,0.5660356938015744
2025-01-28 08:00:00,2.7470122604425393
2025-01-28 09:00:00,4.527772170188379
2025-01-28 10:00:00,5.786959578034805
2025-01-28 11:00:00,6.438762943042665
2025-01-28 12:00:00,6.438762943042665
2025-01-28 13:00:00,5.786959578034805
2025-01-28 14:00:00,4.527772170188379
2025-01-28 15:00:00,2.7470122604425393
2025-01-28 16:00:00,0.5660356938015744
2025-01-28 17:00:00,0.0
2025-01-28 18:00:00,0.0
2025-01-28 19:00:00,0.0
2025-01-28 20:00:00,0.0
2025-01-28 21:00:00,0.0
2025-01-28 22:00:00,0.0
2025-01-28 23:00:00,0.0
2025-01-29 00:00:00,0.0
2025-01-29 01:00:00,0.0
2025-01-29 02:00:00,0.0
2025-01-29 03:00:00,0.0
2025-01-29 04:00:00,0.0
2025-01-29 05:00:00,0.0
2025-01-29 06:00:00,0.0
2025-01-29 07:00:00,0.612035323659457
2025-01-29 08:00:00,2.7961807342055938
2025-01-29 09:00:00,4.5795279941655
2025-01-29 10:00:00,5.8405449348935985
2025-01-29 11:00:00,6.493295335808295
2025-01-29 12:00:00,6.493295335808295
2025-01-29 13:00:00,5.8405449348935985
2025-01-29 14:00:00,4.5795279941655
2025-01-29 15:00:00,2.7961807342055938
2025-01-29 16:00:00,0.612035323659457
2025-01-29 17:00:00,0.0
2025-01-29 18:00:00,0.0
2025-01-29 19:00:00,0.0
2025-01-29 20:00:00,0.0
2025-01-29 21:00:00,0.0
2025-01-29 22:00:00,0.0
2025-01-29 23:00:00,0.0
2025-01-30 00:00:00,0.0
2025-01-30 01:00:00,0.0
2025-01-30 02:00:00,0.0
2025-01-30 03:00:00,0.0
2025-01-30 04:00:00,0.0
2025-01-30 05:00:00,0.0
2025-01-30 06:00:00,0.0
2025-01-30 07:00:00,0.6590216381357984
2025-01-30 08:00:00,2.8463618340739334
2025-01-30 09:00:00,4.632317625383204
2025-01-30 10:00:00,5.895179076317375
2025-01-30 11:00:00,6.548884265972507
2025-01-30 12:00:00,6.548884265972507
2025-01-30 13:00:00,5.895179076317375
2025-01-30 14:00:00,4.632317625383204
2025-01-30 15:00:00,2.8463618340739334
2025-01-30 16:00:00,0.6590216381357984
2025-01-30 17:00:00,0.0
2025-01-30 18:00:00,0.0
2025-01-30 19:00:00,0.0
2025-01-30 20:00:00,0.0
2025-01-30 21:00:00,0.0
2025-01-30 22:00:00,0.0
2025-01-30 23:00:00,0.0
2025-01-31 00:00:00,0.0
2025-01-31 01:00:00,0.0
2025-01-31 02:00:00,0.0
2025-01-31 03:00:00,0.0
2025-01-31 04:00:00,0.0
2025-01-31 05:00:00,0.0
2025-01-31 06:00:00,0.0
2025-01-31 07:00:00,0.7069789841676312
2025-01-31 08:00:00,2.897536153010972
2025-01-31 09:00:00,4.68611859169828
2025-01-31 10:00:00,5.950837362805247
2025-01-31 11:00:00,6.605503972127526
2025-01-31 12:00:00,6.605503972127526
2025-01-31 13:00:00,5.950837362805247
2025-01-31 14:00:00,4.68611859169828
2025-01-31 15:00:00,2.897536153010972
2025-01-31 16:00:00,0.7069789841676312
2025-01-31 17:00:00,0.0
2025-01-31 18:00:00,0.0
2025-01-31 19:00:00,0.0
2025-01-31 20:00:00,0.0
2025-01-31 21:00:00,0.0
2025-01-31 22:00:00,0.0
2025-01-31 23:00:00,0.0
2025-02-01 00:00:00,0.0
2025-02-01 01:00:00,0.0
2025-02-01 02:00:00,0.0
2025-02-01 03:00:00,0.0
2025-02-01 04:00:00,0.0
2025-02-01 05:00:00,0.0
2025-02-01 06:00:00,0.0
2025-02-01 07:00:00,1.0414502304661206
2025-02-01 08:00:00,4.064008846341907
2025-02-01 09:00:00,6.531917621858125
2025-02-01 10:00:00,8.276992652375434
2025-02-01 11:00:00,9.180309958436917
2025-02-01 12:00:00,9.180309958436917
2025-02-01 13:00:00,8.276992652375434
2025-02-01 14:00:00,6.531917621858125
2025-02-01 15:00:00,4.064008846341907
2025-02-01 16:00:00,1.0414502304661206
2025-02-01 17:00:00,0.0
2025-02-01 18:00:00,0.0
2025-02-01 19:00:00,0.0
2025-02-01 20:00:00,0.0
2025-02-01 21:00:00,0.0
2025-02-01 22:00:00,0.0
2025-02-01 23:00:00,0.0
2025-02-02 00:00:00,0.0
2025-02-02 01:00:00,0.0
2025-02-02 02:00:00,0.0
2025-02-02 03:00:00,0.0
2025-02-02 04:00:00,0.0
2025-02-02 05:00:00,0.0
2025-02-02 06:00:00,0.0
2025-02-02 07:00:00,1.1101335586947618
2025-02-02 08:00:00,4.137169903211824
2025-02-02 09:00:00,6.608734728853967
2025-02-02 10:00:00,8.356394977207673
2025-02-02 11:00:00,9.261050490492755
2025-02-02 12:00:00,9.261050490492755
2025-02-02 13:00:00,8.356394977207673
2025-02-02 14:00:00,6.608734728853967
2025-02-02 15:00:00,4.137169903211824
2025-02-02 16:00:00,1.1101335586947618
2025-02-02 17:00:00,0.0
2025-02-02 18:00:00,0.0
2025-02-02 19:00:00,0.0
2025-02-02 20:00:00,0.0
2025-02-02 21:00:00,0.0
2025-02-02 22:00:00,0.0
2025-02-02 23:00:00,0.0
2025-02-03 00:00:00,0.0
2025-02-03 01:00:00,0.0
2025-02-03 02:00:00,0.0
2025-02-03 03:00:00,0.0
2025-02-03 04:00:00,0.0
2025-02-03 05:00:00,0.0
2025-02-03 06:00:00,0.0
2025-02-03 07:00:00,1.180086657710243
2025-02-03 08:00:00,4.2116155475260095
2025-02-03 09:00:00,6.68684852104421
2025-02-03 10:00:00,8.43710254163547
2025-02-03 11:00:00,9.343100690228026
2025-02-03 12:00:00,9.343100690228026
2025-02-03 13:00:00,8.43710254163547
2025-02-03 14:00:00,6.68684852104421
2025-02-03 15:00:00,4.2116155475260095
2025-02-03 16:00:00,1.180086657710243
2025-02-03 17:00:00,0.0
2025-02-03 18:00:00,0.0
2025-02-03 19:00:00,0.0
2025-02-03 20:00:00,0.0
2025-02-03 21:00:00,0.0
2025-02-03 22:00:00,0.0
2025-02-03 23:00:00,0.0
2025-02-04 00:00:00,0.0
2025-02-04 01:00:00,0.0
2025-02-04 02:00:00,0.0
2025-02-04 03:00:00,0.0
2025-02-04 04:00:00,0.0
2025-02-04 05:00:00,0.0
2025-02-04 06:00:00,0.0
2025-02-04 07:00:00,1.2512857100833519
2025-02-04 08:00:00,4.287316652384054
2025-02-04 09:00:00,6.766225536363358
2025-02-04 10:00:00,8.5190788181687
2025-02-04 11:00:00,9.426422443372058
2025-02-04 12:00:00,9.426422443372058
2025-02-04 13:00:00,8.5190788181687
2025-02-04 14:00:00,6.766225536363358
2025-02-04 15:00:00,4.287316652384054
2025-02-04 16:00:00,1.2512857100833519
2025-02-04 17:00:00,0.0
2025-02-04 18:00:00,0.0
2025-02-04 19:00:00,0.0
2025-02-04 20:00:00,0.0
2025-02-04 21:00:00,0.0
2025-02-04 22:00:00,0.0
2025-02-04 23:00:00,0.0
2025-02-05 00:00:00,0.0
2025-02-05 01:00:00,0.0
2025-02-05 02:00:00,0.0
2025-02-05 03:00:00,0.0
2025-02-05 04:00:00,0.0
2025-02-05 05:00:00,0.0
2025-02-05 06:00:00,0.0
2025-02-05 07:00:00,1.3237063467384593
2025-02-05 08:00:00,4.364243520277774
2025-02-05 09:00:00,6.846831726656276
2025-02-05 10:00:00,8.602286682280265
2025-02-05 11:00:00,9.510977032950441
2025-02-05 12:00:00,9.510977032950441
2025-02-05 13:00:00,8.602286682280265
2025-02-05 14:00:00,6.846831726656276
2025-02-05 15:00:00,4.364243520277774
2025-02-05 16:00:00,1.3237063467384593
2025-02-05 17:00:00,0.0
2025-02-05 18:00:00,0.0
2025-02-05 19:00:00,0.0
2025-02-05 20:00:00,0.0
2025-02-05 21:00:00,0.0
2025-02-05 22:00:00,0.0
2025-02-05 23:00:00,0.0
2025-02-06 00:00:00,0.0
2025-02-06 01:00:00,0.0
2025-02-06 02:00:00,0.0
2025-02-06 03:00:00,0.0
2025-02-06 04:00:00,0.0
2025-02-06 05:00:00,0.0
2025-02-06 06:00:00,0.0
2025-02-06 07:00:00,1.3973236526698283
2025-02-06 08:00:00,4.442365895084048
2025-02-06 09:00:00,6.928632474795756
2025-02-06 10:00:00,8.686688433147388
2025-02-06 11:00:00,9.596725161902121
2025-02-06 12:00:00,9.596725161902121
2025-02-06 13:00:00,8.686688433147388
2025-02-06 14:00:00,6.928632474795756
2025-02-06 15:00:00,4.442365895084048
2025-02-06 16:00:00,1.3973236526698283
2025-02-06 17:00:00,0.0
2025-02-06 18:00:00,0.0
2025-02-06 19:00:00,0.0
2025-02-06 20:00:00,0.0
2025-02-06 21:00:00,0.0
2025-02-06 22:00:00,0.0
2025-02-06 23:00:00,0.0
2025-02-07 00:00:00,0.0
2025-02-07 01:00:00,0.0
2025-02-07 02:00:00,0.0
2025-02-07 03:00:00,0.0
2025-02-07 04:00:00,0.0
2025-02-07 05:00:00,0.0
2025-02-07 06:00:00,0.0
2025-02-07 07:00:00,1.4721121733249152
2025-02-07 08:00:00,4.52165297477627
2025-02-07 09:00:00,7.011592612560897
2025-02-07 10:00:00,8.772245815183584
2025-02-07 11:00:00,9.683626976502582
2025-02-07 12:00:00,9.683626976502582
2025-02-07 13:00:00,8.772245815183584
2025-02-07 14:00:00,7.011592612560897
2025-02-07 15:00:00,4.52165297477627
2025-02-07 16:00:00,1.4721121733249152
2025-02-07 17:00:00,0.0
2025-02-07 18:00:00,0.0
2025-02-07 19:00:00,0.0
2025-02-07 20:00:00,0.0
2025-02-07 21:00:00,0.0
2025-02-07 22:00:00,0.0
2025-02-07 23:00:00,0.0
2025-02-08 00:00:00,0.0
2025-02-08 01:00:00,0.0
2025-02-08 02:00:00,0.0
2025-02-08 03:00:00,0.0
2025-02-08 04:00:00,0.0
2025-02-08 05:00:00,0.0
2025-02-08 06:00:00,0.0
2025-02-08 07:00:00,1.548045921668485
2025-02-08 08:00:00,4.602073424860848
2025-02-08 09:00:00,7.095676439276653
2025-02-08 10:00:00,8.858920040357283
2025-02-08 11:00:00,9.771642090586923
2025-02-08 12:00:00,9.771642090586923
2025-02-08 13:00:00,8.858920040357283
2025-02-08 14:00:00,7.095676439276653
2025-02-08 15:00:00,4.602073424860848
2025-02-08 16:00:00,1.548045921668485
2025-02-08 17:00:00,0.0
2025-02-08 18:00:00,0.0
2025-02-08 19:00:00,0.0
2025-02-08 20:00:00,0.0
2025-02-08 21:00:00,0.0
2025-02-08 22:00:00,0.0
2025-02-08 23:00:00,0.0
2025-02-09 00:00:00,0.0
2025-02-09 01:00:00,0.0
2025-02-09 02:00:00,0.0
2025-02-09 03:00:00,0.0
2025-02-09 04:00:00,0.0
2025-02-09 05:00:00,0.0
2025-02-09 06:00:00,0.0
2025-02-09 07:00:00,1.6250983859399877
2025-02-09 08:00:00,4.6835953925435065
2025-02-09 09:00:00,7.180847741212964
2025-02-09 10:00:00,8.94667181129117
2025-02-09 11:00:00,9.860729610564547
2025-02-09 12:00:00,9.860729610564547
2025-02-09 13:00:00,8.94667181129117
2025-02-09 14:00:00,7.180847741212964
2025-02-09 15:00:00,4.6835953925435065
2025-02-09 16:00:00,1.6250983859399877
2025-02-09 17:00:00,0.0
2025-02-09 18:00:00,0.0
2025-02-09 19:00:00,0.0
2025-02-09 20:00:00,0.0
2025-02-09 21:00:00,0.0
2025-02-09 22:00:00,0.0
2025-02-09 23:00:00,0.0
2025-02-10 00:00:00,0.0
2025-02-10 01:00:00,0.0
2025-02-10 02:00:00,0.0
2025-02-10 03:00:00,0.0
2025-02-10 04:00:00,0.0
2025-02-10 05:00:00,0.0
2025-02-10 06:00:00,0.0
2025-02-10 07:00:00,1.7032425381146565
2025-02-10 08:00:00,4.766186521627937
2025-02-10 09:00:00,7.267069811739681
2025-02-10 10:00:00,9.03546134513382
2025-02-10 11:00:00,9.950848161214724
2025-02-10 12:00:00,9.950848161214724
2025-02-10 13:00:00,9.03546134513382
2025-02-10 14:00:00,7.267069811739681
2025-02-10 15:00:00,4.766186521627937
2025-02-10 16:00:00,1.7032425381146565
2025-02-10 17:00:00,0.0
2025-02-10 18:00:00,0.0
2025-02-10 19:00:00,0.0
2025-02-10 20:00:00,0.0
2025-02-10 21:00:00,0.0
2025-02-10 22:00:00,0.0
2025-02-10 23:00:00,0.0
2025-02-11 00:00:00,0.0
2025-02-11 01:00:00,0.0
2025-02-11 02:00:00,0.0
2025-02-11 03:00:00,0.0
2025-02-11 04:00:00,0.0
2025-02-11 05:00:00,0.0
2025-02-11 06:00:00,0.0
2025-02-11 07:00:00,1.782450843077213
2025-02-11 08:00:00,4.849813968147602
2025-02-11 09:00:00,7.35430547223136
2025-02-11 10:00:00,9.125248398193081
2025-02-11 11:00:00,10.041955912250037
2025-02-11 12:00:00,10.041955912250037
2025-02-11 13:00:00,9.125248398193081
2025-02-11 14:00:00,7.35430547223136
2025-02-11 15:00:00,4.849813968147602
2025-02-11 16:00:00,1.782450843077213
2025-02-11 17:00:00,0.0
2025-02-11 18:00:00,0.0
2025-02-11 19:00:00,0.0
2025-02-11 20:00:00,0.0
2025-02-11 21:00:00,0.0
2025-02-11 22:00:00,0.0
2025-02-11 23:00:00,0.0
2025-02-12 00:00:00,0.0
2025-02-12 01:00:00,0.0
2025-02-12 02:00:00,0.0
2025-02-12 03:00:00,0.0
2025-02-12 04:00:00,0.0
2025-02-12 05:00:00,0.0
2025-02-12 06:00:00,0.0
2025-02-12 07:00:00,1.8626952685151263
2025-02-12 08:00:00,4.934444416729341
2025-02-12 09:00:00,7.442517093713902
2025-02-12 10:00:00,9.215992291318381
2025-02-12 11:00:00,10.134010605632373
2025-02-12 12:00:00,10.134010605632373
2025-02-12 13:00:00,9.215992291318381
2025-02-12 14:00:00,7.442517093713902
2025-02-12 15:00:00,4.934444416729341
2025-02-12 16:00:00,1.8626952685151263
2025-02-12 17:00:00,0.0
2025-02-12 18:00:00,0.0
2025-02-12 19:00:00,0.0
2025-02-12 20:00:00,0.0
2025-02-12 21:00:00,0.0
2025-02-12 22:00:00,0.0
2025-02-12 23:00:00,0.0
2025-02-13 00:00:00,0.0
2025-02-13 01:00:00,0.0
2025-02-13 02:00:00,0.0
2025-02-13 03:00:00,0.0
2025-02-13 04:00:00,0.0
2025-02-13 05:00:00,0.0
2025-02-13 06:00:00,0.0
2025-02-13 07:00:00,1.943947295536403
2025-02-13 08:00:00,5.020044097685258
2025-02-13 09:00:00,7.531666619242509
2025-02-13 10:00:00,9.307651936016498
2025-02-13 11:00:00,10.22696958362358
2025-02-13 12:00:00,10.22696958362358
2025-02-13 13:00:00,9.307651936016498
2025-02-13 14:00:00,7.531666619242509
2025-02-13 15:00:00,5.020044097685258
2025-02-13 16:00:00,1.943947295536403
2025-02-13 17:00:00,0.0
2025-02-13 18:00:00,0.0
2025-02-13 19:00:00,0.0
2025-02-13 20:00:00,0.0
2025-02-13 21:00:00,0.0
2025-02-13 22:00:00,0.0
2025-02-13 23:00:00,0.0
2025-02-14 00:00:00,0.0
2025-02-14 01:00:00,0.0
2025-02-14 02:00:00,0.0
2025-02-14 03:00:00,0.0
2025-02-14 04:00:00,0.0
2025-02-14 05:00:00,0.0
2025-02-14 06:00:00,0.0
2025-02-14 07:00:00,2.0261779300151668
2025-02-14 08:00:00,5.106578804827541
2025-02-14 09:00:00,7.621715586998619
2025-02-14 10:00:00,9.400185861283502
2025-02-14 11:00:00,10.320789817550764
2025-02-14 12:00:00,10.320789817550764
2025-02-14 13:00:00,9.400185861283502
2025-02-14 14:00:00,7.621715586998619
2025-02-14 15:00:00,5.106578804827541
2025-02-14 16:00:00,2.0261779300151668
2025-02-14 17:00:00,0.0
2025-02-14 18:00:00,0.0
2025-02-14 19:00:00,0.0
2025-02-14 20:00:00,0.0
2025-02-14 21:00:00,0.0
2025-02-14 22:00:00,0.0
2025-02-14 23:00:00,0.0
2025-02-15 00:00:00,0.0
2025-02-15 01:00:00,0.0
2025-02-15 02:00:00,0.0
2025-02-15 03:00:00,0.0
2025-02-15 04:00:00,0.0
2025-02-15 05:00:00,0.0
2025-02-15 06:00:00,0.0
2025-02-15 07:00:00,2.109357714666014
2025-02-15 08:00:00,5.194013913998336
2025-02-15 09:00:00,7.7126251540906905
2025-02-15 10:00:00,9.493552241132655
2025-02-15 11:00:00,10.415427937263486
2025-02-15 12:00:00,10.415427937263486
2025-02-15 13:00:00,9.493552241132655
2025-02-15 14:00:00,7.7126251540906905
2025-02-15 15:00:00,5.194013913998336
2025-02-15 16:00:00,2.109357714666014
2025-02-15 17:00:00,0.0
2025-02-15 18:00:00,0.0
2025-02-15 19:00:00,0.0
2025-02-15 20:00:00,0.0
2025-02-15 21:00:00,0.0
2025-02-15 22:00:00,0.0
2025-02-15 23:00:00,0.0
2025-02-16 00:00:00,0.0
2025-02-16 01:00:00,0.0
2025-02-16 02:00:00,0.0
2025-02-16 03:00:00,0.0
2025-02-16 04:00:00,0.0
2025-02-16 05:00:00,0.0
2025-02-16 06:00:00,0.0
2025-02-16 07:00:00,2.193456741846418
2025-02-16 08:00:00,5.282314402305072
2025-02-16 09:00:00,7.804356121041981
2025-02-16 10:00:00,9.587708922796224
2025-02-16 11:00:00,10.510840261258101
2025-02-16 12:00:00,10.510840261258101
2025-02-16 13:00:00,9.587708922796224
2025-02-16 14:00:00,7.804356121041981
2025-02-16 15:00:00,5.282314402305072
2025-02-16 16:00:00,2.193456741846418
2025-02-16 17:00:00,0.0
2025-02-16 18:00:00,0.0
2025-02-16 19:00:00,0.0
2025-02-16 20:00:00,0.0
2025-02-16 21:00:00,0.0
2025-02-16 22:00:00,0.0
2025-02-16 23:00:00,0.0
2025-02-17 00:00:00,0.0
2025-02-17 01:00:00,0.0
2025-02-17 02:00:00,0.0
2025-02-17 03:00:00,0.0
2025-02-17 04:00:00,0.0
2025-02-17 05:00:00,0.0
2025-02-17 06:00:00,0.0
2025-02-17 07:00:00,2.278444667084134
2025-02-17 08:00:00,5.371444868049075
2025-02-17 09:00:00,7.896868956945717
2025-02-17 10:00:00,9.68261345557639
2025-02-17 11:00:00,10.606982827441735
2025-02-17 12:00:00,10.606982827441735
2025-02-17 13:00:00,9.68261345557639
2025-02-17 14:00:00,7.896868956945717
2025-02-17 15:00:00,5.371444868049075
2025-02-17 16:00:00,2.278444667084134
2025-02-17 17:00:00,0.0
2025-02-17 18:00:00,0.0
2025-02-17 19:00:00,0.0
2025-02-17 20:00:00,0.0
2025-02-17 21:00:00,0.0
2025-02-17 22:00:00,0.0
2025-02-17 23:00:00,0.0
2025-02-18 00:00:00,0.0
2025-02-18 01:00:00,0.0
2025-02-18 02:00:00,0.0
2025-02-18 03:00:00,0.0
2025-02-18 04:00:00,0.0
2025-02-18 05:00:00,0.0
2025-02-18 06:00:00,0.0
2025-02-18 07:00:00,2.364290723324698
2025-02-18 08:00:00,5.46136955133339
2025-02-18 09:00:00,7.990123825266136
2025-02-18 10:00:00,9.778223120318446
2025-02-18 11:00:00,10.703811424506302
2025-02-18 12:00:00,10.703811424506302
2025-02-18 13:00:00,9.778223120318446
2025-02-18 14:00:00,7.990123825266136
2025-02-18 15:00:00,5.46136955133339
2025-02-18 16:00:00,2.364290723324698
2025-02-18 17:00:00,0.0
2025-02-18 18:00:00,0.0
2025-02-18 19:00:00,0.0
2025-02-18 20:00:00,0.0
2025-02-18 21:00:00,0.0
2025-02-18 22:00:00,0.0
2025-02-18 23:00:00,0.0
2025-02-19 00:00:00,0.0
2025-02-19 01:00:00,0.0
2025-02-19 02:00:00,0.0
2025-02-19 03:00:00,0.0
2025-02-19 04:00:00,0.0
2025-02-19 05:00:00,0.0
2025-02-19 06:00:00,0.0
2025-02-19 07:00:00,2.4509637358919716
2025-02-19 08:00:00,5.552052355333572
2025-02-19 09:00:00,8.084080610261521
2025-02-19 10:00:00,9.874494959477015
2025-02-19 11:00:00,10.801281623880627
2025-02-19 12:00:00,10.801281623880627
2025-02-19 13:00:00,9.874494959477015
2025-02-19 14:00:00,8.084080610261521
2025-02-19 15:00:00,5.552052355333572
2025-02-19 16:00:00,2.4509637358919716
2025-02-19 17:00:00,0.0
2025-02-19 18:00:00,0.0
2025-02-19 19:00:00,0.0
2025-02-19 20:00:00,0.0
2025-02-19 21:00:00,0.0
2025-02-19 22:00:00,0.0
2025-02-19 23:00:00,0.0
2025-02-20 00:00:00,0.0
2025-02-20 01:00:00,0.0
2025-02-20 02:00:00,0.0
2025-02-20 03:00:00,0.0
2025-02-20 04:00:00,0.0
2025-02-20 05:00:00,0.0
2025-02-20 06:00:00,0.0
2025-02-20 07:00:00,2.5384321381524857
2025-02-20 08:00:00,5.643456868212772
2025-02-20 09:00:00,8.178698944003036
2025-02-20 10:00:00,9.97138580774379
2025-02-20 11:00:00,10.899348812226219
2025-02-20 12:00:00,10.899348812226219
2025-02-20 13:00:00,9.97138580774379
2025-02-20 14:00:00,8.178698944003036
2025-02-20 15:00:00,5.643456868212772
2025-02-20 16:00:00,2.5384321381524857
2025-02-20 17:00:00,0.0
2025-02-20 18:00:00,0.0
2025-02-20 19:00:00,0.0
2025-02-20 20:00:00,0.0
2025-02-20 21:00:00,0.0
2025-02-20 22:00:00,0.0
2025-02-20 23:00:00,0.0
2025-02-21 00:00:00,0.0
2025-02-21 01:00:00,0.0
2025-02-21 02:00:00,0.0
2025-02-21 03:00:00,0.0
2025-02-21 04:00:00,0.0
2025-02-21 05:00:00,0.0
2025-02-21 06:00:00,0.0
2025-02-21 07:00:00,2.6266639878724516
2025-02-21 08:00:00,5.7355463856606965
2025-02-21 09:00:00,8.27393823396119
2025-02-21 10:00:00,10.068852323203124
2025-02-21 11:00:00,10.997968224440438
2025-02-21 12:00:00,10.997968224440438
2025-02-21 13:00:00,10.068852323203124
2025-02-21 14:00:00,8.27393823396119
2025-02-21 15:00:00,5.7355463856606965
2025-02-21 16:00:00,2.6266639878724516
2025-02-21 17:00:00,0.0
2025-02-21 18:00:00,0.0
2025-02-21 19:00:00,0.0
2025-02-21 20:00:00,0.0
2025-02-21 21:00:00,0.0
2025-02-21 22:00:00,0.0
2025-02-21 23:00:00,0.0
2025-02-22 00:00:00,0.0
2025-02-22 01:00:00,0.0
2025-02-22 02:00:00,0.0
2025-02-22 03:00:00,0.0
2025-02-22 04:00:00,0.0
2025-02-22 05:00:00,0.0
2025-02-22 06:00:00,0.0
2025-02-22 07:00:00,2.7156269842540204
2025-02-22 08:00:00,5.828283934033545
2025-02-22 09:00:00,8.369757691129452
2025-02-22 10:00:00,10.16685101897962
2025-02-22 11:00:00,11.097094977128203
2025-02-22 12:00:00,11.097094977128203
2025-02-22 13:00:00,10.16685101897962
2025-02-22 14:00:00,8.369757691129452
2025-02-22 15:00:00,5.828283934033545
2025-02-22 16:00:00,2.7156269842540204
2025-02-22 17:00:00,0.0
2025-02-22 18:00:00,0.0
2025-02-22 19:00:00,0.0
2025-02-22 20:00:00,0.0
2025-02-22 21:00:00,0.0
2025-02-22 22:00:00,0.0
2025-02-22 23:00:00,0.0
2025-02-23 00:00:00,0.0
2025-02-23 01:00:00,0.0
2025-02-23 02:00:00,0.0
2025-02-23 03:00:00,0.0
2025-02-23 04:00:00,0.0
2025-02-23 05:00:00,0.0
2025-02-23 06:00:00,0.0
2025-02-23 07:00:00,2.8052884856354665
2025-02-23 08:00:00,5.921632294070268
2025-02-23 09:00:00,8.466116358652572
2025-02-23 10:00:00,10.265338295339829
2025-02-23 11:00:00,11.196684102501635
2025-02-23 12:00:00,11.196684102501635
2025-02-23 13:00:00,10.265338295339829
2025-02-23 14:00:00,8.466116358652572
2025-02-23 15:00:00,5.921632294070268
2025-02-23 16:00:00,2.8052884856354665
2025-02-23 17:00:00,0.0
2025-02-23 18:00:00,0.0
2025-02-23 19:00:00,0.0
2025-02-23 20:00:00,0.0
2025-02-23 21:00:00,0.0
2025-02-23 22:00:00,0.0
2025-02-23 23:00:00,0.0
2025-02-24 00:00:00,0.0
2025-02-24 01:00:00,0.0
2025-02-24 02:00:00,0.0
2025-02-24 03:00:00,0.0
2025-02-24 04:00:00,0.0
2025-02-24 05:00:00,0.0
2025-02-24 06:00:00,0.0
2025-02-24 07:00:00,2.8956155278377156
2025-02-24 08:00:00,6.015554025158094
2025-02-24 09:00:00,8.562973140924973
2025-02-24 10:00:00,10.364270472207972
2025-02-24 11:00:00,11.29669058266474
2025-02-24 12:00:00,11.29669058266474
2025-02-24 13:00:00,10.364270472207972
2025-02-24 14:00:00,8.562973140924973
2025-02-24 15:00:00,6.015554025158094
2025-02-24 16:00:00,2.8956155278377156
2025-02-24 17:00:00,0.0
2025-02-24 18:00:00,0.0
2025-02-24 19:00:00,0.0
2025-02-24 20:00:00,0.0
2025-02-24 21:00:00,0.0
2025-02-24 22:00:00,0.0
2025-02-24 23:00:00,0.0
2025-02-25 00:00:00,0.0
2025-02-25 01:00:00,0.0
2025-02-25 02:00:00,0.0
2025-02-25 03:00:00,0.0
2025-02-25 04:00:00,0.0
2025-02-25 05:00:00,0.0
2025-02-25 06:00:00,0.0
2025-02-25 07:00:00,2.9865748431378853
2025-02-25 08:00:00,6.110011490118673
2025-02-25 09:00:00,8.660286833122846
2025-02-25 10:00:00,10.463603822053948
2025-02-25 11:00:00,11.397069384238549
2025-02-25 12:00:00,11.397069384238549
2025-02-25 13:00:00,10.463603822053948
2025-02-25 14:00:00,8.660286833122846
2025-02-25 15:00:00,6.110011490118673
2025-02-25 16:00:00,2.9865748431378853
2025-02-25 17:00:00,0.0
2025-02-25 18:00:00,0.0
2025-02-25 19:00:00,0.0
2025-02-25 20:00:00,0.0
2025-02-25 21:00:00,0.0
2025-02-25 22:00:00,0.0
2025-02-25 23:00:00,0.0
2025-02-26 00:00:00,0.0
2025-02-26 01:00:00,0.0
2025-02-26 02:00:00,0.0
2025-02-26 03:00:00,0.0
2025-02-26 04:00:00,0.0
2025-02-26 05:00:00,0.0
2025-02-26 06:00:00,0.0
2025-02-26 07:00:00,3.0781328798481473
2025-02-26 08:00:00,6.204966880483823
2025-02-26 09:00:00,8.758016151131418
2025-02-26 10:00:00,10.5632946031097
2025-02-26 11:00:00,11.49777549328005
2025-02-26 12:00:00,11.49777549328005
2025-02-26 13:00:00,10.5632946031097
2025-02-26 14:00:00,8.758016151131418
2025-02-26 15:00:00,6.204966880483823
2025-02-26 16:00:00,3.0781328798481473
2025-02-26 17:00:00,0.0
2025-02-26 18:00:00,0.0
2025-02-26 19:00:00,0.0
2025-02-26 20:00:00,0.0
2025-02-26 21:00:00,0.0
2025-02-26 22:00:00,0.0
2025-02-26 23:00:00,0.0
2025-02-27 00:00:00,0.0
2025-02-27 01:00:00,0.0
2025-02-27 02:00:00,0.0
2025-02-27 03:00:00,0.0
2025-02-27 04:00:00,0.0
2025-02-27 05:00:00,0.0
2025-02-27 06:00:00,0.0
2025-02-27 07:00:00,3.1702558224766344
2025-02-27 08:00:00,6.300382242228406
2025-02-27 09:00:00,8.856119761827273
2025-02-27 10:00:00,10.663299092868517
2025-02-27 11:00:00,11.598763950446731
2025-02-27 12:00:00,11.598763950446731
2025-02-27 13:00:00,10.663299092868517
2025-02-27 14:00:00,8.856119761827273
2025-02-27 15:00:00,6.300382242228406
2025-02-27 16:00:00,3.1702558224766344
2025-02-27 17:00:00,0.0
2025-02-27 18:00:00,0.0
2025-02-27 19:00:00,0.0
2025-02-27 20:00:00,0.0
2025-02-27 21:00:00,0.0
2025-02-27 22:00:00,0.0
2025-02-27 23:00:00,0.0
2025-02-28 00:00:00,0.0
2025-02-28 01:00:00,0.0
2025-02-28 02:00:00,0.0
2025-02-28 03:00:00,0.0
2025-02-28 04:00:00,0.0
2025-02-28 05:00:00,0.0
2025-02-28 06:00:00,0.0
2025-02-28 07:00:00,3.262909612444873
2025-02-28 08:00:00,6.396219501925645
2025-02-28 09:00:00,8.95455631367373
2025-02-28 10:00:00,10.76357362181997
2025-02-28 11:00:00,11.699989886356654
2025-02-28 12:00:00,11.699989886356654
2025-02-28 13:00:00,10.76357362181997
2025-02-28 14:00:00,8.95455631367373
2025-02-28 15:00:00,6.396219501925645
2025-02-28 16:00:00,3.262909612444873
2025-02-28 17:00:00,0.0
2025-02-28 18:00:00,0.0
2025-02-28 19:00:00,0.0
2025-02-28 20:00:00,0.0
2025-02-28 21:00:00,0.0
2025-02-28 22:00:00,0.0
2025-02-28 23:00:00,0.0
2025-03-01 00:00:00,0.0
2025-03-01 01:00:00,0.0
2025-03-01 02:00:00,0.0
2025-03-01 03:00:00,0.0
2025-03-01 04:00:00,0.0
2025-03-01 05:00:00,0.0
2025-03-01 06:00:00,0.0
2025-03-01 07:00:00,4.763439956474889
2025-03-01 08:00:00,9.215076829184092
2025-03-01 09:00:00,12.84982311528295
2025-03-01 10:00:00,15.419976862076075
2025-03-01 11:00:00,16.750386339099396
2025-03-01 12:00:00,16.750386339099396
2025-03-01 13:00:00,15.419976862076075
2025-03-01 14:00:00,12.84982311528295
2025-03-01 15:00:00,9.215076829184092
2025-03-01 16:00:00,4.763439956474889
2025-03-01 17:00:00,0.0
2025-03-01 18:00:00,0.0
2025-03-01 19:00:00,0.0
2025-03-01 20:00:00,0.0
2025-03-01 21:00:00,0.0
2025-03-01 22:00:00,0.0
2025-03-01 23:00:00,0.0
2025-03-02 00:00:00,0.0
2025-03-02 01:00:00,0.0
2025-03-02 02:00:00,0.0
2025-03-02 03:00:00,0.0
2025-03-02 04:00:00,0.0
2025-03-02 05:00:00,0.0
2025-03-02 06:00:00,0.0
2025-03-02 07:00:00,4.896309230836461
2025-03-02 08:00:00,9.352138945119101
2025-03-02 09:00:00,12.990308672027046
2025-03-02 10:00:00,15.562883157031258
2025-03-02 11:00:00,16.89454570035906
2025-03-02 12:00:00,16.89454570035906
2025-03-02 13:00:00,15.562883157031258
2025-03-02 14:00:00,12.990308672027046
2025-03-02 15:00:00,9.352138945119101
2025-03-02 16:00:00,4.896309230836461
2025-03-02 17:00:00,0.0
2025-03-02 18:00:00,0.0
2025-03-02 19:00:00,0.0
2025-03-02 20:00:00,0.0
2025-03-02 21:00:00,0.0
2025-03-02 22:00:00,0.0
2025-03-02 23:00:00,0.0
2025-03-03 00:00:00,0.0
2025-03-03 01:00:00,0.0
2025-03-03 02:00:00,0.0
2025-03-03 03:00:00,0.0
2025-03-03 04:00:00,0.0
2025-03-03 05:00:00,0.0
2025-03-03 06:00:00,0.0554666860857999
2025-03-03 07:00:00,5.029785177231205
2025-03-03 08:00:00,9.489637127144182
2025-03-03 09:00:00,13.131090995691974
2025-03-03 10:00:00,15.705987719520108
2025-03-03 11:00:00,17.038852342117725
2025-03-03 12:00:00,17.038852342117725
2025-03-03 13:00:00,15.705987719520108
2025-03-03 14:00:00,13.131090995691974
2025-03-03 15:00:00,9.489637127144182
2025-03-03 16:00:00,5.029785177231205
2025-03-03 17:00:00,0.0554666860857999
2025-03-03 18:00:00,0.0
2025-03-03 19:00:00,0.0
2025-03-03 20:00:00,0.0
2025-03-03 21:00:00,0.0
2025-03-03 22:00:00,0.0
2025-03-03 23:00:00,0.0
2025-03-04 00:00:00,0.0
2025-03-04 01:00:00,0.0
2025-03-04 02:00:00,0.0
2025-03-04 03:00:00,0.0
2025-03-04 04:00:00,0.0
2025-03-04 05:00:00,0.0
2025-03-04 06:00:00,0.1852094482230924
2025-03-04 07:00:00,5.16381838279392
2025-03-04 08:00:00,9.62751703904685
2025-03-04 09:00:00,13.272111730169053
2025-03-04 10:00:00,15.849229350938051
2025-03-04 11:00:00,17.183243594386678
2025-03-04 12:00:00,17.183243594386678
2025-03-04 13:00:00,15.849229350938051
2025-03-04 14:00:00,13.272111730169053
2025-03-04 15:00:00,9.62751703904685
2025-03-04 16:00:00,5.16381838279392
2025-03-04 17:00:00,0.1852094482230924
2025-03-04 18:00:00,0.0
2025-03-04 19:00:00,0.0
2025-03-04 20:00:00,0.0
2025-03-04 21:00:00,0.0
2025-03-04 22:00:00,0.0
2025-03-04 23:00:00,0.0
2025-03-05 00:00:00,0.0
2025-03-05 01:00:00,0.0
2025-03-05 02:00:00,0.0
2025-03-05 03:00:00,0.0
2025-03-05 04:00:00,0.0
2025-03-05 05:00:00,0.0
2025-03-05 06:00:00,0.3156609026629445
2025-03-05 07:00:00,5.298359247069116
2025-03-05 08:00:00,9.765724367876057
2025-03-05 09:00:00,13.4133127147707
2025-03-05 10:00:00,15.992547169836934
2025-03-05 11:00:00,17.32765716734846
2025-03-05 12:00:00,17.32765716734846
2025-03-05 13:00:00,15.992547169836934
2025-03-05 14:00:00,13.4133127147707
2025-03-05 15:00:00,9.765724367876057
2025-03-05 16:00:00,5.298359247069116
2025-03-05 17:00:00,0.3156609026629445
2025-03-05 18:00:00,0.0
2025-03-05 19:00:00,0.0
2025-03-05 20:00:00,0.0
2025-03-05 21:00:00,0.0
2025-03-05 22:00:00,0.0
2025-03-05 23:00:00,0.0
2025-03-06 00:00:00,0.0
2025-03-06 01:00:00,0.0
2025-03-06 02:00:00,0.0
2025-03-06 03:00:00,0.0
2025-03-06 04:00:00,0.0
2025-03-06 05:00:00,0.0
2025-03-06 06:00:00,0.44677630849211725
2025-03-06 07:00:00,5.433358015258142
2025-03-06 08:00:00,9.904204863506468
2025-03-06 09:00:00,13.554636028952727
2025-03-06 10:00:00,16.135880660294486
2025-03-06 11:00:00,17.472031201614254
2025-03-06 12:00:00,17.472031201614254
2025-03-06 13:00:00,16.135880660294486
2025-03-06 14:00:00,13.554636028952727
2025-03-06 15:00:00,9.904204863506468
2025-03-06 16:00:00,5.433358015258142
2025-03-06 17:00:00,0.44677630849211725
2025-03-06 18:00:00,0.0
2025-03-06 19:00:00,0.0
2025-03-06 20:00:00,0.0
2025-03-06 21:00:00,0.0
2025-03-06 22:00:00,0.0
2025-03-06 23:00:00,0.0
2025-03-07 00:00:00,0.0
2025-03-07 01:00:00,0.0
2025-03-07 02:00:00,0.0
2025-03-07 03:00:00,0.0
2025-03-07 04:00:00,0.0
2025-03-07 05:00:00,0.0
2025-03-07 06:00:00,0.5785105552094959
2025-03-07 07:00:00,5.56876481193515
2025-03-07 08:00:00,10.04290437839759
2025-03-07 09:00:00,13.696024037007636
2025-03-07 10:00:00,16.279169720096682
2025-03-07 11:00:00,17.61630431821229
2025-03-07 12:00:00,17.61630431821229
2025-03-07 13:00:00,16.279169720096682
2025-03-07 14:00:00,13.696024037007636
2025-03-07 15:00:00,10.04290437839759
2025-03-07 16:00:00,5.56876481193515
2025-03-07 17:00:00,0.5785105552094959
2025-03-07 18:00:00,0.0
2025-03-07 19:00:00,0.0
2025-03-07 20:00:00,0.0
2025-03-07 21:00:00,0.0
2025-03-07 22:00:00,0.0
2025-03-07 23:00:00,0.0
2025-03-08 00:00:00,0.0
2025-03-08 01:00:00,0.0
2025-03-08 02:00:00,0.0
2025-03-08 03:00:00,0.0
2025-03-08 04:00:00,0.0
2025-03-08 05:00:00,0.0
2025-03-08 06:00:00,0.7108181904341326
2025-03-08 07:00:00,5.704529675177901
2025-03-08 08:00:00,10.181768907483077
2025-03-08 09:00:00,13.837419432655734
2025-03-08 10:00:00,16.422354708653483
2025-03-08 11:00:00,17.760415668224596
2025-03-08 12:00:00,17.760415668224596
2025-03-08 13:00:00,16.422354708653483
2025-03-08 14:00:00,13.837419432655734
2025-03-08 15:00:00,10.181768907483077
2025-03-08 16:00:00,5.704529675177901
2025-03-08 17:00:00,0.7108181904341326
2025-03-08 18:00:00,0.0
2025-03-08 19:00:00,0.0
2025-03-08 20:00:00,0.0
2025-03-08 21:00:00,0.0
2025-03-08 22:00:00,0.0
2025-03-08 23:00:00,0.0
2025-03-09 00:00:00,0.0
2025-03-09 01:00:00,0.0
2025-03-09 02:00:00,0.0
2025-03-09 03:00:00,0.0
2025-03-09 04:00:00,0.0
2025-03-09 05:00:00,0.0
2025-03-09 06:00:00,0.843653448300345
2025-03-09 07:00:00,5.840602591056812
2025-03-09 08:00:00,10.32074462812344
2025-03-09 09:00:00,13.978765283458923
2025-03-09 10:00:00,16.5653764945671
2025-03-09 11:00:00,17.904304981988087
2025-03-09 12:00:00,17.904304981988087
2025-03-09 13:00:00,16.5653764945671
2025-03-09 14:00:00,13.978765283458923
2025-03-09 15:00:00,10.32074462812344
2025-03-09 16:00:00,5.840602591056812
2025-03-09 17:00:00,0.843653448300345
2025-03-09 18:00:00,0.0
2025-03-09 19:00:00,0.0
2025-03-09 20:00:00,0.0
2025-03-09 21:00:00,0.0
2025-03-09 22:00:00,0.0
2025-03-09 23:00:00,0.0
2025-03-10 00:00:00,0.0
2025-03-10 01:00:00,0.0
2025-03-10 02:00:00,0.0
2025-03-10 03:00:00,0.0
2025-03-10 04:00:00,0.0
2025-03-10 05:00:00,0.0
2025-03-10 06:00:00,0.9769702784935865
2025-03-10 07:00:00,5.9769335284250875
2025-03-10 08:00:00,10.459777940055337
2025-03-10 09:00:00,14.120005074982402
2025-03-10 10:00:00,16.708176502772336
2025-03-10 11:00:00,18.047912617776777
2025-03-10 12:00:00,18.047912617776777
2025-03-10 13:00:00,16.708176502772336
2025-03-10 14:00:00,14.120005074982402
2025-03-10 15:00:00,10.459777940055337
2025-03-10 16:00:00,5.9769335284250875
2025-03-10 17:00:00,0.9769702784935865
2025-03-10 18:00:00,0.0
2025-03-10 19:00:00,0.0
2025-03-10 20:00:00,0.0
2025-03-10 21:00:00,0.0
2025-03-10 22:00:00,0.0
2025-03-10 23:00:00,0.0
2025-03-11 00:00:00,0.0
2025-03-11 01:00:00,0.0
2025-03-11 02:00:00,0.0
2025-03-11 03:00:00,0.0
2025-03-11 04:00:00,0.0
2025-03-11 05:00:00,0.0
2025-03-11 06:00:00,1.1107223758775768
2025-03-11 07:00:00,6.113472473950171
2025-03-11 08:00:00,10.598815505268384
2025-03-11 09:00:00,14.26108275462771
2025-03-11 10:00:00,16.850696761167093
2025-03-11 11:00:00,18.191179609880365
2025-03-11 12:00:00,18.191179609880365
2025-03-11 13:00:00,16.850696761167093
2025-03-11 14:00:00,14.26108275462771
2025-03-11 15:00:00,10.598815505268384
2025-03-11 16:00:00,6.113472473950171
2025-03-11 17:00:00,1.1107223758775768
2025-03-11 18:00:00,0.0
2025-03-11 19:00:00,0.0
2025-03-11 20:00:00,0.0
2025-03-11 21:00:00,0.0
2025-03-11 22:00:00,0.0
2025-03-11 23:00:00,0.0
2025-03-12 00:00:00,0.0
2025-03-12 01:00:00,0.0
2025-03-12 02:00:00,0.0
2025-03-12 03:00:00,0.0
2025-03-12 04:00:00,0.0
2025-03-12 05:00:00,0.0
2025-03-12 06:00:00,1.2448632106625197
2025-03-12 07:00:00,6.250169467326586
2025-03-12 08:00:00,10.737804287740884
2025-03-12 09:00:00,14.401942775061372
2025-03-12 10:00:00,16.9928799466523
2025-03-12 11:00:00,18.334047715995883
2025-03-12 12:00:00,18.334047715995883
2025-03-12 13:00:00,16.9928799466523
2025-03-12 14:00:00,14.401942775061372
2025-03-12 15:00:00,10.737804287740884
2025-03-12 16:00:00,6.250169467326586
2025-03-12 17:00:00,1.2448632106625197
2025-03-12 18:00:00,0.0
2025-03-12 19:00:00,0.0
2025-03-12 20:00:00,0.0
2025-03-12 21:00:00,0.0
2025-03-12 22:00:00,0.0
2025-03-12 23:00:00,0.0
2025-03-13 00:00:00,0.0
2025-03-13 01:00:00,0.0
2025-03-13 02:00:00,0.0
2025-03-13 03:00:00,0.0
2025-03-13 04:00:00,0.0
2025-03-13 05:00:00,0.0
2025-03-13 06:00:00,1.3793460590615974
2025-03-13 07:00:00,6.386974636608255
2025-03-13 08:00:00,10.876691592964388
2025-03-13 09:00:00,14.542530137162407
2025-03-13 10:00:00,17.13466943049985
2025-03-13 11:00:00,18.47645946384849
2025-03-13 12:00:00,18.47645946384849
2025-03-13 13:00:00,17.13466943049985
2025-03-13 14:00:00,14.542530137162407
2025-03-13 15:00:00,10.876691592964388
2025-03-13 16:00:00,6.386974636608255
2025-03-13 17:00:00,1.3793460590615974
2025-03-13 18:00:00,0.0
2025-03-13 19:00:00,0.0
2025-03-13 20:00:00,0.0
2025-03-13 21:00:00,0.0
2025-03-13 22:00:00,0.0
2025-03-13 23:00:00,0.0
2025-03-14 00:00:00,0.0
2025-03-14 01:00:00,0.0
2025-03-14 02:00:00,0.0
2025-03-14 03:00:00,0.0
2025-03-14 04:00:00,0.0
2025-03-14 05:00:00,0.0
2025-03-14 06:00:00,1.5141240343817801
2025-03-14 07:00:00,6.523838233597857
2025-03-14 08:00:00,11.015425107187012
2025-03-14 09:00:00,14.682790432412414
2025-03-14 10:00:00,17.276009322967703
2025-03-14 11:00:00,18.61835819695838
2025-03-14 12:00:00,18.61835819695838
2025-03-14 13:00:00,17.276009322967703
2025-03-14 14:00:00,14.682790432412414
2025-03-14 15:00:00,11.015425107187012
2025-03-14 16:00:00,6.523838233597857
2025-03-14 17:00:00,1.5141240343817801
2025-03-14 18:00:00,0.0
2025-03-14 19:00:00,0.0
2025-03-14 20:00:00,0.0
2025-03-14 21:00:00,0.0
2025-03-14 22:00:00,0.0
2025-03-14 23:00:00,0.0
2025-03-15 00:00:00,0.0
2025-03-15 01:00:00,0.0
2025-03-15 02:00:00,0.0
2025-03-15 03:00:00,0.0
2025-03-15 04:00:00,0.0
2025-03-15 05:00:00,0.0
2025-03-15 06:00:00,1.6491501184935982
2025-03-15 07:00:00,6.660710669229991
2025-03-15 08:00:00,11.153952936305263
2025-03-15 09:00:00,14.82266988465217
2025-03-15 10:00:00,17.41684451708228
2025-03-15 11:00:00,18.759688119471768
2025-03-15 12:00:00,18.759688119471768
2025-03-15 13:00:00,17.41684451708228
2025-03-15 14:00:00,14.82266988465217
2025-03-15 15:00:00,11.153952936305263
2025-03-15 16:00:00,6.660710669229991
2025-03-15 17:00:00,1.6491501184935982
2025-03-15 18:00:00,0.0
2025-03-15 19:00:00,0.0
2025-03-15 20:00:00,0.0
2025-03-15 21:00:00,0.0
2025-03-15 22:00:00,0.0
2025-03-15 23:00:00,0.0
2025-03-16 00:00:00,0.0
2025-03-16 01:00:00,0.0
2025-03-16 02:00:00,0.0
2025-03-16 03:00:00,0.0
2025-03-16 04:00:00,0.0
2025-03-16 05:00:00,0.0
2025-03-16 06:00:00,1.7843771936229271
2025-03-16 07:00:00,6.797542548884087
2025-03-16 08:00:00,11.29222364433389
2025-03-16 09:00:00,14.962115391129139
2025-03-16 10:00:00,17.557120731508604
2025-03-16 11:00:00,18.900394339974515
2025-03-16 12:00:00,18.900394339974515
2025-03-16 13:00:00,17.557120731508604
2025-03-16 14:00:00,14.962115391129139
2025-03-16 15:00:00,11.29222364433389
2025-03-16 16:00:00,6.797542548884087
2025-03-16 17:00:00,1.7843771936229271
2025-03-16 18:00:00,0.0
2025-03-16 19:00:00,0.0
2025-03-16 20:00:00,0.0
2025-03-16 21:00:00,0.0
2025-03-16 22:00:00,0.0
2025-03-16 23:00:00,0.0
2025-03-17 00:00:00,0.0
2025-03-17 01:00:00,0.0
2025-03-17 02:00:00,0.0
2025-03-17 03:00:00,0.0
2025-03-17 04:00:00,0.0
2025-03-17 05:00:00,0.0
2025-03-17 06:00:00,1.9197580744071052
2025-03-17 07:00:00,6.934284707562861
2025-03-17 08:00:00,11.430186291383762
2025-03-17 09:00:00,15.101074562761077
2025-03-17 10:00:00,17.69678455243014
2025-03-17 11:00:00,19.04042291420858
2025-03-17 12:00:00,19.04042291420858
2025-03-17 13:00:00,17.69678455243014
2025-03-17 14:00:00,15.101074562761077
2025-03-17 15:00:00,11.430186291383762
2025-03-17 16:00:00,6.934284707562861
2025-03-17 17:00:00,1.9197580744071052
2025-03-17 18:00:00,0.0
2025-03-17 19:00:00,0.0
2025-03-17 20:00:00,0.0
2025-03-17 21:00:00,0.0
2025-03-17 22:00:00,0.0
2025-03-17 23:00:00,0.0
2025-03-18 00:00:00,0.0
2025-03-18 01:00:00,0.0
2025-03-18 02:00:00,0.0
2025-03-18 03:00:00,0.0
2025-03-18 04:00:00,0.0
2025-03-18 05:00:00,0.0
2025-03-18 06:00:00,2.0552455401563465
2025-03-18 07:00:00,7.070888244871557
2025-03-18 08:00:00,11.567790471077851
2025-03-18 09:00:00,15.239495763541568
2025-03-18 10:00:00,17.8357834743612
2025-03-18 11:00:00,19.17972088661269
2025-03-18 12:00:00,19.17972088661269
2025-03-18 13:00:00,17.8357834743612
2025-03-18 14:00:00,15.239495763541568
2025-03-18 15:00:00,11.567790471077851
2025-03-18 16:00:00,7.070888244871557
2025-03-18 17:00:00,2.0552455401563465
2025-03-18 18:00:00,0.0
2025-03-18 19:00:00,0.0
2025-03-18 20:00:00,0.0
2025-03-18 21:00:00,0.0
2025-03-18 22:00:00,0.0
2025-03-18 23:00:00,0.0
2025-03-19 00:00:00,0.0
2025-03-19 01:00:00,0.0
2025-03-19 02:00:00,0.0
2025-03-19 03:00:00,0.0
2025-03-19 04:00:00,0.0
2025-03-19 05:00:00,0.0
2025-03-19 06:00:00,2.190792367261011
2025-03-19 07:00:00,7.20730455973351
2025-03-19 08:00:00,11.70498634733634
2025-03-19 09:00:00,15.377328149014952
2025-03-19 10:00:00,17.974065939816718
2025-03-19 11:00:00,19.31823633061061
2025-03-19 12:00:00,19.31823633061061
2025-03-19 13:00:00,17.974065939816718
2025-03-19 14:00:00,15.377328149014952
2025-03-19 15:00:00,11.70498634733634
2025-03-19 16:00:00,7.20730455973351
2025-03-19 17:00:00,2.190792367261011
2025-03-19 18:00:00,0.0
2025-03-19 19:00:00,0.0
2025-03-19 20:00:00,0.0
2025-03-19 21:00:00,0.0
2025-03-19 22:00:00,0.0
2025-03-19 23:00:00,0.0
2025-03-20 00:00:00,0.0
2025-03-20 01:00:00,0.0
2025-03-20 02:00:00,0.0
2025-03-20 03:00:00,0.0
2025-03-20 04:00:00,0.0
2025-03-20 05:00:00,0.0
2025-03-20 06:00:00,2.326351361684259
2025-03-20 07:00:00,7.343485384777274
2025-03-20 08:00:00,11.8417246904623
2025-03-20 09:00:00,15.514521703748832
2025-03-20 10:00:00,18.11158137776544
2025-03-20 11:00:00,19.455918387571923
2025-03-20 12:00:00,19.455918387571923
2025-03-20 13:00:00,18.11158137776544
2025-03-20 14:00:00,15.514521703748832
2025-03-20 15:00:00,11.8417246904623
2025-03-20 16:00:00,7.343485384777274
2025-03-20 17:00:00,2.326351361684259
2025-03-20 18:00:00,0.0
2025-03-20 19:00:00,0.0
2025-03-20 20:00:00,0.0
2025-03-20 21:00:00,0.0
2025-03-20 22:00:00,0.0
2025-03-20 23:00:00,0.0
2025-03-21 00:00:00,0.0
2025-03-21 01:00:00,0.0
2025-03-21 02:00:00,0.0
2025-03-21 03:00:00,0.0
2025-03-21 04:00:00,0.0
2025-03-21 05:00:00,0.0
2025-03-21 06:00:00,2.4618753914795337
2025-03-21 07:00:00,7.47938282033125
2025-03-21 08:00:00,11.977956912460694
2025-03-21 09:00:00,15.651027277734435
2025-03-21 10:00:00,18.248280240794845
2025-03-21 11:00:00,19.592717304372822
2025-03-21 12:00:00,19.592717304372822
2025-03-21 13:00:00,18.248280240794845
2025-03-21 14:00:00,15.651027277734435
2025-03-21 15:00:00,11.977956912460694
2025-03-21 16:00:00,7.47938282033125
2025-03-21 17:00:00,2.4618753914795337
2025-03-21 18:00:00,0.0
2025-03-21 19:00:00,0.0
2025-03-21 20:00:00,0.0
2025-03-21 21:00:00,0.0
2025-03-21 22:00:00,0.0
2025-03-21 23:00:00,0.0
2025-03-22 00:00:00,0.0
2025-03-22 01:00:00,0.0
2025-03-22 02:00:00,0.0
2025-03-22 03:00:00,0.0
2025-03-22 04:00:00,0.0
2025-03-22 05:00:00,0.0
2025-03-22 06:00:00,2.597317419271802
2025-03-22 07:00:00,7.614949367961997
2025-03-22 08:00:00,12.11363510152442
2025-03-22 09:00:00,15.786796621646483
2025-03-22 10:00:00,18.384114040918274
2025-03-22 11:00:00,19.728584469486414
2025-03-22 12:00:00,19.728584469486414
2025-03-22 13:00:00,18.384114040918274
2025-03-22 14:00:00,15.786796621646483
2025-03-22 15:00:00,12.11363510152442
2025-03-22 16:00:00,7.614949367961997
2025-03-22 17:00:00,2.597317419271802
2025-03-22 18:00:00,0.0
2025-03-22 19:00:00,0.0
2025-03-22 20:00:00,0.0
2025-03-22 21:00:00,0.0
2025-03-22 22:00:00,0.0
2025-03-22 23:00:00,0.0
2025-03-23 00:00:00,0.0
2025-03-23 01:00:00,0.0
2025-03-23 02:00:00,0.0
2025-03-23 03:00:00,0.0
2025-03-23 04:00:00,0.0
2025-03-23 05:00:00,0.0
2025-03-23 06:00:00,2.732630534641282
2025-03-23 07:00:00,7.750137963492998
2025-03-23 08:00:00,12.248712055622441
2025-03-23 09:00:00,15.92178242089618
2025-03-23 10:00:00,18.51903538395659
2025-03-23 11:00:00,19.86347244753457
2025-03-23 12:00:00,19.86347244753457
2025-03-23 13:00:00,18.51903538395659
2025-03-23 14:00:00,15.92178242089618
2025-03-23 15:00:00,12.248712055622441
2025-03-23 16:00:00,7.750137963492998
2025-03-23 17:00:00,2.732630534641282
2025-03-23 18:00:00,0.0
2025-03-23 19:00:00,0.0
2025-03-23 20:00:00,0.0
2025-03-23 21:00:00,0.0
2025-03-23 22:00:00,0.0
2025-03-23 23:00:00,0.0
2025-03-24 00:00:00,0.0
2025-03-24 01:00:00,0.0
2025-03-24 02:00:00,0.0
2025-03-24 03:00:00,0.0
2025-03-24 04:00:00,0.0
2025-03-24 05:00:00,0.0
2025-03-24 06:00:00,2.867767986348961
2025-03-24 07:00:00,7.884902009441977
2025-03-24 08:00:00,12.383141315127002
2025-03-24 09:00:00,16.055938328413532
2025-03-24 10:00:00,18.652998002430138
2025-03-24 11:00:00,19.997335012236622
2025-03-24 12:00:00,19.997335012236622
2025-03-24 13:00:00,18.652998002430138
2025-03-24 14:00:00,16.055938328413532
2025-03-24 15:00:00,12.383141315127002
2025-03-24 16:00:00,7.884902009441977
2025-03-24 17:00:00,2.867767986348961
2025-03-24 18:00:00,0.0
2025-03-24 19:00:00,0.0
2025-03-24 20:00:00,0.0
2025-03-24 21:00:00,0.0
2025-03-24 22:00:00,0.0
2025-03-24 23:00:00,0.0
2025-03-25 00:00:00,0.0
2025-03-25 01:00:00,0.0
2025-03-25 02:00:00,0.0
2025-03-25 03:00:00,0.0
2025-03-25 04:00:00,0.0
2025-03-25 05:00:00,0.0
2025-03-25 06:00:00,3.002683214342525
2025-03-25 07:00:00,8.019195406815026
2025-03-25 08:00:00,12.516877194417855
2025-03-25 09:00:00,16.189218996096464
2025-03-25 10:00:00,18.785956786898232
2025-03-25 11:00:00,20.13012717769212
2025-03-25 12:00:00,20.13012717769212
2025-03-25 13:00:00,18.785956786898232
2025-03-25 14:00:00,16.189218996096464
2025-03-25 15:00:00,12.516877194417855
2025-03-25 16:00:00,8.019195406815026
2025-03-25 17:00:00,3.002683214342525
2025-03-25 18:00:00,0.0
2025-03-25 19:00:00,0.0
2025-03-25 20:00:00,0.0
2025-03-25 21:00:00,0.0
2025-03-25 22:00:00,0.0
2025-03-25 23:00:00,0.0
2025-03-26 00:00:00,0.0
2025-03-26 01:00:00,0.0
2025-03-26 02:00:00,0.0
2025-03-26 03:00:00,0.0
2025-03-26 04:00:00,0.0
2025-03-26 05:00:00,0.0
2025-03-26 06:00:00,3.1373298814829162
2025-03-26 07:00:00,8.152972586198127
2025-03-26 08:00:00,12.64987481240442
2025-03-26 09:00:00,16.32158010486814
2025-03-26 10:00:00,18.917867815687767
2025-03-26 11:00:00,20.26180522793926
2025-03-26 12:00:00,20.26180522793926
2025-03-26 13:00:00,18.917867815687767
2025-03-26 14:00:00,16.32158010486814
2025-03-26 15:00:00,12.64987481240442
2025-03-26 16:00:00,8.152972586198127
2025-03-26 17:00:00,3.1373298814829162
2025-03-26 18:00:00,0.0
2025-03-26 19:00:00,0.0
2025-03-26 20:00:00,0.0
2025-03-26 21:00:00,0.0
2025-03-26 22:00:00,0.0
2025-03-26 23:00:00,0.0
2025-03-27 00:00:00,0.0
2025-03-27 01:00:00,0.0
2025-03-27 02:00:00,0.0
2025-03-27 03:00:00,0.0
2025-03-27 04:00:00,0.0
2025-03-27 05:00:00,0.0
2025-03-27 06:00:00,3.271661904931021
2025-03-27 07:00:00,8.286188538086776
2025-03-27 08:00:00,12.782090121907677
2025-03-27 09:00:00,16.452978393284994
2025-03-27 10:00:00,19.048688382954055
2025-03-27 11:00:00,20.392326744732497
2025-03-27 12:00:00,20.392326744732497
2025-03-27 13:00:00,19.048688382954055
2025-03-27 14:00:00,16.452978393284994
2025-03-27 15:00:00,12.782090121907677
2025-03-27 16:00:00,8.286188538086776
2025-03-27 17:00:00,3.271661904931021
2025-03-27 18:00:00,0.0
2025-03-27 19:00:00,0.0
2025-03-27 20:00:00,0.0
2025-03-27 21:00:00,0.0
2025-03-27 22:00:00,0.0
2025-03-27 23:00:00,0.0
2025-03-28 00:00:00,0.0
2025-03-28 01:00:00,0.0
2025-03-28 02:00:00,0.0
2025-03-28 03:00:00,0.0
2025-03-28 04:00:00,0.0
2025-03-28 05:00:00,0.0
2025-03-28 06:00:00,3.4056334871360057
2025-03-28 07:00:00,8.418798842397166
2025-03-28 08:00:00,12.91347993784697
2025-03-28 09:00:00,16.583371684642216
2025-03-28 10:00:00,19.178377025021685
2025-03-28 11:00:00,20.521650633487596
2025-03-28 12:00:00,20.521650633487596
2025-03-28 13:00:00,19.178377025021685
2025-03-28 14:00:00,16.583371684642216
2025-03-28 15:00:00,12.91347993784697
2025-03-28 16:00:00,8.418798842397166
2025-03-28 17:00:00,3.4056334871360057
2025-03-28 18:00:00,0.0
2025-03-28 19:00:00,0.0
2025-03-28 20:00:00,0.0
2025-03-28 21:00:00,0.0
2025-03-28 22:00:00,0.0
2025-03-28 23:00:00,0.0
2025-03-29 00:00:00,0.0
2025-03-29 01:00:00,0.0
2025-03-29 02:00:00,0.0
2025-03-29 03:00:00,0.0
2025-03-29 04:00:00,0.0
2025-03-29 05:00:00,0.0
2025-03-29 06:00:00,3.5391991463666277
2025-03-29 07:00:00,8.55075969710302
2025-03-29 08:00:00,13.044001964178292
2025-03-29 09:00:00,16.712718912525197
2025-03-29 10:00:00,19.306893544955308
2025-03-29 11:00:00,20.6497371473448
2025-03-29 12:00:00,20.6497371473448
2025-03-29 13:00:00,19.306893544955308
2025-03-29 14:00:00,16.712718912525197
2025-03-29 15:00:00,13.044001964178292
2025-03-29 16:00:00,8.55075969710302
2025-03-29 17:00:00,3.5391991463666277
2025-03-29 18:00:00,0.0
2025-03-29 19:00:00,0.0
2025-03-29 20:00:00,0.0
2025-03-29 21:00:00,0.0
2025-03-29 22:00:00,0.0
2025-03-29 23:00:00,0.0
2025-03-30 00:00:00,0.0
2025-03-30 01:00:00,0.0
2025-03-30 02:00:00,0.0
2025-03-30 03:00:00,0.0
2025-03-30 04:00:00,0.0
2025-03-30 05:00:00,0.0
2025-03-30 06:00:00,3.6723137467288
2025-03-30 07:00:00,8.682027945944878
2025-03-30 08:00:00,13.173614819534032
2025-03-30 09:00:00,16.840980144759435
2025-03-30 10:00:00,19.434199035314723
2025-03-30 11:00:00,20.7765479093054
2025-03-30 12:00:00,20.7765479093054
2025-03-30 13:00:00,19.434199035314723
2025-03-30 14:00:00,16.840980144759435
2025-03-30 15:00:00,13.173614819534032
2025-03-30 16:00:00,8.682027945944878
2025-03-30 17:00:00,3.6723137467288
2025-03-30 18:00:00,0.0
2025-03-30 19:00:00,0.0
2025-03-30 20:00:00,0.0
2025-03-30 21:00:00,0.0
2025-03-30 22:00:00,0.0
2025-03-30 23:00:00,0.0
2025-03-31 00:00:00,0.0
2025-03-31 01:00:00,0.0
2025-03-31 02:00:00,0.0
2025-03-31 03:00:00,0.0
2025-03-31 04:00:00,0.0
2025-03-31 05:00:00,0.0
2025-03-31 06:00:00,3.8049325276132944
2025-03-31 07:00:00,8.812561105159954
2025-03-31 08:00:00,13.302278061516084
2025-03-31 09:00:00,16.968116605714105
2025-03-31 10:00:00,19.560255899051548
2025-03-31 11:00:00,20.902045932400185
2025-03-31 12:00:00,20.902045932400185
2025-03-31 13:00:00,19.560255899051548
2025-03-31 14:00:00,16.968116605714105
2025-03-31 15:00:00,13.302278061516084
2025-03-31 16:00:00,8.812561105159954
2025-03-31 17:00:00,3.8049325276132944
2025-03-31 18:00:00,0.0
2025-03-31 19:00:00,0.0
2025-03-31 20:00:00,0.0
2025-03-31 21:00:00,0.0
2025-03-31 22:00:00,0.0
2025-03-31 23:00:00,0.0
2025-04-01 00:00:00,0.0
2025-04-01 01:00:00,0.0
2025-04-01 02:00:00,0.0
2025-04-01 03:00:00,0.0
2025-04-01 04:00:00,0.0
2025-04-01 05:00:00,0.0
2025-04-01 06:00:00,4.697570101301495
2025-04-01 07:00:00,10.669810521184756
2025-04-01 08:00:00,16.024374795542727
2025-04-01 09:00:00,20.396358217913757
2025-04-01 10:00:00,23.487817343107487
2025-04-01 11:00:00,25.088074340619713
2025-04-01 12:00:00,25.088074340619713
2025-04-01 13:00:00,23.487817343107487
2025-04-01 14:00:00,20.396358217913757
2025-04-01 15:00:00,16.024374795542727
2025-04-01 16:00:00,10.669810521184756
2025-04-01 17:00:00,4.697570101301495
2025-04-01 18:00:00,0.0
2025-04-01 19:00:00,0.0
2025-04-01 20:00:00,0.0
2025-04-01 21:00:00,0.0
2025-04-01 22:00:00,0.0
2025-04-01 23:00:00,0.0
2025-04-02 00:00:00,0.0
2025-04-02 01:00:00,0.0
2025-04-02 02:00:00,0.0
2025-04-02 03:00:00,0.0
2025-04-02 04:00:00,0.0
2025-04-02 05:00:00,0.0
2025-04-02 06:00:00,4.854466953478701
2025-04-02 07:00:00,10.823657411406229
2025-04-02 08:00:00,16.175487164683638
2025-04-02 09:00:00,20.545237859941928
2025-04-02 10:00:00,23.63511820865369
2025-04-02 11:00:00,25.234557971322936
2025-04-02 12:00:00,25.234557971322936
2025-04-02 13:00:00,23.63511820865369
2025-04-02 14:00:00,20.545237859941928
2025-04-02 15:00:00,16.175487164683638
2025-04-02 16:00:00,10.823657411406229
2025-04-02 17:00:00,4.854466953478701
2025-04-02 18:00:00,0.0
2025-04-02 19:00:00,0.0
2025-04-02 20:00:00,0.0
2025-04-02 21:00:00,0.0
2025-04-02 22:00:00,0.0
2025-04-02 23:00:00,0.0
2025-04-03 00:00:00,0.0
2025-04-03 01:00:00,0.0
2025-04-03 02:00:00,0.0
2025-04-03 03:00:00,0.0
2025-04-03 04:00:00,0.0
2025-04-03 05:00:00,0.0
2025-04-03 06:00:00,5.010615006750682
2025-04-03 07:00:00,10.976480248146224
2025-04-03 08:00:00,16.32532869384141
2025-04-03 09:00:00,20.69264516165211
2025-04-03 10:00:00,23.78080425162874
2025-04-03 11:00:00,25.379353025213575
2025-04-03 12:00:00,25.379353025213575
2025-04-03 13:00:00,23.78080425162874
2025-04-03 14:00:00,20.69264516165211
2025-04-03 15:00:00,16.32532869384141
2025-04-03 16:00:00,10.976480248146224
2025-04-03 17:00:00,5.010615006750682
2025-04-03 18:00:00,0.0
2025-04-03 19:00:00,0.0
2025-04-03 20:00:00,0.0
2025-04-03 21:00:00,0.0
2025-04-03 22:00:00,0.0
2025-04-03 23:00:00,0.0
2025-04-04 00:00:00,0.0
2025-04-04 01:00:00,0.0
2025-04-04 02:00:00,0.0
2025-04-04 03:00:00,0.0
2025-04-04 04:00:00,0.0
2025-04-04 05:00:00,0.0
2025-04-04 06:00:00,5.165962980240687
2025-04-04 07:00:00,11.128231843756925
2025-04-04 08:00:00,16.47385586525688
2025-04-04 09:00:00,20.83853960173672
2025-04-04 10:00:00,23.92483706953625
2025-04-04 11:00:00,25.52242219657265
2025-04-04 12:00:00,25.52242219657265
2025-04-04 13:00:00,23.92483706953625
2025-04-04 14:00:00,20.83853960173672
2025-04-04 15:00:00,16.47385586525688
2025-04-04 16:00:00,11.128231843756925
2025-04-04 17:00:00,5.165962980240687
2025-04-04 18:00:00,0.0
2025-04-04 19:00:00,0.0
2025-04-04 20:00:00,0.0
2025-04-04 21:00:00,0.0
2025-04-04 22:00:00,0.0
2025-04-04 23:00:00,0.0
2025-04-05 00:00:00,0.0
2025-04-05 01:00:00,0.0
2025-04-05 02:00:00,0.0
2025-04-05 03:00:00,0.0
2025-04-05 04:00:00,0.0
2025-04-05 05:00:00,0.0
2025-04-05 06:00:00,5.320460204135718
2025-04-05 07:00:00,11.278865952977714
2025-04-05 08:00:00,16.621026400614575
2025-04-05 09:00:00,20.9828821408774
2025-04-05 10:00:00,24.067179913374716
2025-04-05 11:00:00,25.663729921953884
2025-04-05 12:00:00,25.663729921953884
2025-04-05 13:00:00,24.067179913374716
2025-04-05 14:00:00,20.9828821408774
2025-04-05 15:00:00,16.621026400614575
2025-04-05 16:00:00,11.278865952977714
2025-04-05 17:00:00,5.320460204135718
2025-04-05 18:00:00,0.0
2025-04-05 19:00:00,0.0
2025-04-05 20:00:00,0.0
2025-04-05 21:00:00,0.0
2025-04-05 22:00:00,0.0
2025-04-05 23:00:00,0.0
2025-04-06 00:00:00,0.0
2025-04-06 01:00:00,0.0
2025-04-06 02:00:00,0.0
2025-04-06 03:00:00,0.0
2025-04-06 04:00:00,0.0
2025-04-06 05:00:00,0.0
2025-04-06 06:00:00,5.474056649451162
2025-04-06 07:00:00,11.428337296680635
2025-04-06 08:00:00,16.766799279391506
2025-04-06 09:00:00,21.12563523568758
2025-04-06 10:00:00,24.207797698464283
2025-04-06 11:00:00,25.803242389397685
2025-04-06 12:00:00,25.803242389397685
2025-04-06 13:00:00,24.207797698464283
2025-04-06 14:00:00,21.12563523568758
2025-04-06 15:00:00,16.766799279391506
2025-04-06 16:00:00,11.428337296680635
2025-04-06 17:00:00,5.474056649451162
2025-04-06 18:00:00,0.0
2025-04-06 19:00:00,0.0
2025-04-06 20:00:00,0.0
2025-04-06 21:00:00,0.0
2025-04-06 22:00:00,0.0
2025-04-06 23:00:00,0.0
2025-04-07 00:00:00,0.0
2025-04-07 01:00:00,0.0
2025-04-07 02:00:00,0.0
2025-04-07 03:00:00,0.0
2025-04-07 04:00:00,0.0
2025-04-07 05:00:00,0.0
2025-04-07 06:00:00,5.626702956705657
2025-04-07 07:00:00,11.576601584096936
2025-04-07 08:00:00,16.911134755302328
2025-04-07 09:00:00,21.266762850437072
2025-04-07 10:00:00,24.34665701283349
2025-04-07 11:00:00,25.94092754509003
2025-04-07 12:00:00,25.94092754509003
2025-04-07 13:00:00,24.34665701283349
2025-04-07 14:00:00,21.266762850437072
2025-04-07 15:00:00,16.911134755302328
2025-04-07 16:00:00,11.576601584096936
2025-04-07 17:00:00,5.626702956705657
2025-04-07 18:00:00,0.0
2025-04-07 19:00:00,0.0
2025-04-07 20:00:00,0.0
2025-04-07 21:00:00,0.0
2025-04-07 22:00:00,0.0
2025-04-07 23:00:00,0.0
2025-04-08 00:00:00,0.0
2025-04-08 01:00:00,0.0
2025-04-08 02:00:00,0.0
2025-04-08 03:00:00,0.0
2025-04-08 04:00:00,0.0
2025-04-08 05:00:00,0.0
2025-04-08 06:00:00,5.778350463457945
2025-04-08 07:00:00,11.723615533488037
2025-04-08 08:00:00,17.0539943708145
2025-04-08 09:00:00,21.406230466541064
2025-04-08 10:00:00,24.483726123154185
2025-04-08 11:00:00,26.076755097457706
2025-04-08 12:00:00,26.076755097457706
2025-04-08 13:00:00,24.483726123154185
2025-04-08 14:00:00,21.406230466541064
2025-04-08 15:00:00,17.0539943708145
2025-04-08 16:00:00,11.723615533488037
2025-04-08 17:00:00,5.778350463457945
2025-04-08 18:00:00,0.0
2025-04-08 19:00:00,0.0
2025-04-08 20:00:00,0.0
2025-04-08 21:00:00,0.0
2025-04-08 22:00:00,0.0
2025-04-08 23:00:00,0.0
2025-04-09 00:00:00,0.0
2025-04-09 01:00:00,0.0
2025-04-09 02:00:00,0.0
2025-04-09 03:00:00,0.0
2025-04-09 04:00:00,0.0
2025-04-09 05:00:00,0.0
2025-04-09 06:00:00,5.928951230659828
2025-04-09 07:00:00,11.869336891227293
2025-04-09 08:00:00,17.195340969710905
2025-04-09 09:00:00,21.544005089799896
2025-04-09 10:00:00,24.61897497821745
2025-04-09 11:00:00,26.21069651869593
2025-04-09 12:00:00,26.21069651869593
2025-04-09 13:00:00,24.61897497821745
2025-04-09 14:00:00,21.544005089799896
2025-04-09 15:00:00,17.195340969710905
2025-04-09 16:00:00,11.869336891227293
2025-04-09 17:00:00,5.928951230659828
2025-04-09 18:00:00,0.0
2025-04-09 19:00:00,0.0
2025-04-09 20:00:00,0.0
2025-04-09 21:00:00,0.0
2025-04-09 22:00:00,0.0
2025-04-09 23:00:00,0.0
2025-04-10 00:00:00,0.0
2025-04-10 01:00:00,0.0
2025-04-10 02:00:00,0.0
2025-04-10 03:00:00,0.0
2025-04-10 04:00:00,0.0
2025-04-10 05:00:00,0.0
2025-04-10 06:00:00,6.078458067782937
2025-04-10 07:00:00,12.013724449263252
2025-04-10 08:00:00,17.33513870768214
2025-04-10 09:00:00,21.680055255381216
2025-04-10 10:00:00,24.752375209948877
2025-04-10 11:00:00,26.34272504373012
2025-04-10 12:00:00,26.34272504373012
2025-04-10 13:00:00,24.752375209948877
2025-04-10 14:00:00,21.680055255381216
2025-04-10 15:00:00,17.33513870768214
2025-04-10 16:00:00,12.013724449263252
2025-04-10 17:00:00,6.078458067782937
2025-04-10 18:00:00,0.0
2025-04-10 19:00:00,0.0
2025-04-10 20:00:00,0.0
2025-04-10 21:00:00,0.0
2025-04-10 22:00:00,0.0
2025-04-10 23:00:00,0.0
2025-04-11 00:00:00,0.0
2025-04-11 01:00:00,0.0
2025-04-11 02:00:00,0.0
2025-04-11 03:00:00,0.0
2025-04-11 04:00:00,0.0
2025-04-11 05:00:00,0.0877263538286952
2025-04-11 06:00:00,6.226824556679669
2025-04-11 07:00:00,12.156738060938224
2025-04-11 08:00:00,17.47335306093456
2025-04-11 09:00:00,21.814351030540628
2025-04-11 10:00:00,24.88390013196611
2025-04-11 11:00:00,26.4728156666186
2025-04-11 12:00:00,26.4728156666186
2025-04-11 13:00:00,24.88390013196611
2025-04-11 14:00:00,21.814351030540628
2025-04-11 15:00:00,17.47335306093456
2025-04-11 16:00:00,12.156738060938224
2025-04-11 17:00:00,6.226824556679669
2025-04-11 18:00:00,0.0877263538286952
2025-04-11 19:00:00,0.0
2025-04-11 20:00:00,0.0
2025-04-11 21:00:00,0.0
2025-04-11 22:00:00,0.0
2025-04-11 23:00:00,0.0
2025-04-12 00:00:00,0.0
2025-04-12 01:00:00,0.0
2025-04-12 02:00:00,0.0
2025-04-12 03:00:00,0.0
2025-04-12 04:00:00,0.0
2025-04-12 05:00:00,0.24068363293142744
2025-04-12 06:00:00,6.374005074142292
2025-04-12 07:00:00,12.29833865514035
2025-04-12 08:00:00,17.609950832804742
2025-04-12 09:00:00,21.946864015081786
2025-04-12 10:00:00,25.013524735687216
2025-04-12 11:00:00,26.600945134408224
2025-04-12 12:00:00,26.600945134408224
2025-04-12 13:00:00,25.013524735687216
2025-04-12 14:00:00,21.946864015081786
2025-04-12 15:00:00,17.609950832804742
2025-04-12 16:00:00,12.29833865514035
2025-04-12 17:00:00,6.374005074142292
2025-04-12 18:00:00,0.24068363293142744
2025-04-12 19:00:00,0.0
2025-04-12 20:00:00,0.0
2025-04-12 21:00:00,0.0
2025-04-12 22:00:00,0.0
2025-04-12 23:00:00,0.0
2025-04-13 00:00:00,0.0
2025-04-13 01:00:00,0.0
2025-04-13 02:00:00,0.0
2025-04-13 03:00:00,0.0
2025-04-13 04:00:00,0.0
2025-04-13 05:00:00,0.3926381242449891
2025-04-13 06:00:00,6.5199548131274225
2025-04-13 07:00:00,12.438488248770984
2025-04-13 08:00:00,17.744900158375515
2025-04-13 09:00:00,22.07756733956179
2025-04-13 10:00:00,25.141225684003
2025-04-13 11:00:00,26.72709193846029
2025-04-13 12:00:00,26.72709193846029
2025-04-13 13:00:00,25.141225684003
2025-04-13 14:00:00,22.07756733956179
2025-04-13 15:00:00,17.744900158375515
2025-04-13 16:00:00,12.438488248770984
2025-04-13 17:00:00,6.5199548131274225
2025-04-13 18:00:00,0.3926381242449891
2025-04-13 19:00:00,0.0
2025-04-13 20:00:00,0.0
2025-04-13 21:00:00,0.0
2025-04-13 22:00:00,0.0
2025-04-13 23:00:00,0.0
2025-04-14 00:00:00,0.0
2025-04-14 01:00:00,0.0
2025-04-14 02:00:00,0.0
2025-04-14 03:00:00,0.0
2025-04-14 04:00:00,0.0
2025-04-14 05:00:00,0.5435385200572044
2025-04-14 06:00:00,6.664629802616264
2025-04-14 07:00:00,12.577149957512933
2025-04-14 08:00:00,17.87817050709255
2025-04-14 09:00:00,22.20643566125192
2025-04-14 10:00:00,25.266981302531452
2025-04-14 11:00:00,26.85123630326875
2025-04-14 12:00:00,26.85123630326875
2025-04-14 13:00:00,25.266981302531452
2025-04-14 14:00:00,22.20643566125192
2025-04-14 15:00:00,17.87817050709255
2025-04-14 16:00:00,12.577149957512933
2025-04-14 17:00:00,6.664629802616264
2025-04-14 18:00:00,0.5435385200572044
2025-04-14 19:00:00,0.0
2025-04-14 20:00:00,0.0
2025-04-14 21:00:00,0.0
2025-04-14 22:00:00,0.0
2025-04-14 23:00:00,0.0
2025-04-15 00:00:00,0.0
2025-04-15 01:00:00,0.0
2025-04-15 02:00:00,0.0
2025-04-15 03:00:00,0.0
2025-04-15 04:00:00,0.0
2025-04-15 05:00:00,0.6933341048682059
2025-04-15 06:00:00,6.807986926084974
2025-04-15 07:00:00,12.714288004889559
2025-04-15 08:00:00,18.009732683385465
2025-04-15 09:00:00,22.333445157869292
2025-04-15 10:00:00,25.390771568477675
2025-04-15 11:00:00,26.973360172798433
2025-04-15 12:00:00,26.973360172798433
2025-04-15 13:00:00,25.390771568477675
2025-04-15 14:00:00,22.333445157869292
2025-04-15 15:00:00,18.009732683385465
2025-04-15 16:00:00,12.714288004889559
2025-04-15 17:00:00,6.807986926084974
2025-04-15 18:00:00,0.6933341048682059
2025-04-15 19:00:00,0.0
2025-04-15 20:00:00,0.0
2025-04-15 21:00:00,0.0
2025-04-15 22:00:00,0.0
2025-04-15 23:00:00,0.0
2025-04-16 00:00:00,0.0
2025-04-16 01:00:00,0.0
2025-04-16 02:00:00,0.0
2025-04-16 03:00:00,0.0
2025-04-16 04:00:00,0.0
2025-04-16 05:00:00,0.8419747825055354
2025-04-16 06:00:00,6.949983938562491
2025-04-16 07:00:00,12.849867729607997
2025-04-16 08:00:00,18.13955882530127
2025-04-16 09:00:00,22.458573519098657
2025-04-16 10:00:00,25.512578097127136
2025-04-16 11:00:00,27.093447194375248
2025-04-16 12:00:00,27.093447194375248
2025-04-16 13:00:00,25.512578097127136
2025-04-16 14:00:00,22.458573519098657
2025-04-16 15:00:00,18.13955882530127
2025-04-16 16:00:00,12.849867729607997
2025-04-16 17:00:00,6.949983938562491
2025-04-16 18:00:00,0.8419747825055354
2025-04-16 19:00:00,0.0
2025-04-16 20:00:00,0.0
2025-04-16 21:00:00,0.0
2025-04-16 22:00:00,0.0
2025-04-16 23:00:00,0.0
2025-04-17 00:00:00,0.0
2025-04-17 01:00:00,0.0
2025-04-17 02:00:00,0.0
2025-04-17 03:00:00,0.0
2025-04-17 04:00:00,0.0
2025-04-17 05:00:00,0.9894111021052026
2025-04-17 06:00:00,7.090579482257296
2025-04-17 07:00:00,12.983855591184438
2025-04-17 08:00:00,18.2676224011625
2025-04-17 09:00:00,22.581799935928984
2025-04-17 10:00:00,25.632384126005032
2025-04-17 11:00:00,27.211482700165686
2025-04-17 12:00:00,27.211482700165686
2025-04-17 13:00:00,25.632384126005032
2025-04-17 14:00:00,22.581799935928984
2025-04-17 15:00:00,18.2676224011625
2025-04-17 16:00:00,12.983855591184438
2025-04-17 17:00:00,7.090579482257296
2025-04-17 18:00:00,0.9894111021052026
2025-04-17 19:00:00,0.0
2025-04-17 20:00:00,0.0
2025-04-17 21:00:00,0.0
2025-04-17 22:00:00,0.0
2025-04-17 23:00:00,0.0
2025-04-18 00:00:00,0.0
2025-04-18 01:00:00,0.0
2025-04-18 02:00:00,0.0
2025-04-18 03:00:00,0.0
2025-04-18 04:00:00,0.0
2025-04-18 05:00:00,1.1355942829259311
2025-04-18 06:00:00,7.2297331007376116
2025-04-18 07:00:00,13.11621917385264
2025-04-18 08:00:00,18.393898204266417
2025-04-18 09:00:00,22.703105087833222
2025-04-18 10:00:00,25.75017449673906
2025-04-18 11:00:00,27.327453686287285
2025-04-18 12:00:00,27.327453686287285
2025-04-18 13:00:00,25.75017449673906
2025-04-18 14:00:00,22.703105087833222
2025-04-18 15:00:00,18.393898204266417
2025-04-18 16:00:00,13.11621917385264
2025-04-18 17:00:00,7.2297331007376116
2025-04-18 18:00:00,1.1355942829259311
2025-04-18 19:00:00,0.0
2025-04-18 20:00:00,0.0
2025-04-18 21:00:00,0.0
2025-04-18 22:00:00,0.0
2025-04-18 23:00:00,0.0
2025-04-19 00:00:00,0.0
2025-04-19 01:00:00,0.0
2025-04-19 02:00:00,0.0
2025-04-19 03:00:00,0.0
2025-04-19 04:00:00,0.0
2025-04-19 05:00:00,1.280476237967728
2025-04-19 06:00:00,7.367405251653785
2025-04-19 07:00:00,13.246927188761388
2025-04-19 08:00:00,18.518362345646068
2025-04-19 09:00:00,22.82247112782462
2025-04-19 10:00:00,25.865935634667643
2025-04-19 11:00:00,27.4413487895967
2025-04-19 12:00:00,27.4413487895967
2025-04-19 13:00:00,25.865935634667643
2025-04-19 14:00:00,22.82247112782462
2025-04-19 15:00:00,18.518362345646068
2025-04-19 16:00:00,13.246927188761388
2025-04-19 17:00:00,7.367405251653785
2025-04-19 18:00:00,1.280476237967728
2025-04-19 19:00:00,0.0
2025-04-19 20:00:00,0.0
2025-04-19 21:00:00,0.0
2025-04-19 22:00:00,0.0
2025-04-19 23:00:00,0.0
2025-04-20 00:00:00,0.0
2025-04-20 01:00:00,0.0
2025-04-20 02:00:00,0.0
2025-04-20 03:00:00,0.0
2025-04-20 04:00:00,0.0
2025-04-20 05:00:00,1.4240095963687471
2025-04-20 06:00:00,7.503557317994652
2025-04-20 07:00:00,13.375949474469973
2025-04-20 08:00:00,18.64099224491781
2025-04-20 09:00:00,22.93988166542671
2025-04-20 10:00:00,25.979655526239657
2025-04-20 11:00:00,27.55315826220608
2025-04-20 12:00:00,27.55315826220608
2025-04-20 13:00:00,25.979655526239657
2025-04-20 14:00:00,22.93988166542671
2025-04-20 15:00:00,18.64099224491781
2025-04-20 16:00:00,13.375949474469973
2025-04-20 17:00:00,7.503557317994652
2025-04-20 18:00:00,1.4240095963687471
2025-04-20 19:00:00,0.0
2025-04-20 20:00:00,0.0
2025-04-20 21:00:00,0.0
2025-04-20 22:00:00,0.0
2025-04-20 23:00:00,0.0
2025-04-21 00:00:00,0.0
2025-04-21 01:00:00,0.0
2025-04-21 02:00:00,0.0
2025-04-21 03:00:00,0.0
2025-04-21 04:00:00,0.0
2025-04-21 05:00:00,1.5661477245584106
2025-04-21 06:00:00,7.638151617873869
2025-04-21 07:00:00,13.503256995755038
2025-04-21 08:00:00,18.761766619244238
2025-04-21 09:00:00,23.05532174759871
2025-04-21 10:00:00,26.09132369425644
2025-04-21 11:00:00,27.662873943783133
2025-04-21 12:00:00,27.662873943783133
2025-04-21 13:00:00,26.09132369425644
2025-04-21 14:00:00,23.05532174759871
2025-04-21 15:00:00,18.761766619244238
2025-04-21 16:00:00,13.503256995755038
2025-04-21 17:00:00,7.638151617873869
2025-04-21 18:00:00,1.5661477245584106
2025-04-21 19:00:00,0.0
2025-04-21 20:00:00,0.0
2025-04-21 21:00:00,0.0
2025-04-21 22:00:00,0.0
2025-04-21 23:00:00,0.0
2025-04-22 00:00:00,0.0
2025-04-22 01:00:00,0.0
2025-04-22 02:00:00,0.0
2025-04-22 03:00:00,0.0
2025-04-22 04:00:00,0.0
2025-04-22 05:00:00,1.7068447461476934
2025-04-22 06:00:00,7.771151412845336
2025-04-22 07:00:00,13.628821840745559
2025-04-22 08:00:00,18.880665470445045
2025-04-22 09:00:00,23.168777837661736
2025-04-22 10:00:00,26.200931171010552
2025-04-22 11:00:00,27.770489231694086
2025-04-22 12:00:00,27.770489231694086
2025-04-22 13:00:00,26.200931171010552
2025-04-22 14:00:00,23.168777837661736
2025-04-22 15:00:00,18.880665470445045
2025-04-22 16:00:00,13.628821840745559
2025-04-22 17:00:00,7.771151412845336
2025-04-22 18:00:00,1.7068447461476934
2025-04-22 19:00:00,0.0
2025-04-22 20:00:00,0.0
2025-04-22 21:00:00,0.0
2025-04-22 22:00:00,0.0
2025-04-22 23:00:00,0.0
2025-04-23 00:00:00,0.0
2025-04-23 01:00:00,0.0
2025-04-23 02:00:00,0.0
2025-04-23 03:00:00,0.0
2025-04-23 04:00:00,0.0
2025-04-23 05:00:00,1.8460555605414517
2025-04-23 06:00:00,7.902520914750889
2025-04-23 07:00:00,13.752617216406753
2025-04-23 08:00:00,18.997670070292443
2025-04-23 09:00:00,23.28023779227532
2025-04-23 10:00:00,26.308470469380037
2025-04-23 11:00:00,27.875999049053018
2025-04-23 12:00:00,27.875999049053018
2025-04-23 13:00:00,26.308470469380037
2025-04-23 14:00:00,23.28023779227532
2025-04-23 15:00:00,18.997670070292443
2025-04-23 16:00:00,13.752617216406753
2025-04-23 17:00:00,7.902520914750889
2025-04-23 18:00:00,1.8460555605414517
2025-04-23 19:00:00,0.0
2025-04-23 20:00:00,0.0
2025-04-23 21:00:00,0.0
2025-04-23 22:00:00,0.0
2025-04-23 23:00:00,0.0
2025-04-24 00:00:00,0.0
2025-04-24 01:00:00,0.0
2025-04-24 02:00:00,0.0
2025-04-24 03:00:00,0.0
2025-04-24 04:00:00,0.0
2025-04-24 05:00:00,1.9837358602608801
2025-04-24 06:00:00,8.032225291106718
2025-04-24 07:00:00,13.874617442397176
2025-04-24 08:00:00,19.112762944031353
2025-04-24 09:00:00,23.389690836517598
2025-04-24 10:00:00,26.413935551940515
2025-04-24 11:00:00,27.979399810744724
2025-04-24 12:00:00,27.979399810744724
2025-04-24 13:00:00,26.413935551940515
2025-04-24 14:00:00,23.389690836517598
2025-04-24 15:00:00,19.112762944031353
2025-04-24 16:00:00,13.874617442397176
2025-04-24 17:00:00,8.032225291106718
2025-04-24 18:00:00,1.9837358602608801
2025-04-24 19:00:00,0.0
2025-04-24 20:00:00,0.0
2025-04-24 21:00:00,0.0
2025-04-24 22:00:00,0.0
2025-04-24 23:00:00,0.0
2025-04-25 00:00:00,0.0
2025-04-25 01:00:00,0.0
2025-04-25 02:00:00,0.0
2025-04-25 03:00:00,0.0
2025-04-25 04:00:00,0.0
2025-04-25 05:00:00,2.119842146967708
2025-04-25 06:00:00,8.160230669038535
2025-04-25 07:00:00,13.994797943326798
2025-04-25 08:00:00,19.22592785216807
2025-04-25 09:00:00,23.49712753712574
2025-04-25 10:00:00,26.517321798161152
2025-04-25 11:00:00,28.080689387491752
2025-04-25 12:00:00,28.080689387491752
2025-04-25 13:00:00,26.517321798161152
2025-04-25 14:00:00,23.49712753712574
2025-04-25 15:00:00,19.22592785216807
2025-04-25 16:00:00,13.994797943326798
2025-04-25 17:00:00,8.160230669038535
2025-04-25 18:00:00,2.119842146967708
2025-04-25 19:00:00,0.0
2025-04-25 20:00:00,0.0
2025-04-25 21:00:00,0.0
2025-04-25 22:00:00,0.0
2025-04-25 23:00:00,0.0
2025-04-26 00:00:00,0.0
2025-04-26 01:00:00,0.0
2025-04-26 02:00:00,0.0
2025-04-26 03:00:00,0.0
2025-04-26 04:00:00,0.0
2025-04-26 05:00:00,2.254331746185525
2025-04-26 06:00:00,8.286504137779279
2025-04-26 07:00:00,14.113135239447578
2025-04-26 08:00:00,19.337149770574896
2025-04-26 09:00:00,23.602539773957115
2025-04-26 10:00:00,26.618625969753985
2025-04-26 11:00:00,28.17986706804007
2025-04-26 12:00:00,28.17986706804007
2025-04-26 13:00:00,26.618625969753985
2025-04-26 14:00:00,23.602539773957115
2025-04-26 15:00:00,19.337149770574896
2025-04-26 16:00:00,14.113135239447578
2025-04-26 17:00:00,8.286504137779279
2025-04-26 18:00:00,2.254331746185525
2025-04-26 19:00:00,0.0
2025-04-26 20:00:00,0.0
2025-04-26 21:00:00,0.0
2025-04-26 22:00:00,0.0
2025-04-26 23:00:00,0.0
2025-04-27 00:00:00,0.0
2025-04-27 01:00:00,0.0
2025-04-27 02:00:00,0.0
2025-04-27 03:00:00,0.0
2025-04-27 04:00:00,0.0
2025-04-27 05:00:00,2.3871628207166604
2025-04-27 06:00:00,8.411013749746107
2025-04-27 07:00:00,14.229606935811042
2025-04-27 08:00:00,19.44641486896103
2025-04-27 09:00:00,23.705920709734634
2025-04-27 10:00:00,26.717846174249352
2025-04-27 11:00:00,28.276933519540687
2025-04-27 12:00:00,28.276933519540687
2025-04-27 13:00:00,26.717846174249352
2025-04-27 14:00:00,23.705920709734634
2025-04-27 15:00:00,19.44641486896103
2025-04-27 16:00:00,14.229606935811042
2025-04-27 17:00:00,8.411013749746107
2025-04-27 18:00:00,2.3871628207166604
2025-04-27 19:00:00,0.0
2025-04-27 20:00:00,0.0
2025-04-27 21:00:00,0.0
2025-04-27 22:00:00,0.0
2025-04-27 23:00:00,0.0
2025-04-28 00:00:00,0.0
2025-04-28 01:00:00,0.0
2025-04-28 02:00:00,0.0
2025-04-28 03:00:00,0.0
2025-04-28 04:00:00,0.0
2025-04-28 05:00:00,2.51829438275698
2025-04-28 06:00:00,8.533728520217268
2025-04-28 07:00:00,14.344191709931062
2025-04-28 08:00:00,19.5537104877638
2025-04-28 09:00:00,23.80726475814302
2025-04-28 10:00:00,26.81498182687316
2025-04-28 11:00:00,28.37189074620774
2025-04-28 12:00:00,28.37189074620774
2025-04-28 13:00:00,26.81498182687316
2025-04-28 14:00:00,23.80726475814302
2025-04-28 15:00:00,19.5537104877638
2025-04-28 16:00:00,14.344191709931062
2025-04-28 17:00:00,8.533728520217268
2025-04-28 18:00:00,2.51829438275698
2025-04-28 19:00:00,0.0
2025-04-28 20:00:00,0.0
2025-04-28 21:00:00,0.0
2025-04-28 22:00:00,0.0
2025-04-28 23:00:00,0.0
2025-04-29 00:00:00,0.0
2025-04-29 01:00:00,0.0
2025-04-29 02:00:00,0.0
2025-04-29 03:00:00,0.0
2025-04-29 04:00:00,0.0
2025-04-29 05:00:00,2.647686304713859
2025-04-29 06:00:00,8.654618425632265
2025-04-29 07:00:00,14.456869297992716
2025-04-29 08:00:00,19.65902511351679
2025-04-29 09:00:00,23.90656755034548
2025-04-29 10:00:00,26.91003361080468
2025-04-29 11:00:00,28.46474204633644
2025-04-29 12:00:00,28.46474204633644
2025-04-29 13:00:00,26.91003361080468
2025-04-29 14:00:00,23.90656755034548
2025-04-29 15:00:00,19.65902511351679
2025-04-29 16:00:00,14.456869297992716
2025-04-29 17:00:00,8.654618425632265
2025-04-29 18:00:00,2.647686304713859
2025-04-29 19:00:00,0.0
2025-04-29 20:00:00,0.0
2025-04-29 21:00:00,0.0
2025-04-29 22:00:00,0.0
2025-04-29 23:00:00,0.0
2025-04-30 00:00:00,0.0
2025-04-30 01:00:00,0.0
2025-04-30 02:00:00,0.0
2025-04-30 03:00:00,0.0
2025-04-30 04:00:00,0.0
2025-04-30 05:00:00,2.775299328736569
2025-04-30 06:00:00,8.773654400542403
2025-04-30 07:00:00,14.567620479651673
2025-04-30 08:00:00,19.762348352754753
2025-04-30 09:00:00,24.003825899993377
2025-04-30 10:00:00,27.00300343589629
2025-04-30 11:00:00,28.555491967766937
2025-04-30 12:00:00,28.555491967766937
2025-04-30 13:00:00,27.00300343589629
2025-04-30 14:00:00,24.003825899993377
2025-04-30 15:00:00,19.762348352754753
2025-04-30 16:00:00,14.567620479651673
2025-04-30 17:00:00,8.773654400542403
2025-04-30 18:00:00,2.775299328736569
2025-04-30 19:00:00,0.0
2025-04-30 20:00:00,0.0
2025-04-30 21:00:00,0.0
2025-04-30 22:00:00,0.0
2025-04-30 23:00:00,0.0
2025-05-01 00:00:00,0.0
2025-05-01 01:00:00,0.0
2025-05-01 02:00:00,0.0
2025-05-01 03:00:00,0.0
2025-05-01 04:00:00,0.0
2025-05-01 05:00:00,3.370796182347007
2025-05-01 06:00:00,10.330272539575555
2025-05-01 07:00:00,17.05261049047077
2025-05-01 08:00:00,23.07969381286787
2025-05-01 09:00:00,28.000786738571623
2025-05-01 10:00:00,31.480524917185896
2025-05-01 11:00:00,33.28176994237736
2025-05-01 12:00:00,33.28176994237736
2025-05-01 13:00:00,31.480524917185896
2025-05-01 14:00:00,28.000786738571623
2025-05-01 15:00:00,23.07969381286787
2025-05-01 16:00:00,17.05261049047077
2025-05-01 17:00:00,10.330272539575555
2025-05-01 18:00:00,3.370796182347007
2025-05-01 19:00:00,0.0
2025-05-01 20:00:00,0.0
2025-05-01 21:00:00,0.0
2025-05-01 22:00:00,0.0
2025-05-01 23:00:00,0.0
2025-05-02 00:00:00,0.0
2025-05-02 01:00:00,0.0
2025-05-02 02:00:00,0.0
2025-05-02 03:00:00,0.0
2025-05-02 04:00:00,0.0
2025-05-02 05:00:00,3.5148037897475333
2025-05-02 06:00:00,10.46417593650693
2025-05-02 07:00:00,17.176753969555733
2025-05-02 08:00:00,23.195086789001365
2025-05-02 09:00:00,28.109034958963846
2025-05-02 10:00:00,31.583721032343544
2025-05-02 11:00:00,33.38235089542986
2025-05-02 12:00:00,33.38235089542986
2025-05-02 13:00:00,31.583721032343544
2025-05-02 14:00:00,28.109034958963846
2025-05-02 15:00:00,23.195086789001365
2025-05-02 16:00:00,17.176753969555733
2025-05-02 17:00:00,10.46417593650693
2025-05-02 18:00:00,3.5148037897475333
2025-05-02 19:00:00,0.0
2025-05-02 20:00:00,0.0
2025-05-02 21:00:00,0.0
2025-05-02 22:00:00,0.0
2025-05-02 23:00:00,0.0
2025-05-03 00:00:00,0.0
2025-05-03 01:00:00,0.0
2025-05-03 02:00:00,0.0
2025-05-03 03:00:00,0.0
2025-05-03 04:00:00,0.0
2025-05-03 05:00:00,3.656613797470786
2025-05-03 06:00:00,10.595830550110696
2025-05-03 07:00:00,17.298599225703338
2025-05-03 08:00:00,23.30813721585605
2025-05-03 09:00:00,28.214904437771022
2025-05-03 10:00:00,31.684512814090972
2025-05-03 11:00:00,33.48051426776865
2025-05-03 12:00:00,33.48051426776865
2025-05-03 13:00:00,31.684512814090972
2025-05-03 14:00:00,28.214904437771022
2025-05-03 15:00:00,23.30813721585605
2025-05-03 16:00:00,17.298599225703338
2025-05-03 17:00:00,10.595830550110696
2025-05-03 18:00:00,3.656613797470786
2025-05-03 19:00:00,0.0
2025-05-03 20:00:00,0.0
2025-05-03 21:00:00,0.0
2025-05-03 22:00:00,0.0
2025-05-03 23:00:00,0.0
2025-05-04 00:00:00,0.0
2025-05-04 01:00:00,0.0
2025-05-04 02:00:00,0.0
2025-05-04 03:00:00,0.0
2025-05-04 04:00:00,0.0
2025-05-04 05:00:00,3.7961847152419774
2025-05-04 06:00:00,10.725206996531266
2025-05-04 07:00:00,17.41812856896098
2025-05-04 08:00:00,23.418837887945905
2025-05-04 09:00:00,28.31839653003824
2025-05-04 10:00:00,31.78290767068288
2025-05-04 11:00:00,33.57627060102027
2025-05-04 12:00:00,33.57627060102027
2025-05-04 13:00:00,31.78290767068288
2025-05-04 14:00:00,28.31839653003824
2025-05-04 15:00:00,23.418837887945905
2025-05-04 16:00:00,17.41812856896098
2025-05-04 17:00:00,10.725206996531266
2025-05-04 18:00:00,3.7961847152419774
2025-05-04 19:00:00,0.0
2025-05-04 20:00:00,0.0
2025-05-04 21:00:00,0.0
2025-05-04 22:00:00,0.0
2025-05-04 23:00:00,0.0
2025-05-05 00:00:00,0.0
2025-05-05 01:00:00,0.0
2025-05-05 02:00:00,0.0
2025-05-05 03:00:00,0.0
2025-05-05 04:00:00,0.0
2025-05-05 05:00:00,3.9334760968901046
2025-05-05 06:00:00,10.852276965241693
2025-05-05 07:00:00,17.535325410933723
2025-05-05 08:00:00,23.52718272665203
2025-05-05 09:00:00,28.4195137383428
2025-05-05 10:00:00,31.8789141725186
2025-05-05 11:00:00,33.66963160651985
2025-05-05 12:00:00,33.66963160651985
2025-05-05 13:00:00,31.8789141725186
2025-05-05 14:00:00,28.4195137383428
2025-05-05 15:00:00,23.52718272665203
2025-05-05 16:00:00,17.535325410933723
2025-05-05 17:00:00,10.852276965241693
2025-05-05 18:00:00,3.9334760968901046
2025-05-05 19:00:00,0.0
2025-05-05 20:00:00,0.0
2025-05-05 21:00:00,0.0
2025-05-05 22:00:00,0.0
2025-05-05 23:00:00,0.0
2025-05-06 00:00:00,0.0
2025-05-06 01:00:00,0.0
2025-05-06 02:00:00,0.0
2025-05-06 03:00:00,0.0
2025-05-06 04:00:00,0.0
2025-05-06 05:00:00,4.068448542868497
2025-05-06 06:00:00,10.977013206937098
2025-05-06 07:00:00,17.650174238549017
2025-05-06 08:00:00,23.633166741319936
2025-05-06 09:00:00,28.5182596635486
2025-05-06 10:00:00,31.9725419955829
2025-05-06 11:00:00,33.760610104966155
2025-05-06 12:00:00,33.760610104966155
2025-05-06 13:00:00,31.9725419955829
2025-05-06 14:00:00,28.5182596635486
2025-05-06 15:00:00,23.633166741319936
2025-05-06 16:00:00,17.650174238549017
2025-05-06 17:00:00,10.977013206937098
2025-05-06 18:00:00,4.068448542868497
2025-05-06 19:00:00,0.0
2025-05-06 20:00:00,0.0
2025-05-06 21:00:00,0.0
2025-05-06 22:00:00,0.0
2025-05-06 23:00:00,0.0
2025-05-07 00:00:00,0.0
2025-05-07 01:00:00,0.0
2025-05-07 02:00:00,0.0
2025-05-07 03:00:00,0.0
2025-05-07 04:00:00,0.0
2025-05-07 05:00:00,4.201063701453479
2025-05-07 06:00:00,11.099389520171282
2025-05-07 07:00:00,17.76266058662749
2025-05-07 08:00:00,23.736785989219193
2025-05-07 09:00:00,28.61463895446879
2025-05-07 10:00:00,32.06380186382769
2025-05-07 11:00:00,33.849219965034294
2025-05-07 12:00:00,33.849219965034294
2025-05-07 13:00:00,32.06380186382769
2025-05-07 14:00:00,28.61463895446879
2025-05-07 15:00:00,23.736785989219193
2025-05-07 16:00:00,17.76266058662749
2025-05-07 17:00:00,11.099389520171282
2025-05-07 18:00:00,4.201063701453479
2025-05-07 19:00:00,0.0
2025-05-07 20:00:00,0.0
2025-05-07 21:00:00,0.0
2025-05-07 22:00:00,0.0
2025-05-07 23:00:00,0.0
2025-05-08 00:00:00,0.0
2025-05-08 01:00:00,0.0
2025-05-08 02:00:00,0.0
2025-05-08 03:00:00,0.0
2025-05-08 04:00:00,0.0
2025-05-08 05:00:00,4.331284268659072
2025-05-08 06:00:00,11.219380736792425
2025-05-08 07:00:00,17.87277100933294
2025-05-08 08:00:00,23.838037534454287
2025-05-08 09:00:00,28.70865725653849
2025-05-08 10:00:00,32.152705490605165
2025-05-08 11:00:00,33.935476041061484
2025-05-08 12:00:00,33.935476041061484
2025-05-08 13:00:00,32.152705490605165
2025-05-08 14:00:00,28.70865725653849
2025-05-08 15:00:00,23.838037534454287
2025-05-08 16:00:00,17.87277100933294
2025-05-08 17:00:00,11.219380736792425
2025-05-08 18:00:00,4.331284268659072
2025-05-08 19:00:00,0.0
2025-05-08 20:00:00,0.0
2025-05-08 21:00:00,0.0
2025-05-08 22:00:00,0.0
2025-05-08 23:00:00,0.0
2025-05-09 00:00:00,0.0
2025-05-09 01:00:00,0.0
2025-05-09 02:00:00,0.0
2025-05-09 03:00:00,0.0
2025-05-09 04:00:00,0.0
2025-05-09 05:00:00,4.459073986909037
2025-05-09 06:00:00,11.33696270623653
2025-05-09 07:00:00,17.9804930505772
2025-05-09 08:00:00,23.936919405917223
2025-05-09 09:00:00,28.80032115960015
2025-05-09 10:00:00,32.239265519263895
2025-05-09 11:00:00,34.019394109921635
2025-05-09 12:00:00,34.019394109921635
2025-05-09 13:00:00,32.239265519263895
2025-05-09 14:00:00,28.80032115960015
2025-05-09 15:00:00,23.936919405917223
2025-05-09 16:00:00,17.9804930505772
2025-05-09 17:00:00,11.33696270623653
2025-05-09 18:00:00,4.459073986909037
2025-05-09 19:00:00,0.0
2025-05-09 20:00:00,0.0
2025-05-09 21:00:00,0.0
2025-05-09 22:00:00,0.0
2025-05-09 23:00:00,0.0
2025-05-10 00:00:00,0.0
2025-05-10 01:00:00,0.0
2025-05-10 02:00:00,0.0
2025-05-10 03:00:00,0.0
2025-05-10 04:00:00,0.0
2025-05-10 05:00:00,4.584397642509884
2025-05-10 06:00:00,11.452112278739289
2025-05-10 07:00:00,18.085815213456705
2025-05-10 08:00:00,24.033430554373574
2025-05-10 09:00:00,28.889638144905486
2025-05-10 10:00:00,32.32349546302019
2025-05-10 11:00:00,34.10099080720569
2025-05-10 12:00:00,34.10099080720569
2025-05-10 13:00:00,32.32349546302019
2025-05-10 14:00:00,28.889638144905486
2025-05-10 15:00:00,24.033430554373574
2025-05-10 16:00:00,18.085815213456705
2025-05-10 17:00:00,11.452112278739289
2025-05-10 18:00:00,4.584397642509884
2025-05-10 19:00:00,0.0
2025-05-10 20:00:00,0.0
2025-05-10 21:00:00,0.0
2025-05-10 22:00:00,0.0
2025-05-10 23:00:00,0.0
2025-05-11 00:00:00,0.0
2025-05-11 01:00:00,0.0
2025-05-11 02:00:00,0.0
2025-05-11 03:00:00,0.0
2025-05-11 04:00:00,0.0
2025-05-11 05:00:00,4.7072210619715165
2025-05-11 06:00:00,11.564807287529298
2025-05-11 07:00:00,18.188726928799728
2025-05-11 08:00:00,24.12757080877501
2025-05-11 09:00:00,28.976616531438374
2025-05-11 10:00:00,32.405409644217265
2025-05-11 11:00:00,34.18028356282433
2025-05-11 12:00:00,34.18028356282433
2025-05-11 13:00:00,32.405409644217265
2025-05-11 14:00:00,28.976616531438374
2025-05-11 15:00:00,24.12757080877501
2025-05-11 16:00:00,18.188726928799728
2025-05-11 17:00:00,11.564807287529298
2025-05-11 18:00:00,4.7072210619715165
2025-05-11 19:00:00,0.0
2025-05-11 20:00:00,0.0
2025-05-11 21:00:00,0.0
2025-05-11 22:00:00,0.0
2025-05-11 23:00:00,0.0
2025-05-12 00:00:00,0.0
2025-05-12 01:00:00,0.0
2025-05-12 02:00:00,0.0
2025-05-12 03:00:00,0.0
2025-05-12 04:00:00,0.0
2025-05-12 05:00:00,4.827511107224211
2025-05-12 06:00:00,11.675026530067278
2025-05-12 07:00:00,18.2892185229041
2025-05-12 08:00:00,24.219340831891934
2025-05-12 09:00:00,29.061265421663734
2025-05-12 10:00:00,32.485023133085264
2025-05-12 11:00:00,34.257290536150286
2025-05-12 12:00:00,34.257290536150286
2025-05-12 13:00:00,32.485023133085264
2025-05-12 14:00:00,29.061265421663734
2025-05-12 15:00:00,24.219340831891934
2025-05-12 16:00:00,18.2892185229041
2025-05-12 17:00:00,11.675026530067278
2025-05-12 18:00:00,4.827511107224211
2025-05-12 19:00:00,0.0
2025-05-12 20:00:00,0.0
2025-05-12 21:00:00,0.0
2025-05-12 22:00:00,0.0
2025-05-12 23:00:00,0.0
2025-05-13 00:00:00,0.0
2025-05-13 01:00:00,0.0
2025-05-13 02:00:00,0.0
2025-05-13 03:00:00,0.0
2025-05-13 04:00:00,0.0
2025-05-13 05:00:00,4.945235669783277
2025-05-13 06:00:00,11.782749748397858
2025-05-13 07:00:00,18.38728118454678
2025-05-13 08:00:00,24.308742075360755
2025-05-13 09:00:00,29.143594646807607
2025-05-13 10:00:00,32.56235168611489
2025-05-13 11:00:00,34.33203055081696
2025-05-13 12:00:00,34.33203055081696
2025-05-13 13:00:00,32.56235168611489
2025-05-13 14:00:00,29.143594646807607
2025-05-13 15:00:00,24.308742075360755
2025-05-13 16:00:00,18.38728118454678
2025-05-13 17:00:00,11.782749748397858
2025-05-13 18:00:00,4.945235669783277
2025-05-13 19:00:00,0.0
2025-05-13 20:00:00,0.0
2025-05-13 21:00:00,0.0
2025-05-13 22:00:00,0.0
2025-05-13 23:00:00,0.0
2025-05-14 00:00:00,0.0
2025-05-14 01:00:00,0.0
2025-05-14 02:00:00,0.0
2025-05-14 03:00:00,0.0
2025-05-14 04:00:00,0.0
2025-05-14 05:00:00,5.060363663914655
2025-05-14 06:00:00,11.887957608681953
2025-05-14 07:00:00,18.48290693134754
2025-05-14 08:00:00,24.395776734240822
2025-05-14 09:00:00,29.223614711773987
2025-05-14 10:00:00,32.637411684157634
2025-05-14 11:00:00,34.404523029290054
2025-05-14 12:00:00,34.404523029290054
2025-05-14 13:00:00,32.637411684157634
2025-05-14 14:00:00,29.223614711773987
2025-05-14 15:00:00,24.395776734240822
2025-05-14 16:00:00,18.48290693134754
2025-05-14 17:00:00,11.887957608681953
2025-05-14 18:00:00,5.060363663914655
2025-05-14 19:00:00,0.0
2025-05-14 20:00:00,0.0
2025-05-14 21:00:00,0.0
2025-05-14 22:00:00,0.0
2025-05-14 23:00:00,0.0
2025-05-15 00:00:00,0.0
2025-05-15 01:00:00,0.0
2025-05-15 02:00:00,0.0
2025-05-15 03:00:00,0.0
2025-05-15 04:00:00,0.0
2025-05-15 05:00:00,5.172865018856586
2025-05-15 06:00:00,11.990631679978923
2025-05-15 07:00:00,18.576088575569575
2025-05-15 08:00:00,24.48044770117613
2025-05-15 09:00:00,29.301336739803297
2025-05-15 10:00:00,32.71022007036446
2025-05-15 11:00:00,34.474787927327945
2025-05-15 12:00:00,34.474787927327945
2025-05-15 13:00:00,32.71022007036446
2025-05-15 14:00:00,29.301336739803297
2025-05-15 15:00:00,24.48044770117613
2025-05-15 16:00:00,18.576088575569575
2025-05-15 17:00:00,11.990631679978923
2025-05-15 18:00:00,5.172865018856586
2025-05-15 19:00:00,0.0
2025-05-15 20:00:00,0.0
2025-05-15 21:00:00,0.0
2025-05-15 22:00:00,0.0
2025-05-15 23:00:00,0.0
2025-05-16 00:00:00,0.0
2025-05-16 01:00:00,0.0
2025-05-16 02:00:00,0.0
2025-05-16 03:00:00,0.0
2025-05-16 04:00:00,0.0
2025-05-16 05:00:00,5.282710670154581
2025-05-16 06:00:00,12.090754412349341
2025-05-16 07:00:00,18.666819689440928
2025-05-16 08:00:00,24.562758520257262
2025-05-16 09:00:00,29.376772416977815
2025-05-16 10:00:00,32.780794288075185
2025-05-16 11:00:00,34.542845668446226
2025-05-16 12:00:00,34.542845668446226
2025-05-16 13:00:00,32.780794288075185
2025-05-16 14:00:00,29.376772416977815
2025-05-16 15:00:00,24.562758520257262
2025-05-16 16:00:00,18.666819689440928
2025-05-16 17:00:00,12.090754412349341
2025-05-16 18:00:00,5.282710670154581
2025-05-16 19:00:00,0.0
2025-05-16 20:00:00,0.0
2025-05-16 21:00:00,0.0
2025-05-16 22:00:00,0.0
2025-05-16 23:00:00,0.0
2025-05-17 00:00:00,0.0
2025-05-17 01:00:00,0.0
2025-05-17 02:00:00,0.0
2025-05-17 03:00:00,0.0
2025-05-17 04:00:00,0.0
2025-05-17 05:00:00,5.389872550167917
2025-05-17 06:00:00,12.188309114349508
2025-05-17 07:00:00,18.75509457008042
2025-05-17 08:00:00,24.64271334067867
2025-05-17 09:00:00,29.449933936678043
2025-05-17 10:00:00,32.84915221876884
2025-05-17 11:00:00,34.608717078500376
2025-05-17 12:00:00,34.608717078500376
2025-05-17 13:00:00,32.84915221876884
2025-05-17 14:00:00,29.449933936678043
2025-05-17 15:00:00,24.64271334067867
2025-05-17 16:00:00,18.75509457008042
2025-05-17 17:00:00,12.188309114349508
2025-05-17 18:00:00,5.389872550167917
2025-05-17 19:00:00,0.0
2025-05-17 20:00:00,0.0
2025-05-17 21:00:00,0.0
2025-05-17 22:00:00,0.0
2025-05-17 23:00:00,0.0
2025-05-18 00:00:00,0.0
2025-05-18 01:00:00,0.0
2025-05-18 02:00:00,0.0
2025-05-18 03:00:00,0.0
2025-05-18 04:00:00,0.0
2025-05-18 05:00:00,5.494323577808037
2025-05-18 06:00:00,12.283279929990462
2025-05-18 07:00:00,18.840908204112687
2025-05-18 08:00:00,24.720316870286396
2025-05-18 09:00:00,29.520833944094072
2025-05-18 10:00:00,32.915312120185284
2025-05-18 11:00:00,34.67242332049983
2025-05-18 12:00:00,34.67242332049983
2025-05-18 13:00:00,32.915312120185284
2025-05-18 14:00:00,29.520833944094072
2025-05-18 15:00:00,24.720316870286396
2025-05-18 16:00:00,18.840908204112687
2025-05-18 17:00:00,12.283279929990462
2025-05-18 18:00:00,5.494323577808037
2025-05-18 19:00:00,0.0
2025-05-18 20:00:00,0.0
2025-05-18 21:00:00,0.0
2025-05-18 22:00:00,0.0
2025-05-18 23:00:00,0.0
2025-05-19 00:00:00,0.0
2025-05-19 01:00:00,0.0
2025-05-19 02:00:00,0.0
2025-05-19 03:00:00,0.0
2025-05-19 04:00:00,0.0
2025-05-19 05:00:00,5.596037647569558
2025-05-19 06:00:00,12.37565181523393
2025-05-19 07:00:00,18.924256232056205
2025-05-19 08:00:00,24.79557432911044
2025-05-19 09:00:00,29.58948548089431
2025-05-19 10:00:00,32.979292564726485
2025-05-19 11:00:00,34.733985829764904
2025-05-19 12:00:00,34.733985829764904
2025-05-19 13:00:00,32.979292564726485
2025-05-19 14:00:00,29.58948548089431
2025-05-19 15:00:00,24.79557432911044
2025-05-19 16:00:00,18.924256232056205
2025-05-19 17:00:00,12.37565181523393
2025-05-19 18:00:00,5.596037647569558
2025-05-19 19:00:00,0.0
2025-05-19 20:00:00,0.0
2025-05-19 21:00:00,0.0
2025-05-19 22:00:00,0.0
2025-05-19 23:00:00,0.0
2025-05-20 00:00:00,0.0
2025-05-20 01:00:00,0.0
2025-05-20 02:00:00,0.0
2025-05-20 03:00:00,0.0
2025-05-20 04:00:00,0.0
2025-05-20 05:00:00,5.694989617916556
2025-05-20 06:00:00,12.465410514099055
2025-05-20 07:00:00,19.005134912568902
2025-05-20 08:00:00,24.868491402975952
2025-05-20 09:00:00,29.655901930153696
2025-05-20 10:00:00,33.04111237824495
2025-05-20 11:00:00,34.79342624953705
2025-05-20 12:00:00,34.79342624953705
2025-05-20 13:00:00,33.04111237824495
2025-05-20 14:00:00,29.655901930153696
2025-05-20 15:00:00,24.868491402975952
2025-05-20 16:00:00,19.005134912568902
2025-05-20 17:00:00,12.465410514099055
2025-05-20 18:00:00,5.694989617916556
2025-05-20 19:00:00,0.0
2025-05-20 20:00:00,0.0
2025-05-20 21:00:00,0.0
2025-05-20 22:00:00,0.0
2025-05-20 23:00:00,0.0
2025-05-21 00:00:00,0.0
2025-05-21 01:00:00,0.0
2025-05-21 02:00:00,0.0
2025-05-21 03:00:00,0.0
2025-05-21 04:00:00,0.0
2025-05-21 05:00:00,5.791155299086644
2025-05-21 06:00:00,12.55254253445302
2025-05-21 07:00:00,19.08354108663464
2025-05-21 08:00:00,24.939074197285752
2025-05-21 09:00:00,29.720096961641477
2025-05-21 10:00:00,33.100790579324666
2025-05-21 11:00:00,34.85076636715056
2025-05-21 12:00:00,34.85076636715056
2025-05-21 13:00:00,33.100790579324666
2025-05-21 14:00:00,29.720096961641477
2025-05-21 15:00:00,24.939074197285752
2025-05-21 16:00:00,19.08354108663464
2025-05-21 17:00:00,12.55254253445302
2025-05-21 18:00:00,5.791155299086644
2025-05-21 19:00:00,0.0
2025-05-21 20:00:00,0.0
2025-05-21 21:00:00,0.0
2025-05-21 22:00:00,0.0
2025-05-21 23:00:00,0.0
2025-05-22 00:00:00,0.0
2025-05-22 01:00:00,0.0
2025-05-22 02:00:00,0.0
2025-05-22 03:00:00,0.0
2025-05-22 04:00:00,0.0
2025-05-22 05:00:00,5.884511440376983
2025-05-22 06:00:00,12.63703512355967
2025-05-22 07:00:00,19.159472141774405
2025-05-22 08:00:00,25.00732919106667
2025-05-22 09:00:00,29.78208447756791
2025-05-22 10:00:00,33.15834631915926
2025-05-22 11:00:00,34.906028050872756
2025-05-22 12:00:00,34.906028050872756
2025-05-22 13:00:00,33.15834631915926
2025-05-22 14:00:00,29.78208447756791
2025-05-22 15:00:00,25.00732919106667
2025-05-22 16:00:00,19.159472141774405
2025-05-22 17:00:00,12.63703512355967
2025-05-22 18:00:00,5.884511440376983
2025-05-22 19:00:00,0.0
2025-05-22 20:00:00,0.0
2025-05-22 21:00:00,0.0
2025-05-22 22:00:00,0.0
2025-05-22 23:00:00,0.0
2025-05-23 00:00:00,0.0
2025-05-23 01:00:00,0.0
2025-05-23 02:00:00,0.0
2025-05-23 03:00:00,0.0
2025-05-23 04:00:00,0.0
2025-05-23 05:00:00,5.975035716975955
2025-05-23 06:00:00,12.71887624345931
2025-05-23 07:00:00,19.232925976364445
2025-05-23 08:00:00,25.073263191370053
2025-05-23 09:00:00,29.841878558887085
2025-05-23 10:00:00,33.21379882212876
2025-05-23 11:00:00,34.95923318751686
2025-05-23 12:00:00,34.95923318751686
2025-05-23 13:00:00,33.21379882212876
2025-05-23 14:00:00,29.841878558887085
2025-05-23 15:00:00,25.073263191370053
2025-05-23 16:00:00,19.232925976364445
2025-05-23 17:00:00,12.71887624345931
2025-05-23 18:00:00,5.975035716975955
2025-05-23 19:00:00,0.0
2025-05-23 20:00:00,0.0
2025-05-23 21:00:00,0.0
2025-05-23 22:00:00,0.0
2025-05-23 23:00:00,0.0
2025-05-24 00:00:00,0.0
2025-05-24 01:00:00,0.0
2025-05-24 02:00:00,0.0
2025-05-24 03:00:00,0.0
2025-05-24 04:00:00,0.0
2025-05-24 05:00:00,6.062706716405113
2025-05-24 06:00:00,12.798054546253182
2025-05-24 07:00:00,19.303900964143455
2025-05-24 08:00:00,25.13688328811627
2025-05-24 09:00:00,29.89949341225193
2025-05-24 10:00:00,33.26716732717597
2025-05-24 11:00:00,35.010403620930575
2025-05-24 12:00:00,35.010403620930575
2025-05-24 13:00:00,33.26716732717597
2025-05-24 14:00:00,29.89949341225193
2025-05-24 15:00:00,25.13688328811627
2025-05-24 16:00:00,19.303900964143455
2025-05-24 17:00:00,12.798054546253182
2025-05-24 18:00:00,6.062706716405113
2025-05-24 19:00:00,0.0
2025-05-24 20:00:00,0.0
2025-05-24 21:00:00,0.0
2025-05-24 22:00:00,0.0
2025-05-24 23:00:00,0.0
2025-05-25 00:00:00,0.0
2025-05-25 01:00:00,0.0
2025-05-25 02:00:00,0.0
2025-05-25 03:00:00,0.0
2025-05-25 04:00:00,0.0
2025-05-25 05:00:00,6.147503924635837
2025-05-25 06:00:00,12.874559349365315
2025-05-25 07:00:00,19.37239591898949
2025-05-25 08:00:00,25.19819680947113
2025-05-25 09:00:00,29.954943317715095
2025-05-25 10:00:00,33.31847103007983
2025-05-25 11:00:00,35.05956109146005
2025-05-25 12:00:00,35.05956109146005
2025-05-25 13:00:00,33.31847103007983
2025-05-25 14:00:00,29.954943317715095
2025-05-25 15:00:00,25.19819680947113
2025-05-25 16:00:00,19.37239591898949
2025-05-25 17:00:00,12.874559349365315
2025-05-25 18:00:00,6.147503924635837
2025-05-25 19:00:00,0.0
2025-05-25 20:00:00,0.0
2025-05-25 21:00:00,0.0
2025-05-25 22:00:00,0.0
2025-05-25 23:00:00,0.0
2025-05-26 00:00:00,0.0
2025-05-26 01:00:00,0.0
2025-05-26 02:00:00,0.0
2025-05-26 03:00:00,0.0
2025-05-26 04:00:00,0.0
2025-05-26 05:00:00,6.2294077119449796
2025-05-26 06:00:00,12.948380610853873
2025-05-26 07:00:00,19.438410060046298
2025-05-26 08:00:00,25.257211277840568
2025-05-26 09:00:00,30.008242577267673
2025-05-26 10:00:00,33.36772902672212
2025-05-26 11:00:00,35.106727176487425
2025-05-26 12:00:00,35.106727176487425
2025-05-26 13:00:00,33.36772902672212
2025-05-26 14:00:00,30.008242577267673
2025-05-26 15:00:00,25.257211277840568
2025-05-26 16:00:00,19.438410060046298
2025-05-26 17:00:00,12.948380610853873
2025-05-26 18:00:00,6.2294077119449796
2025-05-26 19:00:00,0.0
2025-05-26 20:00:00,0.0
2025-05-26 21:00:00,0.0
2025-05-26 22:00:00,0.0
2025-05-26 23:00:00,0.0
2025-05-27 00:00:00,0.0
2025-05-27 01:00:00,0.0
2025-05-27 02:00:00,0.0
2025-05-27 03:00:00,0.0
2025-05-27 04:00:00,0.0
2025-05-27 05:00:00,6.308399318573783
2025-05-27 06:00:00,13.019508904843494
2025-05-27 07:00:00,19.50194297727755
2025-05-27 08:00:00,25.31393436656839
2025-05-27 09:00:00,30.059405464305748
2025-05-27 10:00:00,33.414960257440605
2025-05-27 11:00:00,35.1519232321373
2025-05-27 12:00:00,35.1519232321373
2025-05-27 13:00:00,33.414960257440605
2025-05-27 14:00:00,30.059405464305748
2025-05-27 15:00:00,25.31393436656839
2025-05-27 16:00:00,19.50194297727755
2025-05-27 17:00:00,13.019508904843494
2025-05-27 18:00:00,6.308399318573783
2025-05-27 19:00:00,0.0
2025-05-27 20:00:00,0.0
2025-05-27 21:00:00,0.0
2025-05-27 22:00:00,0.0
2025-05-27 23:00:00,0.0
2025-05-28 00:00:00,0.0
2025-05-28 01:00:00,0.0
2025-05-28 02:00:00,0.0
2025-05-28 03:00:00,0.0
2025-05-28 04:00:00,0.0
2025-05-28 05:00:00,6.384460840253509
2025-05-28 06:00:00,13.087935397148886
2025-05-28 07:00:00,19.562994597525798
2025-05-28 08:00:00,25.368373857419822
2025-05-28 09:00:00,30.10844617411202
2025-05-28 10:00:00,33.46018345255971
2025-05-28 11:00:00,35.195170336244416
2025-05-28 12:00:00,35.195170336244416
2025-05-28 13:00:00,33.46018345255971
2025-05-28 14:00:00,30.10844617411202
2025-05-28 15:00:00,25.368373857419822
2025-05-28 16:00:00,19.562994597525798
2025-05-28 17:00:00,13.087935397148886
2025-05-28 18:00:00,6.384460840253509
2025-05-28 19:00:00,0.0
2025-05-28 20:00:00,0.0
2025-05-28 21:00:00,0.0
2025-05-28 22:00:00,0.0
2025-05-28 23:00:00,0.0
2025-05-29 00:00:00,0.0
2025-05-29 01:00:00,0.0
2025-05-29 02:00:00,0.0
2025-05-29 03:00:00,0.0
2025-05-29 04:00:00,0.0
2025-05-29 05:00:00,6.457575213661011
2025-05-29 06:00:00,13.153651821159073
2025-05-29 07:00:00,19.621565151151536
2025-05-29 08:00:00,25.42053759893158
2025-05-29 09:00:00,30.155378775438063
2025-05-29 10:00:00,33.503417079187095
2025-05-29 11:00:00,35.23648923267307
2025-05-29 12:00:00,35.23648923267307
2025-05-29 13:00:00,33.503417079187095
2025-05-29 14:00:00,30.155378775438063
2025-05-29 15:00:00,25.42053759893158
2025-05-29 16:00:00,19.621565151151536
2025-05-29 17:00:00,13.153651821159073
2025-05-29 18:00:00,6.457575213661011
2025-05-29 19:00:00,0.0
2025-05-29 20:00:00,0.0
2025-05-29 21:00:00,0.0
2025-05-29 22:00:00,0.0
2025-05-29 23:00:00,0.0
2025-05-30 00:00:00,0.0
2025-05-30 01:00:00,0.0
2025-05-30 02:00:00,0.0
2025-05-30 03:00:00,0.0
2025-05-30 04:00:00,0.0667215165905006
2025-05-30 05:00:00,6.527726201866283
2025-05-30 06:00:00,13.216650454050253
2025-05-30 07:00:00,19.677655139326035
2025-05-30 08:00:00,25.470433465707178
2025-05-30 09:00:00,30.200217163269617
2025-05-30 10:00:00,33.544679289361596
2025-05-30 11:00:00,35.275900277074946
2025-05-30 12:00:00,35.275900277074946
2025-05-30 13:00:00,33.544679289361596
2025-05-30 14:00:00,30.200217163269617
2025-05-30 15:00:00,25.470433465707178
2025-05-30 16:00:00,19.677655139326035
2025-05-30 17:00:00,13.216650454050253
2025-05-30 18:00:00,6.527726201866283
2025-05-30 19:00:00,0.0667215165905006
2025-05-30 20:00:00,0.0
2025-05-30 21:00:00,0.0
2025-05-30 22:00:00,0.0
2025-05-30 23:00:00,0.0
2025-05-31 00:00:00,0.0
2025-05-31 01:00:00,0.0
2025-05-31 02:00:00,0.0
2025-05-31 03:00:00,0.0
2025-05-31 04:00:00,0.1405571711776791
2025-05-31 05:00:00,6.594898379833415
2025-05-31 06:00:00,13.276924093393932
2025-05-31 07:00:00,19.731265302049668
2025-05-31 08:00:00,25.518069318733907
2025-05-31 09:00:00,30.24297501285543
2025-05-31 10:00:00,33.583987869635685
2025-05-31 11:00:00,35.3134233841699
2025-05-31 12:00:00,35.3134233841699
2025-05-31 13:00:00,33.583987869635685
2025-05-31 14:00:00,30.24297501285543
2025-05-31 15:00:00,25.518069318733907
2025-05-31 16:00:00,19.731265302049668
2025-05-31 17:00:00,13.276924093393932
2025-05-31 18:00:00,6.594898379833415
2025-05-31 19:00:00,0.1405571711776791
2025-05-31 20:00:00,0.0
2025-05-31 21:00:00,0.0
2025-05-31 22:00:00,0.0
2025-05-31 23:00:00,0.0
2025-06-01 00:00:00,0.0
2025-06-01 01:00:00,0.0
2025-06-01 02:00:00,0.0
2025-06-01 03:00:00,0.0
2025-06-01 04:00:00,0.2215308247025982
2025-06-01 05:00:00,6.986572716102193
2025-06-01 06:00:00,13.990259445744577
2025-06-01 07:00:00,20.755301337144175
2025-06-01 08:00:00,26.820671965162425
2025-06-01 09:00:00,31.773026344998787
2025-06-01 10:00:00,35.27486970981998
2025-06-01 11:00:00,37.08755722138322
2025-06-01 12:00:00,37.08755722138322
2025-06-01 13:00:00,35.27486970981998
2025-06-01 14:00:00,31.773026344998787
2025-06-01 15:00:00,26.820671965162425
2025-06-01 16:00:00,20.755301337144175
2025-06-01 17:00:00,13.990259445744577
2025-06-01 18:00:00,6.986572716102193
2025-06-01 19:00:00,0.2215308247025982
2025-06-01 20:00:00,0.0
2025-06-01 21:00:00,0.0
2025-06-01 22:00:00,0.0
2025-06-01 23:00:00,0.0
2025-06-02 00:00:00,0.0
2025-06-02 01:00:00,0.0
2025-06-02 02:00:00,0.0
2025-06-02 03:00:00,0.0
2025-06-02 04:00:00,0.29216367825572054
2025-06-02 05:00:00,7.0507526066762924
2025-06-02 06:00:00,14.047758737453425
2025-06-02 07:00:00,20.806347665873997
2025-06-02 08:00:00,26.865932725562452
2025-06-02 09:00:00,31.8135632086388
2025-06-02 10:00:00,35.31206627402737
2025-06-02 11:00:00,37.12302471937159
2025-06-02 12:00:00,37.12302471937159
2025-06-02 13:00:00,35.31206627402737
2025-06-02 14:00:00,31.8135632086388
2025-06-02 15:00:00,26.865932725562452
2025-06-02 16:00:00,20.806347665873997
2025-06-02 17:00:00,14.047758737453425
2025-06-02 18:00:00,7.0507526066762924
2025-06-02 19:00:00,0.29216367825572054
2025-06-02 20:00:00,0.0
2025-06-02 21:00:00,0.0
2025-06-02 22:00:00,0.0
2025-06-02 23:00:00,0.0
2025-06-03 00:00:00,0.0
2025-06-03 01:00:00,0.0
2025-06-03 02:00:00,0.0
2025-06-03 03:00:00,0.0
2025-06-03 04:00:00,0.35934726538696504
2025-06-03 05:00:00,7.111763598187794
2025-06-03 06:00:00,14.102379387748504
2025-06-03 07:00:00,20.854795720549333
2025-06-03 08:00:00,26.908846582405513
2025-06-03 09:00:00,31.851958411873643
2025-06-03 10:00:00,35.347266306654
2025-06-03 11:00:00,37.156570809986704
2025-06-03 12:00:00,37.156570809986704
2025-06-03 13:00:00,35.347266306654
2025-06-03 14:00:00,31.851958411873643
2025-06-03 15:00:00,26.908846582405513
2025-06-03 16:00:00,20.854795720549333
2025-06-03 17:00:00,14.102379387748504
2025-06-03 18:00:00,7.111763598187794
2025-06-03 19:00:00,0.35934726538696504
2025-06-03 20:00:00,0.0
2025-06-03 21:00:00,0.0
2025-06-03 22:00:00,0.0
2025-06-03 23:00:00,0.0
2025-06-04 00:00:00,0.0
2025-06-04 01:00:00,0.0
2025-06-04 02:00:00,0.0
2025-06-04 03:00:00,0.0
2025-06-04 04:00:00,0.42306159256189463
2025-06-04 05:00:00,7.169592765461361
2025-06-04 06:00:00,14.154115789158281
2025-06-04 07:00:00,20.90064696205775
2025-06-04 08:00:00,26.949421333896577
2025-06-04 09:00:00,31.888224927306236
2025-06-04 10:00:00,35.380486439154694
2025-06-04 11:00:00,37.18821401864451
2025-06-04 12:00:00,37.18821401864451
2025-06-04 13:00:00,35.380486439154694
2025-06-04 14:00:00,31.888224927306236
2025-06-04 15:00:00,26.949421333896577
2025-06-04 16:00:00,20.90064696205775
2025-06-04 17:00:00,14.154115789158281
2025-06-04 18:00:00,7.169592765461361
2025-06-04 19:00:00,0.42306159256189463
2025-06-04 20:00:00,0.0
2025-06-04 21:00:00,0.0
2025-06-04 22:00:00,0.0
2025-06-04 23:00:00,0.0
2025-06-05 00:00:00,0.0
2025-06-05 01:00:00,0.0
2025-06-05 02:00:00,0.0
2025-06-05 03:00:00,0.0
2025-06-05 04:00:00,0.4832877801219191
2025-06-05 05:00:00,7.224227962080672
2025-06-05 06:00:00,14.202962766031787
2025-06-05 07:00:00,20.943902947990534
2025-06-05 08:00:00,26.98766457448681
2025-06-05 09:00:00,31.92237527846321
2025-06-05 10:00:00,35.41174268043876
2025-06-05 11:00:00,37.21797215842112
2025-06-05 12:00:00,37.21797215842112
2025-06-05 13:00:00,35.41174268043876
2025-06-05 14:00:00,31.92237527846321
2025-06-05 15:00:00,26.98766457448681
2025-06-05 16:00:00,20.943902947990534
2025-06-05 17:00:00,14.202962766031787
2025-06-05 18:00:00,7.224227962080672
2025-06-05 19:00:00,0.4832877801219191
2025-06-05 20:00:00,0.0
2025-06-05 21:00:00,0.0
2025-06-05 22:00:00,0.0
2025-06-05 23:00:00,0.0
2025-06-06 00:00:00,0.0
2025-06-06 01:00:00,0.0
2025-06-06 02:00:00,0.0
2025-06-06 03:00:00,0.0
2025-06-06 04:00:00,0.5400080555220287
2025-06-06 05:00:00,7.275657806783865
2025-06-06 06:00:00,14.248915553850349
2025-06-06 07:00:00,20.98456530511219
2025-06-06 08:00:00,27.023583661208395
2025-06-06 09:00:00,31.954421501120727
2025-06-06 10:00:00,35.44105037465397
2025-06-06 11:00:00,37.24586228600347
2025-06-06 12:00:00,37.24586228600347
2025-06-06 13:00:00,35.44105037465397
2025-06-06 14:00:00,31.954421501120727
2025-06-06 15:00:00,27.023583661208395
2025-06-06 16:00:00,20.98456530511219
2025-06-06 17:00:00,14.248915553850349
2025-06-06 18:00:00,7.275657806783865
2025-06-06 19:00:00,0.5400080555220287
2025-06-06 20:00:00,0.0
2025-06-06 21:00:00,0.0
2025-06-06 22:00:00,0.0
2025-06-06 23:00:00,0.0
2025-06-07 00:00:00,0.0
2025-06-07 01:00:00,0.0
2025-06-07 02:00:00,0.0
2025-06-07 03:00:00,0.0
2025-06-07 04:00:00,0.5932057466589569
2025-06-07 05:00:00,7.323871670322782
2025-06-07 06:00:00,14.291969779389776
2025-06-07 07:00:00,21.02263570305361
2025-06-07 08:00:00,27.057185681567923
2025-06-07 09:00:00,31.984375106462352
2025-06-07 10:00:00,35.468424160995845
2025-06-07 11:00:00,37.271900659765244
2025-06-07 12:00:00,37.271900659765244
2025-06-07 13:00:00,35.468424160995845
2025-06-07 14:00:00,31.984375106462352
2025-06-07 15:00:00,27.057185681567923
2025-06-07 16:00:00,21.02263570305361
2025-06-07 17:00:00,14.291969779389776
2025-06-07 18:00:00,7.323871670322782
2025-06-07 19:00:00,0.5932057466589569
2025-06-07 20:00:00,0.0
2025-06-07 21:00:00,0.0
2025-06-07 22:00:00,0.0
2025-06-07 23:00:00,0.0
2025-06-08 00:00:00,0.0
2025-06-08 01:00:00,0.0
2025-06-08 02:00:00,0.0
2025-06-08 03:00:00,0.0
2025-06-08 04:00:00,0.6428652753374732
2025-06-08 05:00:00,7.3688596628363126
2025-06-08 06:00:00,14.332121441785771
2025-06-08 07:00:00,21.05811582928461
2025-06-08 08:00:00,27.08847742305606
2025-06-08 09:00:00,32.01224704612832
2025-06-08 10:00:00,35.493877935603045
2025-06-08 11:00:00,37.29610270002962
2025-06-08 12:00:00,37.29610270002962
2025-06-08 13:00:00,35.493877935603045
2025-06-08 14:00:00,32.01224704612832
2025-06-08 15:00:00,27.08847742305606
2025-06-08 16:00:00,21.05811582928461
2025-06-08 17:00:00,14.332121441785771
2025-06-08 18:00:00,7.3688596628363126
2025-06-08 19:00:00,0.6428652753374732
2025-06-08 20:00:00,0.0
2025-06-08 21:00:00,0.0
2025-06-08 22:00:00,0.0
2025-06-08 23:00:00,0.0
2025-06-09 00:00:00,0.0
2025-06-09 01:00:00,0.0
2025-06-09 02:00:00,0.0
2025-06-09 03:00:00,0.0
2025-06-09 04:00:00,0.6889721509208819
2025-06-09 05:00:00,7.410612621786043
2025-06-09 06:00:00,14.369366894553163
2025-06-09 07:00:00,21.091007365418324
2025-06-09 08:00:00,27.11746534432815
2025-06-09 09:00:00,32.038047679212646
2025-06-09 10:00:00,35.5174248155962
2025-06-09 11:00:00,37.318482951576875
2025-06-09 12:00:00,37.318482951576875
2025-06-09 13:00:00,35.5174248155962
2025-06-09 14:00:00,32.038047679212646
2025-06-09 15:00:00,27.11746534432815
2025-06-09 16:00:00,21.091007365418324
2025-06-09 17:00:00,14.369366894553163
2025-06-09 18:00:00,7.410612621786043
2025-06-09 19:00:00,0.6889721509208819
2025-06-09 20:00:00,0.0
2025-06-09 21:00:00,0.0
2025-06-09 22:00:00,0.0
2025-06-09 23:00:00,0.0
2025-06-10 00:00:00,0.0
2025-06-10 01:00:00,0.0
2025-06-10 02:00:00,0.0
2025-06-10 03:00:00,0.0
2025-06-10 04:00:00,0.7315129642091087
2025-06-10 05:00:00,7.449122100499719
2025-06-10 06:00:00,14.403702828606546
2025-06-10 07:00:00,21.12131196489716
2025-06-10 08:00:00,27.144155548107342
2025-06-10 09:00:00,32.06178674126095
2025-06-10 10:00:00,35.53907710531437
2025-06-10 11:00:00,37.33905504845137
2025-06-10 12:00:00,37.33905504845137
2025-06-10 13:00:00,35.53907710531437
2025-06-10 14:00:00,32.06178674126095
2025-06-10 15:00:00,27.144155548107342
2025-06-10 16:00:00,21.12131196489716
2025-06-10 17:00:00,14.403702828606546
2025-06-10 18:00:00,7.449122100499719
2025-06-10 19:00:00,0.7315129642091087
2025-06-10 20:00:00,0.0
2025-06-10 21:00:00,0.0
2025-06-10 22:00:00,0.0
2025-06-10 23:00:00,0.0
2025-06-11 00:00:00,0.0
2025-06-11 01:00:00,0.0
2025-06-11 02:00:00,0.0
2025-06-11 03:00:00,0.0
2025-06-11 04:00:00,0.7704753815858314
2025-06-11 05:00:00,7.484380357365632
2025-06-11 06:00:00,14.4351262563272
2025-06-11 07:00:00,21.149031232107006
2025-06-11 08:00:00,27.16855375585822
2025-06-11 09:00:00,32.08347331531853
2025-06-11 10:00:00,35.55884626479931
2025-06-11 11:00:00,37.3578316811188
2025-06-11 12:00:00,37.3578316811188
2025-06-11 13:00:00,35.55884626479931
2025-06-11 14:00:00,32.08347331531853
2025-06-11 15:00:00,27.16855375585822
2025-06-11 16:00:00,21.149031232107006
2025-06-11 17:00:00,14.4351262563272
2025-06-11 18:00:00,7.484380357365632
2025-06-11 19:00:00,0.7704753815858314
2025-06-11 20:00:00,0.0
2025-06-11 21:00:00,0.0
2025-06-11 22:00:00,0.0
2025-06-11 23:00:00,0.0
2025-06-12 00:00:00,0.0
2025-06-12 01:00:00,0.0
2025-06-12 02:00:00,0.0
2025-06-12 03:00:00,0.0
2025-06-12 04:00:00,0.8058481394732674
2025-06-12 05:00:00,7.516380345718166
2025-06-12 06:00:00,14.46363449671824
2025-06-12 07:00:00,21.174166702963145
2025-06-12 08:00:00,27.19066528427609
2025-06-12 09:00:00,32.10311580507463
2025-06-12 10:00:00,35.57674288057466
2025-06-12 11:00:00,37.37482456602103
2025-06-12 12:00:00,37.37482456602103
2025-06-12 13:00:00,35.57674288057466
2025-06-12 14:00:00,32.10311580507463
2025-06-12 15:00:00,27.19066528427609
2025-06-12 16:00:00,21.174166702963145
2025-06-12 17:00:00,14.46363449671824
2025-06-12 18:00:00,7.516380345718166
2025-06-12 19:00:00,0.8058481394732674
2025-06-12 20:00:00,0.0
2025-06-12 21:00:00,0.0
2025-06-12 22:00:00,0.0
2025-06-12 23:00:00,0.0
2025-06-13 00:00:00,0.0
2025-06-13 01:00:00,0.0
2025-06-13 02:00:00,0.0
2025-06-13 03:00:00,0.0
2025-06-13 04:00:00,0.8376210391309111
2025-06-13 05:00:00,7.545115704452142
2025-06-13 06:00:00,14.48922516168692
2025-06-13 07:00:00,21.19671982700815
2025-06-13 08:00:00,27.21049502363323
2025-06-13 09:00:00,32.120721910145576
2025-06-13 10:00:00,35.592776638762956
2025-06-13 11:00:00,37.39004441757185
2025-06-13 12:00:00,37.39004441757185
2025-06-13 13:00:00,35.592776638762956
2025-06-13 14:00:00,32.120721910145576
2025-06-13 15:00:00,27.21049502363323
2025-06-13 16:00:00,21.19671982700815
2025-06-13 17:00:00,14.48922516168692
2025-06-13 18:00:00,7.545115704452142
2025-06-13 19:00:00,0.8376210391309111
2025-06-13 20:00:00,0.0
2025-06-13 21:00:00,0.0
2025-06-13 22:00:00,0.0
2025-06-13 23:00:00,0.0
2025-06-14 00:00:00,0.0
2025-06-14 01:00:00,0.0
2025-06-14 02:00:00,0.0
2025-06-14 03:00:00,0.0
2025-06-14 04:00:00,0.8657849418316066
2025-06-14 05:00:00,7.570580749400505
2025-06-14 06:00:00,14.511896143489977
2025-06-14 07:00:00,21.216691951058877
2025-06-14 08:00:00,27.228047418020353
2025-06-14 09:00:00,32.136298603535586
2025-06-14 10:00:00,35.606956300580315
2025-06-14 11:00:00,37.40350092263398
2025-06-14 12:00:00,37.40350092263398
2025-06-14 13:00:00,35.606956300580315
2025-06-14 14:00:00,32.136298603535586
2025-06-14 15:00:00,27.228047418020353
2025-06-14 16:00:00,21.216691951058877
2025-06-14 17:00:00,14.511896143489977
2025-06-14 18:00:00,7.570580749400505
2025-06-14 19:00:00,0.8657849418316066
2025-06-14 20:00:00,0.0
2025-06-14 21:00:00,0.0
2025-06-14 22:00:00,0.0
2025-06-14 23:00:00,0.0
2025-06-15 00:00:00,0.0
2025-06-15 01:00:00,0.0
2025-06-15 02:00:00,0.0
2025-06-15 03:00:00,0.0
2025-06-15 04:00:00,0.890331764445667
2025-06-15 05:00:00,7.59277046550715
2025-06-15 06:00:00,14.531645603374805
2025-06-15 07:00:00,21.23408430443629
2025-06-15 08:00:00,27.24332644751792
2025-06-15 09:00:00,32.14985211131087
2025-06-15 10:00:00,35.619289680244705
2025-06-15 11:00:00,37.41520271751323
2025-06-15 12:00:00,37.41520271751323
2025-06-15 13:00:00,35.619289680244705
2025-06-15 14:00:00,32.14985211131087
2025-06-15 15:00:00,27.24332644751792
2025-06-15 16:00:00,21.23408430443629
2025-06-15 17:00:00,14.531645603374805
2025-06-15 18:00:00,7.59277046550715
2025-06-15 19:00:00,0.890331764445667
2025-06-15 20:00:00,0.0
2025-06-15 21:00:00,0.0
2025-06-15 22:00:00,0.0
2025-06-15 23:00:00,0.0
2025-06-16 00:00:00,0.0
2025-06-16 01:00:00,0.0
2025-06-16 02:00:00,0.0
2025-06-16 03:00:00,0.0
2025-06-16 04:00:00,0.9112544754608313
2025-06-16 05:00:00,7.611680499823468
2025-06-16 06:00:00,14.548471961445939
2025-06-16 07:00:00,21.248897985808572
2025-06-16 08:00:00,27.256335612328616
2025-06-16 09:00:00,32.16138789451881
2025-06-16 10:00:00,35.62978362533005
2025-06-16 11:00:00,37.425157367502486
2025-06-16 12:00:00,37.425157367502486
2025-06-16 13:00:00,35.62978362533005
2025-06-16 14:00:00,32.16138789451881
2025-06-16 15:00:00,27.256335612328616
2025-06-16 16:00:00,21.248897985808572
2025-06-16 17:00:00,14.548471961445939
2025-06-16 18:00:00,7.611680499823468
2025-06-16 19:00:00,0.9112544754608313
2025-06-16 20:00:00,0.0
2025-06-16 21:00:00,0.0
2025-06-16 22:00:00,0.0
2025-06-16 23:00:00,0.0
2025-06-17 00:00:00,0.0
2025-06-17 01:00:00,0.0
2025-06-17 02:00:00,0.0
2025-06-17 03:00:00,0.0
2025-06-17 04:00:00,0.9285470914627935
2025-06-17 05:00:00,7.627307155354181
2025-06-17 06:00:00,14.562373887783265
2025-06-17 07:00:00,21.26113395167465
2025-06-17 08:00:00,27.267077918898575
2025-06-17 09:00:00,32.17091063338041
2025-06-17 10:00:00,35.63844399959495
2025-06-17 11:00:00,37.4333713490045
2025-06-17 12:00:00,37.4333713490045
2025-06-17 13:00:00,35.63844399959495
2025-06-17 14:00:00,32.17091063338041
2025-06-17 15:00:00,27.267077918898575
2025-06-17 16:00:00,21.26113395167465
2025-06-17 17:00:00,14.562373887783265
2025-06-17 18:00:00,7.627307155354181
2025-06-17 19:00:00,0.9285470914627935
2025-06-17 20:00:00,0.0
2025-06-17 21:00:00,0.0
2025-06-17 22:00:00,0.0
2025-06-17 23:00:00,0.0
2025-06-18 00:00:00,0.0
2025-06-18 01:00:00,0.0
2025-06-18 02:00:00,0.0
2025-06-18 03:00:00,0.0
2025-06-18 04:00:00,0.9422046740981395
2025-06-18 05:00:00,7.639647385774851
2025-06-18 06:00:00,14.573350294834876
2025-06-18 07:00:00,21.27079300651159
2025-06-18 08:00:00,27.275555868051633
2025-06-18 09:00:00,32.178424213780865
2025-06-18 10:00:00,35.64527566831087
2025-06-18 11:00:00,37.439850034258356
2025-06-18 12:00:00,37.439850034258356
2025-06-18 13:00:00,35.64527566831087
2025-06-18 14:00:00,32.178424213780865
2025-06-18 15:00:00,27.275555868051633
2025-06-18 16:00:00,21.27079300651159
2025-06-18 17:00:00,14.573350294834876
2025-06-18 18:00:00,7.639647385774851
2025-06-18 19:00:00,0.9422046740981395
2025-06-18 20:00:00,0.0
2025-06-18 21:00:00,0.0
2025-06-18 22:00:00,0.0
2025-06-18 23:00:00,0.0
2025-06-19 00:00:00,0.0
2025-06-19 01:00:00,0.0
2025-06-19 02:00:00,0.0
2025-06-19 03:00:00,0.0
2025-06-19 04:00:00,0.9522233275382532
2025-06-19 05:00:00,7.648698791040196
2025-06-19 06:00:00,14.581400331104334
2025-06-19 07:00:00,21.27787579460628
2025-06-19 08:00:00,27.28177144515732
2025-06-19 09:00:00,32.18393171607909
2025-06-19 10:00:00,35.65028248611116
2025-06-19 11:00:00,37.44459767869133
2025-06-19 12:00:00,37.44459767869133
2025-06-19 13:00:00,35.65028248611116
2025-06-19 14:00:00,32.18393171607909
2025-06-19 15:00:00,27.28177144515732
2025-06-19 16:00:00,21.27787579460628
2025-06-19 17:00:00,14.581400331104334
2025-06-19 18:00:00,7.648698791040196
2025-06-19 19:00:00,0.9522233275382532
2025-06-19 20:00:00,0.0
2025-06-19 21:00:00,0.0
2025-06-19 22:00:00,0.0
2025-06-19 23:00:00,0.0
2025-06-20 00:00:00,0.0
2025-06-20 01:00:00,0.0
2025-06-20 02:00:00,0.0
2025-06-20 03:00:00,0.0
2025-06-20 04:00:00,0.9586001964597792
2025-06-20 05:00:00,7.654459613899125
2025-06-20 06:00:00,14.586523376148621
2025-06-20 07:00:00,21.282382793587963
2025-06-20 08:00:00,27.28572611234955
2025-06-20 09:00:00,32.1874354062537
2025-06-20 10:00:00,35.65346728737844
2025-06-20 11:00:00,37.447617410913644
2025-06-20 12:00:00,37.447617410913644
2025-06-20 13:00:00,35.65346728737844
2025-06-20 14:00:00,32.1874354062537
2025-06-20 15:00:00,27.28572611234955
2025-06-20 16:00:00,21.282382793587963
2025-06-20 17:00:00,14.586523376148621
2025-06-20 18:00:00,7.654459613899125
2025-06-20 19:00:00,0.9586001964597792
2025-06-20 20:00:00,0.0
2025-06-20 21:00:00,0.0
2025-06-20 22:00:00,0.0
2025-06-20 23:00:00,0.0
2025-06-21 00:00:00,0.0
2025-06-21 01:00:00,0.0
2025-06-21 02:00:00,0.0
2025-06-21 03:00:00,0.0
2025-06-21 04:00:00,0.9613334645537975
2025-06-21 05:00:00,7.65692873732907
2025-06-21 06:00:00,14.588719036899667
2025-06-21 07:00:00,21.284314309674937
2025-06-21 08:00:00,27.28742080280961
2025-06-21 09:00:00,32.18893672939911
2025-06-21 10:00:00,35.65483187918441
2025-06-21 11:00:00,37.44891122537018
2025-06-21 12:00:00,37.44891122537018
2025-06-21 13:00:00,35.65483187918441
2025-06-21 14:00:00,32.18893672939911
2025-06-21 15:00:00,27.28742080280961
2025-06-21 16:00:00,21.284314309674937
2025-06-21 17:00:00,14.588719036899667
2025-06-21 18:00:00,7.65692873732907
2025-06-21 19:00:00,0.9613334645537975
2025-06-21 20:00:00,0.0
2025-06-21 21:00:00,0.0
2025-06-21 22:00:00,0.0
2025-06-21 23:00:00,0.0
2025-06-22 00:00:00,0.0
2025-06-22 01:00:00,0.0
2025-06-22 02:00:00,0.0
2025-06-22 03:00:00,0.0
2025-06-22 04:00:00,0.9604223535728016
2025-06-22 05:00:00,7.656105682898849
2025-06-22 06:00:00,14.58798714531899
2025-06-22 07:00:00,21.283670474645042
2025-06-22 08:00:00,27.286855917123308
2025-06-22 09:00:00,32.18843630558191
2025-06-22 10:00:00,35.65437703679198
2025-06-22 11:00:00,37.448479977659424
2025-06-22 12:00:00,37.448479977659424
2025-06-22 13:00:00,35.65437703679198
2025-06-22 14:00:00,32.18843630558191
2025-06-22 15:00:00,27.286855917123308
2025-06-22 16:00:00,21.283670474645042
2025-06-22 17:00:00,14.58798714531899
2025-06-22 18:00:00,7.656105682898849
2025-06-22 19:00:00,0.9604223535728016
2025-06-22 20:00:00,0.0
2025-06-22 21:00:00,0.0
2025-06-22 22:00:00,0.0
2025-06-22 23:00:00,0.0
2025-06-23 00:00:00,0.0
2025-06-23 01:00:00,0.0
2025-06-23 02:00:00,0.0
2025-06-23 03:00:00,0.0
2025-06-23 04:00:00,0.9558671229212383
2025-06-23 05:00:00,7.651990610065994
2025-06-23 06:00:00,14.584327757391467
2025-06-23 07:00:00,21.280451244536223
2025-06-23 08:00:00,27.284031321718626
2025-06-23 09:00:00,32.185933928063875
2025-06-23 10:00:00,35.6521025017266
2025-06-23 11:00:00,37.44632338252612
2025-06-23 12:00:00,37.44632338252612
2025-06-23 13:00:00,35.6521025017266
2025-06-23 14:00:00,32.185933928063875
2025-06-23 15:00:00,27.284031321718626
2025-06-23 16:00:00,21.280451244536223
2025-06-23 17:00:00,14.584327757391467
2025-06-23 18:00:00,7.651990610065994
2025-06-23 19:00:00,0.9558671229212383
2025-06-23 20:00:00,0.0
2025-06-23 21:00:00,0.0
2025-06-23 22:00:00,0.0
2025-06-23 23:00:00,0.0
2025-06-24 00:00:00,0.0
2025-06-24 01:00:00,0.0
2025-06-24 02:00:00,0.0
2025-06-24 03:00:00,0.0
2025-06-24 04:00:00,0.9476690697920681
2025-06-24 05:00:00,7.644584316411038
2025-06-24 06:00:00,14.57774115346078
2025-06-24 07:00:00,21.274656400079753
2025-06-24 08:00:00,27.278946349386587
2025-06-24 09:00:00,32.181428563894336
2025-06-24 10:00:00,35.648006982419204
2025-06-24 11:00:00,37.442440014530426
2025-06-24 12:00:00,37.442440014530426
2025-06-24 13:00:00,35.648006982419204
2025-06-24 14:00:00,32.181428563894336
2025-06-24 15:00:00,27.278946349386587
2025-06-24 16:00:00,21.274656400079753
2025-06-24 17:00:00,14.57774115346078
2025-06-24 18:00:00,7.644584316411038
2025-06-24 19:00:00,0.9476690697920681
2025-06-24 20:00:00,0.0
2025-06-24 21:00:00,0.0
2025-06-24 22:00:00,0.0
2025-06-24 23:00:00,0.0
2025-06-25 00:00:00,0.0
2025-06-25 01:00:00,0.0
2025-06-25 02:00:00,0.0
2025-06-25 03:00:00,0.0
2025-06-25 04:00:00,0.9358305298485355
2025-06-25 05:00:00,7.63388823880797
2025-06-25 06:00:00,14.56822783990581
2025-06-25 07:00:00,21.266285548865245
2025-06-25 08:00:00,27.271599801884417
2025-06-25 09:00:00,32.17491835687112
2025-06-25 10:00:00,35.64208815742004
2025-06-25 11:00:00,37.43682731139277
2025-06-25 12:00:00,37.43682731139277
2025-06-25 13:00:00,35.64208815742004
2025-06-25 14:00:00,32.17491835687112
2025-06-25 15:00:00,27.271599801884417
2025-06-25 16:00:00,21.266285548865245
2025-06-25 17:00:00,14.56822783990581
2025-06-25 18:00:00,7.63388823880797
2025-06-25 19:00:00,0.9358305298485355
2025-06-25 20:00:00,0.0
2025-06-25 21:00:00,0.0
2025-06-25 22:00:00,0.0
2025-06-25 23:00:00,0.0
2025-06-26 00:00:00,0.0
2025-06-26 01:00:00,0.0
2025-06-26 02:00:00,0.0
2025-06-26 03:00:00,0.0
2025-06-26 04:00:00,0.9203548784469577
2025-06-26 05:00:00,7.619904455526543
2025-06-26 06:00:00,14.555788552153487
2025-06-26 07:00:00,21.255338129233074
2025-06-26 08:00:00,27.261989954616485
2025-06-26 09:00:00,32.166400632865326
2025-06-26 10:00:00,35.634342681178794
2025-06-26 11:00:00,37.429481580009536
2025-06-26 12:00:00,37.429481580009536
2025-06-26 13:00:00,35.634342681178794
2025-06-26 14:00:00,32.166400632865326
2025-06-26 15:00:00,27.261989954616485
2025-06-26 16:00:00,21.255338129233074
2025-06-26 17:00:00,14.555788552153487
2025-06-26 18:00:00,7.619904455526543
2025-06-26 19:00:00,0.9203548784469577
2025-06-26 20:00:00,0.0
2025-06-26 21:00:00,0.0
2025-06-26 22:00:00,0.0
2025-06-26 23:00:00,0.0
2025-06-27 00:00:00,0.0
2025-06-27 01:00:00,0.0
2025-06-27 02:00:00,0.0
2025-06-27 03:00:00,0.0
2025-06-27 04:00:00,0.9012465323933088
2025-06-27 05:00:00,7.602635689259002
2025-06-27 06:00:00,14.54042425902047
2025-06-27 07:00:00,21.24181341588616
2025-06-27 08:00:00,27.250114563384894
2025-06-27 09:00:00,32.15587190750175
2025-06-27 10:00:00,35.624766192382474
2025-06-27 11:00:00,37.42039800513132
2025-06-27 12:00:00,37.42039800513132
2025-06-27 13:00:00,35.624766192382474
2025-06-27 14:00:00,32.15587190750175
2025-06-27 15:00:00,27.250114563384894
2025-06-27 16:00:00,21.24181341588616
2025-06-27 17:00:00,14.54042425902047
2025-06-27 18:00:00,7.602635689259002
2025-06-27 19:00:00,0.9012465323933088
2025-06-27 20:00:00,0.0
2025-06-27 21:00:00,0.0
2025-06-27 22:00:00,0.0
2025-06-27 23:00:00,0.0
2025-06-28 00:00:00,0.0
2025-06-28 01:00:00,0.0
2025-06-28 02:00:00,0.0
2025-06-28 03:00:00,0.0
2025-06-28 04:00:00,0.8785109522227177
2025-06-28 05:00:00,7.582085311060152
2025-06-28 06:00:00,14.522136168372347
2025-06-28 07:00:00,21.22571052720978
2025-06-28 08:00:00,27.235970873198113
2025-06-28 09:00:00,32.143327896183074
2025-06-28 10:00:00,35.613353324839174
2025-06-28 11:00:00,37.40957066069164
2025-06-28 12:00:00,37.40957066069164
2025-06-28 13:00:00,35.613353324839174
2025-06-28 14:00:00,32.143327896183074
2025-06-28 15:00:00,27.235970873198113
2025-06-28 16:00:00,21.22571052720978
2025-06-28 17:00:00,14.522136168372347
2025-06-28 18:00:00,7.582085311060152
2025-06-28 19:00:00,0.8785109522227177
2025-06-28 20:00:00,0.0
2025-06-28 21:00:00,0.0
2025-06-28 22:00:00,0.0
2025-06-28 23:00:00,0.0
2025-06-29 00:00:00,0.0
2025-06-29 01:00:00,0.0
2025-06-29 02:00:00,0.0
2025-06-29 03:00:00,0.0
2025-06-29 04:00:00,0.8521546449882174
2025-06-29 05:00:00,7.558257345186661
2025-06-29 06:00:00,14.500925734085856
2025-06-29 07:00:00,21.207028434284297
2025-06-29 08:00:00,27.219555629122176
2025-06-29 09:00:00,32.12876352644228
2025-06-29 10:00:00,35.600097720891874
2025-06-29 11:00:00,37.396992523770216
2025-06-29 12:00:00,37.396992523770216
2025-06-29 13:00:00,35.600097720891874
2025-06-29 14:00:00,32.12876352644228
2025-06-29 15:00:00,27.219555629122176
2025-06-29 16:00:00,21.207028434284297
2025-06-29 17:00:00,14.500925734085856
2025-06-29 18:00:00,7.558257345186661
2025-06-29 19:00:00,0.8521546449882174
2025-06-29 20:00:00,0.0
2025-06-29 21:00:00,0.0
2025-06-29 22:00:00,0.0
2025-06-29 23:00:00,0.0
2025-06-30 00:00:00,0.0
2025-06-30 01:00:00,0.0
2025-06-30 02:00:00,0.0
2025-06-30 03:00:00,0.0
2025-06-30 04:00:00,0.8221851675415138
2025-06-30 05:00:00,7.5311564748179745
2025-06-30 06:00:00,14.476794664295994
2025-06-30 07:00:00,21.185765971572454
2025-06-30 08:00:00,27.20086508915577
2025-06-30 09:00:00,32.11217295260393
2025-06-30 10:00:00,35.584992047342936
2025-06-30 11:00:00,37.382655491171235
2025-06-30 12:00:00,37.382655491171235
2025-06-30 13:00:00,35.584992047342936
2025-06-30 14:00:00,32.11217295260393
2025-06-30 15:00:00,27.20086508915577
2025-06-30 16:00:00,21.185765971572454
2025-06-30 17:00:00,14.476794664295994
2025-06-30 18:00:00,7.5311564748179745
2025-06-30 19:00:00,0.8221851675415138
2025-06-30 20:00:00,0.0
2025-06-30 21:00:00,0.0
2025-06-30 22:00:00,0.0
2025-06-30 23:00:00,0.0
2025-07-01 00:00:00,0.0
2025-07-01 01:00:00,0.0
2025-07-01 02:00:00,0.0
2025-07-01 03:00:00,0.0
2025-07-01 04:00:00,0.8009331791963792
2025-07-01 05:00:00,7.61798786189809
2025-07-01 06:00:00,14.675522195452194
2025-07-01 07:00:00,21.492576878153905
2025-07-01 08:00:00,27.60458089909263
2025-07-01 09:00:00,32.595011284805615
2025-07-01 10:00:00,36.12377845158266
2025-07-01 11:00:00,37.95040274857139
2025-07-01 12:00:00,37.95040274857139
2025-07-01 13:00:00,36.12377845158266
2025-07-01 14:00:00,32.595011284805615
2025-07-01 15:00:00,27.60458089909263
2025-07-01 16:00:00,21.492576878153905
2025-07-01 17:00:00,14.675522195452194
2025-07-01 18:00:00,7.61798786189809
2025-07-01 19:00:00,0.8009331791963792
2025-07-01 20:00:00,0.0
2025-07-01 21:00:00,0.0
2025-07-01 22:00:00,0.0
2025-07-01 23:00:00,0.0
2025-07-02 00:00:00,0.0
2025-07-02 01:00:00,0.0
2025-07-02 02:00:00,0.0
2025-07-02 03:00:00,0.0
2025-07-02 04:00:00,0.7631834857728412
2025-07-02 05:00:00,7.583832433383389
2025-07-02 06:00:00,14.6450878237837
2025-07-02 07:00:00,21.46573677139425
2025-07-02 08:00:00,27.580963322090717
2025-07-02 09:00:00,32.57402489233284
2025-07-02 10:00:00,36.10465258753299
2025-07-02 11:00:00,37.93223996490143
2025-07-02 12:00:00,37.93223996490143
2025-07-02 13:00:00,36.10465258753299
2025-07-02 14:00:00,32.57402489233284
2025-07-02 15:00:00,27.580963322090717
2025-07-02 16:00:00,21.46573677139425
2025-07-02 17:00:00,14.6450878237837
2025-07-02 18:00:00,7.583832433383389
2025-07-02 19:00:00,0.7631834857728412
2025-07-02 20:00:00,0.0
2025-07-02 21:00:00,0.0
2025-07-02 22:00:00,0.0
2025-07-02 23:00:00,0.0
2025-07-03 00:00:00,0.0
2025-07-03 01:00:00,0.0
2025-07-03 02:00:00,0.0
2025-07-03 03:00:00,0.0
2025-07-03 04:00:00,0.7217936287101037
2025-07-03 05:00:00,7.5463713166826345
2025-07-03 06:00:00,14.611694038398719
2025-07-03 07:00:00,21.436271726371253
2025-07-03 08:00:00,27.555020689312787
2025-07-03 09:00:00,32.550958297109624
2025-07-03 10:00:00,36.08361965796766
2025-07-03 11:00:00,37.91225973814336
2025-07-03 12:00:00,37.91225973814336
2025-07-03 13:00:00,36.08361965796766
2025-07-03 14:00:00,32.550958297109624
2025-07-03 15:00:00,27.555020689312787
2025-07-03 16:00:00,21.436271726371253
2025-07-03 17:00:00,14.611694038398719
2025-07-03 18:00:00,7.5463713166826345
2025-07-03 19:00:00,0.7217936287101037
2025-07-03 20:00:00,0.0
2025-07-03 21:00:00,0.0
2025-07-03 22:00:00,0.0
2025-07-03 23:00:00,0.0
2025-07-04 00:00:00,0.0
2025-07-04 01:00:00,0.0
2025-07-04 02:00:00,0.0
2025-07-04 03:00:00,0.0
2025-07-04 04:00:00,0.6767755902753311
2025-07-04 05:00:00,7.505612020229254
2025-07-04 06:00:00,14.57534371607718
2025-07-04 07:00:00,21.404180146031102
2025-07-04 08:00:00,27.526747392575444
2025-07-04 09:00:00,32.52580261587899
2025-07-04 10:00:00,36.06066846380295
2025-07-04 11:00:00,37.890449670453336
2025-07-04 12:00:00,37.890449670453336
2025-07-04 13:00:00,36.06066846380295
2025-07-04 14:00:00,32.52580261587899
2025-07-04 15:00:00,27.526747392575444
2025-07-04 16:00:00,21.404180146031102
2025-07-04 17:00:00,14.57534371607718
2025-07-04 18:00:00,7.505612020229254
2025-07-04 19:00:00,0.6767755902753311
2025-07-04 20:00:00,0.0
2025-07-04 21:00:00,0.0
2025-07-04 22:00:00,0.0
2025-07-04 23:00:00,0.0
2025-07-05 00:00:00,0.0
2025-07-05 01:00:00,0.0
2025-07-05 02:00:00,0.0
2025-07-05 03:00:00,0.0
2025-07-05 04:00:00,0.6281424422680546
2025-07-05 05:00:00,7.461562763307315
2025-07-05 06:00:00,14.536040052409492
2025-07-05 07:00:00,21.36946037344875
2025-07-05 08:00:00,27.496137424307296
2025-07-05 09:00:00,32.49854828878167
2025-07-05 10:00:00,36.03578693333276
2025-07-05 11:00:00,37.86679638989765
2025-07-05 12:00:00,37.86679638989765
2025-07-05 13:00:00,36.03578693333276
2025-07-05 14:00:00,32.49854828878167
2025-07-05 15:00:00,27.496137424307296
2025-07-05 16:00:00,21.36946037344875
2025-07-05 17:00:00,14.536040052409492
2025-07-05 18:00:00,7.461562763307315
2025-07-05 19:00:00,0.6281424422680546
2025-07-05 20:00:00,0.0
2025-07-05 21:00:00,0.0
2025-07-05 22:00:00,0.0
2025-07-05 23:00:00,0.0
2025-07-06 00:00:00,0.0
2025-07-06 01:00:00,0.0
2025-07-06 02:00:00,0.0
2025-07-06 03:00:00,0.0
2025-07-06 04:00:00,0.575908351813078
2025-07-06 05:00:00,7.4142324866800156
2025-07-06 06:00:00,14.493786577431148
2025-07-06 07:00:00,21.332110712298086
2025-07-06 08:00:00,27.463184402354607
2025-07-06 09:00:00,32.46918510770169
2025-07-06 10:00:00,36.00896215307725
2025-07-06 11:00:00,37.84128558259711
2025-07-06 12:00:00,37.84128558259711
2025-07-06 13:00:00,36.00896215307725
2025-07-06 14:00:00,32.46918510770169
2025-07-06 15:00:00,27.463184402354607
2025-07-06 16:00:00,21.332110712298086
2025-07-06 17:00:00,14.493786577431148
2025-07-06 18:00:00,7.4142324866800156
2025-07-06 19:00:00,0.575908351813078
2025-07-06 20:00:00,0.0
2025-07-06 21:00:00,0.0
2025-07-06 22:00:00,0.0
2025-07-06 23:00:00,0.0
2025-07-07 00:00:00,0.0
2025-07-07 01:00:00,0.0
2025-07-07 02:00:00,0.0
2025-07-07 03:00:00,0.0
2025-07-07 04:00:00,0.5200885874464596
2025-07-07 05:00:00,7.363630863899899
2025-07-07 06:00:00,14.448587172341545
2025-07-07 07:00:00,21.292129448794988
2025-07-07 08:00:00,27.427881596608266
2025-07-07 09:00:00,32.437702246717755
2025-07-07 10:00:00,35.98018040093858
2025-07-07 11:00:00,37.81390202728252
2025-07-07 12:00:00,37.81390202728252
2025-07-07 13:00:00,35.98018040093858
2025-07-07 14:00:00,32.437702246717755
2025-07-07 15:00:00,27.427881596608266
2025-07-07 16:00:00,21.292129448794988
2025-07-07 17:00:00,14.448587172341545
2025-07-07 18:00:00,7.363630863899899
2025-07-07 19:00:00,0.5200885874464596
2025-07-07 20:00:00,0.0
2025-07-07 21:00:00,0.0
2025-07-07 22:00:00,0.0
2025-07-07 23:00:00,0.0
2025-07-08 00:00:00,0.0
2025-07-08 01:00:00,0.0
2025-07-08 02:00:00,0.0
2025-07-08 03:00:00,0.0
2025-07-08 04:00:00,0.4606995254540442
2025-07-08 05:00:00,7.309768313258721
2025-07-08 06:00:00,14.400446087263068
2025-07-08 07:00:00,21.249514875067753
2025-07-08 08:00:00,27.390221957405206
2025-07-08 09:00:00,32.404088294612414
2025-07-08 10:00:00,35.94942718161458
2025-07-08 11:00:00,37.784629632212045
2025-07-08 12:00:00,37.784629632212045
2025-07-08 13:00:00,35.94942718161458
2025-07-08 14:00:00,32.404088294612414
2025-07-08 15:00:00,27.390221957405206
2025-07-08 16:00:00,21.249514875067753
2025-07-08 17:00:00,14.400446087263068
2025-07-08 18:00:00,7.309768313258721
2025-07-08 19:00:00,0.4606995254540442
2025-07-08 20:00:00,0.0
2025-07-08 21:00:00,0.0
2025-07-08 22:00:00,0.0
2025-07-08 23:00:00,0.0
2025-07-09 00:00:00,0.0
2025-07-09 01:00:00,0.0
2025-07-09 02:00:00,0.0
2025-07-09 03:00:00,0.0
2025-07-09 04:00:00,0.39775865641944386
2025-07-09 05:00:00,7.252656010331811
2025-07-09 06:00:00,14.3493679599934
2025-07-09 07:00:00,21.20426531390577
2025-07-09 08:00:00,27.350198145653287
2025-07-09 09:00:00,32.3683312893866
2025-07-09 10:00:00,35.91668726421739
2025-07-09 11:00:00,37.75345147439645
2025-07-09 12:00:00,37.75345147439645
2025-07-09 13:00:00,35.91668726421739
2025-07-09 14:00:00,32.3683312893866
2025-07-09 15:00:00,27.350198145653287
2025-07-09 16:00:00,21.20426531390577
2025-07-09 17:00:00,14.3493679599934
2025-07-09 18:00:00,7.252656010331811
2025-07-09 19:00:00,0.39775865641944386
2025-07-09 20:00:00,0.0
2025-07-09 21:00:00,0.0
2025-07-09 22:00:00,0.0
2025-07-09 23:00:00,0.0
2025-07-10 00:00:00,0.0
2025-07-10 01:00:00,0.0
2025-07-10 02:00:00,0.0
2025-07-10 03:00:00,0.0
2025-07-10 04:00:00,0.33128459193587795
2025-07-10 05:00:00,7.192305901069316
2025-07-10 06:00:00,14.295357835701177
2025-07-10 07:00:00,21.156379144834617
2025-07-10 08:00:00,27.307802564626005
2025-07-10 09:00:00,32.33041875472442
2025-07-10 10:00:00,35.881944722040345
2025-07-10 11:00:00,37.720349841075375
2025-07-10 12:00:00,37.720349841075375
2025-07-10 13:00:00,35.881944722040345
2025-07-10 14:00:00,32.33041875472442
2025-07-10 15:00:00,27.307802564626005
2025-07-10 16:00:00,21.156379144834617
2025-07-10 17:00:00,14.295357835701177
2025-07-10 18:00:00,7.192305901069316
2025-07-10 19:00:00,0.33128459193587795
2025-07-10 20:00:00,0.0
2025-07-10 21:00:00,0.0
2025-07-10 22:00:00,0.0
2025-07-10 23:00:00,0.0
2025-07-11 00:00:00,0.0
2025-07-11 01:00:00,0.0
2025-07-11 02:00:00,0.0
2025-07-11 03:00:00,0.0
2025-07-11 04:00:00,0.2612970714344103
2025-07-11 05:00:00,7.12873071538436
2025-07-11 06:00:00,14.238421187512566
2025-07-11 07:00:00,21.10585483146252
2025-07-11 08:00:00,27.263027393369722
2025-07-11 09:00:00,32.29033773834895
2025-07-11 10:00:00,35.84518297441306
2025-07-11 11:00:00,37.68530627338377
2025-07-11 12:00:00,37.68530627338377
2025-07-11 13:00:00,35.84518297441306
2025-07-11 14:00:00,32.29033773834895
2025-07-11 15:00:00,27.263027393369722
2025-07-11 16:00:00,21.10585483146252
2025-07-11 17:00:00,14.238421187512566
2025-07-11 18:00:00,7.12873071538436
2025-07-11 19:00:00,0.2612970714344103
2025-07-11 20:00:00,0.0
2025-07-11 21:00:00,0.0
2025-07-11 22:00:00,0.0
2025-07-11 23:00:00,0.0
2025-07-12 00:00:00,0.0
2025-07-12 01:00:00,0.0
2025-07-12 02:00:00,0.0
2025-07-12 03:00:00,0.0
2025-07-12 04:00:00,0.1878169690788343
2025-07-12 05:00:00,7.0619439811857045
2025-07-12 06:00:00,14.178563937933488
2025-07-12 07:00:00,21.052690950040354
2025-07-12 08:00:00,27.21586462166324
2025-07-12 09:00:00,32.24807485220711
2025-07-12 10:00:00,35.806384830580996
2025-07-12 11:00:00,37.648301612144
2025-07-12 12:00:00,37.648301612144
2025-07-12 13:00:00,35.806384830580996
2025-07-12 14:00:00,32.24807485220711
2025-07-12 15:00:00,27.21586462166324
2025-07-12 16:00:00,21.052690950040354
2025-07-12 17:00:00,14.178563937933488
2025-07-12 18:00:00,7.0619439811857045
2025-07-12 19:00:00,0.1878169690788343
2025-07-12 20:00:00,0.0
2025-07-12 21:00:00,0.0
2025-07-12 22:00:00,0.0
2025-07-12 23:00:00,0.0
2025-07-13 00:00:00,0.0
2025-07-13 01:00:00,0.0
2025-07-13 02:00:00,0.0
2025-07-13 03:00:00,0.0
2025-07-13 04:00:00,0.11086630067560556
2025-07-13 05:00:00,6.9919600388003245
2025-07-13 06:00:00,14.115792481049828
2025-07-13 07:00:00,20.996886219174545
2025-07-13 08:00:00,27.166306086466356
2025-07-13 09:00:00,32.2036163144177
2025-07-13 10:00:00,35.76553253554245
2025-07-13 11:00:00,37.609316045715815
2025-07-13 12:00:00,37.609316045715815
2025-07-13 13:00:00,35.76553253554245
2025-07-13 14:00:00,32.2036163144177
2025-07-13 15:00:00,27.166306086466356
2025-07-13 16:00:00,20.996886219174545
2025-07-13 17:00:00,14.115792481049828
2025-07-13 18:00:00,6.9919600388003245
2025-07-13 19:00:00,0.11086630067560556
2025-07-13 20:00:00,0.0
2025-07-13 21:00:00,0.0
2025-07-13 22:00:00,0.0
2025-07-13 23:00:00,0.0
2025-07-14 00:00:00,0.0
2025-07-14 01:00:00,0.0
2025-07-14 02:00:00,0.0
2025-07-14 03:00:00,0.0
2025-07-14 04:00:00,0.030468230545474772
2025-07-14 05:00:00,6.918794055729191
2025-07-14 06:00:00,14.050113705445527
2025-07-14 07:00:00,20.938439530629246
2025-07-14 08:00:00,27.114343509790732
2025-07-14 09:00:00,32.156947992914034
2025-07-14 10:00:00,35.72260781777219
2025-07-14 11:00:00,37.568329159832615
2025-07-14 12:00:00,37.568329159832615
2025-07-14 13:00:00,35.72260781777219
2025-07-14 14:00:00,32.156947992914034
2025-07-14 15:00:00,27.114343509790732
2025-07-14 16:00:00,20.938439530629246
2025-07-14 17:00:00,14.050113705445527
2025-07-14 18:00:00,6.918794055729191
2025-07-14 19:00:00,0.030468230545474772
2025-07-14 20:00:00,0.0
2025-07-14 21:00:00,0.0
2025-07-14 22:00:00,0.0
2025-07-14 23:00:00,0.0
2025-07-15 00:00:00,0.0
2025-07-15 01:00:00,0.0
2025-07-15 02:00:00,0.0
2025-07-15 03:00:00,0.0
2025-07-15 04:00:00,0.0
2025-07-15 05:00:00,6.8424620416778685
2025-07-15 06:00:00,13.981535017776253
2025-07-15 07:00:00,20.87734998115204
2025-07-15 08:00:00,27.059968537924206
2025-07-15 09:00:00,32.108055450708996
2025-07-15 10:00:00,35.677591938758184
2025-07-15 11:00:00,37.52531998934918
2025-07-15 12:00:00,37.52531998934918
2025-07-15 13:00:00,35.677591938758184
2025-07-15 14:00:00,32.108055450708996
2025-07-15 15:00:00,27.059968537924206
2025-07-15 16:00:00,20.87734998115204
2025-07-15 17:00:00,13.981535017776253
2025-07-15 18:00:00,6.8424620416778685
2025-07-15 19:00:00,0.0
2025-07-15 20:00:00,0.0
2025-07-15 21:00:00,0.0
2025-07-15 22:00:00,0.0
2025-07-15 23:00:00,0.0
2025-07-16 00:00:00,0.0
2025-07-16 01:00:00,0.0
2025-07-16 02:00:00,0.0
2025-07-16 03:00:00,0.0
2025-07-16 04:00:00,0.0
2025-07-16 05:00:00,6.7629808638013875
2025-07-16 06:00:00,13.910064366934002
2025-07-16 07:00:00,20.813616905254328
2025-07-16 08:00:00,27.003172781935845
2025-07-16 09:00:00,32.05692399270742
2025-07-16 10:00:00,35.63046574427373
2025-07-16 11:00:00,37.48026707182249
2025-07-16 12:00:00,37.48026707182249
2025-07-16 13:00:00,35.63046574427373
2025-07-16 14:00:00,32.05692399270742
2025-07-16 15:00:00,27.003172781935845
2025-07-16 16:00:00,20.813616905254328
2025-07-16 17:00:00,13.910064366934002
2025-07-16 18:00:00,6.7629808638013875
2025-07-16 19:00:00,0.0
2025-07-16 20:00:00,0.0
2025-07-16 21:00:00,0.0
2025-07-16 22:00:00,0.0
2025-07-16 23:00:00,0.0
2025-07-17 00:00:00,0.0
2025-07-17 01:00:00,0.0
2025-07-17 02:00:00,0.0
2025-07-17 03:00:00,0.0
2025-07-17 04:00:00,0.0
2025-07-17 05:00:00,6.680368262101613
2025-07-17 06:00:00,13.835710268736245
2025-07-17 07:00:00,20.74723990887567
2025-07-17 08:00:00,26.94394785938718
2025-07-17 09:00:00,32.00353871398748
2025-07-17 10:00:00,35.5812097173048
2025-07-17 11:00:00,37.43314850284393
2025-07-17 12:00:00,37.43314850284393
2025-07-17 13:00:00,35.5812097173048
2025-07-17 14:00:00,32.00353871398748
2025-07-17 15:00:00,26.94394785938718
2025-07-17 16:00:00,20.74723990887567
2025-07-17 17:00:00,13.835710268736245
2025-07-17 18:00:00,6.680368262101613
2025-07-17 19:00:00,0.0
2025-07-17 20:00:00,0.0
2025-07-17 21:00:00,0.0
2025-07-17 22:00:00,0.0
2025-07-17 23:00:00,0.0
2025-07-18 00:00:00,0.0
2025-07-18 01:00:00,0.0
2025-07-18 02:00:00,0.0
2025-07-18 03:00:00,0.0
2025-07-18 04:00:00,0.0
2025-07-18 05:00:00,6.594642864913576
2025-07-18 06:00:00,13.758481831071036
2025-07-18 07:00:00,20.6782189038585
2025-07-18 08:00:00,26.88228543717171
2025-07-18 09:00:00,31.947884549470075
2025-07-18 10:00:00,35.529804032548796
2025-07-18 11:00:00,37.38394199303791
2025-07-18 12:00:00,37.38394199303791
2025-07-18 13:00:00,35.529804032548796
2025-07-18 14:00:00,31.947884549470075
2025-07-18 15:00:00,26.88228543717171
2025-07-18 16:00:00,20.6782189038585
2025-07-18 17:00:00,13.758481831071036
2025-07-18 18:00:00,6.594642864913576
2025-07-18 19:00:00,0.0
2025-07-18 20:00:00,0.0
2025-07-18 21:00:00,0.0
2025-07-18 22:00:00,0.0
2025-07-18 23:00:00,0.0
2025-07-19 00:00:00,0.0
2025-07-19 01:00:00,0.0
2025-07-19 02:00:00,0.0
2025-07-19 03:00:00,0.0
2025-07-19 04:00:00,0.0
2025-07-19 05:00:00,6.505824204416084
2025-07-19 06:00:00,13.678388779427983
2025-07-19 07:00:00,20.606554143158046
2025-07-19 08:00:00,26.81817727540268
2025-07-19 09:00:00,31.889946324891998
2025-07-19 10:00:00,35.47622861239795
2025-07-19 11:00:00,37.33262492663869
2025-07-19 12:00:00,37.33262492663869
2025-07-19 13:00:00,35.47622861239795
2025-07-19 14:00:00,31.889946324891998
2025-07-19 15:00:00,26.81817727540268
2025-07-19 16:00:00,20.606554143158046
2025-07-19 17:00:00,13.678388779427983
2025-07-19 18:00:00,6.505824204416084
2025-07-19 19:00:00,0.0
2025-07-19 20:00:00,0.0
2025-07-19 21:00:00,0.0
2025-07-19 22:00:00,0.0
2025-07-19 23:00:00,0.0
2025-07-20 00:00:00,0.0
2025-07-20 01:00:00,0.0
2025-07-20 02:00:00,0.0
2025-07-20 03:00:00,0.0
2025-07-20 04:00:00,0.0
2025-07-20 05:00:00,6.413932732101011
2025-07-20 06:00:00,13.595441482743446
2025-07-20 07:00:00,20.532246256709914
2025-07-20 08:00:00,26.751615272266502
2025-07-20 09:00:00,31.829708808996294
2025-07-20 10:00:00,35.42046318431752
2025-07-20 11:00:00,37.27917442155418
2025-07-20 12:00:00,37.27917442155418
2025-07-20 13:00:00,35.42046318431752
2025-07-20 14:00:00,31.829708808996294
2025-07-20 15:00:00,26.751615272266502
2025-07-20 16:00:00,20.532246256709914
2025-07-20 17:00:00,13.595441482743446
2025-07-20 18:00:00,6.413932732101011
2025-07-20 19:00:00,0.0
2025-07-20 20:00:00,0.0
2025-07-20 21:00:00,0.0
2025-07-20 22:00:00,0.0
2025-07-20 23:00:00,0.0
2025-07-21 00:00:00,0.0
2025-07-21 01:00:00,0.0
2025-07-21 02:00:00,0.0
2025-07-21 03:00:00,0.0
2025-07-21 04:00:00,0.0
2025-07-21 05:00:00,6.3189898341341255
2025-07-21 06:00:00,13.509650979486542
2025-07-21 07:00:00,20.455296287875772
2025-07-21 08:00:00,26.682591509756666
2025-07-21 09:00:00,31.767156766849983
2025-07-21 10:00:00,35.36248733952619
2025-07-21 11:00:00,37.2235673908221
2025-07-21 12:00:00,37.2235673908221
2025-07-21 13:00:00,35.36248733952619
2025-07-21 14:00:00,31.767156766849983
2025-07-21 15:00:00,26.682591509756666
2025-07-21 16:00:00,20.455296287875772
2025-07-21 17:00:00,13.509650979486542
2025-07-21 18:00:00,6.3189898341341255
2025-07-21 19:00:00,0.0
2025-07-21 20:00:00,0.0
2025-07-21 21:00:00,0.0
2025-07-21 22:00:00,0.0
2025-07-21 23:00:00,0.0
2025-07-22 00:00:00,0.0
2025-07-22 01:00:00,0.0
2025-07-22 02:00:00,0.0
2025-07-22 03:00:00,0.0
2025-07-22 04:00:00,0.0
2025-07-22 05:00:00,6.221017846540356
2025-07-22 06:00:00,13.42102900391177
2025-07-22 07:00:00,20.37570573038626
2025-07-22 08:00:00,26.6110983002013
2025-07-22 09:00:00,31.702275014197426
2025-07-22 10:00:00,35.302280592883136
2025-07-22 11:00:00,37.1657806053615
2025-07-22 12:00:00,37.1657806053615
2025-07-22 13:00:00,35.302280592883136
2025-07-22 14:00:00,31.702275014197426
2025-07-22 15:00:00,26.6110983002013
2025-07-22 16:00:00,20.37570573038626
2025-07-22 17:00:00,13.42102900391177
2025-07-22 18:00:00,6.221017846540356
2025-07-22 19:00:00,0.0
2025-07-22 20:00:00,0.0
2025-07-22 21:00:00,0.0
2025-07-22 22:00:00,0.0
2025-07-22 23:00:00,0.0
2025-07-23 00:00:00,0.0
2025-07-23 01:00:00,0.0
2025-07-23 02:00:00,0.0
2025-07-23 03:00:00,0.0
2025-07-23 04:00:00,0.0
2025-07-23 05:00:00,6.120040070145063
2025-07-23 06:00:00,13.329588012402448
2025-07-23 07:00:00,20.293476565698057
2025-07-23 08:00:00,26.537128233494773
2025-07-23 09:00:00,31.635048472754494
2025-07-23 10:00:00,35.23982244388318
2025-07-23 11:00:00,37.10579075791908
2025-07-23 12:00:00,37.10579075791908
2025-07-23 13:00:00,35.23982244388318
2025-07-23 14:00:00,31.635048472754494
2025-07-23 15:00:00,26.537128233494773
2025-07-23 16:00:00,20.293476565698057
2025-07-23 17:00:00,13.329588012402448
2025-07-23 18:00:00,6.120040070145063
2025-07-23 19:00:00,0.0
2025-07-23 20:00:00,0.0
2025-07-23 21:00:00,0.0
2025-07-23 22:00:00,0.0
2025-07-23 23:00:00,0.0
2025-07-24 00:00:00,0.0
2025-07-24 01:00:00,0.0
2025-07-24 02:00:00,0.0
2025-07-24 03:00:00,0.0
2025-07-24 04:00:00,0.0
2025-07-24 05:00:00,6.016080785203106
2025-07-24 06:00:00,13.235341209828706
2025-07-24 07:00:00,20.208611300681156
2025-07-24 08:00:00,26.460674224942547
2025-07-24 09:00:00,31.565462226346984
2025-07-24 10:00:00,35.17509243865978
2025-07-24 11:00:00,37.0435745281078
2025-07-24 12:00:00,37.0435745281078
2025-07-24 13:00:00,35.17509243865978
2025-07-24 14:00:00,31.565462226346984
2025-07-24 15:00:00,26.460674224942547
2025-07-24 16:00:00,20.208611300681156
2025-07-24 17:00:00,13.235341209828706
2025-07-24 18:00:00,6.016080785203106
2025-07-24 19:00:00,0.0
2025-07-24 20:00:00,0.0
2025-07-24 21:00:00,0.0
2025-07-24 22:00:00,0.0
2025-07-24 23:00:00,0.0
2025-07-25 00:00:00,0.0
2025-07-25 01:00:00,0.0
2025-07-25 02:00:00,0.0
2025-07-25 03:00:00,0.0
2025-07-25 04:00:00,0.0
2025-07-25 05:00:00,5.90916526564684
2025-07-25 06:00:00,13.138302575842602
2025-07-25 07:00:00,20.121113005550566
2025-07-25 08:00:00,26.381729563626003
2025-07-25 09:00:00,31.493501577794103
2025-07-25 10:00:00,35.108070232891976
2025-07-25 11:00:00,36.97910864843185
2025-07-25 12:00:00,36.97910864843185
2025-07-25 13:00:00,35.108070232891976
2025-07-25 14:00:00,31.493501577794103
2025-07-25 15:00:00,26.381729563626003
2025-07-25 16:00:00,20.121113005550566
2025-07-25 17:00:00,13.138302575842602
2025-07-25 18:00:00,5.90916526564684
2025-07-25 19:00:00,0.0
2025-07-25 20:00:00,0.0
2025-07-25 21:00:00,0.0
2025-07-25 22:00:00,0.0
2025-07-25 23:00:00,0.0
2025-07-26 00:00:00,0.0
2025-07-26 01:00:00,0.0
2025-07-26 02:00:00,0.0
2025-07-26 03:00:00,0.0
2025-07-26 04:00:00,0.0
2025-07-26 05:00:00,5.799319792884511
2025-07-26 06:00:00,13.038486891032647
2025-07-26 07:00:00,20.03098535195602
2025-07-26 08:00:00,26.300287961192776
2025-07-26 09:00:00,31.419152106435867
2025-07-26 10:00:00,35.03873565550993
2025-07-26 11:00:00,36.912369971190216
2025-07-26 12:00:00,36.912369971190216
2025-07-26 13:00:00,35.03873565550993
2025-07-26 14:00:00,31.419152106435867
2025-07-26 15:00:00,26.300287961192776
2025-07-26 16:00:00,20.03098535195602
2025-07-26 17:00:00,13.038486891032647
2025-07-26 18:00:00,5.799319792884511
2025-07-26 19:00:00,0.0
2025-07-26 20:00:00,0.0
2025-07-26 21:00:00,0.0
2025-07-26 22:00:00,0.0
2025-07-26 23:00:00,0.0
2025-07-27 00:00:00,0.0
2025-07-27 01:00:00,0.0
2025-07-27 02:00:00,0.0
2025-07-27 03:00:00,0.0
2025-07-27 04:00:00,0.0
2025-07-27 05:00:00,5.686571669080355
2025-07-27 06:00:00,12.935909762859366
2025-07-27 07:00:00,19.93823265114167
2025-07-27 08:00:00,26.21634360097655
2025-07-27 09:00:00,31.34239972620164
2025-07-27 10:00:00,34.96706877309115
2025-07-27 11:00:00,36.84333553614835
2025-07-27 12:00:00,36.84333553614835
2025-07-27 13:00:00,34.96706877309115
2025-07-27 14:00:00,31.34239972620164
2025-07-27 15:00:00,26.21634360097655
2025-07-27 16:00:00,19.93823265114167
2025-07-27 17:00:00,12.935909762859366
2025-07-27 18:00:00,5.686571669080355
2025-07-27 19:00:00,0.0
2025-07-27 20:00:00,0.0
2025-07-27 21:00:00,0.0
2025-07-27 22:00:00,0.0
2025-07-27 23:00:00,0.0
2025-07-28 00:00:00,0.0
2025-07-28 01:00:00,0.0
2025-07-28 02:00:00,0.0
2025-07-28 03:00:00,0.0
2025-07-28 04:00:00,0.0
2025-07-28 05:00:00,5.570949229848548
2025-07-28 06:00:00,12.830587651293591
2025-07-28 07:00:00,19.842859892087755
2025-07-28 08:00:00,26.129891187348722
2025-07-28 09:00:00,31.263230744114907
2025-07-28 10:00:00,34.89304995483742
2025-07-28 11:00:00,36.7719826388654
2025-07-28 12:00:00,36.7719826388654
2025-07-28 13:00:00,34.89304995483742
2025-07-28 14:00:00,31.263230744114907
2025-07-28 15:00:00,26.129891187348722
2025-07-28 16:00:00,19.842859892087755
2025-07-28 17:00:00,12.830587651293591
2025-07-28 18:00:00,5.570949229848548
2025-07-28 19:00:00,0.0
2025-07-28 20:00:00,0.0
2025-07-28 21:00:00,0.0
2025-07-28 22:00:00,0.0
2025-07-28 23:00:00,0.0
2025-07-29 00:00:00,0.0
2025-07-29 01:00:00,0.0
2025-07-29 02:00:00,0.0
2025-07-29 03:00:00,0.0
2025-07-29 04:00:00,0.0
2025-07-29 05:00:00,5.4524818562933515
2025-07-29 06:00:00,12.722537894078966
2025-07-29 07:00:00,19.744872779544863
2025-07-29 08:00:00,26.040925995203636
2025-07-29 09:00:00,31.181631919128048
2025-07-29 10:00:00,34.816659938020855
2025-07-29 11:00:00,36.698288899562336
2025-07-29 12:00:00,36.698288899562336
2025-07-29 13:00:00,34.816659938020855
2025-07-29 14:00:00,31.181631919128048
2025-07-29 15:00:00,26.040925995203636
2025-07-29 16:00:00,19.744872779544863
2025-07-29 17:00:00,12.722537894078966
2025-07-29 18:00:00,5.4524818562933515
2025-07-29 19:00:00,0.0
2025-07-29 20:00:00,0.0
2025-07-29 21:00:00,0.0
2025-07-29 22:00:00,0.0
2025-07-29 23:00:00,0.0
2025-07-30 00:00:00,0.0
2025-07-30 01:00:00,0.0
2025-07-30 02:00:00,0.0
2025-07-30 03:00:00,0.0
2025-07-30 04:00:00,0.0
2025-07-30 05:00:00,5.331199986328633
2025-07-30 06:00:00,12.611778731540204
2025-07-30 07:00:00,19.644277771871312
2025-07-30 08:00:00,25.949443919477563
2025-07-30 09:00:00,31.097590521179306
2025-07-30 10:00:00,34.737879893785085
2025-07-30 11:00:00,36.62223233241445
2025-07-30 12:00:00,36.62223233241445
2025-07-30 13:00:00,34.737879893785085
2025-07-30 14:00:00,31.097590521179306
2025-07-30 15:00:00,25.949443919477563
2025-07-30 16:00:00,19.644277771871312
2025-07-30 17:00:00,12.611778731540204
2025-07-30 18:00:00,5.331199986328633
2025-07-30 19:00:00,0.0
2025-07-30 20:00:00,0.0
2025-07-30 21:00:00,0.0
2025-07-30 22:00:00,0.0
2025-07-30 23:00:00,0.0
2025-07-31 00:00:00,0.0
2025-07-31 01:00:00,0.0
2025-07-31 02:00:00,0.0
2025-07-31 03:00:00,0.0
2025-07-31 04:00:00,0.0
2025-07-31 05:00:00,5.20713512521126
2025-07-31 06:00:00,12.49832933085938
2025-07-31 07:00:00,19.541082118584104
2025-07-31 08:00:00,25.855441524601275
2025-07-31 09:00:00,31.011094390363123
2025-07-31 10:00:00,34.65669149318718
2025-07-31 11:00:00,36.543791415150054
2025-07-31 12:00:00,36.543791415150054
2025-07-31 13:00:00,34.65669149318718
2025-07-31 14:00:00,31.011094390363123
2025-07-31 15:00:00,25.855441524601275
2025-07-31 16:00:00,19.541082118584104
2025-07-31 17:00:00,12.49832933085938
2025-07-31 18:00:00,5.20713512521126
2025-07-31 19:00:00,0.0
2025-07-31 20:00:00,0.0
2025-07-31 21:00:00,0.0
2025-07-31 22:00:00,0.0
2025-07-31 23:00:00,0.0
2025-08-01 00:00:00,0.0
2025-08-01 01:00:00,0.0
2025-08-01 02:00:00,0.0
2025-08-01 03:00:00,0.0
2025-08-01 04:00:00,0.0
2025-08-01 05:00:00,4.611367253202952
2025-08-01 06:00:00,11.239236596535664
2025-08-01 07:00:00,17.641266768530294
2025-08-01 08:00:00,23.381169992820503
2025-08-01 09:00:00,28.06778135030949
2025-08-01 10:00:00,31.38171602197584
2025-08-01 11:00:00,33.09713483648148
2025-08-01 12:00:00,33.09713483648148
2025-08-01 13:00:00,31.38171602197584
2025-08-01 14:00:00,28.06778135030949
2025-08-01 15:00:00,23.381169992820503
2025-08-01 16:00:00,17.641266768530294
2025-08-01 17:00:00,11.239236596535664
2025-08-01 18:00:00,4.611367253202952
2025-08-01 19:00:00,0.0
2025-08-01 20:00:00,0.0
2025-08-01 21:00:00,0.0
2025-08-01 22:00:00,0.0
2025-08-01 23:00:00,0.0
2025-08-02 00:00:00,0.0
2025-08-02 01:00:00,0.0
2025-08-02 02:00:00,0.0
2025-08-02 03:00:00,0.0
2025-08-02 04:00:00,0.0
2025-08-02 05:00:00,4.493792043416621
2025-08-02 06:00:00,11.13143129699479
2025-08-02 07:00:00,17.542898477616042
2025-08-02 08:00:00,23.291262692371507
2025-08-02 09:00:00,27.984782419646645
2025-08-02 10:00:00,31.303602046435728
2025-08-02 11:00:00,33.02154949978184
2025-08-02 12:00:00,33.02154949978184
2025-08-02 13:00:00,31.303602046435728
2025-08-02 14:00:00,27.984782419646645
2025-08-02 15:00:00,23.291262692371507
2025-08-02 16:00:00,17.542898477616042
2025-08-02 17:00:00,11.13143129699479
2025-08-02 18:00:00,4.493792043416621
2025-08-02 19:00:00,0.0
2025-08-02 20:00:00,0.0
2025-08-02 21:00:00,0.0
2025-08-02 22:00:00,0.0
2025-08-02 23:00:00,0.0
2025-08-03 00:00:00,0.0
2025-08-03 01:00:00,0.0
2025-08-03 02:00:00,0.0
2025-08-03 03:00:00,0.0
2025-08-03 04:00:00,0.0
2025-08-03 05:00:00,4.37378242180411
2025-08-03 06:00:00,11.02124154214407
2025-08-03 07:00:00,17.442193985681243
2025-08-03 08:00:00,23.199062454514202
2025-08-03 09:00:00,27.899525876166948
2025-08-03 10:00:00,31.223255436336927
2025-08-03 11:00:00,32.94374445822135
2025-08-03 12:00:00,32.94374445822135
2025-08-03 13:00:00,31.223255436336927
2025-08-03 14:00:00,27.899525876166948
2025-08-03 15:00:00,23.199062454514202
2025-08-03 16:00:00,17.442193985681243
2025-08-03 17:00:00,11.02124154214407
2025-08-03 18:00:00,4.37378242180411
2025-08-03 19:00:00,0.0
2025-08-03 20:00:00,0.0
2025-08-03 21:00:00,0.0
2025-08-03 22:00:00,0.0
2025-08-03 23:00:00,0.0
2025-08-04 00:00:00,0.0
2025-08-04 01:00:00,0.0
2025-08-04 02:00:00,0.0
2025-08-04 03:00:00,0.0
2025-08-04 04:00:00,0.0
2025-08-04 05:00:00,4.251370940034063
2025-08-04 06:00:00,10.908688303343153
2025-08-04 07:00:00,17.33916307836604
2025-08-04 08:00:00,23.10456903604695
2025-08-04 09:00:00,27.812003288153743
2025-08-04 10:00:00,31.140661969808292
2025-08-04 11:00:00,32.863702492724386
2025-08-04 12:00:00,32.863702492724386
2025-08-04 13:00:00,31.140661969808292
2025-08-04 14:00:00,27.812003288153743
2025-08-04 15:00:00,23.10456903604695
2025-08-04 16:00:00,17.33916307836604
2025-08-04 17:00:00,10.908688303343153
2025-08-04 18:00:00,4.251370940034063
2025-08-04 19:00:00,0.0
2025-08-04 20:00:00,0.0
2025-08-04 21:00:00,0.0
2025-08-04 22:00:00,0.0
2025-08-04 23:00:00,0.0
2025-08-05 00:00:00,0.0
2025-08-05 01:00:00,0.0
2025-08-05 02:00:00,0.0
2025-08-05 03:00:00,0.0
2025-08-05 04:00:00,0.0
2025-08-05 05:00:00,4.126591153690755
2025-08-05 06:00:00,10.793793493753837
2025-08-05 07:00:00,17.233816423115673
2025-08-05 08:00:00,23.00778302178135
2025-08-05 09:00:00,27.722207007982774
2025-08-05 10:00:00,31.055808178014313
2025-08-05 11:00:00,32.78140712117473
2025-08-05 12:00:00,32.78140712117473
2025-08-05 13:00:00,31.055808178014313
2025-08-05 14:00:00,27.722207007982774
2025-08-05 15:00:00,23.00778302178135
2025-08-05 16:00:00,17.233816423115673
2025-08-05 17:00:00,10.793793493753837
2025-08-05 18:00:00,4.126591153690755
2025-08-05 19:00:00,0.0
2025-08-05 20:00:00,0.0
2025-08-05 21:00:00,0.0
2025-08-05 22:00:00,0.0
2025-08-05 23:00:00,0.0
2025-08-06 00:00:00,0.0
2025-08-06 01:00:00,0.0
2025-08-06 02:00:00,0.0
2025-08-06 03:00:00,0.0
2025-08-06 04:00:00,0.0
2025-08-06 05:00:00,3.999477626372644
2025-08-06 06:00:00,10.676579986032323
2025-08-06 07:00:00,17.12616560000328
2025-08-06 08:00:00,22.908705867137577
2025-08-06 09:00:00,27.63013022432963
2025-08-06 10:00:00,30.96868140415947
2025-08-06 11:00:00,32.69684266093838
2025-08-06 12:00:00,32.69684266093838
2025-08-06 13:00:00,30.96868140415947
2025-08-06 14:00:00,27.63013022432963
2025-08-06 15:00:00,22.908705867137577
2025-08-06 16:00:00,17.12616560000328
2025-08-06 17:00:00,10.676579986032323
2025-08-06 18:00:00,3.999477626372644
2025-08-06 19:00:00,0.0
2025-08-06 20:00:00,0.0
2025-08-06 21:00:00,0.0
2025-08-06 22:00:00,0.0
2025-08-06 23:00:00,0.0
2025-08-07 00:00:00,0.0
2025-08-07 01:00:00,0.0
2025-08-07 02:00:00,0.0
2025-08-07 03:00:00,0.0
2025-08-07 04:00:00,0.0
2025-08-07 05:00:00,3.8700659326995397
2025-08-07 06:00:00,10.557071629067261
2025-08-07 07:00:00,17.016223131730953
2025-08-07 08:00:00,22.807339940036645
2025-08-07 09:00:00,27.53576701377133
2025-08-07 10:00:00,30.879269861955187
2025-08-07 11:00:00,32.609994290884195
2025-08-07 12:00:00,32.609994290884195
2025-08-07 13:00:00,30.879269861955187
2025-08-07 14:00:00,27.53576701377133
2025-08-07 15:00:00,22.807339940036645
2025-08-07 16:00:00,17.016223131730953
2025-08-07 17:00:00,10.557071629067261
2025-08-07 18:00:00,3.8700659326995397
2025-08-07 19:00:00,0.0
2025-08-07 20:00:00,0.0
2025-08-07 21:00:00,0.0
2025-08-07 22:00:00,0.0
2025-08-07 23:00:00,0.0
2025-08-08 00:00:00,0.0
2025-08-08 01:00:00,0.0
2025-08-08 02:00:00,0.0
2025-08-08 03:00:00,0.0
2025-08-08 04:00:00,0.0
2025-08-08 05:00:00,3.7383926601823276
2025-08-08 06:00:00,10.43529326370184
2025-08-08 07:00:00,16.904002512732177
2025-08-08 08:00:00,22.703688561999414
2025-08-08 09:00:00,27.439112391680336
2025-08-08 10:00:00,30.78756269344009
2025-08-08 11:00:00,32.52084811278951
2025-08-08 12:00:00,32.52084811278951
2025-08-08 13:00:00,30.78756269344009
2025-08-08 14:00:00,27.439112391680336
2025-08-08 15:00:00,22.703688561999414
2025-08-08 16:00:00,16.904002512732177
2025-08-08 17:00:00,10.43529326370184
2025-08-08 18:00:00,3.7383926601823276
2025-08-08 19:00:00,0.0
2025-08-08 20:00:00,0.0
2025-08-08 21:00:00,0.0
2025-08-08 22:00:00,0.0
2025-08-08 23:00:00,0.0
2025-08-09 00:00:00,0.0
2025-08-09 01:00:00,0.0
2025-08-09 02:00:00,0.0
2025-08-09 03:00:00,0.0
2025-08-09 04:00:00,0.0
2025-08-09 05:00:00,3.6044954099115962
2025-08-09 06:00:00,10.311270737380225
2025-08-09 07:00:00,16.7895182373005
2025-08-09 08:00:00,22.59775604836302
2025-08-09 09:00:00,27.340162362310714
2025-08-09 10:00:00,30.693550026045028
2025-08-09 11:00:00,32.429391212017606
2025-08-09 12:00:00,32.429391212017606
2025-08-09 13:00:00,30.693550026045028
2025-08-09 14:00:00,27.340162362310714
2025-08-09 15:00:00,22.59775604836302
2025-08-09 16:00:00,16.7895182373005
2025-08-09 17:00:00,10.311270737380225
2025-08-09 18:00:00,3.6044954099115962
2025-08-09 19:00:00,0.0
2025-08-09 20:00:00,0.0
2025-08-09 21:00:00,0.0
2025-08-09 22:00:00,0.0
2025-08-09 23:00:00,0.0
2025-08-10 00:00:00,0.0
2025-08-10 01:00:00,0.0
2025-08-10 02:00:00,0.0
2025-08-10 03:00:00,0.0
2025-08-10 04:00:00,0.0
2025-08-10 05:00:00,3.468412796023977
2025-08-10 06:00:00,10.185030917660487
2025-08-10 07:00:00,16.67278582667036
2025-08-10 08:00:00,22.48954774752649
2025-08-10 09:00:00,27.23891396797612
2025-08-10 10:00:00,30.59722302879437
2025-08-10 11:00:00,32.335611717354624
2025-08-10 12:00:00,32.335611717354624
2025-08-10 13:00:00,30.59722302879437
2025-08-10 14:00:00,27.23891396797612
2025-08-10 15:00:00,22.48954774752649
2025-08-10 16:00:00,16.67278582667036
2025-08-10 17:00:00,10.185030917660487
2025-08-10 18:00:00,3.468412796023977
2025-08-10 19:00:00,0.0
2025-08-10 20:00:00,0.0
2025-08-10 21:00:00,0.0
2025-08-10 22:00:00,0.0
2025-08-10 23:00:00,0.0
2025-08-11 00:00:00,0.0
2025-08-11 01:00:00,0.0
2025-08-11 02:00:00,0.0
2025-08-11 03:00:00,0.0
2025-08-11 04:00:00,0.0
2025-08-11 05:00:00,3.3301844439079984
2025-08-11 06:00:00,10.056601704538707
2025-08-11 07:00:00,16.553821854978473
2025-08-11 08:00:00,22.379070079138796
2025-08-11 09:00:00,27.135365337221007
2025-08-11 10:00:00,30.49857396753636
2025-08-11 11:00:00,32.23949885989391
2025-08-11 12:00:00,32.23949885989391
2025-08-11 13:00:00,30.49857396753636
2025-08-11 14:00:00,27.135365337221007
2025-08-11 15:00:00,22.379070079138796
2025-08-11 16:00:00,16.553821854978473
2025-08-11 17:00:00,10.056601704538707
2025-08-11 18:00:00,3.3301844439079984
2025-08-11 19:00:00,0.0
2025-08-11 20:00:00,0.0
2025-08-11 21:00:00,0.0
2025-08-11 22:00:00,0.0
2025-08-11 23:00:00,0.0
2025-08-12 00:00:00,0.0
2025-08-12 01:00:00,0.0
2025-08-12 02:00:00,0.0
2025-08-12 03:00:00,0.0
2025-08-12 04:00:00,0.0
2025-08-12 05:00:00,3.1898509871138065
2025-08-12 06:00:00,9.926012041531067
2025-08-12 07:00:00,16.432643974035297
2025-08-12 08:00:00,22.26633057114401
2025-08-12 09:00:00,27.029515731887177
2025-08-12 10:00:00,30.397596259095806
2025-08-12 11:00:00,32.14104303085686
2025-08-12 12:00:00,32.14104303085686
2025-08-12 13:00:00,30.397596259095806
2025-08-12 14:00:00,27.029515731887177
2025-08-12 15:00:00,22.26633057114401
2025-08-12 16:00:00,16.432643974035297
2025-08-12 17:00:00,9.926012041531067
2025-08-12 18:00:00,3.1898509871138065
2025-08-12 19:00:00,0.0
2025-08-12 20:00:00,0.0
2025-08-12 21:00:00,0.0
2025-08-12 22:00:00,0.0
2025-08-12 23:00:00,0.0
2025-08-13 00:00:00,0.0
2025-08-13 01:00:00,0.0
2025-08-13 02:00:00,0.0
2025-08-13 03:00:00,0.0
2025-08-13 04:00:00,0.0
2025-08-13 05:00:00,3.0474540629346043
2025-08-13 06:00:00,9.79329192546373
2025-08-13 07:00:00,16.30927093683925
2025-08-13 08:00:00,22.151337895600395
2025-08-13 09:00:00,26.921365592979694
2025-08-13 10:00:00,30.29428452424426
2025-08-13 11:00:00,32.04023583824047
2025-08-13 12:00:00,32.04023583824047
2025-08-13 13:00:00,30.29428452424426
2025-08-13 14:00:00,26.921365592979694
2025-08-13 15:00:00,22.151337895600395
2025-08-13 16:00:00,16.30927093683925
2025-08-13 17:00:00,9.79329192546373
2025-08-13 18:00:00,3.0474540629346043
2025-08-13 19:00:00,0.0
2025-08-13 20:00:00,0.0
2025-08-13 21:00:00,0.0
2025-08-13 22:00:00,0.0
2025-08-13 23:00:00,0.0
2025-08-14 00:00:00,0.0
2025-08-14 01:00:00,0.0
2025-08-14 02:00:00,0.0
2025-08-14 03:00:00,0.0
2025-08-14 04:00:00,0.0
2025-08-14 05:00:00,2.9030363066303306
2025-08-14 06:00:00,9.658472414922592
2025-08-14 07:00:00,16.183722619767796
2025-08-14 08:00:00,22.034101903191573
2025-08-14 09:00:00,26.81091658523749
2025-08-14 10:00:00,30.188634639383615
2025-08-14 11:00:00,31.937070162182906
2025-08-14 12:00:00,31.937070162182906
2025-08-14 13:00:00,30.188634639383615
2025-08-14 14:00:00,26.81091658523749
2025-08-14 15:00:00,22.034101903191573
2025-08-14 16:00:00,16.183722619767796
2025-08-14 17:00:00,9.658472414922592
2025-08-14 18:00:00,2.9030363066303306
2025-08-14 19:00:00,0.0
2025-08-14 20:00:00,0.0
2025-08-14 21:00:00,0.0
2025-08-14 22:00:00,0.0
2025-08-14 23:00:00,0.0
2025-08-15 00:00:00,0.0
2025-08-15 01:00:00,0.0
2025-08-15 02:00:00,0.0
2025-08-15 03:00:00,0.0
2025-08-15 04:00:00,0.0
2025-08-15 05:00:00,2.7566413442678144
2025-08-15 06:00:00,9.521585637318317
2025-08-15 07:00:00,16.056020043382638
2025-08-15 08:00:00,21.914633656350933
2025-08-15 09:00:00,26.698171640316176
2025-08-15 10:00:00,30.080643786841424
2025-08-15 11:00:00,31.8315402089405
2025-08-15 12:00:00,31.8315402089405
2025-08-15 13:00:00,30.080643786841424
2025-08-15 14:00:00,26.698171640316176
2025-08-15 15:00:00,21.914633656350933
2025-08-15 16:00:00,16.056020043382638
2025-08-15 17:00:00,9.521585637318317
2025-08-15 18:00:00,2.7566413442678144
2025-08-15 19:00:00,0.0
2025-08-15 20:00:00,0.0
2025-08-15 21:00:00,0.0
2025-08-15 22:00:00,0.0
2025-08-15 23:00:00,0.0
2025-08-16 00:00:00,0.0
2025-08-16 01:00:00,0.0
2025-08-16 02:00:00,0.0
2025-08-16 03:00:00,0.0
2025-08-16 04:00:00,0.0
2025-08-16 05:00:00,2.6083137841545008
2025-08-16 06:00:00,9.38266479452462
2025-08-16 07:00:00,15.926185391788556
2025-08-16 08:00:00,21.792945460921857
2025-08-16 09:00:00,26.583134998492504
2025-08-16 10:00:00,29.97031050367756
2025-08-16 11:00:00,31.723641563370848
2025-08-16 12:00:00,31.723641563370848
2025-08-16 13:00:00,29.97031050367756
2025-08-16 14:00:00,26.583134998492504
2025-08-16 15:00:00,21.792945460921857
2025-08-16 16:00:00,15.926185391788556
2025-08-16 17:00:00,9.38266479452462
2025-08-16 18:00:00,2.6083137841545008
2025-08-16 19:00:00,0.0
2025-08-16 20:00:00,0.0
2025-08-16 21:00:00,0.0
2025-08-16 22:00:00,0.0
2025-08-16 23:00:00,0.0
2025-08-17 00:00:00,0.0
2025-08-17 01:00:00,0.0
2025-08-17 02:00:00,0.0
2025-08-17 03:00:00,0.0
2025-08-17 04:00:00,0.0
2025-08-17 05:00:00,2.458099206847022
2025-08-17 06:00:00,9.241744167051454
2025-08-17 07:00:00,15.794242030488592
2025-08-17 08:00:00,21.669050896279906
2025-08-17 09:00:00,26.465812248802408
2025-08-17 10:00:00,29.85763472890462
2025-08-17 11:00:00,31.61337123981926
2025-08-17 12:00:00,31.61337123981926
2025-08-17 13:00:00,29.85763472890462
2025-08-17 14:00:00,26.465812248802408
2025-08-17 15:00:00,21.669050896279906
2025-08-17 16:00:00,15.794242030488592
2025-08-17 17:00:00,9.241744167051454
2025-08-17 18:00:00,2.458099206847022
2025-08-17 19:00:00,0.0
2025-08-17 20:00:00,0.0
2025-08-17 21:00:00,0.0
2025-08-17 22:00:00,0.0
2025-08-17 23:00:00,0.0
2025-08-18 00:00:00,0.0
2025-08-18 01:00:00,0.0
2025-08-18 02:00:00,0.0
2025-08-18 03:00:00,0.0
2025-08-18 04:00:00,0.0
2025-08-18 05:00:00,2.306044153718896
2025-08-18 06:00:00,9.098859116717733
2025-08-18 07:00:00,15.660214522681123
2025-08-18 08:00:00,21.542964843845166
2025-08-18 09:00:00,26.346210367527082
2025-08-18 10:00:00,29.7426178490265
2025-08-18 11:00:00,31.50072773130797
2025-08-18 12:00:00,31.50072773130797
2025-08-18 13:00:00,29.7426178490265
2025-08-18 14:00:00,26.346210367527082
2025-08-18 15:00:00,21.542964843845166
2025-08-18 16:00:00,15.660214522681123
2025-08-18 17:00:00,9.098859116717733
2025-08-18 18:00:00,2.306044153718896
2025-08-18 19:00:00,0.0
2025-08-18 20:00:00,0.0
2025-08-18 21:00:00,0.0
2025-08-18 22:00:00,0.0
2025-08-18 23:00:00,0.0
2025-08-19 00:00:00,0.0
2025-08-19 01:00:00,0.0
2025-08-19 02:00:00,0.0
2025-08-19 03:00:00,0.0
2025-08-19 04:00:00,0.0
2025-08-19 05:00:00,2.1521961140754047
2025-08-19 06:00:00,8.954046087791465
2025-08-19 07:00:00,15.524128643947426
2025-08-19 08:00:00,21.41470351391604
2025-08-19 09:00:00,26.22433775494421
2025-08-19 10:00:00,29.625262741802242
2025-08-19 11:00:00,31.38571105693003
2025-08-19 12:00:00,31.38571105693003
2025-08-19 13:00:00,29.625262741802242
2025-08-19 14:00:00,26.22433775494421
2025-08-19 15:00:00,21.41470351391604
2025-08-19 16:00:00,15.524128643947426
2025-08-19 17:00:00,8.954046087791465
2025-08-19 18:00:00,2.1521961140754047
2025-08-19 19:00:00,0.0
2025-08-19 20:00:00,0.0
2025-08-19 21:00:00,0.0
2025-08-19 22:00:00,0.0
2025-08-19 23:00:00,0.0
2025-08-20 00:00:00,0.0
2025-08-20 01:00:00,0.0
2025-08-20 02:00:00,0.0
2025-08-20 03:00:00,0.0
2025-08-20 04:00:00,0.0
2025-08-20 05:00:00,1.996603510807827
2025-08-20 06:00:00,8.807342606569335
2025-08-20 07:00:00,15.38601139528203
2025-08-20 08:00:00,21.28428447075935
2025-08-20 09:00:00,26.10020427026464
2025-08-20 10:00:00,29.505573818145393
2025-08-20 11:00:00,31.26832280735279
2025-08-20 12:00:00,31.26832280735279
2025-08-20 13:00:00,29.505573818145393
2025-08-20 14:00:00,26.10020427026464
2025-08-20 15:00:00,21.28428447075935
2025-08-20 16:00:00,15.38601139528203
2025-08-20 17:00:00,8.807342606569335
2025-08-20 18:00:00,1.996603510807827
2025-08-20 19:00:00,0.0
2025-08-20 20:00:00,0.0
2025-08-20 21:00:00,0.0
2025-08-20 22:00:00,0.0
2025-08-20 23:00:00,0.0
2025-08-21 00:00:00,0.0
2025-08-21 01:00:00,0.0
2025-08-21 02:00:00,0.0
2025-08-21 03:00:00,0.0
2025-08-21 04:00:00,0.0
2025-08-21 05:00:00,1.8393156845824727
2025-08-21 06:00:00,8.658787279370635
2025-08-21 07:00:00,15.245891014421218
2025-08-21 08:00:00,21.15172665589414
2025-08-21 09:00:00,25.973821264677888
2025-08-21 10:00:00,29.383557062071965
2025-08-21 11:00:00,31.148566188338805
2025-08-21 12:00:00,31.148566188338805
2025-08-21 13:00:00,29.383557062071965
2025-08-21 14:00:00,25.973821264677888
2025-08-21 15:00:00,21.15172665589414
2025-08-21 16:00:00,15.245891014421218
2025-08-21 17:00:00,8.658787279370635
2025-08-21 18:00:00,1.8393156845824727
2025-08-21 19:00:00,0.0
2025-08-21 20:00:00,0.0
2025-08-21 21:00:00,0.0
2025-08-21 22:00:00,0.0
2025-08-21 23:00:00,0.0
2025-08-22 00:00:00,0.0
2025-08-22 01:00:00,0.0
2025-08-22 02:00:00,0.0
2025-08-22 03:00:00,0.0
2025-08-22 04:00:00,0.0
2025-08-22 05:00:00,1.6803828765642643
2025-08-22 06:00:00,8.508419788924838
2025-08-22 07:00:00,15.103796985428984
2025-08-22 08:00:00,21.0170504095111
2025-08-22 09:00:00,25.845201612433314
2025-08-22 10:00:00,29.2592200686136
2025-08-22 11:00:00,31.02644606219553
2025-08-22 12:00:00,31.02644606219553
2025-08-22 13:00:00,29.2592200686136
2025-08-22 14:00:00,25.845201612433314
2025-08-22 15:00:00,21.0170504095111
2025-08-22 16:00:00,15.103796985428984
2025-08-22 17:00:00,8.508419788924838
2025-08-22 18:00:00,1.6803828765642643
2025-08-22 19:00:00,0.0
2025-08-22 20:00:00,0.0
2025-08-22 21:00:00,0.0
2025-08-22 22:00:00,0.0
2025-08-22 23:00:00,0.0
2025-08-23 00:00:00,0.0
2025-08-23 01:00:00,0.0
2025-08-23 02:00:00,0.0
2025-08-23 03:00:00,0.0
2025-08-23 04:00:00,0.0
2025-08-23 05:00:00,1.51985620967804
2025-08-23 06:00:00,8.35628088913529
2025-08-23 07:00:00,14.959760046503005
2025-08-23 08:00:00,20.880277489971867
2025-08-23 09:00:00,25.71435973988715
2025-08-23 10:00:00,29.132572079615777
2025-08-23 11:00:00,30.9019689870682
2025-08-23 12:00:00,30.9019689870682
2025-08-23 13:00:00,29.132572079615777
2025-08-23 14:00:00,25.71435973988715
2025-08-23 15:00:00,20.880277489971867
2025-08-23 16:00:00,14.959760046503005
2025-08-23 17:00:00,8.35628088913529
2025-08-23 18:00:00,1.51985620967804
2025-08-23 19:00:00,0.0
2025-08-23 20:00:00,0.0
2025-08-23 21:00:00,0.0
2025-08-23 22:00:00,0.0
2025-08-23 23:00:00,0.0
2025-08-24 00:00:00,0.0
2025-08-24 01:00:00,0.0
2025-08-24 02:00:00,0.0
2025-08-24 03:00:00,0.0
2025-08-24 04:00:00,0.0
2025-08-24 05:00:00,1.357787668415392
2025-08-24 06:00:00,8.202412398206116
2025-08-24 07:00:00,14.813812195967806
2025-08-24 08:00:00,20.741431091337766
2025-08-24 09:00:00,25.581311652449923
2025-08-24 10:00:00,29.003624017345288
2025-08-24 11:00:00,30.775143253994823
2025-08-24 12:00:00,30.775143253994823
2025-08-24 13:00:00,29.003624017345288
2025-08-24 14:00:00,25.581311652449923
2025-08-24 15:00:00,20.741431091337766
2025-08-24 16:00:00,14.813812195967806
2025-08-24 17:00:00,8.202412398206116
2025-08-24 18:00:00,1.357787668415392
2025-08-24 19:00:00,0.0
2025-08-24 20:00:00,0.0
2025-08-24 21:00:00,0.0
2025-08-24 22:00:00,0.0
2025-08-24 23:00:00,0.0
2025-08-25 00:00:00,0.0
2025-08-25 01:00:00,0.0
2025-08-25 02:00:00,0.0
2025-08-25 03:00:00,0.0
2025-08-25 04:00:00,0.0
2025-08-25 05:00:00,1.1942300771977266
2025-08-25 06:00:00,8.0468571901225
2025-08-25 07:00:00,14.665986696425229
2025-08-25 08:00:00,20.600535858880093
2025-08-25 09:00:00,25.44607495937199
2025-08-25 10:00:00,28.872388515834377
2025-08-25 11:00:00,30.645978921645206
2025-08-25 12:00:00,30.645978921645206
2025-08-25 13:00:00,28.872388515834377
2025-08-25 14:00:00,25.44607495937199
2025-08-25 15:00:00,20.600535858880093
2025-08-25 16:00:00,14.665986696425229
2025-08-25 17:00:00,8.0468571901225
2025-08-25 18:00:00,1.1942300771977266
2025-08-25 19:00:00,0.0
2025-08-25 20:00:00,0.0
2025-08-25 21:00:00,0.0
2025-08-25 22:00:00,0.0
2025-08-25 23:00:00,0.0
2025-08-26 00:00:00,0.0
2025-08-26 01:00:00,0.0
2025-08-26 02:00:00,0.0
2025-08-26 03:00:00,0.0
2025-08-26 04:00:00,0.0
2025-08-26 05:00:00,1.0292370773116386
2025-08-26 06:00:00,7.889659184479583
2025-08-26 07:00:00,14.516318077037566
2025-08-26 08:00:00,20.45761790252937
2025-08-26 09:00:00,25.30866889630993
2025-08-26 10:00:00,28.738879949893896
2025-08-26 11:00:00,30.514487848671326
2025-08-26 12:00:00,30.514487848671326
2025-08-26 13:00:00,28.738879949893896
2025-08-26 14:00:00,25.30866889630993
2025-08-26 15:00:00,20.45761790252937
2025-08-26 16:00:00,14.516318077037566
2025-08-26 17:00:00,7.889659184479583
2025-08-26 18:00:00,1.0292370773116386
2025-08-26 19:00:00,0.0
2025-08-26 20:00:00,0.0
2025-08-26 21:00:00,0.0
2025-08-26 22:00:00,0.0
2025-08-26 23:00:00,0.0
2025-08-27 00:00:00,0.0
2025-08-27 01:00:00,0.0
2025-08-27 02:00:00,0.0
2025-08-27 03:00:00,0.0
2025-08-27 04:00:00,0.0
2025-08-27 05:00:00,0.8628631024348545
2025-08-27 06:00:00,7.730863334657945
2025-08-27 07:00:00,14.364842133921544
2025-08-27 08:00:00,20.312704808224158
2025-08-27 09:00:00,25.16911434561989
2025-08-27 10:00:00,28.603114461731433
2025-08-27 11:00:00,30.380683723599304
2025-08-27 12:00:00,30.380683723599304
2025-08-27 13:00:00,28.603114461731433
2025-08-27 14:00:00,25.16911434561989
2025-08-27 15:00:00,20.312704808224158
2025-08-27 16:00:00,14.364842133921544
2025-08-27 17:00:00,7.730863334657945
2025-08-27 18:00:00,0.8628631024348545
2025-08-27 19:00:00,0.0
2025-08-27 20:00:00,0.0
2025-08-27 21:00:00,0.0
2025-08-27 22:00:00,0.0
2025-08-27 23:00:00,0.0
2025-08-28 00:00:00,0.0
2025-08-28 01:00:00,0.0
2025-08-28 02:00:00,0.0
2025-08-28 03:00:00,0.0
2025-08-28 04:00:00,0.0
2025-08-28 05:00:00,0.6951633527767307
2025-08-28 06:00:00,7.570515614349127
2025-08-28 07:00:00,14.21159592863685
2025-08-28 08:00:00,20.16582564712533
2025-08-28 09:00:00,25.027433854329438
2025-08-28 10:00:00,28.46510998511563
2025-08-28 11:00:00,30.244582092199252
2025-08-28 12:00:00,30.244582092199252
2025-08-28 13:00:00,28.46510998511563
2025-08-28 14:00:00,25.027433854329438
2025-08-28 15:00:00,20.16582564712533
2025-08-28 16:00:00,14.21159592863685
2025-08-28 17:00:00,7.570515614349127
2025-08-28 18:00:00,0.6951633527767307
2025-08-28 19:00:00,0.0
2025-08-28 20:00:00,0.0
2025-08-28 21:00:00,0.0
2025-08-28 22:00:00,0.0
2025-08-28 23:00:00,0.0
2025-08-29 00:00:00,0.0
2025-08-29 01:00:00,0.0
2025-08-29 02:00:00,0.0
2025-08-29 03:00:00,0.0
2025-08-29 04:00:00,0.0
2025-08-29 05:00:00,0.5261937678596417
2025-08-29 06:00:00,7.4086630024374465
2025-08-29 07:00:00,14.056617784756101
2025-08-29 08:00:00,20.01701098266532
2025-08-29 09:00:00,24.883651649743065
2025-08-29 10:00:00,28.324886267031967
2025-08-29 11:00:00,30.10620038227287
2025-08-29 12:00:00,30.10620038227287
2025-08-29 13:00:00,28.324886267031967
2025-08-29 14:00:00,24.883651649743065
2025-08-29 15:00:00,20.01701098266532
2025-08-29 16:00:00,14.056617784756101
2025-08-29 17:00:00,7.4086630024374465
2025-08-29 18:00:00,0.5261937678596417
2025-08-29 19:00:00,0.0
2025-08-29 20:00:00,0.0
2025-08-29 21:00:00,0.0
2025-08-29 22:00:00,0.0
2025-08-29 23:00:00,0.0
2025-08-30 00:00:00,0.0
2025-08-30 01:00:00,0.0
2025-08-30 02:00:00,0.0
2025-08-30 03:00:00,0.0
2025-08-30 04:00:00,0.0
2025-08-30 05:00:00,0.35601099797257546
2025-08-30 06:00:00,7.245353466249508
2025-08-30 07:00:00,13.89994728250827
2025-08-30 08:00:00,19.86629287540708
2025-08-30 09:00:00,24.73779365264216
2025-08-30 10:00:00,28.182464886780625
2025-08-30 11:00:00,29.96555792580431
2025-08-30 12:00:00,29.96555792580431
2025-08-30 13:00:00,28.182464886780625
2025-08-30 14:00:00,24.73779365264216
2025-08-30 15:00:00,19.86629287540708
2025-08-30 16:00:00,13.89994728250827
2025-08-30 17:00:00,7.245353466249508
2025-08-30 18:00:00,0.35601099797257546
2025-08-30 19:00:00,0.0
2025-08-30 20:00:00,0.0
2025-08-30 21:00:00,0.0
2025-08-30 22:00:00,0.0
2025-08-30 23:00:00,0.0
2025-08-31 00:00:00,0.0
2025-08-31 01:00:00,0.0
2025-08-31 02:00:00,0.0
2025-08-31 03:00:00,0.0
2025-08-31 04:00:00,0.0
2025-08-31 05:00:00,0.1846723743314125
2025-08-31 06:00:00,7.080635943186236
2025-08-31 07:00:00,13.741625251491635
2025-08-31 08:00:00,19.71370488569191
2025-08-31 09:00:00,24.58988748804454
2025-08-31 10:00:00,28.037869272471948
2025-08-31 11:00:00,29.822675978424723
2025-08-31 12:00:00,29.822675978424723
2025-08-31 13:00:00,28.037869272471948
2025-08-31 14:00:00,24.58988748804454
2025-08-31 15:00:00,19.71370488569191
2025-08-31 16:00:00,13.741625251491635
2025-08-31 17:00:00,7.080635943186236
2025-08-31 18:00:00,0.1846723743314125
2025-08-31 19:00:00,0.0
2025-08-31 20:00:00,0.0
2025-08-31 21:00:00,0.0
2025-08-31 22:00:00,0.0
2025-08-31 23:00:00,0.0
2025-09-01 00:00:00,0.0
2025-09-01 01:00:00,0.0
2025-09-01 02:00:00,0.0
2025-09-01 03:00:00,0.0
2025-09-01 04:00:00,0.0
2025-09-01 05:00:00,0.009850918715989405
2025-09-01 06:00:00,5.566807037897112
2025-09-01 07:00:00,10.934414468969225
2025-09-01 08:00:00,15.74687963589546
2025-09-01 09:00:00,19.676240990524516
2025-09-01 10:00:00,22.454719050115074
2025-09-01 11:00:00,23.89296512655814
2025-09-01 12:00:00,23.89296512655814
2025-09-01 13:00:00,22.454719050115074
2025-09-01 14:00:00,19.676240990524516
2025-09-01 15:00:00,15.74687963589546
2025-09-01 16:00:00,10.934414468969225
2025-09-01 17:00:00,5.566807037897112
2025-09-01 18:00:00,0.009850918715989405
2025-09-01 19:00:00,0.0
2025-09-01 20:00:00,0.0
2025-09-01 21:00:00,0.0
2025-09-01 22:00:00,0.0
2025-09-01 23:00:00,0.0
2025-09-02 00:00:00,0.0
2025-09-02 01:00:00,0.0
2025-09-02 02:00:00,0.0
2025-09-02 03:00:00,0.0
2025-09-02 04:00:00,0.0
2025-09-02 05:00:00,0.0
2025-09-02 06:00:00,5.432049613799526
2025-09-02 07:00:00,10.804395174241444
2025-09-02 08:00:00,15.621108431744602
2025-09-02 09:00:00,19.55393833780518
2025-09-02 10:00:00,22.33486903363387
2025-09-02 11:00:00,23.774384688015203
2025-09-02 12:00:00,23.774384688015203
2025-09-02 13:00:00,22.33486903363387
2025-09-02 14:00:00,19.55393833780518
2025-09-02 15:00:00,15.621108431744602
2025-09-02 16:00:00,10.804395174241444
2025-09-02 17:00:00,5.432049613799526
2025-09-02 18:00:00,0.0
2025-09-02 19:00:00,0.0
2025-09-02 20:00:00,0.0
2025-09-02 21:00:00,0.0
2025-09-02 22:00:00,0.0
2025-09-02 23:00:00,0.0
2025-09-03 00:00:00,0.0
2025-09-03 01:00:00,0.0
2025-09-03 02:00:00,0.0
2025-09-03 03:00:00,0.0
2025-09-03 04:00:00,0.0
2025-09-03 05:00:00,0.0
2025-09-03 06:00:00,5.296281356098133
2025-09-03 07:00:00,10.673150825895876
2025-09-03 08:00:00,15.49392010956578
2025-09-03 09:00:00,19.43006174712366
2025-09-03 10:00:00,22.21333419075156
2025-09-03 11:00:00,23.654062022991422
2025-09-03 12:00:00,23.654062022991422
2025-09-03 13:00:00,22.21333419075156
2025-09-03 14:00:00,19.43006174712366
2025-09-03 15:00:00,15.49392010956578
2025-09-03 16:00:00,10.673150825895876
2025-09-03 17:00:00,5.296281356098133
2025-09-03 18:00:00,0.0
2025-09-03 19:00:00,0.0
2025-09-03 20:00:00,0.0
2025-09-03 21:00:00,0.0
2025-09-03 22:00:00,0.0
2025-09-03 23:00:00,0.0
2025-09-04 00:00:00,0.0
2025-09-04 01:00:00,0.0
2025-09-04 02:00:00,0.0
2025-09-04 03:00:00,0.0
2025-09-04 04:00:00,0.0
2025-09-04 05:00:00,0.0
2025-09-04 06:00:00,5.159544614200624
2025-09-04 07:00:00,10.540718228948558
2025-09-04 08:00:00,15.36534650340946
2025-09-04 09:00:00,19.30463899375402
2025-09-04 10:00:00,22.090139426753897
2025-09-04 11:00:00,23.532020551157274
2025-09-04 12:00:00,23.532020551157274
2025-09-04 13:00:00,22.090139426753897
2025-09-04 14:00:00,19.30463899375402
2025-09-04 15:00:00,15.36534650340946
2025-09-04 16:00:00,10.540718228948558
2025-09-04 17:00:00,5.159544614200624
2025-09-04 18:00:00,0.0
2025-09-04 19:00:00,0.0
2025-09-04 20:00:00,0.0
2025-09-04 21:00:00,0.0
2025-09-04 22:00:00,0.0
2025-09-04 23:00:00,0.0
2025-09-05 00:00:00,0.0
2025-09-05 01:00:00,0.0
2025-09-05 02:00:00,0.0
2025-09-05 03:00:00,0.0
2025-09-05 04:00:00,0.0
2025-09-05 05:00:00,0.0
2025-09-05 06:00:00,5.021882425686379
2025-09-05 07:00:00,10.407135141755418
2025-09-05 08:00:00,15.235420638409307
2025-09-05 09:00:00,19.17769923817014
2025-09-05 10:00:00,21.96531116938763
2025-09-05 11:00:00,23.408285285695836
2025-09-05 12:00:00,23.408285285695836
2025-09-05 13:00:00,21.96531116938763
2025-09-05 14:00:00,19.17769923817014
2025-09-05 15:00:00,15.235420638409307
2025-09-05 16:00:00,10.407135141755418
2025-09-05 17:00:00,5.021882425686379
2025-09-05 18:00:00,0.0
2025-09-05 19:00:00,0.0
2025-09-05 20:00:00,0.0
2025-09-05 21:00:00,0.0
2025-09-05 22:00:00,0.0
2025-09-05 23:00:00,0.0
2025-09-06 00:00:00,0.0
2025-09-06 01:00:00,0.0
2025-09-06 02:00:00,0.0
2025-09-06 03:00:00,0.0
2025-09-06 04:00:00,0.0
2025-09-06 05:00:00,0.0
2025-09-06 06:00:00,4.883338494141119
2025-09-06 07:00:00,10.272440260953557
2025-09-06 08:00:00,15.104176722095106
2025-09-06 09:00:00,19.04927302256101
2025-09-06 10:00:00,21.838877369054423
2025-09-06 11:00:00,23.282882835400947
2025-09-06 12:00:00,23.282882835400947
2025-09-06 13:00:00,21.838877369054423
2025-09-06 14:00:00,19.04927302256101
2025-09-06 15:00:00,15.104176722095106
2025-09-06 16:00:00,10.272440260953557
2025-09-06 17:00:00,4.883338494141119
2025-09-06 18:00:00,0.0
2025-09-06 19:00:00,0.0
2025-09-06 20:00:00,0.0
2025-09-06 21:00:00,0.0
2025-09-06 22:00:00,0.0
2025-09-06 23:00:00,0.0
2025-09-07 00:00:00,0.0
2025-09-07 01:00:00,0.0
2025-09-07 02:00:00,0.0
2025-09-07 03:00:00,0.0
2025-09-07 04:00:00,0.0
2025-09-07 05:00:00,0.0
2025-09-07 06:00:00,4.743957165863817
2025-09-07 07:00:00,10.136673204925819
2025-09-07 08:00:00,14.97165013391607
2025-09-07 09:00:00,18.919392265301042
2025-09-07 10:00:00,21.71086749677919
2025-09-07 11:00:00,23.155841404456222
2025-09-07 12:00:00,23.155841404456222
2025-09-07 13:00:00,21.71086749677919
2025-09-07 14:00:00,18.919392265301042
2025-09-07 15:00:00,14.97165013391607
2025-09-07 16:00:00,10.136673204925819
2025-09-07 17:00:00,4.743957165863817
2025-09-07 18:00:00,0.0
2025-09-07 19:00:00,0.0
2025-09-07 20:00:00,0.0
2025-09-07 21:00:00,0.0
2025-09-07 22:00:00,0.0
2025-09-07 23:00:00,0.0
2025-09-08 00:00:00,0.0
2025-09-08 01:00:00,0.0
2025-09-08 02:00:00,0.0
2025-09-08 03:00:00,0.0
2025-09-08 04:00:00,0.0
2025-09-08 05:00:00,0.0
2025-09-08 06:00:00,4.603783405483018
2025-09-08 07:00:00,9.999874495813895
2025-09-08 08:00:00,14.837877412989128
2025-09-08 09:00:00,18.788090253381068
2025-09-08 10:00:00,21.581312539952386
2025-09-08 11:00:00,23.027190789891325
2025-09-08 12:00:00,23.027190789891325
2025-09-08 13:00:00,21.581312539952386
2025-09-08 14:00:00,18.788090253381068
2025-09-08 15:00:00,14.837877412989128
2025-09-08 16:00:00,9.999874495813895
2025-09-08 17:00:00,4.603783405483018
2025-09-08 18:00:00,0.0
2025-09-08 19:00:00,0.0
2025-09-08 20:00:00,0.0
2025-09-08 21:00:00,0.0
2025-09-08 22:00:00,0.0
2025-09-08 23:00:00,0.0
2025-09-09 00:00:00,0.0
2025-09-09 01:00:00,0.0
2025-09-09 02:00:00,0.0
2025-09-09 03:00:00,0.0
2025-09-09 04:00:00,0.0
2025-09-09 05:00:00,0.0
2025-09-09 06:00:00,4.462862770522391
2025-09-09 07:00:00,9.862085540108314
2025-09-09 08:00:00,14.70289624409032
2025-09-09 09:00:00,18.655401632809962
2025-09-09 10:00:00,21.450244995849996
2025-09-09 11:00:00,22.896962376716274
2025-09-09 12:00:00,22.896962376716274
2025-09-09 13:00:00,21.450244995849996
2025-09-09 14:00:00,18.655401632809962
2025-09-09 15:00:00,14.70289624409032
2025-09-09 16:00:00,9.862085540108314
2025-09-09 17:00:00,4.462862770522391
2025-09-09 18:00:00,0.0
2025-09-09 19:00:00,0.0
2025-09-09 20:00:00,0.0
2025-09-09 21:00:00,0.0
2025-09-09 22:00:00,0.0
2025-09-09 23:00:00,0.0
2025-09-10 00:00:00,0.0
2025-09-10 01:00:00,0.0
2025-09-10 02:00:00,0.0
2025-09-10 03:00:00,0.0
2025-09-10 04:00:00,0.0
2025-09-10 05:00:00,0.0
2025-09-10 06:00:00,4.321241384958063
2025-09-10 07:00:00,9.7233486078471
2025-09-10 08:00:00,14.566745441911294
2025-09-10 09:00:00,18.52136239700088
2025-09-10 10:00:00,21.31769886294002
2025-09-10 11:00:00,22.76518913073947
2025-09-10 12:00:00,22.76518913073947
2025-09-10 13:00:00,21.31769886294002
2025-09-10 14:00:00,18.52136239700088
2025-09-10 15:00:00,14.566745441911294
2025-09-10 16:00:00,9.7233486078471
2025-09-10 17:00:00,4.321241384958063
2025-09-10 18:00:00,0.0
2025-09-10 19:00:00,0.0
2025-09-10 20:00:00,0.0
2025-09-10 21:00:00,0.0
2025-09-10 22:00:00,0.0
2025-09-10 23:00:00,0.0
2025-09-11 00:00:00,0.0
2025-09-11 01:00:00,0.0
2025-09-11 02:00:00,0.0
2025-09-11 03:00:00,0.0
2025-09-11 04:00:00,0.0
2025-09-11 05:00:00,0.0
2025-09-11 06:00:00,4.178965911813301
2025-09-11 07:00:00,9.583706810458487
2025-09-11 08:00:00,14.429464933607285
2025-09-11 09:00:00,18.386009873161036
2025-09-11 10:00:00,21.18370962998881
2025-09-11 11:00:00,22.631905589080247
2025-09-11 12:00:00,22.631905589080247
2025-09-11 13:00:00,21.18370962998881
2025-09-11 14:00:00,18.386009873161036
2025-09-11 15:00:00,14.429464933607285
2025-09-11 16:00:00,9.583706810458487
2025-09-11 17:00:00,4.178965911813301
2025-09-11 18:00:00,0.0
2025-09-11 19:00:00,0.0
2025-09-11 20:00:00,0.0
2025-09-11 21:00:00,0.0
2025-09-11 22:00:00,0.0
2025-09-11 23:00:00,0.0
2025-09-12 00:00:00,0.0
2025-09-12 01:00:00,0.0
2025-09-12 02:00:00,0.0
2025-09-12 03:00:00,0.0
2025-09-12 04:00:00,0.0
2025-09-12 05:00:00,0.0
2025-09-12 06:00:00,4.036083524837538
2025-09-12 07:00:00,9.44320407728516
2025-09-12 08:00:00,14.291095739665469
2025-09-12 09:00:00,18.249382706707028
2025-09-12 10:00:00,21.04831426298444
2025-09-12 11:00:00,22.497147848390508
2025-09-12 12:00:00,22.497147848390508
2025-09-12 13:00:00,21.04831426298444
2025-09-12 14:00:00,18.249382706707028
2025-09-12 15:00:00,14.291095739665469
2025-09-12 16:00:00,9.44320407728516
2025-09-12 17:00:00,4.036083524837538
2025-09-12 18:00:00,0.0
2025-09-12 19:00:00,0.0
2025-09-12 20:00:00,0.0
2025-09-12 21:00:00,0.0
2025-09-12 22:00:00,0.0
2025-09-12 23:00:00,0.0
2025-09-13 00:00:00,0.0
2025-09-13 01:00:00,0.0
2025-09-13 02:00:00,0.0
2025-09-13 03:00:00,0.0
2025-09-13 04:00:00,0.0
2025-09-13 05:00:00,0.0
2025-09-13 06:00:00,3.8926418793204447
2025-09-13 07:00:00,9.301885130831916
2025-09-13 08:00:00,14.151679953127674
2025-09-13 09:00:00,18.11152084373315
2025-09-13 10:00:00,20.911551189900056
2025-09-13 11:00:00,22.36095355080606
2025-09-13 12:00:00,22.36095355080606
2025-09-13 13:00:00,20.911551189900056
2025-09-13 14:00:00,18.11152084373315
2025-09-13 15:00:00,14.151679953127674
2025-09-13 16:00:00,9.301885130831916
2025-09-13 17:00:00,3.8926418793204447
2025-09-13 18:00:00,0.0
2025-09-13 19:00:00,0.0
2025-09-13 20:00:00,0.0
2025-09-13 21:00:00,0.0
2025-09-13 22:00:00,0.0
2025-09-13 23:00:00,0.0
2025-09-14 00:00:00,0.0
2025-09-14 01:00:00,0.0
2025-09-14 02:00:00,0.0
2025-09-14 03:00:00,0.0
2025-09-14 04:00:00,0.0
2025-09-14 05:00:00,0.0
2025-09-14 06:00:00,3.7486890820926817
2025-09-14 07:00:00,9.159795460780314
2025-09-14 08:00:00,14.011260717203749
2025-09-14 09:00:00,17.972465511563136
2025-09-14 10:00:00,20.773460283323317
2025-09-14 11:00:00,22.223361867651565
2025-09-14 12:00:00,22.223361867651565
2025-09-14 13:00:00,20.773460283323317
2025-09-14 14:00:00,17.972465511563136
2025-09-14 15:00:00,14.011260717203749
2025-09-14 16:00:00,9.159795460780314
2025-09-14 17:00:00,3.7486890820926817
2025-09-14 18:00:00,0.0
2025-09-14 19:00:00,0.0
2025-09-14 20:00:00,0.0
2025-09-14 21:00:00,0.0
2025-09-14 22:00:00,0.0
2025-09-14 23:00:00,0.0
2025-09-15 00:00:00,0.0
2025-09-15 01:00:00,0.0
2025-09-15 02:00:00,0.0
2025-09-15 03:00:00,0.0
2025-09-15 04:00:00,0.0
2025-09-15 05:00:00,0.0
2025-09-15 06:00:00,3.604273660768038
2025-09-15 07:00:00,9.01698129681756
2025-09-15 08:00:00,13.86988220131629
2025-09-15 09:00:00,17.832259197420573
2025-09-15 10:00:00,20.634082840983496
2025-09-15 11:00:00,22.08441348092873
2025-09-15 12:00:00,22.08441348092873
2025-09-15 13:00:00,20.634082840983496
2025-09-15 14:00:00,17.832259197420573
2025-09-15 15:00:00,13.86988220131629
2025-09-15 16:00:00,9.01698129681756
2025-09-15 17:00:00,3.604273660768038
2025-09-15 18:00:00,0.0
2025-09-15 19:00:00,0.0
2025-09-15 20:00:00,0.0
2025-09-15 21:00:00,0.0
2025-09-15 22:00:00,0.0
2025-09-15 23:00:00,0.0
2025-09-16 00:00:00,0.0
2025-09-16 01:00:00,0.0
2025-09-16 02:00:00,0.0
2025-09-16 03:00:00,0.0
2025-09-16 04:00:00,0.0
2025-09-16 05:00:00,0.0
2025-09-16 06:00:00,3.459444532282876
2025-09-16 07:00:00,8.873489580329068
2025-09-16 08:00:00,13.727589575620193
2025-09-16 09:00:00,17.690945625256685
2025-09-16 10:00:00,20.493461564211376
2025-09-16 11:00:00,21.944150562621072
2025-09-16 12:00:00,21.944150562621072
2025-09-16 13:00:00,20.493461564211376
2025-09-16 14:00:00,17.690945625256685
2025-09-16 15:00:00,13.727589575620193
2025-09-16 16:00:00,8.873489580329068
2025-09-16 17:00:00,3.459444532282876
2025-09-16 18:00:00,0.0
2025-09-16 19:00:00,0.0
2025-09-16 20:00:00,0.0
2025-09-16 21:00:00,0.0
2025-09-16 22:00:00,0.0
2025-09-16 23:00:00,0.0
2025-09-17 00:00:00,0.0
2025-09-17 01:00:00,0.0
2025-09-17 02:00:00,0.0
2025-09-17 03:00:00,0.0
2025-09-17 04:00:00,0.0
2025-09-17 05:00:00,0.0
2025-09-17 06:00:00,3.3142509707910177
2025-09-17 07:00:00,8.729367935006923
2025-09-17 08:00:00,13.584428984044036
2025-09-17 09:00:00,17.54856973077822
2025-09-17 10:00:00,20.351640534371867
2025-09-17 11:00:00,21.80261675185359
2025-09-17 12:00:00,21.80261675185359
2025-09-17 13:00:00,20.351640534371867
2025-09-17 14:00:00,17.54856973077822
2025-09-17 15:00:00,13.584428984044036
2025-09-17 16:00:00,8.729367935006923
2025-09-17 17:00:00,3.3142509707910177
2025-09-17 18:00:00,0.0
2025-09-17 19:00:00,0.0
2025-09-17 20:00:00,0.0
2025-09-17 21:00:00,0.0
2025-09-17 22:00:00,0.0
2025-09-17 23:00:00,0.0
2025-09-18 00:00:00,0.0
2025-09-18 01:00:00,0.0
2025-09-18 02:00:00,0.0
2025-09-18 03:00:00,0.0
2025-09-18 04:00:00,0.0
2025-09-18 05:00:00,0.0
2025-09-18 06:00:00,3.168742574973391
2025-09-18 07:00:00,8.584664636428611
2025-09-18 08:00:00,13.440447515903207
2025-09-18 09:00:00,17.405177634721603
2025-09-18 10:00:00,20.208665187312636
2025-09-18 11:00:00,21.65985712994946
2025-09-18 12:00:00,21.65985712994946
2025-09-18 13:00:00,20.208665187312636
2025-09-18 14:00:00,17.405177634721603
2025-09-18 15:00:00,13.440447515903207
2025-09-18 16:00:00,8.584664636428611
2025-09-18 17:00:00,3.168742574973391
2025-09-18 18:00:00,0.0
2025-09-18 19:00:00,0.0
2025-09-18 20:00:00,0.0
2025-09-18 21:00:00,0.0
2025-09-18 22:00:00,0.0
2025-09-18 23:00:00,0.0
2025-09-19 00:00:00,0.0
2025-09-19 01:00:00,0.0
2025-09-19 02:00:00,0.0
2025-09-19 03:00:00,0.0
2025-09-19 04:00:00,0.0
2025-09-19 05:00:00,0.0
2025-09-19 06:00:00,3.0229692348236843
2025-09-19 07:00:00,8.439428580662986
2025-09-19 08:00:00,13.295693176137926
2025-09-19 09:00:00,17.26081661442358
2025-09-19 10:00:00,20.064582285877083
2025-09-19 11:00:00,21.515918193430732
2025-09-19 12:00:00,21.515918193430732
2025-09-19 13:00:00,20.064582285877083
2025-09-19 14:00:00,17.26081661442358
2025-09-19 15:00:00,13.295693176137926
2025-09-19 16:00:00,8.439428580662986
2025-09-19 17:00:00,3.0229692348236843
2025-09-19 18:00:00,0.0
2025-09-19 19:00:00,0.0
2025-09-19 20:00:00,0.0
2025-09-19 21:00:00,0.0
2025-09-19 22:00:00,0.0
2025-09-19 23:00:00,0.0
2025-09-20 00:00:00,0.0
2025-09-20 01:00:00,0.0
2025-09-20 02:00:00,0.0
2025-09-20 03:00:00,0.0
2025-09-20 04:00:00,0.0
2025-09-20 05:00:00,0.0
2025-09-20 06:00:00,2.876981097972127
2025-09-20 07:00:00,8.293709251962273
2025-09-20 08:00:00,13.150214854231972
2025-09-20 09:00:00,17.115535073741537
2025-09-20 10:00:00,19.91943989053287
2025-09-20 11:00:00,21.37084782501346
2025-09-20 12:00:00,21.37084782501346
2025-09-20 13:00:00,19.91943989053287
2025-09-20 14:00:00,17.115535073741537
2025-09-20 15:00:00,13.150214854231972
2025-09-20 16:00:00,8.293709251962273
2025-09-20 17:00:00,2.876981097972127
2025-09-20 18:00:00,0.0
2025-09-20 19:00:00,0.0
2025-09-20 20:00:00,0.0
2025-09-20 21:00:00,0.0
2025-09-20 22:00:00,0.0
2025-09-20 23:00:00,0.0
2025-09-21 00:00:00,0.0
2025-09-21 01:00:00,0.0
2025-09-21 02:00:00,0.0
2025-09-21 03:00:00,0.0
2025-09-21 04:00:00,0.0
2025-09-21 05:00:00,0.0
2025-09-21 06:00:00,2.730828535610563
2025-09-21 07:00:00,8.147556689600707
2025-09-21 08:00:00,13.00406229187041
2025-09-21 09:00:00,16.96938251137997
2025-09-21 10:00:00,19.773287328171303
2025-09-21 11:00:00,21.224695262651892
2025-09-21 12:00:00,21.224695262651892
2025-09-21 13:00:00,19.773287328171303
2025-09-21 14:00:00,16.96938251137997
2025-09-21 15:00:00,13.00406229187041
2025-09-21 16:00:00,8.147556689600707
2025-09-21 17:00:00,2.730828535610563
2025-09-21 18:00:00,0.0
2025-09-21 19:00:00,0.0
2025-09-21 20:00:00,0.0
2025-09-21 21:00:00,0.0
2025-09-21 22:00:00,0.0
2025-09-21 23:00:00,0.0
2025-09-22 00:00:00,0.0
2025-09-22 01:00:00,0.0
2025-09-22 02:00:00,0.0
2025-09-22 03:00:00,0.0
2025-09-22 04:00:00,0.0
2025-09-22 05:00:00,0.0
2025-09-22 06:00:00,2.5845621080833374
2025-09-22 07:00:00,8.001021453922636
2025-09-22 08:00:00,12.857286049397578
2025-09-22 09:00:00,16.82240948768323
2025-09-22 10:00:00,19.626175159136736
2025-09-22 11:00:00,21.077511066690384
2025-09-22 12:00:00,21.077511066690384
2025-09-22 13:00:00,19.626175159136736
2025-09-22 14:00:00,16.82240948768323
2025-09-22 15:00:00,12.857286049397578
2025-09-22 16:00:00,8.001021453922636
2025-09-22 17:00:00,2.5845621080833374
2025-09-22 18:00:00,0.0
2025-09-22 19:00:00,0.0
2025-09-22 20:00:00,0.0
2025-09-22 21:00:00,0.0
2025-09-22 22:00:00,0.0
2025-09-22 23:00:00,0.0
2025-09-23 00:00:00,0.0
2025-09-23 01:00:00,0.0
2025-09-23 02:00:00,0.0
2025-09-23 03:00:00,0.0
2025-09-23 04:00:00,0.0
2025-09-23 05:00:00,0.0
2025-09-23 06:00:00,2.438232530208687
2025-09-23 07:00:00,7.854154591663909
2025-09-23 08:00:00,12.709937471138502
2025-09-23 09:00:00,16.6746675899569
2025-09-23 10:00:00,19.47815514254793
2025-09-23 11:00:00,20.92934708518476
2025-09-23 12:00:00,20.92934708518476
2025-09-23 13:00:00,19.47815514254793
2025-09-23 14:00:00,16.6746675899569
2025-09-23 15:00:00,12.709937471138502
2025-09-23 16:00:00,7.854154591663909
2025-09-23 17:00:00,2.438232530208687
2025-09-23 18:00:00,0.0
2025-09-23 19:00:00,0.0
2025-09-23 20:00:00,0.0
2025-09-23 21:00:00,0.0
2025-09-23 22:00:00,0.0
2025-09-23 23:00:00,0.0
2025-09-24 00:00:00,0.0
2025-09-24 01:00:00,0.0
2025-09-24 02:00:00,0.0
2025-09-24 03:00:00,0.0
2025-09-24 04:00:00,0.0
2025-09-24 05:00:00,0.0
2025-09-24 06:00:00,2.2918906363962828
2025-09-24 07:00:00,7.707007600612189
2025-09-24 08:00:00,12.5620686496493
2025-09-24 09:00:00,16.526209396383482
2025-09-24 10:00:00,19.329280199977127
2025-09-24 11:00:00,20.78025641745885
2025-09-24 12:00:00,20.78025641745885
2025-09-24 13:00:00,19.329280199977127
2025-09-24 14:00:00,16.526209396383482
2025-09-24 15:00:00,12.5620686496493
2025-09-24 16:00:00,7.707007600612189
2025-09-24 17:00:00,2.2918906363962828
2025-09-24 18:00:00,0.0
2025-09-24 19:00:00,0.0
2025-09-24 20:00:00,0.0
2025-09-24 21:00:00,0.0
2025-09-24 22:00:00,0.0
2025-09-24 23:00:00,0.0
2025-09-25 00:00:00,0.0
2025-09-25 01:00:00,0.0
2025-09-25 02:00:00,0.0
2025-09-25 03:00:00,0.0
2025-09-25 04:00:00,0.0
2025-09-25 05:00:00,0.0
2025-09-25 06:00:00,2.1455873456265206
2025-09-25 07:00:00,7.559632393672711
2025-09-25 08:00:00,12.413732388963837
2025-09-25 09:00:00,16.37708843860033
2025-09-25 10:00:00,19.179604377555023
2025-09-25 11:00:00,20.63029337596472
2025-09-25 12:00:00,20.63029337596472
2025-09-25 13:00:00,19.179604377555023
2025-09-25 14:00:00,16.37708843860033
2025-09-25 15:00:00,12.413732388963837
2025-09-25 16:00:00,7.559632393672711
2025-09-25 17:00:00,2.1455873456265206
2025-09-25 18:00:00,0.0
2025-09-25 19:00:00,0.0
2025-09-25 20:00:00,0.0
2025-09-25 21:00:00,0.0
2025-09-25 22:00:00,0.0
2025-09-25 23:00:00,0.0
2025-09-26 00:00:00,0.0
2025-09-26 01:00:00,0.0
2025-09-26 02:00:00,0.0
2025-09-26 03:00:00,0.0
2025-09-26 04:00:00,0.0
2025-09-26 05:00:00,0.0
2025-09-26 06:00:00,1.9993736263578283
2025-09-26 07:00:00,7.412081262407351
2025-09-26 08:00:00,12.264982166906082
2025-09-26 09:00:00,16.227359163010366
2025-09-26 10:00:00,19.029182806573285
2025-09-26 11:00:00,20.479513446518524
2025-09-26 12:00:00,20.479513446518524
2025-09-26 13:00:00,19.029182806573285
2025-09-26 14:00:00,16.227359163010366
2025-09-26 15:00:00,12.264982166906082
2025-09-26 16:00:00,7.412081262407351
2025-09-26 17:00:00,1.9993736263578283
2025-09-26 18:00:00,0.0
2025-09-26 19:00:00,0.0
2025-09-26 20:00:00,0.0
2025-09-26 21:00:00,0.0
2025-09-26 22:00:00,0.0
2025-09-26 23:00:00,0.0
2025-09-27 00:00:00,0.0
2025-09-27 01:00:00,0.0
2025-09-27 02:00:00,0.0
2025-09-27 03:00:00,0.0
2025-09-27 04:00:00,0.0
2025-09-27 05:00:00,0.0
2025-09-27 06:00:00,1.8533004614277009
2025-09-27 07:00:00,7.264406840115334
2025-09-27 08:00:00,12.115872096538766
2025-09-27 09:00:00,16.077076890898155
2025-09-27 10:00:00,18.87807166265834
2025-09-27 11:00:00,20.327973246986584
2025-09-27 12:00:00,20.327973246986584
2025-09-27 13:00:00,18.87807166265834
2025-09-27 14:00:00,16.077076890898155
2025-09-27 15:00:00,12.115872096538766
2025-09-27 16:00:00,7.264406840115334
2025-09-27 17:00:00,1.8533004614277009
2025-09-27 18:00:00,0.0
2025-09-27 19:00:00,0.0
2025-09-27 20:00:00,0.0
2025-09-27 21:00:00,0.0
2025-09-27 22:00:00,0.0
2025-09-27 23:00:00,0.0
2025-09-28 00:00:00,0.0
2025-09-28 01:00:00,0.0
2025-09-28 02:00:00,0.0
2025-09-28 03:00:00,0.0
2025-09-28 04:00:00,0.0
2025-09-28 05:00:00,0.0
2025-09-28 06:00:00,1.7074188130133696
2025-09-28 07:00:00,7.116662064524842
2025-09-28 08:00:00,11.966456886820598
2025-09-28 09:00:00,15.926297777426074
2025-09-28 10:00:00,18.72632812359298
2025-09-28 11:00:00,20.17573048449898
2025-09-28 12:00:00,20.17573048449898
2025-09-28 13:00:00,18.72632812359298
2025-09-28 14:00:00,15.926297777426074
2025-09-28 15:00:00,11.966456886820598
2025-09-28 16:00:00,7.116662064524842
2025-09-28 17:00:00,1.7074188130133696
2025-09-28 18:00:00,0.0
2025-09-28 19:00:00,0.0
2025-09-28 20:00:00,0.0
2025-09-28 21:00:00,0.0
2025-09-28 22:00:00,0.0
2025-09-28 23:00:00,0.0
2025-09-29 00:00:00,0.0
2025-09-29 01:00:00,0.0
2025-09-29 02:00:00,0.0
2025-09-29 03:00:00,0.0
2025-09-29 04:00:00,0.0
2025-09-29 05:00:00,0.0
2025-09-29 06:00:00,1.5617795877172886
2025-09-29 07:00:00,6.968900140164909
2025-09-29 08:00:00,11.81679180254522
2025-09-29 09:00:00,15.775078769586774
2025-09-29 10:00:00,18.57401032586419
2025-09-29 11:00:00,20.022843911270254
2025-09-29 12:00:00,20.022843911270254
2025-09-29 13:00:00,18.57401032586419
2025-09-29 14:00:00,15.775078769586774
2025-09-29 15:00:00,11.81679180254522
2025-09-29 16:00:00,6.968900140164909
2025-09-29 17:00:00,1.5617795877172886
2025-09-29 18:00:00,0.0
2025-09-29 19:00:00,0.0
2025-09-29 20:00:00,0.0
2025-09-29 21:00:00,0.0
2025-09-29 22:00:00,0.0
2025-09-29 23:00:00,0.0
2025-09-30 00:00:00,0.0
2025-09-30 01:00:00,0.0
2025-09-30 02:00:00,0.0
2025-09-30 03:00:00,0.0
2025-09-30 04:00:00,0.0
2025-09-30 05:00:00,0.0
2025-09-30 06:00:00,1.4164336018422596
2025-09-30 07:00:00,6.821174500487446
2025-09-30 08:00:00,11.666932623636244
2025-09-30 09:00:00,15.623477563189997
2025-09-30 10:00:00,18.42117732001777
2025-09-30 11:00:00,19.869373279109208
2025-09-30 12:00:00,19.869373279109208
2025-09-30 13:00:00,18.42117732001777
2025-09-30 14:00:00,15.623477563189997
2025-09-30 15:00:00,11.666932623636244
2025-09-30 16:00:00,6.821174500487446
2025-09-30 17:00:00,1.4164336018422596
2025-09-30 18:00:00,0.0
2025-09-30 19:00:00,0.0
2025-09-30 20:00:00,0.0
2025-09-30 21:00:00,0.0
2025-09-30 22:00:00,0.0
2025-09-30 23:00:00,0.0
2025-10-01 00:00:00,0.0
2025-10-01 01:00:00,0.0
2025-10-01 02:00:00,0.0
2025-10-01 03:00:00,0.0
2025-10-01 04:00:00,0.0
2025-10-01 05:00:00,0.0
2025-10-01 06:00:00,0.9100773177955355
2025-10-01 07:00:00,4.776848803652953
2025-10-01 08:00:00,8.243701274351533
2025-10-01 09:00:00,11.07437446325776
2025-10-01 10:00:00,13.075962670456306
2025-10-01 11:00:00,14.112060967407494
2025-10-01 12:00:00,14.112060967407494
2025-10-01 13:00:00,13.075962670456306
2025-10-01 14:00:00,11.07437446325776
2025-10-01 15:00:00,8.243701274351533
2025-10-01 16:00:00,4.776848803652953
2025-10-01 17:00:00,0.9100773177955355
2025-10-01 18:00:00,0.0
2025-10-01 19:00:00,0.0
2025-10-01 20:00:00,0.0
2025-10-01 21:00:00,0.0
2025-10-01 22:00:00,0.0
2025-10-01 23:00:00,0.0
2025-10-02 00:00:00,0.0
2025-10-02 01:00:00,0.0
2025-10-02 02:00:00,0.0
2025-10-02 03:00:00,0.0
2025-10-02 04:00:00,0.0
2025-10-02 05:00:00,0.0
2025-10-02 06:00:00,0.8065687260833966
2025-10-02 07:00:00,4.671275550629111
2025-10-02 08:00:00,8.136276896637282
2025-10-02 09:00:00,10.965438648562923
2025-10-02 10:00:00,12.965958108423157
2025-10-02 11:00:00,14.001503181043232
2025-10-02 12:00:00,14.001503181043232
2025-10-02 13:00:00,12.965958108423157
2025-10-02 14:00:00,10.965438648562923
2025-10-02 15:00:00,8.136276896637282
2025-10-02 16:00:00,4.671275550629111
2025-10-02 17:00:00,0.8065687260833966
2025-10-02 18:00:00,0.0
2025-10-02 19:00:00,0.0
2025-10-02 20:00:00,0.0
2025-10-02 21:00:00,0.0
2025-10-02 22:00:00,0.0
2025-10-02 23:00:00,0.0
2025-10-03 00:00:00,0.0
2025-10-03 01:00:00,0.0
2025-10-03 02:00:00,0.0
2025-10-03 03:00:00,0.0
2025-10-03 04:00:00,0.0
2025-10-03 05:00:00,0.0
2025-10-03 06:00:00,0.7033785200089854
2025-10-03 07:00:00,4.5658437215089815
2025-10-03 08:00:00,8.028835283276516
2025-10-03 09:00:00,10.856356053241276
2025-10-03 10:00:00,12.855715163629165
2025-10-03 11:00:00,13.890659595164404
2025-10-03 12:00:00,13.890659595164404
2025-10-03 13:00:00,12.855715163629165
2025-10-03 14:00:00,10.856356053241276
2025-10-03 15:00:00,8.028835283276516
2025-10-03 16:00:00,4.5658437215089815
2025-10-03 17:00:00,0.7033785200089854
2025-10-03 18:00:00,0.0
2025-10-03 19:00:00,0.0
2025-10-03 20:00:00,0.0
2025-10-03 21:00:00,0.0
2025-10-03 22:00:00,0.0
2025-10-03 23:00:00,0.0
2025-10-04 00:00:00,0.0
2025-10-04 01:00:00,0.0
2025-10-04 02:00:00,0.0
2025-10-04 03:00:00,0.0
2025-10-04 04:00:00,0.0
2025-10-04 05:00:00,0.0
2025-10-04 06:00:00,0.6005425705504179
2025-10-04 07:00:00,4.460591945879009
2025-10-04 08:00:00,7.92141753715624
2025-10-04 09:00:00,10.747169799621277
2025-10-04 10:00:00,12.745278386363532
2025-10-04 11:00:00,13.779575499227088
2025-10-04 12:00:00,13.779575499227088
2025-10-04 13:00:00,12.745278386363532
2025-10-04 14:00:00,10.747169799621277
2025-10-04 15:00:00,7.92141753715624
2025-10-04 16:00:00,4.460591945879009
2025-10-04 17:00:00,0.6005425705504179
2025-10-04 18:00:00,0.0
2025-10-04 19:00:00,0.0
2025-10-04 20:00:00,0.0
2025-10-04 21:00:00,0.0
2025-10-04 22:00:00,0.0
2025-10-04 23:00:00,0.0
2025-10-05 00:00:00,0.0
2025-10-05 01:00:00,0.0
2025-10-05 02:00:00,0.0
2025-10-05 03:00:00,0.0
2025-10-05 04:00:00,0.0
2025-10-05 05:00:00,0.0
2025-10-05 06:00:00,0.4980965633843027
2025-10-05 07:00:00,4.355558880681626
2025-10-05 08:00:00,7.814064979182947
2025-10-05 09:00:00,10.637923383726967
2025-10-05 10:00:00,12.634692810690668
2025-10-05 11:00:00,13.668296723443973
2025-10-05 12:00:00,13.668296723443973
2025-10-05 13:00:00,12.634692810690668
2025-10-05 14:00:00,10.637923383726967
2025-10-05 15:00:00,7.814064979182947
2025-10-05 16:00:00,4.355558880681626
2025-10-05 17:00:00,0.4980965633843027
2025-10-05 18:00:00,0.0
2025-10-05 19:00:00,0.0
2025-10-05 20:00:00,0.0
2025-10-05 21:00:00,0.0
2025-10-05 22:00:00,0.0
2025-10-05 23:00:00,0.0
2025-10-06 00:00:00,0.0
2025-10-06 01:00:00,0.0
2025-10-06 02:00:00,0.0
2025-10-06 03:00:00,0.0
2025-10-06 04:00:00,0.0
2025-10-06 05:00:00,0.0
2025-10-06 06:00:00,0.39607597577795506
2025-10-06 07:00:00,4.250783183069478
2025-10-06 08:00:00,7.706819117516473
2025-10-06 09:00:00,10.528660641555804
2025-10-06 10:00:00,12.5240039186378
2025-10-06 11:00:00,13.55686960188999
2025-10-06 12:00:00,13.55686960188999
2025-10-06 13:00:00,12.5240039186378
2025-10-06 14:00:00,10.528660641555804
2025-10-06 15:00:00,7.706819117516473
2025-10-06 16:00:00,4.250783183069478
2025-10-06 17:00:00,0.39607597577795506
2025-10-06 18:00:00,0.0
2025-10-06 19:00:00,0.0
2025-10-06 20:00:00,0.0
2025-10-06 21:00:00,0.0
2025-10-06 22:00:00,0.0
2025-10-06 23:00:00,0.0
2025-10-07 00:00:00,0.0
2025-10-07 01:00:00,0.0
2025-10-07 02:00:00,0.0
2025-10-07 03:00:00,0.0
2025-10-07 04:00:00,0.0
2025-10-07 05:00:00,0.0
2025-10-07 06:00:00,0.29451605391938945
2025-10-07 07:00:00,4.146303483423173
2025-10-07 08:00:00,7.599721616721502
2025-10-07 09:00:00,10.419425715073398
2025-10-07 10:00:00,12.413257603957522
2025-10-07 11:00:00,13.44534093510941
2025-10-07 12:00:00,13.44534093510941
2025-10-07 13:00:00,12.413257603957522
2025-10-07 14:00:00,10.419425715073398
2025-10-07 15:00:00,7.599721616721502
2025-10-07 16:00:00,4.146303483423173
2025-10-07 17:00:00,0.29451605391938945
2025-10-07 18:00:00,0.0
2025-10-07 19:00:00,0.0
2025-10-07 20:00:00,0.0
2025-10-07 21:00:00,0.0
2025-10-07 22:00:00,0.0
2025-10-07 23:00:00,0.0
2025-10-08 00:00:00,0.0
2025-10-08 01:00:00,0.0
2025-10-08 02:00:00,0.0
2025-10-08 03:00:00,0.0
2025-10-08 04:00:00,0.0
2025-10-08 05:00:00,0.0
2025-10-08 06:00:00,0.19345179072339
2025-10-08 07:00:00,4.042158358578619
2025-10-08 08:00:00,7.492814266889708
2025-10-08 09:00:00,10.310263017983772
2025-10-08 10:00:00,12.302500135527952
2025-10-08 11:00:00,13.333757952289117
2025-10-08 12:00:00,13.333757952289117
2025-10-08 13:00:00,12.302500135527952
2025-10-08 14:00:00,10.310263017983772
2025-10-08 15:00:00,7.492814266889708
2025-10-08 16:00:00,4.042158358578619
2025-10-08 17:00:00,0.19345179072339
2025-10-08 18:00:00,0.0
2025-10-08 19:00:00,0.0
2025-10-08 20:00:00,0.0
2025-10-08 21:00:00,0.0
2025-10-08 22:00:00,0.0
2025-10-08 23:00:00,0.0
2025-10-09 00:00:00,0.0
2025-10-09 01:00:00,0.0
2025-10-09 02:00:00,0.0
2025-10-09 03:00:00,0.0
2025-10-09 04:00:00,0.0
2025-10-09 05:00:00,0.0
2025-10-09 06:00:00,0.09291790415088953
2025-10-09 07:00:00,3.9383863053093147
2025-10-09 08:00:00,7.38613895278526
2025-10-09 09:00:00,10.201217201333886
2025-10-09 10:00:00,12.191778120453368
2025-10-09 11:00:00,13.222168273063167
2025-10-09 12:00:00,13.222168273063167
2025-10-09 13:00:00,12.191778120453368
2025-10-09 14:00:00,10.201217201333886
2025-10-09 15:00:00,7.38613895278526
2025-10-09 16:00:00,3.9383863053093147
2025-10-09 17:00:00,0.09291790415088953
2025-10-09 18:00:00,0.0
2025-10-09 19:00:00,0.0
2025-10-09 20:00:00,0.0
2025-10-09 21:00:00,0.0
2025-10-09 22:00:00,0.0
2025-10-09 23:00:00,0.0
2025-10-10 00:00:00,0.0
2025-10-10 01:00:00,0.0
2025-10-10 02:00:00,0.0
2025-10-10 03:00:00,0.0
2025-10-10 04:00:00,0.0
2025-10-10 05:00:00,0.0
2025-10-10 06:00:00,0.0
2025-10-10 07:00:00,3.8350257141075503
2025-10-10 08:00:00,7.2797376230652775
2025-10-10 09:00:00,10.092333119010283
2025-10-10 10:00:00,12.081138466927733
2025-10-10 11:00:00,13.110619869013297
2025-10-10 12:00:00,13.110619869013297
2025-10-10 13:00:00,12.081138466927733
2025-10-10 14:00:00,10.092333119010283
2025-10-10 15:00:00,7.2797376230652775
2025-10-10 16:00:00,3.8350257141075503
2025-10-10 17:00:00,0.0
2025-10-10 18:00:00,0.0
2025-10-10 19:00:00,0.0
2025-10-10 20:00:00,0.0
2025-10-10 21:00:00,0.0
2025-10-10 22:00:00,0.0
2025-10-10 23:00:00,0.0
2025-10-11 00:00:00,0.0
2025-10-11 01:00:00,0.0
2025-10-11 02:00:00,0.0
2025-10-11 03:00:00,0.0
2025-10-11 04:00:00,0.0
2025-10-11 05:00:00,0.0
2025-10-11 06:00:00,0.0
2025-10-11 07:00:00,3.732114843307052
2025-10-11 08:00:00,7.173652259625855
2025-10-11 09:00:00,9.983655793184996
2025-10-11 10:00:00,11.970628346922824
2025-10-11 11:00:00,12.999161024929508
2025-10-11 12:00:00,12.999161024929508
2025-10-11 13:00:00,11.970628346922824
2025-10-11 14:00:00,9.983655793184996
2025-10-11 15:00:00,7.173652259625855
2025-10-11 16:00:00,3.732114843307052
2025-10-11 17:00:00,0.0
2025-10-11 18:00:00,0.0
2025-10-11 19:00:00,0.0
2025-10-11 20:00:00,0.0
2025-10-11 21:00:00,0.0
2025-10-11 22:00:00,0.0
2025-10-11 23:00:00,0.0
2025-10-12 00:00:00,0.0
2025-10-12 01:00:00,0.0
2025-10-12 02:00:00,0.0
2025-10-12 03:00:00,0.0
2025-10-12 04:00:00,0.0
2025-10-12 05:00:00,0.0
2025-10-12 06:00:00,0.0
2025-10-12 07:00:00,3.6296917935886555
2025-10-12 08:00:00,7.067924847123562
2025-10-12 09:00:00,9.87523037976751
2025-10-12 10:00:00,11.860295158762556
2025-10-12 11:00:00,12.887840299894847
2025-10-12 12:00:00,12.887840299894847
2025-10-12 13:00:00,11.860295158762556
2025-10-12 14:00:00,9.87523037976751
2025-10-12 15:00:00,7.067924847123562
2025-10-12 16:00:00,3.6296917935886555
2025-10-12 17:00:00,0.0
2025-10-12 18:00:00,0.0
2025-10-12 19:00:00,0.0
2025-10-12 20:00:00,0.0
2025-10-12 21:00:00,0.0
2025-10-12 22:00:00,0.0
2025-10-12 23:00:00,0.0
2025-10-13 00:00:00,0.0
2025-10-13 01:00:00,0.0
2025-10-13 02:00:00,0.0
2025-10-13 03:00:00,0.0
2025-10-13 04:00:00,0.0
2025-10-13 05:00:00,0.0
2025-10-13 06:00:00,0.0
2025-10-13 07:00:00,3.527794482908589
2025-10-13 08:00:00,6.96259734272068
2025-10-13 09:00:00,9.767102133918026
2025-10-13 10:00:00,11.750186489643834
2025-10-13 11:00:00,12.77670648825724
2025-10-13 12:00:00,12.77670648825724
2025-10-13 13:00:00,11.750186489643834
2025-10-13 14:00:00,9.767102133918026
2025-10-13 15:00:00,6.96259734272068
2025-10-13 16:00:00,3.527794482908589
2025-10-13 17:00:00,0.0
2025-10-13 18:00:00,0.0
2025-10-13 19:00:00,0.0
2025-10-13 20:00:00,0.0
2025-10-13 21:00:00,0.0
2025-10-13 22:00:00,0.0
2025-10-13 23:00:00,0.0
2025-10-14 00:00:00,0.0
2025-10-14 01:00:00,0.0
2025-10-14 02:00:00,0.0
2025-10-14 03:00:00,0.0
2025-10-14 04:00:00,0.0
2025-10-14 05:00:00,0.0
2025-10-14 06:00:00,0.0
2025-10-14 07:00:00,3.426460621887697
2025-10-14 08:00:00,6.8577116461014
2025-10-14 09:00:00,9.659316375676646
2025-10-14 10:00:00,11.640350078163607
2025-10-14 11:00:00,12.66580858055078
2025-10-14 12:00:00,12.66580858055078
2025-10-14 13:00:00,11.640350078163607
2025-10-14 14:00:00,9.659316375676646
2025-10-14 15:00:00,6.8577116461014
2025-10-14 16:00:00,3.426460621887697
2025-10-14 17:00:00,0.0
2025-10-14 18:00:00,0.0
2025-10-14 19:00:00,0.0
2025-10-14 20:00:00,0.0
2025-10-14 21:00:00,0.0
2025-10-14 22:00:00,0.0
2025-10-14 23:00:00,0.0
2025-10-15 00:00:00,0.0
2025-10-15 01:00:00,0.0
2025-10-15 02:00:00,0.0
2025-10-15 03:00:00,0.0
2025-10-15 04:00:00,0.0
2025-10-15 05:00:00,0.0
2025-10-15 06:00:00,0.0
2025-10-15 07:00:00,3.325727689697917
2025-10-15 08:00:00,6.75330956980451
2025-10-15 09:00:00,9.55191845576137
2025-10-15 10:00:00,11.530833776910397
2025-10-15 11:00:00,12.555195724427474
2025-10-15 12:00:00,12.555195724427474
2025-10-15 13:00:00,11.530833776910397
2025-10-15 14:00:00,9.55191845576137
2025-10-15 15:00:00,6.75330956980451
2025-10-15 16:00:00,3.325727689697917
2025-10-15 17:00:00,0.0
2025-10-15 18:00:00,0.0
2025-10-15 19:00:00,0.0
2025-10-15 20:00:00,0.0
2025-10-15 21:00:00,0.0
2025-10-15 22:00:00,0.0
2025-10-15 23:00:00,0.0
2025-10-16 00:00:00,0.0
2025-10-16 01:00:00,0.0
2025-10-16 02:00:00,0.0
2025-10-16 03:00:00,0.0
2025-10-16 04:00:00,0.0
2025-10-16 05:00:00,0.0
2025-10-16 06:00:00,0.0
2025-10-16 07:00:00,3.225632910480961
2025-10-16 08:00:00,6.649432809916917
2025-10-16 09:00:00,9.444953721587066
2025-10-16 10:00:00,11.421685515177831
2025-10-16 11:00:00,12.444917185659742
2025-10-16 12:00:00,12.444917185659742
2025-10-16 13:00:00,11.421685515177831
2025-10-16 14:00:00,9.444953721587066
2025-10-16 15:00:00,6.649432809916917
2025-10-16 16:00:00,3.225632910480961
2025-10-16 17:00:00,0.0
2025-10-16 18:00:00,0.0
2025-10-16 19:00:00,0.0
2025-10-16 20:00:00,0.0
2025-10-16 21:00:00,0.0
2025-10-16 22:00:00,0.0
2025-10-16 23:00:00,0.0
2025-10-17 00:00:00,0.0
2025-10-17 01:00:00,0.0
2025-10-17 02:00:00,0.0
2025-10-17 03:00:00,0.0
2025-10-17 04:00:00,0.0
2025-10-17 05:00:00,0.0
2025-10-17 06:00:00,0.0
2025-10-17 07:00:00,3.126213230331702
2025-10-17 08:00:00,6.5461229171701
2025-10-17 09:00:00,9.338467483555261
2025-10-17 10:00:00,11.31295326185562
2025-10-17 11:00:00,12.33502230927203
2025-10-17 12:00:00,12.33502230927203
2025-10-17 13:00:00,11.31295326185562
2025-10-17 14:00:00,9.338467483555261
2025-10-17 15:00:00,6.5461229171701
2025-10-17 16:00:00,3.126213230331702
2025-10-17 17:00:00,0.0
2025-10-17 18:00:00,0.0
2025-10-17 19:00:00,0.0
2025-10-17 20:00:00,0.0
2025-10-17 21:00:00,0.0
2025-10-17 22:00:00,0.0
2025-10-17 23:00:00,0.0
2025-10-18 00:00:00,0.0
2025-10-18 01:00:00,0.0
2025-10-18 02:00:00,0.0
2025-10-18 03:00:00,0.0
2025-10-18 04:00:00,0.0
2025-10-18 05:00:00,0.0
2025-10-18 06:00:00,0.0
2025-10-18 07:00:00,3.027505294877546
2025-10-18 08:00:00,6.4434212684805745
2025-10-18 09:00:00,9.232504981663856
2025-10-18 10:00:00,11.204684988552708
2025-10-18 11:00:00,12.225560480859219
2025-10-18 12:00:00,12.225560480859219
2025-10-18 13:00:00,11.204684988552708
2025-10-18 14:00:00,9.232504981663856
2025-10-18 15:00:00,6.4434212684805745
2025-10-18 16:00:00,3.027505294877546
2025-10-18 17:00:00,0.0
2025-10-18 18:00:00,0.0
2025-10-18 19:00:00,0.0
2025-10-18 20:00:00,0.0
2025-10-18 21:00:00,0.0
2025-10-18 22:00:00,0.0
2025-10-18 23:00:00,0.0
2025-10-19 00:00:00,0.0
2025-10-19 01:00:00,0.0
2025-10-19 02:00:00,0.0
2025-10-19 03:00:00,0.0
2025-10-19 04:00:00,0.0
2025-10-19 05:00:00,0.0
2025-10-19 06:00:00,0.0
2025-10-19 07:00:00,2.929545427482181
2025-10-19 08:00:00,6.341369038972711
2025-10-19 09:00:00,9.127111352483217
2025-10-19 10:00:00,11.096928633004795
2025-10-19 11:00:00,12.11658108814687
2025-10-19 12:00:00,12.11658108814687
2025-10-19 13:00:00,11.096928633004795
2025-10-19 14:00:00,9.127111352483217
2025-10-19 15:00:00,6.341369038972711
2025-10-19 16:00:00,2.929545427482181
2025-10-19 17:00:00,0.0
2025-10-19 18:00:00,0.0
2025-10-19 19:00:00,0.0
2025-10-19 20:00:00,0.0
2025-10-19 21:00:00,0.0
2025-10-19 22:00:00,0.0
2025-10-19 23:00:00,0.0
2025-10-20 00:00:00,0.0
2025-10-20 01:00:00,0.0
2025-10-20 02:00:00,0.0
2025-10-20 03:00:00,0.0
2025-10-20 04:00:00,0.0
2025-10-20 05:00:00,0.0
2025-10-20 06:00:00,0.0
2025-10-20 07:00:00,2.832369608100953
2025-10-20 08:00:00,6.240007174521157
2025-10-20 09:00:00,9.022331596544129
2025-10-20 10:00:00,10.989732062817513
2025-10-20 11:00:00,12.008133482847777
2025-10-20 12:00:00,12.008133482847777
2025-10-20 13:00:00,10.989732062817513
2025-10-20 14:00:00,9.022331596544129
2025-10-20 15:00:00,6.240007174521157
2025-10-20 16:00:00,2.832369608100953
2025-10-20 17:00:00,0.0
2025-10-20 18:00:00,0.0
2025-10-20 19:00:00,0.0
2025-10-20 20:00:00,0.0
2025-10-20 21:00:00,0.0
2025-10-20 22:00:00,0.0
2025-10-20 23:00:00,0.0
2025-10-21 00:00:00,0.0
2025-10-21 01:00:00,0.0
2025-10-21 02:00:00,0.0
2025-10-21 03:00:00,0.0
2025-10-21 04:00:00,0.0
2025-10-21 05:00:00,0.0
2025-10-21 06:00:00,0.0
2025-10-21 07:00:00,2.736013452812137
2025-10-21 08:00:00,6.139376364847383
2025-10-21 09:00:00,8.91821054618039
2025-10-21 10:00:00,10.883143039593929
2025-10-21 11:00:00,11.900266942866342
2025-10-21 12:00:00,11.900266942866342
2025-10-21 13:00:00,10.883143039593929
2025-10-21 14:00:00,8.91821054618039
2025-10-21 15:00:00,6.139376364847383
2025-10-21 16:00:00,2.736013452812137
2025-10-21 17:00:00,0.0
2025-10-21 18:00:00,0.0
2025-10-21 19:00:00,0.0
2025-10-21 20:00:00,0.0
2025-10-21 21:00:00,0.0
2025-10-21 22:00:00,0.0
2025-10-21 23:00:00,0.0
2025-10-22 00:00:00,0.0
2025-10-22 01:00:00,0.0
2025-10-22 02:00:00,0.0
2025-10-22 03:00:00,0.0
2025-10-22 04:00:00,0.0
2025-10-22 05:00:00,0.0
2025-10-22 06:00:00,0.0
2025-10-22 07:00:00,2.640512194046878
2025-10-22 08:00:00,6.0395170172033
2025-10-22 09:00:00,8.814792833867367
2025-10-22 10:00:00,10.777209183493564
2025-10-22 11:00:00,11.793030634901218
2025-10-22 12:00:00,11.793030634901218
2025-10-22 13:00:00,10.777209183493564
2025-10-22 14:00:00,8.814792833867367
2025-10-22 15:00:00,6.0395170172033
2025-10-22 16:00:00,2.640512194046878
2025-10-22 17:00:00,0.0
2025-10-22 18:00:00,0.0
2025-10-22 19:00:00,0.0
2025-10-22 20:00:00,0.0
2025-10-22 21:00:00,0.0
2025-10-22 22:00:00,0.0
2025-10-22 23:00:00,0.0
2025-10-23 00:00:00,0.0
2025-10-23 01:00:00,0.0
2025-10-23 02:00:00,0.0
2025-10-23 03:00:00,0.0
2025-10-23 04:00:00,0.0
2025-10-23 05:00:00,0.0
2025-10-23 06:00:00,0.0
2025-10-23 07:00:00,2.5459006615379534
2025-10-23 08:00:00,5.940469230672415
2025-10-23 09:00:00,8.712122861095423
2025-10-23 10:00:00,10.67197793826785
2025-10-23 11:00:00,11.686473577494036
2025-10-23 12:00:00,11.686473577494036
2025-10-23 13:00:00,10.67197793826785
2025-10-23 14:00:00,8.712122861095423
2025-10-23 15:00:00,5.940469230672415
2025-10-23 16:00:00,2.5459006615379534
2025-10-23 17:00:00,0.0
2025-10-23 18:00:00,0.0
2025-10-23 19:00:00,0.0
2025-10-23 20:00:00,0.0
2025-10-23 21:00:00,0.0
2025-10-23 22:00:00,0.0
2025-10-23 23:00:00,0.0
2025-10-24 00:00:00,0.0
2025-10-24 01:00:00,0.0
2025-10-24 02:00:00,0.0
2025-10-24 03:00:00,0.0
2025-10-24 04:00:00,0.0
2025-10-24 05:00:00,0.0
2025-10-24 06:00:00,0.0
2025-10-24 07:00:00,2.4522132640053096
2025-10-24 08:00:00,5.842272771116791
2025-10-24 09:00:00,8.610244767814848
2025-10-24 10:00:00,10.567496536814511
2025-10-24 11:00:00,11.580644604569937
2025-10-24 12:00:00,11.580644604569937
2025-10-24 13:00:00,10.567496536814511
2025-10-24 14:00:00,8.610244767814848
2025-10-24 15:00:00,5.842272771116791
2025-10-24 16:00:00,2.4522132640053096
2025-10-24 17:00:00,0.0
2025-10-24 18:00:00,0.0
2025-10-24 19:00:00,0.0
2025-10-24 20:00:00,0.0
2025-10-24 21:00:00,0.0
2025-10-24 22:00:00,0.0
2025-10-24 23:00:00,0.0
2025-10-25 00:00:00,0.0
2025-10-25 01:00:00,0.0
2025-10-25 02:00:00,0.0
2025-10-25 03:00:00,0.0
2025-10-25 04:00:00,0.0
2025-10-25 05:00:00,0.0
2025-10-25 06:00:00,0.0
2025-10-25 07:00:00,2.35948397159431
2025-10-25 08:00:00,5.744967046796083
2025-10-25 09:00:00,8.509202402487018
2025-10-25 10:00:00,10.463811967291683
2025-10-25 11:00:00,11.475592329513676
2025-10-25 12:00:00,11.475592329513676
2025-10-25 13:00:00,10.463811967291683
2025-10-25 14:00:00,8.509202402487018
2025-10-25 15:00:00,5.744967046796083
2025-10-25 16:00:00,2.35948397159431
2025-10-25 17:00:00,0.0
2025-10-25 18:00:00,0.0
2025-10-25 19:00:00,0.0
2025-10-25 20:00:00,0.0
2025-10-25 21:00:00,0.0
2025-10-25 22:00:00,0.0
2025-10-25 23:00:00,0.0
2025-10-26 00:00:00,0.0
2025-10-26 01:00:00,0.0
2025-10-26 02:00:00,0.0
2025-10-26 03:00:00,0.0
2025-10-26 04:00:00,0.0
2025-10-26 05:00:00,0.0
2025-10-26 06:00:00,0.0
2025-10-26 07:00:00,2.26774629908002
2025-10-26 08:00:00,5.648591084682261
2025-10-26 09:00:00,8.409039292773821
2025-10-26 10:00:00,10.360970939829617
2025-10-26 11:00:00,11.37136510982236
2025-10-26 12:00:00,11.37136510982236
2025-10-26 13:00:00,10.360970939829617
2025-10-26 14:00:00,8.409039292773821
2025-10-26 15:00:00,5.648591084682261
2025-10-26 16:00:00,2.26774629908002
2025-10-26 17:00:00,0.0
2025-10-26 18:00:00,0.0
2025-10-26 19:00:00,0.0
2025-10-26 20:00:00,0.0
2025-10-26 21:00:00,0.0
2025-10-26 22:00:00,0.0
2025-10-26 23:00:00,0.0
2025-10-27 00:00:00,0.0
2025-10-27 01:00:00,0.0
2025-10-27 02:00:00,0.0
2025-10-27 03:00:00,0.0
2025-10-27 04:00:00,0.0
2025-10-27 05:00:00,0.0
2025-10-27 06:00:00,0.0
2025-10-27 07:00:00,2.17703328984884
2025-10-27 08:00:00,5.553183507491586
2025-10-27 09:00:00,8.309798616895288
2025-10-27 10:00:00,10.25901985387594
2025-10-27 11:00:00,11.268011012373714
2025-10-27 12:00:00,11.268011012373714
2025-10-27 13:00:00,10.25901985387594
2025-10-27 14:00:00,8.309798616895288
2025-10-27 15:00:00,5.553183507491586
2025-10-27 16:00:00,2.17703328984884
2025-10-27 17:00:00,0.0
2025-10-27 18:00:00,0.0
2025-10-27 19:00:00,0.0
2025-10-27 20:00:00,0.0
2025-10-27 21:00:00,0.0
2025-10-27 22:00:00,0.0
2025-10-27 23:00:00,0.0
2025-10-28 00:00:00,0.0
2025-10-28 01:00:00,0.0
2025-10-28 02:00:00,0.0
2025-10-28 03:00:00,0.0
2025-10-28 04:00:00,0.0
2025-10-28 05:00:00,0.0
2025-10-28 06:00:00,0.0
2025-10-28 07:00:00,2.087377500666204
2025-10-28 08:00:00,5.458782511452788
2025-10-28 09:00:00,8.211523175682636
2025-10-28 10:00:00,10.158004766207524
2025-10-28 11:00:00,11.165577779346098
2025-10-28 12:00:00,11.165577779346098
2025-10-28 13:00:00,10.158004766207524
2025-10-28 14:00:00,8.211523175682636
2025-10-28 15:00:00,5.458782511452788
2025-10-28 16:00:00,2.087377500666204
2025-10-28 17:00:00,0.0
2025-10-28 18:00:00,0.0
2025-10-28 19:00:00,0.0
2025-10-28 20:00:00,0.0
2025-10-28 21:00:00,0.0
2025-10-28 22:00:00,0.0
2025-10-28 23:00:00,0.0
2025-10-29 00:00:00,0.0
2025-10-29 01:00:00,0.0
2025-10-29 02:00:00,0.0
2025-10-29 03:00:00,0.0
2025-10-29 04:00:00,0.0
2025-10-29 05:00:00,0.0
2025-10-29 06:00:00,0.0
2025-10-29 07:00:00,1.9988109872371551
2025-10-29 08:00:00,5.365425844828319
2025-10-29 09:00:00,8.11425536535199
2025-10-29 10:00:00,10.05797135964004
2025-10-29 11:00:00,11.0641127948243
2025-10-29 12:00:00,11.0641127948243
2025-10-29 13:00:00,10.05797135964004
2025-10-29 14:00:00,8.11425536535199
2025-10-29 15:00:00,5.365425844828319
2025-10-29 16:00:00,1.9988109872371551
2025-10-29 17:00:00,0.0
2025-10-29 18:00:00,0.0
2025-10-29 19:00:00,0.0
2025-10-29 20:00:00,0.0
2025-10-29 21:00:00,0.0
2025-10-29 22:00:00,0.0
2025-10-29 23:00:00,0.0
2025-10-30 00:00:00,0.0
2025-10-30 01:00:00,0.0
2025-10-30 02:00:00,0.0
2025-10-30 03:00:00,0.0
2025-10-30 04:00:00,0.0
2025-10-30 05:00:00,0.0
2025-10-30 06:00:00,0.0
2025-10-30 07:00:00,1.9113652905639789
2025-10-30 08:00:00,5.2731507872028995
2025-10-30 09:00:00,8.018037151020996
2025-10-30 10:00:00,9.958964912463259
2025-10-30 11:00:00,10.963663052122177
2025-10-30 12:00:00,10.963663052122177
2025-10-30 13:00:00,9.958964912463259
2025-10-30 14:00:00,8.018037151020996
2025-10-30 15:00:00,5.2731507872028995
2025-10-30 16:00:00,1.9113652905639789
2025-10-30 17:00:00,0.0
2025-10-30 18:00:00,0.0
2025-10-30 19:00:00,0.0
2025-10-30 20:00:00,0.0
2025-10-30 21:00:00,0.0
2025-10-30 22:00:00,0.0
2025-10-30 23:00:00,0.0
2025-10-31 00:00:00,0.0
2025-10-31 01:00:00,0.0
2025-10-31 02:00:00,0.0
2025-10-31 03:00:00,0.0
2025-10-31 04:00:00,0.0
2025-10-31 05:00:00,0.0
2025-10-31 06:00:00,0.0
2025-10-31 07:00:00,1.8250714241030486
2025-10-31 08:00:00,5.181994129551371
2025-10-31 09:00:00,7.922910040988579
2025-10-31 10:00:00,9.861030268627935
2025-10-31 11:00:00,10.86427512185093
2025-10-31 12:00:00,10.86427512185093
2025-10-31 13:00:00,9.861030268627935
2025-10-31 14:00:00,7.922910040988579
2025-10-31 15:00:00,5.181994129551371
2025-10-31 16:00:00,1.8250714241030486
2025-10-31 17:00:00,0.0
2025-10-31 18:00:00,0.0
2025-10-31 19:00:00,0.0
2025-10-31 20:00:00,0.0
2025-10-31 21:00:00,0.0
2025-10-31 22:00:00,0.0
2025-10-31 23:00:00,0.0
2025-11-01 00:00:00,0.0
2025-11-01 01:00:00,0.0
2025-11-01 02:00:00,0.0
2025-11-01 03:00:00,0.0
2025-11-01 04:00:00,0.0
2025-11-01 05:00:00,0.0
2025-11-01 06:00:00,0.0
2025-11-01 07:00:00,1.07468109106278
2025-11-01 08:00:00,3.1450539781471663
2025-11-01 09:00:00,4.835506361697033
2025-11-01 10:00:00,6.030836705378106
2025-11-01 11:00:00,6.649585221645314
2025-11-01 12:00:00,6.649585221645314
2025-11-01 13:00:00,6.030836705378106
2025-11-01 14:00:00,4.835506361697033
2025-11-01 15:00:00,3.1450539781471663
2025-11-01 16:00:00,1.07468109106278
2025-11-01 17:00:00,0.0
2025-11-01 18:00:00,0.0
2025-11-01 19:00:00,0.0
2025-11-01 20:00:00,0.0
2025-11-01 21:00:00,0.0
2025-11-01 22:00:00,0.0
2025-11-01 23:00:00,0.0
2025-11-02 00:00:00,0.0
2025-11-02 01:00:00,0.0
2025-11-02 02:00:00,0.0
2025-11-02 03:00:00,0.0
2025-11-02 04:00:00,0.0
2025-11-02 05:00:00,0.0
2025-11-02 06:00:00,0.0
2025-11-02 07:00:00,1.02286091339292
2025-11-02 08:00:00,3.090199795296531
2025-11-02 09:00:00,4.778174923989778
2025-11-02 10:00:00,5.971753583963009
2025-11-02 11:00:00,6.589595362021045
2025-11-02 12:00:00,6.589595362021045
2025-11-02 13:00:00,5.971753583963009
2025-11-02 14:00:00,4.778174923989778
2025-11-02 15:00:00,3.090199795296531
2025-11-02 16:00:00,1.02286091339292
2025-11-02 17:00:00,0.0
2025-11-02 18:00:00,0.0
2025-11-02 19:00:00,0.0
2025-11-02 20:00:00,0.0
2025-11-02 21:00:00,0.0
2025-11-02 22:00:00,0.0
2025-11-02 23:00:00,0.0
2025-11-03 00:00:00,0.0
2025-11-03 01:00:00,0.0
2025-11-03 02:00:00,0.0
2025-11-03 03:00:00,0.0
2025-11-03 04:00:00,0.0
2025-11-03 05:00:00,0.0
2025-11-03 06:00:00,0.0
2025-11-03 07:00:00,0.9718075994204821
2025-11-03 08:00:00,3.0361026339054296
2025-11-03 09:00:00,4.721592471588471
2025-11-03 10:00:00,5.913413765435164
2025-11-03 11:00:00,6.530345863847669
2025-11-03 12:00:00,6.530345863847669
2025-11-03 13:00:00,5.913413765435164
2025-11-03 14:00:00,4.721592471588471
2025-11-03 15:00:00,3.0361026339054296
2025-11-03 16:00:00,0.9718075994204821
2025-11-03 17:00:00,0.0
2025-11-03 18:00:00,0.0
2025-11-03 19:00:00,0.0
2025-11-03 20:00:00,0.0
2025-11-03 21:00:00,0.0
2025-11-03 22:00:00,0.0
2025-11-03 23:00:00,0.0
2025-11-04 00:00:00,0.0
2025-11-04 01:00:00,0.0
2025-11-04 02:00:00,0.0
2025-11-04 03:00:00,0.0
2025-11-04 04:00:00,0.0
2025-11-04 05:00:00,0.0
2025-11-04 06:00:00,0.0
2025-11-04 07:00:00,0.9215389316821532
2025-11-04 08:00:00,2.982783897350281
2025-11-04 09:00:00,4.665783364272796
2025-11-04 10:00:00,5.855843700067049
2025-11-04 11:00:00,6.47186425951636
2025-11-04 12:00:00,6.47186425951636
2025-11-04 13:00:00,5.855843700067049
2025-11-04 14:00:00,4.665783364272796
2025-11-04 15:00:00,2.982783897350281
2025-11-04 16:00:00,0.9215389316821532
2025-11-04 17:00:00,0.0
2025-11-04 18:00:00,0.0
2025-11-04 19:00:00,0.0
2025-11-04 20:00:00,0.0
2025-11-04 21:00:00,0.0
2025-11-04 22:00:00,0.0
2025-11-04 23:00:00,0.0
2025-11-05 00:00:00,0.0
2025-11-05 01:00:00,0.0
2025-11-05 02:00:00,0.0
2025-11-05 03:00:00,0.0
2025-11-05 04:00:00,0.0
2025-11-05 05:00:00,0.0
2025-11-05 06:00:00,0.0
2025-11-05 07:00:00,0.8720723345688904
2025-11-05 08:00:00,2.93026463304042
2025-11-05 09:00:00,4.610771607634201
2025-11-05 10:00:00,5.799069485200754
2025-11-05 11:00:00,6.414177729139008
2025-11-05 12:00:00,6.414177729139008
2025-11-05 13:00:00,5.799069485200754
2025-11-05 14:00:00,4.610771607634201
2025-11-05 15:00:00,2.93026463304042
2025-11-05 16:00:00,0.8720723345688904
2025-11-05 17:00:00,0.0
2025-11-05 18:00:00,0.0
2025-11-05 19:00:00,0.0
2025-11-05 20:00:00,0.0
2025-11-05 21:00:00,0.0
2025-11-05 22:00:00,0.0
2025-11-05 23:00:00,0.0
2025-11-06 00:00:00,0.0
2025-11-06 01:00:00,0.0
2025-11-06 02:00:00,0.0
2025-11-06 03:00:00,0.0
2025-11-06 04:00:00,0.0
2025-11-06 05:00:00,0.0
2025-11-06 06:00:00,0.0
2025-11-06 07:00:00,0.8234248693066594
2025-11-06 08:00:00,2.8785655230690197
2025-11-06 09:00:00,4.55658084019156
2025-11-06 10:00:00,5.743116849863802
2025-11-06 11:00:00,6.357313083870051
2025-11-06 12:00:00,6.357313083870051
2025-11-06 13:00:00,5.743116849863802
2025-11-06 14:00:00,4.55658084019156
2025-11-06 15:00:00,2.8785655230690197
2025-11-06 16:00:00,0.8234248693066594
2025-11-06 17:00:00,0.0
2025-11-06 18:00:00,0.0
2025-11-06 19:00:00,0.0
2025-11-06 20:00:00,0.0
2025-11-06 21:00:00,0.0
2025-11-06 22:00:00,0.0
2025-11-06 23:00:00,0.0
2025-11-07 00:00:00,0.0
2025-11-07 01:00:00,0.0
2025-11-07 02:00:00,0.0
2025-11-07 03:00:00,0.0
2025-11-07 04:00:00,0.0
2025-11-07 05:00:00,0.0
2025-11-07 06:00:00,0.0
2025-11-07 07:00:00,0.7756132294028104
2025-11-07 08:00:00,2.827706875357032
2025-11-07 09:00:00,4.503234321022165
2025-11-07 10:00:00,5.688011139916154
2025-11-07 11:00:00,6.301296749767646
2025-11-07 12:00:00,6.301296749767646
2025-11-07 13:00:00,5.688011139916154
2025-11-07 14:00:00,4.503234321022165
2025-11-07 15:00:00,2.827706875357032
2025-11-07 16:00:00,0.7756132294028104
2025-11-07 17:00:00,0.0
2025-11-07 18:00:00,0.0
2025-11-07 19:00:00,0.0
2025-11-07 20:00:00,0.0
2025-11-07 21:00:00,0.0
2025-11-07 22:00:00,0.0
2025-11-07 23:00:00,0.0
2025-11-08 00:00:00,0.0
2025-11-08 01:00:00,0.0
2025-11-08 02:00:00,0.0
2025-11-08 03:00:00,0.0
2025-11-08 04:00:00,0.0
2025-11-08 05:00:00,0.0
2025-11-08 06:00:00,0.0
2025-11-08 07:00:00,0.7286537365490597
2025-11-08 08:00:00,2.777708615286215
2025-11-08 09:00:00,4.450754917908377
2025-11-08 10:00:00,5.6337773037315895
2025-11-08 11:00:00,6.24615475219893
2025-11-08 12:00:00,6.24615475219893
2025-11-08 13:00:00,5.6337773037315895
2025-11-08 14:00:00,4.450754917908377
2025-11-08 15:00:00,2.777708615286215
2025-11-08 16:00:00,0.7286537365490597
2025-11-08 17:00:00,0.0
2025-11-08 18:00:00,0.0
2025-11-08 19:00:00,0.0
2025-11-08 20:00:00,0.0
2025-11-08 21:00:00,0.0
2025-11-08 22:00:00,0.0
2025-11-08 23:00:00,0.0
2025-11-09 00:00:00,0.0
2025-11-09 01:00:00,0.0
2025-11-09 02:00:00,0.0
2025-11-09 03:00:00,0.0
2025-11-09 04:00:00,0.0
2025-11-09 05:00:00,0.0
2025-11-09 06:00:00,0.0
2025-11-09 07:00:00,0.68256233697114
2025-11-09 08:00:00,2.7285902778163074
2025-11-09 09:00:00,4.399165095998984
2025-11-09 10:00:00,5.5804398784154365
2025-11-09 11:00:00,6.191912700792866
2025-11-09 12:00:00,6.191912700792866
2025-11-09 13:00:00,5.5804398784154365
2025-11-09 14:00:00,4.399165095998984
2025-11-09 15:00:00,2.7285902778163074
2025-11-09 16:00:00,0.68256233697114
2025-11-09 17:00:00,0.0
2025-11-09 18:00:00,0.0
2025-11-09 19:00:00,0.0
2025-11-09 20:00:00,0.0
2025-11-09 21:00:00,0.0
2025-11-09 22:00:00,0.0
2025-11-09 23:00:00,0.0
2025-11-10 00:00:00,0.0
2025-11-10 01:00:00,0.0
2025-11-10 02:00:00,0.0
2025-11-10 03:00:00,0.0
2025-11-10 04:00:00,0.0
2025-11-10 05:00:00,0.0
2025-11-10 06:00:00,0.0
2025-11-10 07:00:00,0.6373545982139907
2025-11-10 08:00:00,2.680371000079998
2025-11-10 09:00:00,4.348486906982858
2025-11-10 10:00:00,5.528022976559018
2025-11-10 11:00:00,6.138595774942383
2025-11-10 12:00:00,6.138595774942383
2025-11-10 13:00:00,5.528022976559018
2025-11-10 14:00:00,4.348486906982858
2025-11-10 15:00:00,2.680371000079998
2025-11-10 16:00:00,0.6373545982139907
2025-11-10 17:00:00,0.0
2025-11-10 18:00:00,0.0
2025-11-10 19:00:00,0.0
2025-11-10 20:00:00,0.0
2025-11-10 21:00:00,0.0
2025-11-10 22:00:00,0.0
2025-11-10 23:00:00,0.0
2025-11-11 00:00:00,0.0
2025-11-11 01:00:00,0.0
2025-11-11 02:00:00,0.0
2025-11-11 03:00:00,0.0
2025-11-11 04:00:00,0.0
2025-11-11 05:00:00,0.0
2025-11-11 06:00:00,0.0
2025-11-11 07:00:00,0.5930457063505061
2025-11-11 08:00:00,2.633069514448361
2025-11-11 09:00:00,4.298741978771419
2025-11-11 10:00:00,5.47655027352996
2025-11-11 11:00:00,6.086228709856429
2025-11-11 12:00:00,6.086228709856429
2025-11-11 13:00:00,5.47655027352996
2025-11-11 14:00:00,4.298741978771419
2025-11-11 15:00:00,2.633069514448361
2025-11-11 16:00:00,0.5930457063505061
2025-11-11 17:00:00,0.0
2025-11-11 18:00:00,0.0
2025-11-11 19:00:00,0.0
2025-11-11 20:00:00,0.0
2025-11-11 21:00:00,0.0
2025-11-11 22:00:00,0.0
2025-11-11 23:00:00,0.0
2025-11-12 00:00:00,0.0
2025-11-12 01:00:00,0.0
2025-11-12 02:00:00,0.0
2025-11-12 03:00:00,0.0
2025-11-12 04:00:00,0.0
2025-11-12 05:00:00,0.0
2025-11-12 06:00:00,0.0
2025-11-12 07:00:00,0.549650463600803
2025-11-12 08:00:00,2.5867041420582058
2025-11-12 09:00:00,4.2499515056849235
2025-11-12 10:00:00,5.4260449952960235
2025-11-12 11:00:00,6.0348357831608945
2025-11-12 12:00:00,6.0348357831608945
2025-11-12 13:00:00,5.4260449952960235
2025-11-12 14:00:00,4.2499515056849235
2025-11-12 15:00:00,2.5867041420582058
2025-11-12 16:00:00,0.549650463600803
2025-11-12 17:00:00,0.0
2025-11-12 18:00:00,0.0
2025-11-12 19:00:00,0.0
2025-11-12 20:00:00,0.0
2025-11-12 21:00:00,0.0
2025-11-12 22:00:00,0.0
2025-11-12 23:00:00,0.0
2025-11-13 00:00:00,0.0
2025-11-13 01:00:00,0.0
2025-11-13 02:00:00,0.0
2025-11-13 03:00:00,0.0
2025-11-13 04:00:00,0.0
2025-11-13 05:00:00,0.0
2025-11-13 06:00:00,0.0
2025-11-13 07:00:00,0.507183286348055
2025-11-13 08:00:00,2.541292786791661
2025-11-13 09:00:00,4.20213623913647
2025-11-13 10:00:00,5.376529906778761
2025-11-13 11:00:00,5.984440802046011
2025-11-13 12:00:00,5.984440802046011
2025-11-13 13:00:00,5.376529906778761
2025-11-13 14:00:00,4.20213623913647
2025-11-13 15:00:00,2.541292786791661
2025-11-13 16:00:00,0.507183286348055
2025-11-13 17:00:00,0.0
2025-11-13 18:00:00,0.0
2025-11-13 19:00:00,0.0
2025-11-13 20:00:00,0.0
2025-11-13 21:00:00,0.0
2025-11-13 22:00:00,0.0
2025-11-13 23:00:00,0.0
2025-11-14 00:00:00,0.0
2025-11-14 01:00:00,0.0
2025-11-14 02:00:00,0.0
2025-11-14 03:00:00,0.0
2025-11-14 04:00:00,0.0
2025-11-14 05:00:00,0.0
2025-11-14 06:00:00,0.0
2025-11-14 07:00:00,0.46565820353627835
2025-11-14 08:00:00,2.4968529296975124
2025-11-14 09:00:00,4.15531647880659
2025-11-14 10:00:00,5.3280273007323276
2025-11-14 11:00:00,5.93506709095675
2025-11-14 12:00:00,5.93506709095675
2025-11-14 13:00:00,5.3280273007323276
2025-11-14 14:00:00,4.15531647880659
2025-11-14 15:00:00,2.4968529296975124
2025-11-14 16:00:00,0.46565820353627835
2025-11-14 17:00:00,0.0
2025-11-14 18:00:00,0.0
2025-11-14 19:00:00,0.0
2025-11-14 20:00:00,0.0
2025-11-14 21:00:00,0.0
2025-11-14 22:00:00,0.0
2025-11-14 23:00:00,0.0
2025-11-15 00:00:00,0.0
2025-11-15 01:00:00,0.0
2025-11-15 02:00:00,0.0
2025-11-15 03:00:00,0.0
2025-11-15 04:00:00,0.0
2025-11-15 05:00:00,0.0
2025-11-15 06:00:00,0.0
2025-11-15 07:00:00,0.4250888554344786
2025-11-15 08:00:00,2.453401623842669
2025-11-15 09:00:00,4.109512064300008
2025-11-15 10:00:00,5.280558987141233
2025-11-15 11:00:00,5.886737479821254
2025-11-15 12:00:00,5.886737479821254
2025-11-15 13:00:00,5.280558987141233
2025-11-15 14:00:00,4.109512064300008
2025-11-15 15:00:00,2.453401623842669
2025-11-15 16:00:00,0.4250888554344786
2025-11-15 17:00:00,0.0
2025-11-15 18:00:00,0.0
2025-11-15 19:00:00,0.0
2025-11-15 20:00:00,0.0
2025-11-15 21:00:00,0.0
2025-11-15 22:00:00,0.0
2025-11-15 23:00:00,0.0
2025-11-16 00:00:00,0.0
2025-11-16 01:00:00,0.0
2025-11-16 02:00:00,0.0
2025-11-16 03:00:00,0.0
2025-11-16 04:00:00,0.0
2025-11-16 05:00:00,0.0
2025-11-16 06:00:00,0.0
2025-11-16 07:00:00,0.38548849275101865
2025-11-16 08:00:00,2.410955489581356
2025-11-16 09:00:00,4.064742367275276
2025-11-16 10:00:00,5.2341462831299745
2025-11-16 11:00:00,5.839474292811297
2025-11-16 12:00:00,5.839474292811297
2025-11-16 13:00:00,5.2341462831299745
2025-11-16 14:00:00,4.064742367275276
2025-11-16 15:00:00,2.410955489581356
2025-11-16 16:00:00,0.38548849275101865
2025-11-16 17:00:00,0.0
2025-11-16 18:00:00,0.0
2025-11-16 19:00:00,0.0
2025-11-16 20:00:00,0.0
2025-11-16 21:00:00,0.0
2025-11-16 22:00:00,0.0
2025-11-16 23:00:00,0.0
2025-11-17 00:00:00,0.0
2025-11-17 01:00:00,0.0
2025-11-17 02:00:00,0.0
2025-11-17 03:00:00,0.0
2025-11-17 04:00:00,0.0
2025-11-17 05:00:00,0.0
2025-11-17 06:00:00,0.0
2025-11-17 07:00:00,0.3468699760812901
2025-11-17 08:00:00,2.369530710228737
2025-11-17 09:00:00,4.021026284036892
2025-11-17 10:00:00,5.188810003376206
2025-11-17 11:00:00,5.793299337627548
2025-11-17 12:00:00,5.793299337627548
2025-11-17 13:00:00,5.188810003376206
2025-11-17 14:00:00,4.021026284036892
2025-11-17 15:00:00,2.369530710228737
2025-11-17 16:00:00,0.3468699760812901
2025-11-17 17:00:00,0.0
2025-11-17 18:00:00,0.0
2025-11-17 19:00:00,0.0
2025-11-17 20:00:00,0.0
2025-11-17 21:00:00,0.0
2025-11-17 22:00:00,0.0
2025-11-17 23:00:00,0.0
2025-11-18 00:00:00,0.0
2025-11-18 01:00:00,0.0
2025-11-18 02:00:00,0.0
2025-11-18 03:00:00,0.0
2025-11-18 04:00:00,0.0
2025-11-18 05:00:00,0.0
2025-11-18 06:00:00,0.0
2025-11-18 07:00:00,0.3092457756713315
2025-11-18 08:00:00,2.329143028125015
2025-11-18 09:00:00,3.9783822285787553
2025-11-18 10:00:00,5.144570451018274
2025-11-18 11:00:00,5.74823389530148
2025-11-18 12:00:00,5.74823389530148
2025-11-18 13:00:00,5.144570451018274
2025-11-18 14:00:00,3.9783822285787553
2025-11-18 15:00:00,2.329143028125015
2025-11-18 16:00:00,0.3092457756713315
2025-11-18 17:00:00,0.0
2025-11-18 18:00:00,0.0
2025-11-18 19:00:00,0.0
2025-11-18 20:00:00,0.0
2025-11-18 21:00:00,0.0
2025-11-18 22:00:00,0.0
2025-11-18 23:00:00,0.0
2025-11-19 00:00:00,0.0
2025-11-19 01:00:00,0.0
2025-11-19 02:00:00,0.0
2025-11-19 03:00:00,0.0
2025-11-19 04:00:00,0.0
2025-11-19 05:00:00,0.0
2025-11-19 06:00:00,0.0
2025-11-19 07:00:00,0.2726279714794109
2025-11-19 08:00:00,2.2898077410752724
2025-11-19 09:00:00,3.9368281260668723
2025-11-19 10:00:00,5.10144740904691
2025-11-19 11:00:00,5.704298710504662
2025-11-19 12:00:00,5.704298710504662
2025-11-19 13:00:00,5.10144740904691
2025-11-19 14:00:00,3.9368281260668723
2025-11-19 15:00:00,2.2898077410752724
2025-11-19 16:00:00,0.2726279714794109
2025-11-19 17:00:00,0.0
2025-11-19 18:00:00,0.0
2025-11-19 19:00:00,0.0
2025-11-19 20:00:00,0.0
2025-11-19 21:00:00,0.0
2025-11-19 22:00:00,0.0
2025-11-19 23:00:00,0.0
2025-11-20 00:00:00,0.0
2025-11-20 01:00:00,0.0
2025-11-20 02:00:00,0.0
2025-11-20 03:00:00,0.0
2025-11-20 04:00:00,0.0
2025-11-20 05:00:00,0.0
2025-11-20 06:00:00,0.0
2025-11-20 07:00:00,0.23702825351718423
2025-11-20 08:00:00,2.2515396991497347
2025-11-20 09:00:00,3.896381406748483
2025-11-20 10:00:00,5.0594601321700186
2025-11-20 11:00:00,5.661513982355336
2025-11-20 12:00:00,5.661513982355336
2025-11-20 13:00:00,5.0594601321700186
2025-11-20 14:00:00,3.896381406748483
2025-11-20 15:00:00,2.2515396991497347
2025-11-20 16:00:00,0.23702825351718423
2025-11-20 17:00:00,0.0
2025-11-20 18:00:00,0.0
2025-11-20 19:00:00,0.0
2025-11-20 20:00:00,0.0
2025-11-20 21:00:00,0.0
2025-11-20 22:00:00,0.0
2025-11-20 23:00:00,0.0
2025-11-21 00:00:00,0.0
2025-11-21 01:00:00,0.0
2025-11-21 02:00:00,0.0
2025-11-21 03:00:00,0.0
2025-11-21 04:00:00,0.0
2025-11-21 05:00:00,0.0
2025-11-21 06:00:00,0.0
2025-11-21 07:00:00,0.20245792245164676
2025-11-21 08:00:00,2.2143533018285515
2025-11-21 09:00:00,3.8570590002740843
2025-11-21 10:00:00,5.018627339138706
2025-11-21 11:00:00,5.61989935571123
2025-11-21 12:00:00,5.61989935571123
2025-11-21 13:00:00,5.018627339138706
2025-11-21 14:00:00,3.8570590002740843
2025-11-21 15:00:00,2.2143533018285515
2025-11-21 16:00:00,0.20245792245164676
2025-11-21 17:00:00,0.0
2025-11-21 18:00:00,0.0
2025-11-21 19:00:00,0.0
2025-11-21 20:00:00,0.0
2025-11-21 21:00:00,0.0
2025-11-21 22:00:00,0.0
2025-11-21 23:00:00,0.0
2025-11-22 00:00:00,0.0
2025-11-22 01:00:00,0.0
2025-11-22 02:00:00,0.0
2025-11-22 03:00:00,0.0
2025-11-22 04:00:00,0.0
2025-11-22 05:00:00,0.0
2025-11-22 06:00:00,0.0
2025-11-22 07:00:00,0.1689278904488406
2025-11-22 08:00:00,2.178262495474816
2025-11-22 09:00:00,3.8188773304182875
2025-11-22 10:00:00,4.978967205522064
2025-11-22 11:00:00,5.57947391293699
2025-11-22 12:00:00,5.57947391293699
2025-11-22 13:00:00,4.978967205522064
2025-11-22 14:00:00,3.8188773304182875
2025-11-22 15:00:00,2.178262495474816
2025-11-22 16:00:00,0.1689278904488406
2025-11-22 17:00:00,0.0
2025-11-22 18:00:00,0.0
2025-11-22 19:00:00,0.0
2025-11-22 20:00:00,0.0
2025-11-22 21:00:00,0.0
2025-11-22 22:00:00,0.0
2025-11-22 23:00:00,0.0
2025-11-23 00:00:00,0.0
2025-11-23 01:00:00,0.0
2025-11-23 02:00:00,0.0
2025-11-23 03:00:00,0.0
2025-11-23 04:00:00,0.0
2025-11-23 05:00:00,0.0
2025-11-23 06:00:00,0.0
2025-11-23 07:00:00,0.13644868223990247
2025-11-23 08:00:00,2.143280771118938
2025-11-23 09:00:00,3.7818523101847177
2025-11-23 10:00:00,4.940497356917409
2025-11-23 11:00:00,5.5402561661336485
2025-11-23 12:00:00,5.5402561661336485
2025-11-23 13:00:00,4.940497356917409
2025-11-23 14:00:00,3.7818523101847177
2025-11-23 15:00:00,2.143280771118938
2025-11-23 16:00:00,0.13644868223990247
2025-11-23 17:00:00,0.0
2025-11-23 18:00:00,0.0
2025-11-23 19:00:00,0.0
2025-11-23 20:00:00,0.0
2025-11-23 21:00:00,0.0
2025-11-23 22:00:00,0.0
2025-11-23 23:00:00,0.0
2025-11-24 00:00:00,0.0
2025-11-24 01:00:00,0.0
2025-11-24 02:00:00,0.0
2025-11-24 03:00:00,0.0
2025-11-24 04:00:00,0.0
2025-11-24 05:00:00,0.0
2025-11-24 06:00:00,0.0
2025-11-24 07:00:00,0.10503043639002846
2025-11-24 08:00:00,2.109421162537372
2025-11-24 09:00:00,3.745999337279921
2025-11-24 10:00:00,4.90323486258228
2025-11-24 11:00:00,5.50226404981722
2025-11-24 12:00:00,5.50226404981722
2025-11-24 13:00:00,4.90323486258228
2025-11-24 14:00:00,3.745999337279921
2025-11-24 15:00:00,2.109421162537372
2025-11-24 16:00:00,0.10503043639002846
2025-11-24 17:00:00,0.0
2025-11-24 18:00:00,0.0
2025-11-24 19:00:00,0.0
2025-11-24 20:00:00,0.0
2025-11-24 21:00:00,0.0
2025-11-24 22:00:00,0.0
2025-11-24 23:00:00,0.0
2025-11-25 00:00:00,0.0
2025-11-25 01:00:00,0.0
2025-11-25 02:00:00,0.0
2025-11-25 03:00:00,0.0
2025-11-25 04:00:00,0.0
2025-11-25 05:00:00,0.0
2025-11-25 06:00:00,0.0
2025-11-25 07:00:00,0.07468290675067925
2025-11-25 08:00:00,2.076696244608243
2025-11-25 09:00:00,3.711333289940648
2025-11-25 10:00:00,4.867196229473935
2025-11-25 11:00:00,5.46551491403273
2025-11-25 12:00:00,5.46551491403273
2025-11-25 13:00:00,4.867196229473935
2025-11-25 14:00:00,3.711333289940648
2025-11-25 15:00:00,2.076696244608243
2025-11-25 16:00:00,0.07468290675067925
2025-11-25 17:00:00,0.0
2025-11-25 18:00:00,0.0
2025-11-25 19:00:00,0.0
2025-11-25 20:00:00,0.0
2025-11-25 21:00:00,0.0
2025-11-25 22:00:00,0.0
2025-11-25 23:00:00,0.0
2025-11-26 00:00:00,0.0
2025-11-26 01:00:00,0.0
2025-11-26 02:00:00,0.0
2025-11-26 03:00:00,0.0
2025-11-26 04:00:00,0.0
2025-11-26 05:00:00,0.0
2025-11-26 06:00:00,0.0
2025-11-26 07:00:00,0.0454154640753533
2025-11-26 08:00:00,2.0451181319263045
2025-11-26 09:00:00,3.6778685230986587
2025-11-26 10:00:00,4.8323973966816185
2025-11-26 11:00:00,5.43002551788968
2025-11-26 12:00:00,5.43002551788968
2025-11-26 13:00:00,4.8323973966816185
2025-11-26 14:00:00,3.6778685230986587
2025-11-26 15:00:00,2.0451181319263045
2025-11-26 16:00:00,0.0454154640753533
2025-11-26 17:00:00,0.0
2025-11-26 18:00:00,0.0
2025-11-26 19:00:00,0.0
2025-11-26 20:00:00,0.0
2025-11-26 21:00:00,0.0
2025-11-26 22:00:00,0.0
2025-11-26 23:00:00,0.0
2025-11-27 00:00:00,0.0
2025-11-27 01:00:00,0.0
2025-11-27 02:00:00,0.0
2025-11-27 03:00:00,0.0
2025-11-27 04:00:00,0.0
2025-11-27 05:00:00,0.0
2025-11-27 06:00:00,0.0
2025-11-27 07:00:00,0.01723709777933101
2025-11-27 08:00:00,2.014698477659571
2025-11-27 09:00:00,3.6456188648669654
2025-11-27 10:00:00,4.7988537302367025
2025-11-27 11:00:00,5.395812023504562
2025-11-27 12:00:00,5.395812023504562
2025-11-27 13:00:00,4.7988537302367025
2025-11-27 14:00:00,3.6456188648669654
2025-11-27 15:00:00,2.014698477659571
2025-11-27 16:00:00,0.01723709777933101
2025-11-27 17:00:00,0.0
2025-11-27 18:00:00,0.0
2025-11-27 19:00:00,0.0
2025-11-27 20:00:00,0.0
2025-11-27 21:00:00,0.0
2025-11-27 22:00:00,0.0
2025-11-27 23:00:00,0.0
2025-11-28 00:00:00,0.0
2025-11-28 01:00:00,0.0
2025-11-28 02:00:00,0.0
2025-11-28 03:00:00,0.0
2025-11-28 04:00:00,0.0
2025-11-28 05:00:00,0.0
2025-11-28 06:00:00,0.0
2025-11-28 07:00:00,0.0
2025-11-28 08:00:00,1.9854484726297914
2025-11-28 09:00:00,3.6145976133311635
2025-11-28 10:00:00,4.76658001828534
2025-11-28 11:00:00,5.3628899903356295
2025-11-28 12:00:00,5.3628899903356295
2025-11-28 13:00:00,4.76658001828534
2025-11-28 14:00:00,3.6145976133311635
2025-11-28 15:00:00,1.9854484726297914
2025-11-28 16:00:00,0.0
2025-11-28 17:00:00,0.0
2025-11-28 18:00:00,0.0
2025-11-28 19:00:00,0.0
2025-11-28 20:00:00,0.0
2025-11-28 21:00:00,0.0
2025-11-28 22:00:00,0.0
2025-11-28 23:00:00,0.0
2025-11-29 00:00:00,0.0
2025-11-29 01:00:00,0.0
2025-11-29 02:00:00,0.0
2025-11-29 03:00:00,0.0
2025-11-29 04:00:00,0.0
2025-11-29 05:00:00,0.0
2025-11-29 06:00:00,0.0
2025-11-29 07:00:00,0.0
2025-11-29 08:00:00,1.957378844599083
2025-11-29 09:00:00,3.584817533629517
2025-11-29 10:00:00,4.735590466608282
2025-11-29 11:00:00,5.3312743698950635
2025-11-29 12:00:00,5.3312743698950635
2025-11-29 13:00:00,4.735590466608282
2025-11-29 14:00:00,3.584817533629517
2025-11-29 15:00:00,1.957378844599083
2025-11-29 16:00:00,0.0
2025-11-29 17:00:00,0.0
2025-11-29 18:00:00,0.0
2025-11-29 19:00:00,0.0
2025-11-29 20:00:00,0.0
2025-11-29 21:00:00,0.0
2025-11-29 22:00:00,0.0
2025-11-29 23:00:00,0.0
2025-11-30 00:00:00,0.0
2025-11-30 01:00:00,0.0
2025-11-30 02:00:00,0.0
2025-11-30 03:00:00,0.0
2025-11-30 04:00:00,0.0
2025-11-30 05:00:00,0.0
2025-11-30 06:00:00,0.0
2025-11-30 07:00:00,0.0
2025-11-30 08:00:00,1.9304998577450023
2025-11-30 09:00:00,3.55629085530533
2025-11-30 10:00:00,4.705898694472277
2025-11-30 11:00:00,5.3009795008234
2025-11-30 12:00:00,5.3009795008234
2025-11-30 13:00:00,4.705898694472277
2025-11-30 14:00:00,3.55629085530533
2025-11-30 15:00:00,1.9304998577450023
2025-11-30 16:00:00,0.0
2025-11-30 17:00:00,0.0
2025-11-30 18:00:00,0.0
2025-11-30 19:00:00,0.0
2025-11-30 20:00:00,0.0
2025-11-30 21:00:00,0.0
2025-11-30 22:00:00,0.0
2025-11-30 23:00:00,0.0
2025-12-01 00:00:00,0.0
2025-12-01 01:00:00,0.0
2025-12-01 02:00:00,0.0
2025-12-01 03:00:00,0.0
2025-12-01 04:00:00,0.0
2025-12-01 05:00:00,0.0
2025-12-01 06:00:00,0.0
2025-12-01 07:00:00,0.0
2025-12-01 08:00:00,1.5873510935888302
2025-12-01 09:00:00,2.9408577249293946
2025-12-01 10:00:00,3.897931442331268
2025-12-01 11:00:00,4.393349253592612
2025-12-01 12:00:00,4.393349253592612
2025-12-01 13:00:00,3.897931442331268
2025-12-01 14:00:00,2.9408577249293946
2025-12-01 15:00:00,1.5873510935888302
2025-12-01 16:00:00,0.0
2025-12-01 17:00:00,0.0
2025-12-01 18:00:00,0.0
2025-12-01 19:00:00,0.0
2025-12-01 20:00:00,0.0
2025-12-01 21:00:00,0.0
2025-12-01 22:00:00,0.0
2025-12-01 23:00:00,0.0
2025-12-02 00:00:00,0.0
2025-12-02 01:00:00,0.0
2025-12-02 02:00:00,0.0
2025-12-02 03:00:00,0.0
2025-12-02 04:00:00,0.0
2025-12-02 05:00:00,0.0
2025-12-02 06:00:00,0.0
2025-12-02 07:00:00,0.0
2025-12-02 08:00:00,1.5669604536534094
2025-12-02 09:00:00,2.91920327406452
2025-12-02 10:00:00,3.8753833421880386
2025-12-02 11:00:00,4.370338566543624
2025-12-02 12:00:00,4.370338566543624
2025-12-02 13:00:00,3.8753833421880386
2025-12-02 14:00:00,2.91920327406452
2025-12-02 15:00:00,1.5669604536534094
2025-12-02 16:00:00,0.0
2025-12-02 17:00:00,0.0
2025-12-02 18:00:00,0.0
2025-12-02 19:00:00,0.0
2025-12-02 20:00:00,0.0
2025-12-02 21:00:00,0.0
2025-12-02 22:00:00,0.0
2025-12-02 23:00:00,0.0
2025-12-03 00:00:00,0.0
2025-12-03 01:00:00,0.0
2025-12-03 02:00:00,0.0
2025-12-03 03:00:00,0.0
2025-12-03 04:00:00,0.0
2025-12-03 05:00:00,0.0
2025-12-03 06:00:00,0.0
2025-12-03 07:00:00,0.0
2025-12-03 08:00:00,1.547585354896022
2025-12-03 09:00:00,2.8986212012857595
2025-12-03 10:00:00,3.853947809894049
2025-12-03 11:00:00,4.348461251096104
2025-12-03 12:00:00,4.348461251096104
2025-12-03 13:00:00,3.853947809894049
2025-12-03 14:00:00,2.8986212012857595
2025-12-03 15:00:00,1.547585354896022
2025-12-03 16:00:00,0.0
2025-12-03 17:00:00,0.0
2025-12-03 18:00:00,0.0
2025-12-03 19:00:00,0.0
2025-12-03 20:00:00,0.0
2025-12-03 21:00:00,0.0
2025-12-03 22:00:00,0.0
2025-12-03 23:00:00,0.0
2025-12-04 00:00:00,0.0
2025-12-04 01:00:00,0.0
2025-12-04 02:00:00,0.0
2025-12-04 03:00:00,0.0
2025-12-04 04:00:00,0.0
2025-12-04 05:00:00,0.0
2025-12-04 06:00:00,0.0
2025-12-04 07:00:00,0.0
2025-12-04 08:00:00,1.5292328037763048
2025-12-04 09:00:00,2.879119894562861
2025-12-04 10:00:00,3.833634210294213
2025-12-04 11:00:00,4.327727177762763
2025-12-04 12:00:00,4.327727177762763
2025-12-04 13:00:00,3.833634210294213
2025-12-04 14:00:00,2.879119894562861
2025-12-04 15:00:00,1.5292328037763048
2025-12-04 16:00:00,0.0
2025-12-04 17:00:00,0.0
2025-12-04 18:00:00,0.0
2025-12-04 19:00:00,0.0
2025-12-04 20:00:00,0.0
2025-12-04 21:00:00,0.0
2025-12-04 22:00:00,0.0
2025-12-04 23:00:00,0.0
2025-12-05 00:00:00,0.0
2025-12-05 01:00:00,0.0
2025-12-05 02:00:00,0.0
2025-12-05 03:00:00,0.0
2025-12-05 04:00:00,0.0
2025-12-05 05:00:00,0.0
2025-12-05 06:00:00,0.0
2025-12-05 07:00:00,0.0
2025-12-05 08:00:00,1.5119094200987606
2025-12-05 09:00:00,2.860707287435931
2025-12-05 10:00:00,3.8144514058799994
2025-12-05 11:00:00,4.308145689895676
2025-12-05 12:00:00,4.308145689895676
2025-12-05 13:00:00,3.8144514058799994
2025-12-05 14:00:00,2.860707287435931
2025-12-05 15:00:00,1.5119094200987606
2025-12-05 16:00:00,0.0
2025-12-05 17:00:00,0.0
2025-12-05 18:00:00,0.0
2025-12-05 19:00:00,0.0
2025-12-05 20:00:00,0.0
2025-12-05 21:00:00,0.0
2025-12-05 22:00:00,0.0
2025-12-05 23:00:00,0.0
2025-12-06 00:00:00,0.0
2025-12-06 01:00:00,0.0
2025-12-06 02:00:00,0.0
2025-12-06 03:00:00,0.0
2025-12-06 04:00:00,0.0
2025-12-06 05:00:00,0.0
2025-12-06 06:00:00,0.0
2025-12-06 07:00:00,0.0
2025-12-06 08:00:00,1.4956214372193894
2025-12-06 09:00:00,2.8433908578897586
2025-12-06 10:00:00,3.7964077547216406
2025-12-06 11:00:00,4.289725601130831
2025-12-06 12:00:00,4.289725601130831
2025-12-06 13:00:00,3.7964077547216406
2025-12-06 14:00:00,2.8433908578897586
2025-12-06 15:00:00,1.4956214372193894
2025-12-06 16:00:00,0.0
2025-12-06 17:00:00,0.0
2025-12-06 18:00:00,0.0
2025-12-06 19:00:00,0.0
2025-12-06 20:00:00,0.0
2025-12-06 21:00:00,0.0
2025-12-06 22:00:00,0.0
2025-12-06 23:00:00,0.0
2025-12-07 00:00:00,0.0
2025-12-07 01:00:00,0.0
2025-12-07 02:00:00,0.0
2025-12-07 03:00:00,0.0
2025-12-07 04:00:00,0.0
2025-12-07 05:00:00,0.0
2025-12-07 06:00:00,0.0
2025-12-07 07:00:00,0.0
2025-12-07 08:00:00,1.4803747023128262
2025-12-07 09:00:00,2.8271776273636178
2025-12-07 10:00:00,3.7795111085889106
2025-12-07 11:00:00,4.27247519304869
2025-12-07 12:00:00,4.27247519304869
2025-12-07 13:00:00,3.7795111085889106
2025-12-07 14:00:00,2.8271776273636178
2025-12-07 15:00:00,1.4803747023128262
2025-12-07 16:00:00,0.0
2025-12-07 17:00:00,0.0
2025-12-07 18:00:00,0.0
2025-12-07 19:00:00,0.0
2025-12-07 20:00:00,0.0
2025-12-07 21:00:00,0.0
2025-12-07 22:00:00,0.0
2025-12-07 23:00:00,0.0
2025-12-08 00:00:00,0.0
2025-12-08 01:00:00,0.0
2025-12-08 02:00:00,0.0
2025-12-08 03:00:00,0.0
2025-12-08 04:00:00,0.0
2025-12-08 05:00:00,0.0
2025-12-08 06:00:00,0.0
2025-12-08 07:00:00,0.0
2025-12-08 08:00:00,1.4661746766878134
2025-12-08 09:00:00,2.8120741598849204
2025-12-08 10:00:00,3.763768811249064
2025-12-08 11:00:00,4.256402213039552
2025-12-08 12:00:00,4.256402213039552
2025-12-08 13:00:00,3.763768811249064
2025-12-08 14:00:00,2.8120741598849204
2025-12-08 15:00:00,1.4661746766878134
2025-12-08 16:00:00,0.0
2025-12-08 17:00:00,0.0
2025-12-08 18:00:00,0.0
2025-12-08 19:00:00,0.0
2025-12-08 20:00:00,0.0
2025-12-08 21:00:00,0.0
2025-12-08 22:00:00,0.0
2025-12-08 23:00:00,0.0
2025-12-09 00:00:00,0.0
2025-12-09 01:00:00,0.0
2025-12-09 02:00:00,0.0
2025-12-09 03:00:00,0.0
2025-12-09 04:00:00,0.0
2025-12-09 05:00:00,0.0
2025-12-09 06:00:00,0.0
2025-12-09 07:00:00,0.0
2025-12-09 08:00:00,1.4530264361392327
2025-12-09 09:00:00,2.798086561315303
2025-12-09 10:00:00,3.7491876969309286
2025-12-09 11:00:00,4.241513872362848
2025-12-09 12:00:00,4.241513872362848
2025-12-09 13:00:00,3.7491876969309286
2025-12-09 14:00:00,2.798086561315303
2025-12-09 15:00:00,1.4530264361392327
2025-12-09 16:00:00,0.0
2025-12-09 17:00:00,0.0
2025-12-09 18:00:00,0.0
2025-12-09 19:00:00,0.0
2025-12-09 20:00:00,0.0
2025-12-09 21:00:00,0.0
2025-12-09 22:00:00,0.0
2025-12-09 23:00:00,0.0
2025-12-10 00:00:00,0.0
2025-12-10 01:00:00,0.0
2025-12-10 02:00:00,0.0
2025-12-10 03:00:00,0.0
2025-12-10 04:00:00,0.0
2025-12-10 05:00:00,0.0
2025-12-10 06:00:00,0.0
2025-12-10 07:00:00,0.0
2025-12-10 08:00:00,1.4409346713255937
2025-12-10 09:00:00,2.785220478698471
2025-12-10 10:00:00,3.735774088944666
2025-12-10 11:00:00,4.227816844390014
2025-12-10 12:00:00,4.227816844390014
2025-12-10 13:00:00,3.735774088944666
2025-12-10 14:00:00,2.785220478698471
2025-12-10 15:00:00,1.4409346713255937
2025-12-10 16:00:00,0.0
2025-12-10 17:00:00,0.0
2025-12-10 18:00:00,0.0
2025-12-10 19:00:00,0.0
2025-12-10 20:00:00,0.0
2025-12-10 21:00:00,0.0
2025-12-10 22:00:00,0.0
2025-12-10 23:00:00,0.0
2025-12-11 00:00:00,0.0
2025-12-11 01:00:00,0.0
2025-12-11 02:00:00,0.0
2025-12-11 03:00:00,0.0
2025-12-11 04:00:00,0.0
2025-12-11 05:00:00,0.0
2025-12-11 06:00:00,0.0
2025-12-11 07:00:00,0.0
2025-12-11 08:00:00,1.4299036881614016
2025-12-11 09:00:00,2.7734810996995134
2025-12-11 10:00:00,3.7235337984471797
2025-12-11 11:00:00,4.215317263021068
2025-12-11 12:00:00,4.215317263021068
2025-12-11 13:00:00,3.7235337984471797
2025-12-11 14:00:00,2.7734810996995134
2025-12-11 15:00:00,1.4299036881614016
2025-12-11 16:00:00,0.0
2025-12-11 17:00:00,0.0
2025-12-11 18:00:00,0.0
2025-12-11 19:00:00,0.0
2025-12-11 20:00:00,0.0
2025-12-11 21:00:00,0.0
2025-12-11 22:00:00,0.0
2025-12-11 23:00:00,0.0
2025-12-12 00:00:00,0.0
2025-12-12 01:00:00,0.0
2025-12-12 02:00:00,0.0
2025-12-12 03:00:00,0.0
2025-12-12 04:00:00,0.0
2025-12-12 05:00:00,0.0
2025-12-12 06:00:00,0.0
2025-12-12 07:00:00,0.0
2025-12-12 08:00:00,1.4199374082145564
2025-12-12 09:00:00,2.762873152126162
2025-12-12 10:00:00,3.7124721233438596
2025-12-12 11:00:00,4.20402072126566
2025-12-12 12:00:00,4.20402072126566
2025-12-12 13:00:00,3.7124721233438596
2025-12-12 14:00:00,2.762873152126162
2025-12-12 15:00:00,1.4199374082145564
2025-12-12 16:00:00,0.0
2025-12-12 17:00:00,0.0
2025-12-12 18:00:00,0.0
2025-12-12 19:00:00,0.0
2025-12-12 20:00:00,0.0
2025-12-12 21:00:00,0.0
2025-12-12 22:00:00,0.0
2025-12-12 23:00:00,0.0
2025-12-13 00:00:00,0.0
2025-12-13 01:00:00,0.0
2025-12-13 02:00:00,0.0
2025-12-13 03:00:00,0.0
2025-12-13 04:00:00,0.0
2025-12-13 05:00:00,0.0
2025-12-13 06:00:00,0.0
2025-12-13 07:00:00,0.0
2025-12-13 08:00:00,1.411039369099518
2025-12-13 09:00:00,2.7534009035229823
2025-12-13 10:00:00,3.702593847317794
2025-12-13 11:00:00,4.193932269979842
2025-12-13 12:00:00,4.193932269979842
2025-12-13 13:00:00,3.702593847317794
2025-12-13 14:00:00,2.7534009035229823
2025-12-13 15:00:00,1.411039369099518
2025-12-13 16:00:00,0.0
2025-12-13 17:00:00,0.0
2025-12-13 18:00:00,0.0
2025-12-13 19:00:00,0.0
2025-12-13 20:00:00,0.0
2025-12-13 21:00:00,0.0
2025-12-13 22:00:00,0.0
2025-12-13 23:00:00,0.0
2025-12-14 00:00:00,0.0
2025-12-14 01:00:00,0.0
2025-12-14 02:00:00,0.0
2025-12-14 03:00:00,0.0
2025-12-14 04:00:00,0.0
2025-12-14 05:00:00,0.0
2025-12-14 06:00:00,0.0
2025-12-14 07:00:00,0.0
2025-12-14 08:00:00,1.4032127248577853
2025-12-14 09:00:00,2.7450681608302356
2025-12-14 10:00:00,3.693903238978386
2025-12-14 11:00:00,4.185056416750547
2025-12-14 12:00:00,4.185056416750547
2025-12-14 13:00:00,3.693903238978386
2025-12-14 14:00:00,2.7450681608302356
2025-12-14 15:00:00,1.4032127248577853
2025-12-14 16:00:00,0.0
2025-12-14 17:00:00,0.0
2025-12-14 18:00:00,0.0
2025-12-14 19:00:00,0.0
2025-12-14 20:00:00,0.0
2025-12-14 21:00:00,0.0
2025-12-14 22:00:00,0.0
2025-12-14 23:00:00,0.0
2025-12-15 00:00:00,0.0
2025-12-15 01:00:00,0.0
2025-12-15 02:00:00,0.0
2025-12-15 03:00:00,0.0
2025-12-15 04:00:00,0.0
2025-12-15 05:00:00,0.0
2025-12-15 06:00:00,0.0
2025-12-15 07:00:00,0.0
2025-12-15 08:00:00,1.3964602463178901
2025-12-15 09:00:00,2.737878270099841
2025-12-15 10:00:00,3.686404051121915
2025-12-15 11:00:00,4.177397124920428
2025-12-15 12:00:00,4.177397124920428
2025-12-15 13:00:00,3.686404051121915
2025-12-15 14:00:00,2.737878270099841
2025-12-15 15:00:00,1.3964602463178901
2025-12-15 16:00:00,0.0
2025-12-15 17:00:00,0.0
2025-12-15 18:00:00,0.0
2025-12-15 19:00:00,0.0
2025-12-15 20:00:00,0.0
2025-12-15 21:00:00,0.0
2025-12-15 22:00:00,0.0
2025-12-15 23:00:00,0.0
2025-12-16 00:00:00,0.0
2025-12-16 01:00:00,0.0
2025-12-16 02:00:00,0.0
2025-12-16 03:00:00,0.0
2025-12-16 04:00:00,0.0
2025-12-16 05:00:00,0.0
2025-12-16 06:00:00,0.0
2025-12-16 07:00:00,0.0
2025-12-16 08:00:00,1.3907843214279365
2025-12-16 09:00:00,2.7318341162616044
2025-12-16 10:00:00,3.6800995200973188
2025-12-16 11:00:00,4.170957812746349
2025-12-16 12:00:00,4.170957812746349
2025-12-16 13:00:00,3.6800995200973188
2025-12-16 14:00:00,2.7318341162616044
2025-12-16 15:00:00,1.3907843214279365
2025-12-16 16:00:00,0.0
2025-12-16 17:00:00,0.0
2025-12-16 18:00:00,0.0
2025-12-16 19:00:00,0.0
2025-12-16 20:00:00,0.0
2025-12-16 21:00:00,0.0
2025-12-16 22:00:00,0.0
2025-12-16 23:00:00,0.0
2025-12-17 00:00:00,0.0
2025-12-17 01:00:00,0.0
2025-12-17 02:00:00,0.0
2025-12-17 03:00:00,0.0
2025-12-17 04:00:00,0.0
2025-12-17 05:00:00,0.0
2025-12-17 06:00:00,0.0
2025-12-17 07:00:00,0.0
2025-12-17 08:00:00,1.386186955554473
2025-12-17 09:00:00,2.726938122933649
2025-12-17 10:00:00,3.6749923652712426
2025-12-17 11:00:00,4.165741352685663
2025-12-17 12:00:00,4.165741352685663
2025-12-17 13:00:00,3.6749923652712426
2025-12-17 14:00:00,2.726938122933649
2025-12-17 15:00:00,1.386186955554473
2025-12-17 16:00:00,0.0
2025-12-17 17:00:00,0.0
2025-12-17 18:00:00,0.0
2025-12-17 19:00:00,0.0
2025-12-17 20:00:00,0.0
2025-12-17 21:00:00,0.0
2025-12-17 22:00:00,0.0
2025-12-17 23:00:00,0.0
2025-12-18 00:00:00,0.0
2025-12-18 01:00:00,0.0
2025-12-18 02:00:00,0.0
2025-12-18 03:00:00,0.0
2025-12-18 04:00:00,0.0
2025-12-18 05:00:00,0.0
2025-12-18 06:00:00,0.0
2025-12-18 07:00:00,0.0
2025-12-18 08:00:00,1.3826697717423206
2025-12-18 09:00:00,2.7231922522717817
2025-12-18 10:00:00,3.671084788587176
2025-12-18 11:00:00,4.1617500708050885
2025-12-18 12:00:00,4.1617500708050885
2025-12-18 13:00:00,3.671084788587176
2025-12-18 14:00:00,2.7231922522717817
2025-12-18 15:00:00,1.3826697717423206
2025-12-18 16:00:00,0.0
2025-12-18 17:00:00,0.0
2025-12-18 18:00:00,0.0
2025-12-18 19:00:00,0.0
2025-12-18 20:00:00,0.0
2025-12-18 21:00:00,0.0
2025-12-18 22:00:00,0.0
2025-12-18 23:00:00,0.0
2025-12-19 00:00:00,0.0
2025-12-19 01:00:00,0.0
2025-12-19 02:00:00,0.0
2025-12-19 03:00:00,0.0
2025-12-19 04:00:00,0.0
2025-12-19 05:00:00,0.0
2025-12-19 06:00:00,0.0
2025-12-19 07:00:00,0.0
2025-12-19 08:00:00,1.3802340109307885
2025-12-19 09:00:00,2.720598004853317
2025-12-19 10:00:00,3.6683784742142205
2025-12-19 11:00:00,4.158985746307837
2025-12-19 12:00:00,4.158985746307837
2025-12-19 13:00:00,3.6683784742142205
2025-12-19 14:00:00,2.720598004853317
2025-12-19 15:00:00,1.3802340109307885
2025-12-19 16:00:00,0.0
2025-12-19 17:00:00,0.0
2025-12-19 18:00:00,0.0
2025-12-19 19:00:00,0.0
2025-12-19 20:00:00,0.0
2025-12-19 21:00:00,0.0
2025-12-19 22:00:00,0.0
2025-12-19 23:00:00,0.0
2025-12-20 00:00:00,0.0
2025-12-20 01:00:00,0.0
2025-12-20 02:00:00,0.0
2025-12-20 03:00:00,0.0
2025-12-20 04:00:00,0.0
2025-12-20 05:00:00,0.0
2025-12-20 06:00:00,0.0
2025-12-20 07:00:00,0.0
2025-12-20 08:00:00,1.378880532122589
2025-12-20 09:00:00,2.7191564195917377
2025-12-20 10:00:00,3.666874588281992
2025-12-20 11:00:00,4.157449611175433
2025-12-20 12:00:00,4.157449611175433
2025-12-20 13:00:00,3.666874588281992
2025-12-20 14:00:00,2.7191564195917377
2025-12-20 15:00:00,1.378880532122589
2025-12-20 16:00:00,0.0
2025-12-20 17:00:00,0.0
2025-12-20 18:00:00,0.0
2025-12-20 19:00:00,0.0
2025-12-20 20:00:00,0.0
2025-12-20 21:00:00,0.0
2025-12-20 22:00:00,0.0
2025-12-20 23:00:00,0.0
2025-12-21 00:00:00,0.0
2025-12-21 01:00:00,0.0
2025-12-21 02:00:00,0.0
2025-12-21 03:00:00,0.0
2025-12-21 04:00:00,0.0
2025-12-21 05:00:00,0.0
2025-12-21 06:00:00,0.0
2025-12-21 07:00:00,0.0
2025-12-21 08:00:00,1.3786098125025843
2025-12-21 09:00:00,2.718868073679399
2025-12-21 10:00:00,3.666573778698816
2025-12-21 11:00:00,4.157142349921489
2025-12-21 12:00:00,4.157142349921489
2025-12-21 13:00:00,3.666573778698816
2025-12-21 14:00:00,2.718868073679399
2025-12-21 15:00:00,1.3786098125025843
2025-12-21 16:00:00,0.0
2025-12-21 17:00:00,0.0
2025-12-21 18:00:00,0.0
2025-12-21 19:00:00,0.0
2025-12-21 20:00:00,0.0
2025-12-21 21:00:00,0.0
2025-12-21 22:00:00,0.0
2025-12-21 23:00:00,0.0
2025-12-22 00:00:00,0.0
2025-12-22 01:00:00,0.0
2025-12-22 02:00:00,0.0
2025-12-22 03:00:00,0.0
2025-12-22 04:00:00,0.0
2025-12-22 05:00:00,0.0
2025-12-22 06:00:00,0.0
2025-12-22 07:00:00,0.0
2025-12-22 08:00:00,1.3794219475044018
2025-12-22 09:00:00,2.719733082556316
2025-12-22 10:00:00,3.6674761750513634
2025-12-22 11:00:00,4.158064099455521
2025-12-22 12:00:00,4.158064099455521
2025-12-22 13:00:00,3.6674761750513634
2025-12-22 14:00:00,2.719733082556316
2025-12-22 15:00:00,1.3794219475044018
2025-12-22 16:00:00,0.0
2025-12-22 17:00:00,0.0
2025-12-22 18:00:00,0.0
2025-12-22 19:00:00,0.0
2025-12-22 20:00:00,0.0
2025-12-22 21:00:00,0.0
2025-12-22 22:00:00,0.0
2025-12-22 23:00:00,0.0
2025-12-23 00:00:00,0.0
2025-12-23 01:00:00,0.0
2025-12-23 02:00:00,0.0
2025-12-23 03:00:00,0.0
2025-12-23 04:00:00,0.0
2025-12-23 05:00:00,0.0
2025-12-23 06:00:00,0.0
2025-12-23 07:00:00,0.0
2025-12-23 08:00:00,1.3813166508238097
2025-12-23 09:00:00,2.721751099903982
2025-12-23 10:00:00,3.669581388584625
2025-12-23 11:00:00,4.160214449055766
2025-12-23 12:00:00,4.160214449055766
2025-12-23 13:00:00,3.669581388584625
2025-12-23 14:00:00,2.721751099903982
2025-12-23 15:00:00,1.3813166508238097
2025-12-23 16:00:00,0.0
2025-12-23 17:00:00,0.0
2025-12-23 18:00:00,0.0
2025-12-23 19:00:00,0.0
2025-12-23 20:00:00,0.0
2025-12-23 21:00:00,0.0
2025-12-23 22:00:00,0.0
2025-12-23 23:00:00,0.0
2025-12-24 00:00:00,0.0
2025-12-24 01:00:00,0.0
2025-12-24 02:00:00,0.0
2025-12-24 03:00:00,0.0
2025-12-24 04:00:00,0.0
2025-12-24 05:00:00,0.0
2025-12-24 06:00:00,0.0
2025-12-24 07:00:00,0.0
2025-12-24 08:00:00,1.3842932543786453
2025-12-24 09:00:00,2.7249213176639824
2025-12-24 10:00:00,3.672888512262031
2025-12-24 11:00:00,4.163592440450795
2025-12-24 12:00:00,4.163592440450795
2025-12-24 13:00:00,3.672888512262031
2025-12-24 14:00:00,2.7249213176639824
2025-12-24 15:00:00,1.3842932543786453
2025-12-24 16:00:00,0.0
2025-12-24 17:00:00,0.0
2025-12-24 18:00:00,0.0
2025-12-24 19:00:00,0.0
2025-12-24 20:00:00,0.0
2025-12-24 21:00:00,0.0
2025-12-24 22:00:00,0.0
2025-12-24 23:00:00,0.0
2025-12-25 00:00:00,0.0
2025-12-25 01:00:00,0.0
2025-12-25 02:00:00,0.0
2025-12-25 03:00:00,0.0
2025-12-25 04:00:00,0.0
2025-12-25 05:00:00,0.0
2025-12-25 06:00:00,0.0
2025-12-25 07:00:00,0.0
2025-12-25 08:00:00,1.3883507082159343
2025-12-25 09:00:00,2.7292424660820616
2025-12-25 10:00:00,3.6773961209063484
2025-12-25 11:00:00,4.168196568010524
2025-12-25 12:00:00,4.168196568010524
2025-12-25 13:00:00,3.6773961209063484
2025-12-25 14:00:00,2.7292424660820616
2025-12-25 15:00:00,1.3883507082159343
2025-12-25 16:00:00,0.0
2025-12-25 17:00:00,0.0
2025-12-25 18:00:00,0.0
2025-12-25 19:00:00,0.0
2025-12-25 20:00:00,0.0
2025-12-25 21:00:00,0.0
2025-12-25 22:00:00,0.0
2025-12-25 23:00:00,0.0
2025-12-26 00:00:00,0.0
2025-12-26 01:00:00,0.0
2025-12-26 02:00:00,0.0
2025-12-26 03:00:00,0.0
2025-12-26 04:00:00,0.0
2025-12-26 05:00:00,0.0
2025-12-26 06:00:00,0.0
2025-12-26 07:00:00,0.0
2025-12-26 08:00:00,1.3934875803677533
2025-12-26 09:00:00,2.734712813779134
2025-12-26 10:00:00,3.6831022714228303
2025-12-26 11:00:00,4.174024779048108
2025-12-26 12:00:00,4.174024779048108
2025-12-26 13:00:00,3.6831022714228303
2025-12-26 14:00:00,2.734712813779134
2025-12-26 15:00:00,1.3934875803677533
2025-12-26 16:00:00,0.0
2025-12-26 17:00:00,0.0
2025-12-26 18:00:00,0.0
2025-12-26 19:00:00,0.0
2025-12-26 20:00:00,0.0
2025-12-26 21:00:00,0.0
2025-12-26 22:00:00,0.0
2025-12-26 23:00:00,0.0
2025-12-27 00:00:00,0.0
2025-12-27 01:00:00,0.0
2025-12-27 02:00:00,0.0
2025-12-27 03:00:00,0.0
2025-12-27 04:00:00,0.0
2025-12-27 05:00:00,0.0
2025-12-27 06:00:00,0.0
2025-12-27 07:00:00,0.0
2025-12-27 08:00:00,1.3997020566582725
2025-12-27 09:00:00,2.7413301678516584
2025-12-27 10:00:00,3.690004503107002
2025-12-27 11:00:00,4.181074474235115
2025-12-27 12:00:00,4.181074474235115
2025-12-27 13:00:00,3.690004503107002
2025-12-27 14:00:00,2.7413301678516584
2025-12-27 15:00:00,1.3997020566582725
2025-12-27 16:00:00,0.0
2025-12-27 17:00:00,0.0
2025-12-27 18:00:00,0.0
2025-12-27 19:00:00,0.0
2025-12-27 20:00:00,0.0
2025-12-27 21:00:00,0.0
2025-12-27 22:00:00,0.0
2025-12-27 23:00:00,0.0
2025-12-28 00:00:00,0.0
2025-12-28 01:00:00,0.0
2025-12-28 02:00:00,0.0
2025-12-28 03:00:00,0.0
2025-12-28 04:00:00,0.0
2025-12-28 05:00:00,0.0
2025-12-28 06:00:00,0.0
2025-12-28 07:00:00,0.0
2025-12-28 08:00:00,1.406991940465198
2025-12-28 09:00:00,2.7490918740045203
2025-12-28 10:00:00,3.6980998380401897
2025-12-28 11:00:00,4.189342508132988
2025-12-28 12:00:00,4.189342508132988
2025-12-28 13:00:00,3.6980998380401897
2025-12-28 14:00:00,2.7490918740045203
2025-12-28 15:00:00,1.406991940465198
2025-12-28 16:00:00,0.0
2025-12-28 17:00:00,0.0
2025-12-28 18:00:00,0.0
2025-12-28 19:00:00,0.0
2025-12-28 20:00:00,0.0
2025-12-28 21:00:00,0.0
2025-12-28 22:00:00,0.0
2025-12-28 23:00:00,0.0
2025-12-29 00:00:00,0.0
2025-12-29 01:00:00,0.0
2025-12-29 02:00:00,0.0
2025-12-29 03:00:00,0.0
2025-12-29 04:00:00,0.0
2025-12-29 05:00:00,0.0
2025-12-29 06:00:00,0.0
2025-12-29 07:00:00,0.0
2025-12-29 08:00:00,1.4153546524398126
2025-12-29 09:00:00,2.757994816720532
2025-12-29 10:00:00,3.7073847815768475
2025-12-29 11:00:00,4.198825189844904
2025-12-29 12:00:00,4.198825189844904
2025-12-29 13:00:00,3.7073847815768475
2025-12-29 14:00:00,2.757994816720532
2025-12-29 15:00:00,1.4153546524398126
2025-12-29 16:00:00,0.0
2025-12-29 17:00:00,0.0
2025-12-29 18:00:00,0.0
2025-12-29 19:00:00,0.0
2025-12-29 20:00:00,0.0
2025-12-29 21:00:00,0.0
2025-12-29 22:00:00,0.0
2025-12-29 23:00:00,0.0
2025-12-30 00:00:00,0.0
2025-12-30 01:00:00,0.0
2025-12-30 02:00:00,0.0
2025-12-30 03:00:00,0.0
2025-12-30 04:00:00,0.0
2025-12-30 05:00:00,0.0
2025-12-30 06:00:00,0.0
2025-12-30 07:00:00,0.0
2025-12-30 08:00:00,1.424787230190538
2025-12-30 09:00:00,2.7680354194713885
2025-12-30 10:00:00,3.7178553229284286
2025-12-30 11:00:00,4.209518283792669
2025-12-30 12:00:00,4.209518283792669
2025-12-30 13:00:00,3.7178553229284286
2025-12-30 14:00:00,2.7680354194713885
2025-12-30 15:00:00,1.424787230190538
2025-12-30 16:00:00,0.0
2025-12-30 17:00:00,0.0
2025-12-30 18:00:00,0.0
2025-12-30 19:00:00,0.0
2025-12-30 20:00:00,0.0
2025-12-30 21:00:00,0.0
2025-12-30 22:00:00,0.0
2025-12-30 23:00:00,0.0
2025-12-31 00:00:00,0.0
2025-12-31 01:00:00,0.0
2025-12-31 02:00:00,0.0
2025-12-31 03:00:00,0.0
2025-12-31 04:00:00,0.0
2025-12-31 05:00:00,0.0
2025-12-31 06:00:00,0.0
2025-12-31 07:00:00,0.0
2025-12-31 08:00:00,1.4352863279358485
2025-12-31 09:00:00,2.7792096449757757
2025-12-31 10:00:00,3.729506935849427
2025-12-31 11:00:00,4.22141701062429
2025-12-31 12:00:00,4.22141701062429
2025-12-31 13:00:00,3.729506935849427
2025-12-31 14:00:00,2.7792096449757757
2025-12-31 15:00:00,1.4352863279358485
2025-12-31 16:00:00,0.0
2025-12-31 17:00:00,0.0
2025-12-31 18:00:00,0.0
2025-12-31 19:00:00,0.0
2025-12-31 20:00:00,0.0
2025-12-31 21:00:00,0.0
2025-12-31 22:00:00,0.0
2025-12-31 23:00:00,0.0
